[2026-03-07T17:16:31.138+0000] {processor.py:161} INFO - Started process (PID=2828) to work on /opt/airflow/dags/etl_users_dag.py
[2026-03-07T17:16:31.144+0000] {processor.py:830} INFO - Processing file /opt/airflow/dags/etl_users_dag.py for tasks to queue
[2026-03-07T17:16:31.147+0000] {logging_mixin.py:188} INFO - [2026-03-07T17:16:31.147+0000] {dagbag.py:545} INFO - Filling up the DagBag from /opt/airflow/dags/etl_users_dag.py
[2026-03-07T17:16:31.163+0000] {processor.py:840} INFO - DAG(s) 'etl_users_pipeline' retrieved from /opt/airflow/dags/etl_users_dag.py
[2026-03-07T17:16:31.436+0000] {logging_mixin.py:188} INFO - [2026-03-07T17:16:31.435+0000] {override.py:1858} INFO - Created Permission View: can read on DAG:etl_users_pipeline
[2026-03-07T17:16:31.440+0000] {logging_mixin.py:188} INFO - [2026-03-07T17:16:31.440+0000] {override.py:1858} INFO - Created Permission View: can edit on DAG:etl_users_pipeline
[2026-03-07T17:16:31.442+0000] {logging_mixin.py:188} INFO - [2026-03-07T17:16:31.442+0000] {override.py:1858} INFO - Created Permission View: can delete on DAG:etl_users_pipeline
[2026-03-07T17:16:31.442+0000] {logging_mixin.py:188} INFO - [2026-03-07T17:16:31.442+0000] {dag.py:3089} INFO - Sync 1 DAGs
[2026-03-07T17:16:31.452+0000] {logging_mixin.py:188} INFO - [2026-03-07T17:16:31.452+0000] {dag.py:3111} INFO - Creating ORM DAG for etl_users_pipeline
[2026-03-07T17:16:31.452+0000] {logging_mixin.py:188} INFO - [2026-03-07T17:16:31.452+0000] {dag.py:3947} INFO - Setting next_dagrun for etl_users_pipeline to None, run_after=None
[2026-03-07T17:16:31.467+0000] {processor.py:183} INFO - Processing /opt/airflow/dags/etl_users_dag.py took 0.365 seconds
[2026-03-07T17:17:01.637+0000] {processor.py:161} INFO - Started process (PID=2838) to work on /opt/airflow/dags/etl_users_dag.py
[2026-03-07T17:17:01.651+0000] {processor.py:830} INFO - Processing file /opt/airflow/dags/etl_users_dag.py for tasks to queue
[2026-03-07T17:17:01.664+0000] {logging_mixin.py:188} INFO - [2026-03-07T17:17:01.663+0000] {dagbag.py:545} INFO - Filling up the DagBag from /opt/airflow/dags/etl_users_dag.py
[2026-03-07T17:17:01.685+0000] {processor.py:840} INFO - DAG(s) 'etl_users_pipeline' retrieved from /opt/airflow/dags/etl_users_dag.py
[2026-03-07T17:17:01.740+0000] {logging_mixin.py:188} INFO - [2026-03-07T17:17:01.740+0000] {dag.py:3089} INFO - Sync 1 DAGs
[2026-03-07T17:17:01.751+0000] {logging_mixin.py:188} INFO - [2026-03-07T17:17:01.751+0000] {dag.py:3947} INFO - Setting next_dagrun for etl_users_pipeline to None, run_after=None
[2026-03-07T17:17:01.763+0000] {processor.py:183} INFO - Processing /opt/airflow/dags/etl_users_dag.py took 0.155 seconds
[2026-03-07T17:17:32.271+0000] {processor.py:161} INFO - Started process (PID=2848) to work on /opt/airflow/dags/etl_users_dag.py
[2026-03-07T17:17:32.273+0000] {processor.py:830} INFO - Processing file /opt/airflow/dags/etl_users_dag.py for tasks to queue
[2026-03-07T17:17:32.277+0000] {logging_mixin.py:188} INFO - [2026-03-07T17:17:32.276+0000] {dagbag.py:545} INFO - Filling up the DagBag from /opt/airflow/dags/etl_users_dag.py
[2026-03-07T17:17:32.300+0000] {processor.py:840} INFO - DAG(s) 'etl_users_pipeline' retrieved from /opt/airflow/dags/etl_users_dag.py
[2026-03-07T17:17:32.347+0000] {logging_mixin.py:188} INFO - [2026-03-07T17:17:32.347+0000] {dag.py:3089} INFO - Sync 1 DAGs
[2026-03-07T17:17:32.364+0000] {logging_mixin.py:188} INFO - [2026-03-07T17:17:32.363+0000] {dag.py:3947} INFO - Setting next_dagrun for etl_users_pipeline to None, run_after=None
[2026-03-07T17:17:32.381+0000] {processor.py:183} INFO - Processing /opt/airflow/dags/etl_users_dag.py took 0.121 seconds
[2026-03-07T17:18:02.603+0000] {processor.py:161} INFO - Started process (PID=2858) to work on /opt/airflow/dags/etl_users_dag.py
[2026-03-07T17:18:02.605+0000] {processor.py:830} INFO - Processing file /opt/airflow/dags/etl_users_dag.py for tasks to queue
[2026-03-07T17:18:02.614+0000] {logging_mixin.py:188} INFO - [2026-03-07T17:18:02.612+0000] {dagbag.py:545} INFO - Filling up the DagBag from /opt/airflow/dags/etl_users_dag.py
[2026-03-07T17:18:02.644+0000] {processor.py:840} INFO - DAG(s) 'etl_users_pipeline' retrieved from /opt/airflow/dags/etl_users_dag.py
[2026-03-07T17:18:02.680+0000] {logging_mixin.py:188} INFO - [2026-03-07T17:18:02.680+0000] {dag.py:3089} INFO - Sync 1 DAGs
[2026-03-07T17:18:02.691+0000] {logging_mixin.py:188} INFO - [2026-03-07T17:18:02.691+0000] {dag.py:3947} INFO - Setting next_dagrun for etl_users_pipeline to None, run_after=None
[2026-03-07T17:18:02.702+0000] {processor.py:183} INFO - Processing /opt/airflow/dags/etl_users_dag.py took 0.110 seconds
[2026-03-07T17:18:33.112+0000] {processor.py:161} INFO - Started process (PID=2868) to work on /opt/airflow/dags/etl_users_dag.py
[2026-03-07T17:18:33.114+0000] {processor.py:830} INFO - Processing file /opt/airflow/dags/etl_users_dag.py for tasks to queue
[2026-03-07T17:18:33.118+0000] {logging_mixin.py:188} INFO - [2026-03-07T17:18:33.118+0000] {dagbag.py:545} INFO - Filling up the DagBag from /opt/airflow/dags/etl_users_dag.py
[2026-03-07T17:18:33.136+0000] {processor.py:840} INFO - DAG(s) 'etl_users_pipeline' retrieved from /opt/airflow/dags/etl_users_dag.py
[2026-03-07T17:18:33.167+0000] {logging_mixin.py:188} INFO - [2026-03-07T17:18:33.167+0000] {dag.py:3089} INFO - Sync 1 DAGs
[2026-03-07T17:18:33.176+0000] {logging_mixin.py:188} INFO - [2026-03-07T17:18:33.176+0000] {dag.py:3947} INFO - Setting next_dagrun for etl_users_pipeline to None, run_after=None
[2026-03-07T17:18:33.186+0000] {processor.py:183} INFO - Processing /opt/airflow/dags/etl_users_dag.py took 0.089 seconds
[2026-03-07T17:19:03.412+0000] {processor.py:161} INFO - Started process (PID=2878) to work on /opt/airflow/dags/etl_users_dag.py
[2026-03-07T17:19:03.413+0000] {processor.py:830} INFO - Processing file /opt/airflow/dags/etl_users_dag.py for tasks to queue
[2026-03-07T17:19:03.415+0000] {logging_mixin.py:188} INFO - [2026-03-07T17:19:03.415+0000] {dagbag.py:545} INFO - Filling up the DagBag from /opt/airflow/dags/etl_users_dag.py
[2026-03-07T17:19:03.424+0000] {processor.py:840} INFO - DAG(s) 'etl_users_pipeline' retrieved from /opt/airflow/dags/etl_users_dag.py
[2026-03-07T17:19:03.449+0000] {logging_mixin.py:188} INFO - [2026-03-07T17:19:03.449+0000] {dag.py:3089} INFO - Sync 1 DAGs
[2026-03-07T17:19:03.456+0000] {logging_mixin.py:188} INFO - [2026-03-07T17:19:03.456+0000] {dag.py:3947} INFO - Setting next_dagrun for etl_users_pipeline to None, run_after=None
[2026-03-07T17:19:03.465+0000] {processor.py:183} INFO - Processing /opt/airflow/dags/etl_users_dag.py took 0.060 seconds
[2026-03-07T17:19:33.842+0000] {processor.py:161} INFO - Started process (PID=2888) to work on /opt/airflow/dags/etl_users_dag.py
[2026-03-07T17:19:33.844+0000] {processor.py:830} INFO - Processing file /opt/airflow/dags/etl_users_dag.py for tasks to queue
[2026-03-07T17:19:33.847+0000] {logging_mixin.py:188} INFO - [2026-03-07T17:19:33.847+0000] {dagbag.py:545} INFO - Filling up the DagBag from /opt/airflow/dags/etl_users_dag.py
[2026-03-07T17:19:33.861+0000] {processor.py:840} INFO - DAG(s) 'etl_users_pipeline' retrieved from /opt/airflow/dags/etl_users_dag.py
[2026-03-07T17:19:33.888+0000] {logging_mixin.py:188} INFO - [2026-03-07T17:19:33.887+0000] {dag.py:3089} INFO - Sync 1 DAGs
[2026-03-07T17:19:33.896+0000] {logging_mixin.py:188} INFO - [2026-03-07T17:19:33.896+0000] {dag.py:3947} INFO - Setting next_dagrun for etl_users_pipeline to None, run_after=None
[2026-03-07T17:19:33.904+0000] {processor.py:183} INFO - Processing /opt/airflow/dags/etl_users_dag.py took 0.078 seconds
[2026-03-07T17:20:04.244+0000] {processor.py:161} INFO - Started process (PID=2898) to work on /opt/airflow/dags/etl_users_dag.py
[2026-03-07T17:20:04.245+0000] {processor.py:830} INFO - Processing file /opt/airflow/dags/etl_users_dag.py for tasks to queue
[2026-03-07T17:20:04.246+0000] {logging_mixin.py:188} INFO - [2026-03-07T17:20:04.246+0000] {dagbag.py:545} INFO - Filling up the DagBag from /opt/airflow/dags/etl_users_dag.py
[2026-03-07T17:20:04.256+0000] {processor.py:840} INFO - DAG(s) 'etl_users_pipeline' retrieved from /opt/airflow/dags/etl_users_dag.py
[2026-03-07T17:20:04.285+0000] {logging_mixin.py:188} INFO - [2026-03-07T17:20:04.285+0000] {dag.py:3089} INFO - Sync 1 DAGs
[2026-03-07T17:20:04.295+0000] {logging_mixin.py:188} INFO - [2026-03-07T17:20:04.294+0000] {dag.py:3947} INFO - Setting next_dagrun for etl_users_pipeline to None, run_after=None
[2026-03-07T17:20:04.303+0000] {processor.py:183} INFO - Processing /opt/airflow/dags/etl_users_dag.py took 0.067 seconds
[2026-03-07T17:20:34.629+0000] {processor.py:161} INFO - Started process (PID=2908) to work on /opt/airflow/dags/etl_users_dag.py
[2026-03-07T17:20:34.630+0000] {processor.py:830} INFO - Processing file /opt/airflow/dags/etl_users_dag.py for tasks to queue
[2026-03-07T17:20:34.632+0000] {logging_mixin.py:188} INFO - [2026-03-07T17:20:34.631+0000] {dagbag.py:545} INFO - Filling up the DagBag from /opt/airflow/dags/etl_users_dag.py
[2026-03-07T17:20:34.641+0000] {processor.py:840} INFO - DAG(s) 'etl_users_pipeline' retrieved from /opt/airflow/dags/etl_users_dag.py
[2026-03-07T17:20:34.667+0000] {logging_mixin.py:188} INFO - [2026-03-07T17:20:34.667+0000] {dag.py:3089} INFO - Sync 1 DAGs
[2026-03-07T17:20:34.675+0000] {logging_mixin.py:188} INFO - [2026-03-07T17:20:34.675+0000] {dag.py:3947} INFO - Setting next_dagrun for etl_users_pipeline to None, run_after=None
[2026-03-07T17:20:34.683+0000] {processor.py:183} INFO - Processing /opt/airflow/dags/etl_users_dag.py took 0.062 seconds
[2026-03-07T17:21:05.022+0000] {processor.py:161} INFO - Started process (PID=2918) to work on /opt/airflow/dags/etl_users_dag.py
[2026-03-07T17:21:05.023+0000] {processor.py:830} INFO - Processing file /opt/airflow/dags/etl_users_dag.py for tasks to queue
[2026-03-07T17:21:05.027+0000] {logging_mixin.py:188} INFO - [2026-03-07T17:21:05.026+0000] {dagbag.py:545} INFO - Filling up the DagBag from /opt/airflow/dags/etl_users_dag.py
[2026-03-07T17:21:05.041+0000] {processor.py:840} INFO - DAG(s) 'etl_users_pipeline' retrieved from /opt/airflow/dags/etl_users_dag.py
[2026-03-07T17:21:05.080+0000] {logging_mixin.py:188} INFO - [2026-03-07T17:21:05.080+0000] {dag.py:3089} INFO - Sync 1 DAGs
[2026-03-07T17:21:05.091+0000] {logging_mixin.py:188} INFO - [2026-03-07T17:21:05.091+0000] {dag.py:3947} INFO - Setting next_dagrun for etl_users_pipeline to None, run_after=None
[2026-03-07T17:21:05.103+0000] {processor.py:183} INFO - Processing /opt/airflow/dags/etl_users_dag.py took 0.095 seconds
[2026-03-07T17:21:35.488+0000] {processor.py:161} INFO - Started process (PID=2928) to work on /opt/airflow/dags/etl_users_dag.py
[2026-03-07T17:21:35.490+0000] {processor.py:830} INFO - Processing file /opt/airflow/dags/etl_users_dag.py for tasks to queue
[2026-03-07T17:21:35.491+0000] {logging_mixin.py:188} INFO - [2026-03-07T17:21:35.491+0000] {dagbag.py:545} INFO - Filling up the DagBag from /opt/airflow/dags/etl_users_dag.py
[2026-03-07T17:21:35.501+0000] {processor.py:840} INFO - DAG(s) 'etl_users_pipeline' retrieved from /opt/airflow/dags/etl_users_dag.py
[2026-03-07T17:21:35.528+0000] {logging_mixin.py:188} INFO - [2026-03-07T17:21:35.527+0000] {dag.py:3089} INFO - Sync 1 DAGs
[2026-03-07T17:21:35.535+0000] {logging_mixin.py:188} INFO - [2026-03-07T17:21:35.535+0000] {dag.py:3947} INFO - Setting next_dagrun for etl_users_pipeline to None, run_after=None
[2026-03-07T17:21:35.544+0000] {processor.py:183} INFO - Processing /opt/airflow/dags/etl_users_dag.py took 0.064 seconds
[2026-03-07T17:22:05.919+0000] {processor.py:161} INFO - Started process (PID=2938) to work on /opt/airflow/dags/etl_users_dag.py
[2026-03-07T17:22:05.921+0000] {processor.py:830} INFO - Processing file /opt/airflow/dags/etl_users_dag.py for tasks to queue
[2026-03-07T17:22:05.924+0000] {logging_mixin.py:188} INFO - [2026-03-07T17:22:05.924+0000] {dagbag.py:545} INFO - Filling up the DagBag from /opt/airflow/dags/etl_users_dag.py
[2026-03-07T17:22:05.964+0000] {processor.py:840} INFO - DAG(s) 'etl_users_pipeline' retrieved from /opt/airflow/dags/etl_users_dag.py
[2026-03-07T17:22:06.001+0000] {logging_mixin.py:188} INFO - [2026-03-07T17:22:06.000+0000] {dag.py:3089} INFO - Sync 1 DAGs
[2026-03-07T17:22:06.011+0000] {logging_mixin.py:188} INFO - [2026-03-07T17:22:06.011+0000] {dag.py:3947} INFO - Setting next_dagrun for etl_users_pipeline to None, run_after=None
[2026-03-07T17:22:06.023+0000] {processor.py:183} INFO - Processing /opt/airflow/dags/etl_users_dag.py took 0.116 seconds
[2026-03-07T17:22:36.326+0000] {processor.py:161} INFO - Started process (PID=2948) to work on /opt/airflow/dags/etl_users_dag.py
[2026-03-07T17:22:36.328+0000] {processor.py:830} INFO - Processing file /opt/airflow/dags/etl_users_dag.py for tasks to queue
[2026-03-07T17:22:36.332+0000] {logging_mixin.py:188} INFO - [2026-03-07T17:22:36.331+0000] {dagbag.py:545} INFO - Filling up the DagBag from /opt/airflow/dags/etl_users_dag.py
[2026-03-07T17:22:36.347+0000] {processor.py:840} INFO - DAG(s) 'etl_users_pipeline' retrieved from /opt/airflow/dags/etl_users_dag.py
[2026-03-07T17:22:36.402+0000] {logging_mixin.py:188} INFO - [2026-03-07T17:22:36.402+0000] {dag.py:3089} INFO - Sync 1 DAGs
[2026-03-07T17:22:36.415+0000] {logging_mixin.py:188} INFO - [2026-03-07T17:22:36.415+0000] {dag.py:3947} INFO - Setting next_dagrun for etl_users_pipeline to None, run_after=None
[2026-03-07T17:22:36.428+0000] {processor.py:183} INFO - Processing /opt/airflow/dags/etl_users_dag.py took 0.123 seconds
[2026-03-07T17:23:06.711+0000] {processor.py:161} INFO - Started process (PID=2958) to work on /opt/airflow/dags/etl_users_dag.py
[2026-03-07T17:23:06.714+0000] {processor.py:830} INFO - Processing file /opt/airflow/dags/etl_users_dag.py for tasks to queue
[2026-03-07T17:23:06.719+0000] {logging_mixin.py:188} INFO - [2026-03-07T17:23:06.718+0000] {dagbag.py:545} INFO - Filling up the DagBag from /opt/airflow/dags/etl_users_dag.py
[2026-03-07T17:23:06.744+0000] {processor.py:840} INFO - DAG(s) 'etl_users_pipeline' retrieved from /opt/airflow/dags/etl_users_dag.py
[2026-03-07T17:23:06.779+0000] {logging_mixin.py:188} INFO - [2026-03-07T17:23:06.779+0000] {dag.py:3089} INFO - Sync 1 DAGs
[2026-03-07T17:23:06.790+0000] {logging_mixin.py:188} INFO - [2026-03-07T17:23:06.790+0000] {dag.py:3947} INFO - Setting next_dagrun for etl_users_pipeline to None, run_after=None
[2026-03-07T17:23:06.801+0000] {processor.py:183} INFO - Processing /opt/airflow/dags/etl_users_dag.py took 0.106 seconds
[2026-03-07T17:23:37.114+0000] {processor.py:161} INFO - Started process (PID=2968) to work on /opt/airflow/dags/etl_users_dag.py
[2026-03-07T17:23:37.116+0000] {processor.py:830} INFO - Processing file /opt/airflow/dags/etl_users_dag.py for tasks to queue
[2026-03-07T17:23:37.120+0000] {logging_mixin.py:188} INFO - [2026-03-07T17:23:37.119+0000] {dagbag.py:545} INFO - Filling up the DagBag from /opt/airflow/dags/etl_users_dag.py
[2026-03-07T17:23:37.156+0000] {processor.py:840} INFO - DAG(s) 'etl_users_pipeline' retrieved from /opt/airflow/dags/etl_users_dag.py
[2026-03-07T17:23:37.192+0000] {logging_mixin.py:188} INFO - [2026-03-07T17:23:37.192+0000] {dag.py:3089} INFO - Sync 1 DAGs
[2026-03-07T17:23:37.203+0000] {logging_mixin.py:188} INFO - [2026-03-07T17:23:37.203+0000] {dag.py:3947} INFO - Setting next_dagrun for etl_users_pipeline to None, run_after=None
[2026-03-07T17:23:37.215+0000] {processor.py:183} INFO - Processing /opt/airflow/dags/etl_users_dag.py took 0.116 seconds
[2026-03-07T17:24:07.478+0000] {processor.py:161} INFO - Started process (PID=2978) to work on /opt/airflow/dags/etl_users_dag.py
[2026-03-07T17:24:07.480+0000] {processor.py:830} INFO - Processing file /opt/airflow/dags/etl_users_dag.py for tasks to queue
[2026-03-07T17:24:07.499+0000] {logging_mixin.py:188} INFO - [2026-03-07T17:24:07.496+0000] {dagbag.py:545} INFO - Filling up the DagBag from /opt/airflow/dags/etl_users_dag.py
[2026-03-07T17:24:07.529+0000] {processor.py:840} INFO - DAG(s) 'etl_users_pipeline' retrieved from /opt/airflow/dags/etl_users_dag.py
[2026-03-07T17:24:07.563+0000] {logging_mixin.py:188} INFO - [2026-03-07T17:24:07.563+0000] {dag.py:3089} INFO - Sync 1 DAGs
[2026-03-07T17:24:07.574+0000] {logging_mixin.py:188} INFO - [2026-03-07T17:24:07.574+0000] {dag.py:3947} INFO - Setting next_dagrun for etl_users_pipeline to None, run_after=None
[2026-03-07T17:24:07.585+0000] {processor.py:183} INFO - Processing /opt/airflow/dags/etl_users_dag.py took 0.117 seconds
[2026-03-07T17:24:37.885+0000] {processor.py:161} INFO - Started process (PID=2988) to work on /opt/airflow/dags/etl_users_dag.py
[2026-03-07T17:24:37.887+0000] {processor.py:830} INFO - Processing file /opt/airflow/dags/etl_users_dag.py for tasks to queue
[2026-03-07T17:24:37.891+0000] {logging_mixin.py:188} INFO - [2026-03-07T17:24:37.891+0000] {dagbag.py:545} INFO - Filling up the DagBag from /opt/airflow/dags/etl_users_dag.py
[2026-03-07T17:24:37.911+0000] {processor.py:840} INFO - DAG(s) 'etl_users_pipeline' retrieved from /opt/airflow/dags/etl_users_dag.py
[2026-03-07T17:24:37.951+0000] {logging_mixin.py:188} INFO - [2026-03-07T17:24:37.950+0000] {dag.py:3089} INFO - Sync 1 DAGs
[2026-03-07T17:24:37.975+0000] {logging_mixin.py:188} INFO - [2026-03-07T17:24:37.974+0000] {dag.py:3947} INFO - Setting next_dagrun for etl_users_pipeline to None, run_after=None
[2026-03-07T17:24:37.986+0000] {processor.py:183} INFO - Processing /opt/airflow/dags/etl_users_dag.py took 0.116 seconds
[2026-03-07T17:25:08.251+0000] {processor.py:161} INFO - Started process (PID=2998) to work on /opt/airflow/dags/etl_users_dag.py
[2026-03-07T17:25:08.252+0000] {processor.py:830} INFO - Processing file /opt/airflow/dags/etl_users_dag.py for tasks to queue
[2026-03-07T17:25:08.255+0000] {logging_mixin.py:188} INFO - [2026-03-07T17:25:08.254+0000] {dagbag.py:545} INFO - Filling up the DagBag from /opt/airflow/dags/etl_users_dag.py
[2026-03-07T17:25:08.270+0000] {processor.py:840} INFO - DAG(s) 'etl_users_pipeline' retrieved from /opt/airflow/dags/etl_users_dag.py
[2026-03-07T17:25:08.294+0000] {logging_mixin.py:188} INFO - [2026-03-07T17:25:08.294+0000] {dag.py:3089} INFO - Sync 1 DAGs
[2026-03-07T17:25:08.302+0000] {logging_mixin.py:188} INFO - [2026-03-07T17:25:08.301+0000] {dag.py:3947} INFO - Setting next_dagrun for etl_users_pipeline to None, run_after=None
[2026-03-07T17:25:08.311+0000] {processor.py:183} INFO - Processing /opt/airflow/dags/etl_users_dag.py took 0.072 seconds
[2026-03-07T17:25:38.612+0000] {processor.py:161} INFO - Started process (PID=3008) to work on /opt/airflow/dags/etl_users_dag.py
[2026-03-07T17:25:38.613+0000] {processor.py:830} INFO - Processing file /opt/airflow/dags/etl_users_dag.py for tasks to queue
[2026-03-07T17:25:38.616+0000] {logging_mixin.py:188} INFO - [2026-03-07T17:25:38.615+0000] {dagbag.py:545} INFO - Filling up the DagBag from /opt/airflow/dags/etl_users_dag.py
[2026-03-07T17:25:38.627+0000] {processor.py:840} INFO - DAG(s) 'etl_users_pipeline' retrieved from /opt/airflow/dags/etl_users_dag.py
[2026-03-07T17:25:38.654+0000] {logging_mixin.py:188} INFO - [2026-03-07T17:25:38.654+0000] {dag.py:3089} INFO - Sync 1 DAGs
[2026-03-07T17:25:38.663+0000] {logging_mixin.py:188} INFO - [2026-03-07T17:25:38.663+0000] {dag.py:3947} INFO - Setting next_dagrun for etl_users_pipeline to None, run_after=None
[2026-03-07T17:25:38.671+0000] {processor.py:183} INFO - Processing /opt/airflow/dags/etl_users_dag.py took 0.068 seconds
[2026-03-07T17:26:08.965+0000] {processor.py:161} INFO - Started process (PID=3018) to work on /opt/airflow/dags/etl_users_dag.py
[2026-03-07T17:26:08.968+0000] {processor.py:830} INFO - Processing file /opt/airflow/dags/etl_users_dag.py for tasks to queue
[2026-03-07T17:26:08.971+0000] {logging_mixin.py:188} INFO - [2026-03-07T17:26:08.970+0000] {dagbag.py:545} INFO - Filling up the DagBag from /opt/airflow/dags/etl_users_dag.py
[2026-03-07T17:26:09.004+0000] {processor.py:840} INFO - DAG(s) 'etl_users_pipeline' retrieved from /opt/airflow/dags/etl_users_dag.py
[2026-03-07T17:26:09.046+0000] {logging_mixin.py:188} INFO - [2026-03-07T17:26:09.046+0000] {dag.py:3089} INFO - Sync 1 DAGs
[2026-03-07T17:26:09.058+0000] {logging_mixin.py:188} INFO - [2026-03-07T17:26:09.058+0000] {dag.py:3947} INFO - Setting next_dagrun for etl_users_pipeline to None, run_after=None
[2026-03-07T17:26:09.072+0000] {processor.py:183} INFO - Processing /opt/airflow/dags/etl_users_dag.py took 0.120 seconds
[2026-03-07T17:26:39.392+0000] {processor.py:161} INFO - Started process (PID=3028) to work on /opt/airflow/dags/etl_users_dag.py
[2026-03-07T17:26:39.393+0000] {processor.py:830} INFO - Processing file /opt/airflow/dags/etl_users_dag.py for tasks to queue
[2026-03-07T17:26:39.397+0000] {logging_mixin.py:188} INFO - [2026-03-07T17:26:39.397+0000] {dagbag.py:545} INFO - Filling up the DagBag from /opt/airflow/dags/etl_users_dag.py
[2026-03-07T17:26:39.415+0000] {processor.py:840} INFO - DAG(s) 'etl_users_pipeline' retrieved from /opt/airflow/dags/etl_users_dag.py
[2026-03-07T17:26:39.451+0000] {logging_mixin.py:188} INFO - [2026-03-07T17:26:39.451+0000] {dag.py:3089} INFO - Sync 1 DAGs
[2026-03-07T17:26:39.466+0000] {logging_mixin.py:188} INFO - [2026-03-07T17:26:39.466+0000] {dag.py:3947} INFO - Setting next_dagrun for etl_users_pipeline to None, run_after=None
[2026-03-07T17:26:39.478+0000] {processor.py:183} INFO - Processing /opt/airflow/dags/etl_users_dag.py took 0.117 seconds
[2026-03-07T17:27:09.749+0000] {processor.py:161} INFO - Started process (PID=3038) to work on /opt/airflow/dags/etl_users_dag.py
[2026-03-07T17:27:09.751+0000] {processor.py:830} INFO - Processing file /opt/airflow/dags/etl_users_dag.py for tasks to queue
[2026-03-07T17:27:09.755+0000] {logging_mixin.py:188} INFO - [2026-03-07T17:27:09.754+0000] {dagbag.py:545} INFO - Filling up the DagBag from /opt/airflow/dags/etl_users_dag.py
[2026-03-07T17:27:09.773+0000] {processor.py:840} INFO - DAG(s) 'etl_users_pipeline' retrieved from /opt/airflow/dags/etl_users_dag.py
[2026-03-07T17:27:09.804+0000] {logging_mixin.py:188} INFO - [2026-03-07T17:27:09.804+0000] {dag.py:3089} INFO - Sync 1 DAGs
[2026-03-07T17:27:09.815+0000] {logging_mixin.py:188} INFO - [2026-03-07T17:27:09.815+0000] {dag.py:3947} INFO - Setting next_dagrun for etl_users_pipeline to None, run_after=None
[2026-03-07T17:27:09.825+0000] {processor.py:183} INFO - Processing /opt/airflow/dags/etl_users_dag.py took 0.102 seconds
[2026-03-07T17:27:40.111+0000] {processor.py:161} INFO - Started process (PID=3048) to work on /opt/airflow/dags/etl_users_dag.py
[2026-03-07T17:27:40.113+0000] {processor.py:830} INFO - Processing file /opt/airflow/dags/etl_users_dag.py for tasks to queue
[2026-03-07T17:27:40.117+0000] {logging_mixin.py:188} INFO - [2026-03-07T17:27:40.117+0000] {dagbag.py:545} INFO - Filling up the DagBag from /opt/airflow/dags/etl_users_dag.py
[2026-03-07T17:27:40.137+0000] {processor.py:840} INFO - DAG(s) 'etl_users_pipeline' retrieved from /opt/airflow/dags/etl_users_dag.py
[2026-03-07T17:27:40.194+0000] {logging_mixin.py:188} INFO - [2026-03-07T17:27:40.194+0000] {dag.py:3089} INFO - Sync 1 DAGs
[2026-03-07T17:27:40.206+0000] {logging_mixin.py:188} INFO - [2026-03-07T17:27:40.206+0000] {dag.py:3947} INFO - Setting next_dagrun for etl_users_pipeline to None, run_after=None
[2026-03-07T17:27:40.219+0000] {processor.py:183} INFO - Processing /opt/airflow/dags/etl_users_dag.py took 0.121 seconds
[2026-03-07T17:27:53.858+0000] {processor.py:161} INFO - Started process (PID=162) to work on /opt/airflow/dags/etl_users_dag.py
[2026-03-07T17:27:53.859+0000] {processor.py:830} INFO - Processing file /opt/airflow/dags/etl_users_dag.py for tasks to queue
[2026-03-07T17:27:53.861+0000] {logging_mixin.py:188} INFO - [2026-03-07T17:27:53.861+0000] {dagbag.py:545} INFO - Filling up the DagBag from /opt/airflow/dags/etl_users_dag.py
[2026-03-07T17:27:53.877+0000] {processor.py:840} INFO - DAG(s) 'etl_users_pipeline' retrieved from /opt/airflow/dags/etl_users_dag.py
[2026-03-07T17:27:53.949+0000] {logging_mixin.py:188} INFO - [2026-03-07T17:27:53.949+0000] {dag.py:3089} INFO - Sync 1 DAGs
[2026-03-07T17:27:53.967+0000] {logging_mixin.py:188} INFO - [2026-03-07T17:27:53.967+0000] {dag.py:3947} INFO - Setting next_dagrun for etl_users_pipeline to None, run_after=None
[2026-03-07T17:27:54.000+0000] {processor.py:183} INFO - Processing /opt/airflow/dags/etl_users_dag.py took 0.150 seconds
[2026-03-07T17:28:24.432+0000] {processor.py:161} INFO - Started process (PID=173) to work on /opt/airflow/dags/etl_users_dag.py
[2026-03-07T17:28:24.438+0000] {processor.py:830} INFO - Processing file /opt/airflow/dags/etl_users_dag.py for tasks to queue
[2026-03-07T17:28:24.449+0000] {logging_mixin.py:188} INFO - [2026-03-07T17:28:24.446+0000] {dagbag.py:545} INFO - Filling up the DagBag from /opt/airflow/dags/etl_users_dag.py
[2026-03-07T17:28:24.470+0000] {processor.py:840} INFO - DAG(s) 'etl_users_pipeline' retrieved from /opt/airflow/dags/etl_users_dag.py
[2026-03-07T17:28:24.537+0000] {logging_mixin.py:188} INFO - [2026-03-07T17:28:24.537+0000] {dag.py:3089} INFO - Sync 1 DAGs
[2026-03-07T17:28:24.585+0000] {logging_mixin.py:188} INFO - [2026-03-07T17:28:24.584+0000] {dag.py:3947} INFO - Setting next_dagrun for etl_users_pipeline to None, run_after=None
[2026-03-07T17:28:24.644+0000] {processor.py:183} INFO - Processing /opt/airflow/dags/etl_users_dag.py took 0.240 seconds
[2026-03-07T17:28:54.891+0000] {processor.py:161} INFO - Started process (PID=183) to work on /opt/airflow/dags/etl_users_dag.py
[2026-03-07T17:28:54.893+0000] {processor.py:830} INFO - Processing file /opt/airflow/dags/etl_users_dag.py for tasks to queue
[2026-03-07T17:28:54.896+0000] {logging_mixin.py:188} INFO - [2026-03-07T17:28:54.895+0000] {dagbag.py:545} INFO - Filling up the DagBag from /opt/airflow/dags/etl_users_dag.py
[2026-03-07T17:28:54.911+0000] {processor.py:840} INFO - DAG(s) 'etl_users_pipeline' retrieved from /opt/airflow/dags/etl_users_dag.py
[2026-03-07T17:28:54.972+0000] {logging_mixin.py:188} INFO - [2026-03-07T17:28:54.972+0000] {dag.py:3089} INFO - Sync 1 DAGs
[2026-03-07T17:28:55.000+0000] {logging_mixin.py:188} INFO - [2026-03-07T17:28:55.000+0000] {dag.py:3947} INFO - Setting next_dagrun for etl_users_pipeline to None, run_after=None
[2026-03-07T17:28:55.013+0000] {processor.py:183} INFO - Processing /opt/airflow/dags/etl_users_dag.py took 0.136 seconds
[2026-03-07T17:29:25.488+0000] {processor.py:161} INFO - Started process (PID=193) to work on /opt/airflow/dags/etl_users_dag.py
[2026-03-07T17:29:25.491+0000] {processor.py:830} INFO - Processing file /opt/airflow/dags/etl_users_dag.py for tasks to queue
[2026-03-07T17:29:25.501+0000] {logging_mixin.py:188} INFO - [2026-03-07T17:29:25.500+0000] {dagbag.py:545} INFO - Filling up the DagBag from /opt/airflow/dags/etl_users_dag.py
[2026-03-07T17:29:25.518+0000] {processor.py:840} INFO - DAG(s) 'etl_users_pipeline' retrieved from /opt/airflow/dags/etl_users_dag.py
[2026-03-07T17:29:25.564+0000] {logging_mixin.py:188} INFO - [2026-03-07T17:29:25.564+0000] {dag.py:3089} INFO - Sync 1 DAGs
[2026-03-07T17:29:25.577+0000] {logging_mixin.py:188} INFO - [2026-03-07T17:29:25.576+0000] {dag.py:3947} INFO - Setting next_dagrun for etl_users_pipeline to None, run_after=None
[2026-03-07T17:29:25.589+0000] {processor.py:183} INFO - Processing /opt/airflow/dags/etl_users_dag.py took 0.114 seconds
[2026-03-07T17:29:55.922+0000] {processor.py:161} INFO - Started process (PID=203) to work on /opt/airflow/dags/etl_users_dag.py
[2026-03-07T17:29:55.924+0000] {processor.py:830} INFO - Processing file /opt/airflow/dags/etl_users_dag.py for tasks to queue
[2026-03-07T17:29:55.927+0000] {logging_mixin.py:188} INFO - [2026-03-07T17:29:55.927+0000] {dagbag.py:545} INFO - Filling up the DagBag from /opt/airflow/dags/etl_users_dag.py
[2026-03-07T17:29:55.943+0000] {processor.py:840} INFO - DAG(s) 'etl_users_pipeline' retrieved from /opt/airflow/dags/etl_users_dag.py
[2026-03-07T17:29:55.987+0000] {logging_mixin.py:188} INFO - [2026-03-07T17:29:55.987+0000] {dag.py:3089} INFO - Sync 1 DAGs
[2026-03-07T17:29:55.997+0000] {logging_mixin.py:188} INFO - [2026-03-07T17:29:55.997+0000] {dag.py:3947} INFO - Setting next_dagrun for etl_users_pipeline to None, run_after=None
[2026-03-07T17:29:56.012+0000] {processor.py:183} INFO - Processing /opt/airflow/dags/etl_users_dag.py took 0.114 seconds
[2026-03-07T17:30:26.313+0000] {processor.py:161} INFO - Started process (PID=213) to work on /opt/airflow/dags/etl_users_dag.py
[2026-03-07T17:30:26.317+0000] {processor.py:830} INFO - Processing file /opt/airflow/dags/etl_users_dag.py for tasks to queue
[2026-03-07T17:30:26.321+0000] {logging_mixin.py:188} INFO - [2026-03-07T17:30:26.320+0000] {dagbag.py:545} INFO - Filling up the DagBag from /opt/airflow/dags/etl_users_dag.py
[2026-03-07T17:30:26.349+0000] {processor.py:840} INFO - DAG(s) 'etl_users_pipeline' retrieved from /opt/airflow/dags/etl_users_dag.py
[2026-03-07T17:30:26.400+0000] {logging_mixin.py:188} INFO - [2026-03-07T17:30:26.400+0000] {dag.py:3089} INFO - Sync 1 DAGs
[2026-03-07T17:30:26.411+0000] {logging_mixin.py:188} INFO - [2026-03-07T17:30:26.411+0000] {dag.py:3947} INFO - Setting next_dagrun for etl_users_pipeline to None, run_after=None
[2026-03-07T17:30:26.424+0000] {processor.py:183} INFO - Processing /opt/airflow/dags/etl_users_dag.py took 0.123 seconds
[2026-03-07T17:30:56.855+0000] {processor.py:161} INFO - Started process (PID=223) to work on /opt/airflow/dags/etl_users_dag.py
[2026-03-07T17:30:56.857+0000] {processor.py:830} INFO - Processing file /opt/airflow/dags/etl_users_dag.py for tasks to queue
[2026-03-07T17:30:56.861+0000] {logging_mixin.py:188} INFO - [2026-03-07T17:30:56.861+0000] {dagbag.py:545} INFO - Filling up the DagBag from /opt/airflow/dags/etl_users_dag.py
[2026-03-07T17:30:56.895+0000] {processor.py:840} INFO - DAG(s) 'etl_users_pipeline' retrieved from /opt/airflow/dags/etl_users_dag.py
[2026-03-07T17:30:56.933+0000] {logging_mixin.py:188} INFO - [2026-03-07T17:30:56.933+0000] {dag.py:3089} INFO - Sync 1 DAGs
[2026-03-07T17:30:56.946+0000] {logging_mixin.py:188} INFO - [2026-03-07T17:30:56.946+0000] {dag.py:3947} INFO - Setting next_dagrun for etl_users_pipeline to None, run_after=None
[2026-03-07T17:30:56.961+0000] {processor.py:183} INFO - Processing /opt/airflow/dags/etl_users_dag.py took 0.118 seconds
[2026-03-07T17:31:27.354+0000] {processor.py:161} INFO - Started process (PID=233) to work on /opt/airflow/dags/etl_users_dag.py
[2026-03-07T17:31:27.356+0000] {processor.py:830} INFO - Processing file /opt/airflow/dags/etl_users_dag.py for tasks to queue
[2026-03-07T17:31:27.361+0000] {logging_mixin.py:188} INFO - [2026-03-07T17:31:27.360+0000] {dagbag.py:545} INFO - Filling up the DagBag from /opt/airflow/dags/etl_users_dag.py
[2026-03-07T17:31:27.379+0000] {processor.py:840} INFO - DAG(s) 'etl_users_pipeline' retrieved from /opt/airflow/dags/etl_users_dag.py
[2026-03-07T17:31:27.438+0000] {logging_mixin.py:188} INFO - [2026-03-07T17:31:27.438+0000] {dag.py:3089} INFO - Sync 1 DAGs
[2026-03-07T17:31:27.451+0000] {logging_mixin.py:188} INFO - [2026-03-07T17:31:27.451+0000] {dag.py:3947} INFO - Setting next_dagrun for etl_users_pipeline to None, run_after=None
[2026-03-07T17:31:27.473+0000] {processor.py:183} INFO - Processing /opt/airflow/dags/etl_users_dag.py took 0.131 seconds
[2026-03-07T17:31:57.711+0000] {processor.py:161} INFO - Started process (PID=243) to work on /opt/airflow/dags/etl_users_dag.py
[2026-03-07T17:31:57.713+0000] {processor.py:830} INFO - Processing file /opt/airflow/dags/etl_users_dag.py for tasks to queue
[2026-03-07T17:31:57.716+0000] {logging_mixin.py:188} INFO - [2026-03-07T17:31:57.715+0000] {dagbag.py:545} INFO - Filling up the DagBag from /opt/airflow/dags/etl_users_dag.py
[2026-03-07T17:31:57.730+0000] {processor.py:840} INFO - DAG(s) 'etl_users_pipeline' retrieved from /opt/airflow/dags/etl_users_dag.py
[2026-03-07T17:31:57.761+0000] {logging_mixin.py:188} INFO - [2026-03-07T17:31:57.761+0000] {dag.py:3089} INFO - Sync 1 DAGs
[2026-03-07T17:31:57.773+0000] {logging_mixin.py:188} INFO - [2026-03-07T17:31:57.773+0000] {dag.py:3947} INFO - Setting next_dagrun for etl_users_pipeline to None, run_after=None
[2026-03-07T17:31:57.793+0000] {processor.py:183} INFO - Processing /opt/airflow/dags/etl_users_dag.py took 0.092 seconds
[2026-03-07T17:32:28.274+0000] {processor.py:161} INFO - Started process (PID=253) to work on /opt/airflow/dags/etl_users_dag.py
[2026-03-07T17:32:28.275+0000] {processor.py:830} INFO - Processing file /opt/airflow/dags/etl_users_dag.py for tasks to queue
[2026-03-07T17:32:28.279+0000] {logging_mixin.py:188} INFO - [2026-03-07T17:32:28.279+0000] {dagbag.py:545} INFO - Filling up the DagBag from /opt/airflow/dags/etl_users_dag.py
[2026-03-07T17:32:28.313+0000] {processor.py:840} INFO - DAG(s) 'etl_users_pipeline' retrieved from /opt/airflow/dags/etl_users_dag.py
[2026-03-07T17:32:28.358+0000] {logging_mixin.py:188} INFO - [2026-03-07T17:32:28.358+0000] {dag.py:3089} INFO - Sync 1 DAGs
[2026-03-07T17:32:28.381+0000] {logging_mixin.py:188} INFO - [2026-03-07T17:32:28.381+0000] {dag.py:3947} INFO - Setting next_dagrun for etl_users_pipeline to None, run_after=None
[2026-03-07T17:32:28.400+0000] {processor.py:183} INFO - Processing /opt/airflow/dags/etl_users_dag.py took 0.140 seconds
[2026-03-07T17:32:58.782+0000] {processor.py:161} INFO - Started process (PID=263) to work on /opt/airflow/dags/etl_users_dag.py
[2026-03-07T17:32:58.785+0000] {processor.py:830} INFO - Processing file /opt/airflow/dags/etl_users_dag.py for tasks to queue
[2026-03-07T17:32:58.789+0000] {logging_mixin.py:188} INFO - [2026-03-07T17:32:58.789+0000] {dagbag.py:545} INFO - Filling up the DagBag from /opt/airflow/dags/etl_users_dag.py
[2026-03-07T17:32:58.812+0000] {processor.py:840} INFO - DAG(s) 'etl_users_pipeline' retrieved from /opt/airflow/dags/etl_users_dag.py
[2026-03-07T17:32:58.853+0000] {logging_mixin.py:188} INFO - [2026-03-07T17:32:58.853+0000] {dag.py:3089} INFO - Sync 1 DAGs
[2026-03-07T17:32:58.863+0000] {logging_mixin.py:188} INFO - [2026-03-07T17:32:58.863+0000] {dag.py:3947} INFO - Setting next_dagrun for etl_users_pipeline to None, run_after=None
[2026-03-07T17:32:58.879+0000] {processor.py:183} INFO - Processing /opt/airflow/dags/etl_users_dag.py took 0.111 seconds
[2026-03-07T17:33:29.242+0000] {processor.py:161} INFO - Started process (PID=273) to work on /opt/airflow/dags/etl_users_dag.py
[2026-03-07T17:33:29.244+0000] {processor.py:830} INFO - Processing file /opt/airflow/dags/etl_users_dag.py for tasks to queue
[2026-03-07T17:33:29.247+0000] {logging_mixin.py:188} INFO - [2026-03-07T17:33:29.247+0000] {dagbag.py:545} INFO - Filling up the DagBag from /opt/airflow/dags/etl_users_dag.py
[2026-03-07T17:33:29.264+0000] {processor.py:840} INFO - DAG(s) 'etl_users_pipeline' retrieved from /opt/airflow/dags/etl_users_dag.py
[2026-03-07T17:33:29.295+0000] {logging_mixin.py:188} INFO - [2026-03-07T17:33:29.295+0000] {dag.py:3089} INFO - Sync 1 DAGs
[2026-03-07T17:33:29.309+0000] {logging_mixin.py:188} INFO - [2026-03-07T17:33:29.309+0000] {dag.py:3947} INFO - Setting next_dagrun for etl_users_pipeline to None, run_after=None
[2026-03-07T17:33:29.326+0000] {processor.py:183} INFO - Processing /opt/airflow/dags/etl_users_dag.py took 0.098 seconds
[2026-03-07T17:33:59.646+0000] {processor.py:161} INFO - Started process (PID=283) to work on /opt/airflow/dags/etl_users_dag.py
[2026-03-07T17:33:59.648+0000] {processor.py:830} INFO - Processing file /opt/airflow/dags/etl_users_dag.py for tasks to queue
[2026-03-07T17:33:59.651+0000] {logging_mixin.py:188} INFO - [2026-03-07T17:33:59.650+0000] {dagbag.py:545} INFO - Filling up the DagBag from /opt/airflow/dags/etl_users_dag.py
[2026-03-07T17:33:59.661+0000] {processor.py:840} INFO - DAG(s) 'etl_users_pipeline' retrieved from /opt/airflow/dags/etl_users_dag.py
[2026-03-07T17:33:59.688+0000] {logging_mixin.py:188} INFO - [2026-03-07T17:33:59.687+0000] {dag.py:3089} INFO - Sync 1 DAGs
[2026-03-07T17:33:59.696+0000] {logging_mixin.py:188} INFO - [2026-03-07T17:33:59.695+0000] {dag.py:3947} INFO - Setting next_dagrun for etl_users_pipeline to None, run_after=None
[2026-03-07T17:33:59.713+0000] {processor.py:183} INFO - Processing /opt/airflow/dags/etl_users_dag.py took 0.075 seconds
[2026-03-07T17:34:30.146+0000] {processor.py:161} INFO - Started process (PID=293) to work on /opt/airflow/dags/etl_users_dag.py
[2026-03-07T17:34:30.148+0000] {processor.py:830} INFO - Processing file /opt/airflow/dags/etl_users_dag.py for tasks to queue
[2026-03-07T17:34:30.153+0000] {logging_mixin.py:188} INFO - [2026-03-07T17:34:30.152+0000] {dagbag.py:545} INFO - Filling up the DagBag from /opt/airflow/dags/etl_users_dag.py
[2026-03-07T17:34:30.169+0000] {processor.py:840} INFO - DAG(s) 'etl_users_pipeline' retrieved from /opt/airflow/dags/etl_users_dag.py
[2026-03-07T17:34:30.222+0000] {logging_mixin.py:188} INFO - [2026-03-07T17:34:30.222+0000] {dag.py:3089} INFO - Sync 1 DAGs
[2026-03-07T17:34:30.235+0000] {logging_mixin.py:188} INFO - [2026-03-07T17:34:30.235+0000] {dag.py:3947} INFO - Setting next_dagrun for etl_users_pipeline to None, run_after=None
[2026-03-07T17:34:30.251+0000] {processor.py:183} INFO - Processing /opt/airflow/dags/etl_users_dag.py took 0.123 seconds
[2026-03-07T17:35:00.489+0000] {processor.py:161} INFO - Started process (PID=303) to work on /opt/airflow/dags/etl_users_dag.py
[2026-03-07T17:35:00.491+0000] {processor.py:830} INFO - Processing file /opt/airflow/dags/etl_users_dag.py for tasks to queue
[2026-03-07T17:35:00.493+0000] {logging_mixin.py:188} INFO - [2026-03-07T17:35:00.493+0000] {dagbag.py:545} INFO - Filling up the DagBag from /opt/airflow/dags/etl_users_dag.py
[2026-03-07T17:35:00.503+0000] {processor.py:840} INFO - DAG(s) 'etl_users_pipeline' retrieved from /opt/airflow/dags/etl_users_dag.py
[2026-03-07T17:35:00.530+0000] {logging_mixin.py:188} INFO - [2026-03-07T17:35:00.530+0000] {dag.py:3089} INFO - Sync 1 DAGs
[2026-03-07T17:35:00.538+0000] {logging_mixin.py:188} INFO - [2026-03-07T17:35:00.538+0000] {dag.py:3947} INFO - Setting next_dagrun for etl_users_pipeline to None, run_after=None
[2026-03-07T17:35:00.553+0000] {processor.py:183} INFO - Processing /opt/airflow/dags/etl_users_dag.py took 0.071 seconds
[2026-03-07T17:35:30.883+0000] {processor.py:161} INFO - Started process (PID=313) to work on /opt/airflow/dags/etl_users_dag.py
[2026-03-07T17:35:30.885+0000] {processor.py:830} INFO - Processing file /opt/airflow/dags/etl_users_dag.py for tasks to queue
[2026-03-07T17:35:30.890+0000] {logging_mixin.py:188} INFO - [2026-03-07T17:35:30.890+0000] {dagbag.py:545} INFO - Filling up the DagBag from /opt/airflow/dags/etl_users_dag.py
[2026-03-07T17:35:30.904+0000] {processor.py:840} INFO - DAG(s) 'etl_users_pipeline' retrieved from /opt/airflow/dags/etl_users_dag.py
[2026-03-07T17:35:30.935+0000] {logging_mixin.py:188} INFO - [2026-03-07T17:35:30.935+0000] {dag.py:3089} INFO - Sync 1 DAGs
[2026-03-07T17:35:30.948+0000] {logging_mixin.py:188} INFO - [2026-03-07T17:35:30.948+0000] {dag.py:3947} INFO - Setting next_dagrun for etl_users_pipeline to None, run_after=None
[2026-03-07T17:35:30.961+0000] {processor.py:183} INFO - Processing /opt/airflow/dags/etl_users_dag.py took 0.091 seconds
[2026-03-07T17:36:01.311+0000] {processor.py:161} INFO - Started process (PID=323) to work on /opt/airflow/dags/etl_users_dag.py
[2026-03-07T17:36:01.313+0000] {processor.py:830} INFO - Processing file /opt/airflow/dags/etl_users_dag.py for tasks to queue
[2026-03-07T17:36:01.316+0000] {logging_mixin.py:188} INFO - [2026-03-07T17:36:01.316+0000] {dagbag.py:545} INFO - Filling up the DagBag from /opt/airflow/dags/etl_users_dag.py
[2026-03-07T17:36:01.331+0000] {processor.py:840} INFO - DAG(s) 'etl_users_pipeline' retrieved from /opt/airflow/dags/etl_users_dag.py
[2026-03-07T17:36:01.380+0000] {logging_mixin.py:188} INFO - [2026-03-07T17:36:01.380+0000] {dag.py:3089} INFO - Sync 1 DAGs
[2026-03-07T17:36:01.390+0000] {logging_mixin.py:188} INFO - [2026-03-07T17:36:01.390+0000] {dag.py:3947} INFO - Setting next_dagrun for etl_users_pipeline to None, run_after=None
[2026-03-07T17:36:01.406+0000] {processor.py:183} INFO - Processing /opt/airflow/dags/etl_users_dag.py took 0.118 seconds
[2026-03-07T17:36:31.798+0000] {processor.py:161} INFO - Started process (PID=333) to work on /opt/airflow/dags/etl_users_dag.py
[2026-03-07T17:36:31.800+0000] {processor.py:830} INFO - Processing file /opt/airflow/dags/etl_users_dag.py for tasks to queue
[2026-03-07T17:36:31.804+0000] {logging_mixin.py:188} INFO - [2026-03-07T17:36:31.804+0000] {dagbag.py:545} INFO - Filling up the DagBag from /opt/airflow/dags/etl_users_dag.py
[2026-03-07T17:36:31.820+0000] {processor.py:840} INFO - DAG(s) 'etl_users_pipeline' retrieved from /opt/airflow/dags/etl_users_dag.py
[2026-03-07T17:36:31.870+0000] {logging_mixin.py:188} INFO - [2026-03-07T17:36:31.870+0000] {dag.py:3089} INFO - Sync 1 DAGs
[2026-03-07T17:36:31.883+0000] {logging_mixin.py:188} INFO - [2026-03-07T17:36:31.882+0000] {dag.py:3947} INFO - Setting next_dagrun for etl_users_pipeline to None, run_after=None
[2026-03-07T17:36:31.898+0000] {processor.py:183} INFO - Processing /opt/airflow/dags/etl_users_dag.py took 0.124 seconds
[2026-03-07T17:37:02.250+0000] {processor.py:161} INFO - Started process (PID=343) to work on /opt/airflow/dags/etl_users_dag.py
[2026-03-07T17:37:02.250+0000] {processor.py:830} INFO - Processing file /opt/airflow/dags/etl_users_dag.py for tasks to queue
[2026-03-07T17:37:02.253+0000] {logging_mixin.py:188} INFO - [2026-03-07T17:37:02.253+0000] {dagbag.py:545} INFO - Filling up the DagBag from /opt/airflow/dags/etl_users_dag.py
[2026-03-07T17:37:02.264+0000] {processor.py:840} INFO - DAG(s) 'etl_users_pipeline' retrieved from /opt/airflow/dags/etl_users_dag.py
[2026-03-07T17:37:02.293+0000] {logging_mixin.py:188} INFO - [2026-03-07T17:37:02.293+0000] {dag.py:3089} INFO - Sync 1 DAGs
[2026-03-07T17:37:02.301+0000] {logging_mixin.py:188} INFO - [2026-03-07T17:37:02.300+0000] {dag.py:3947} INFO - Setting next_dagrun for etl_users_pipeline to None, run_after=None
[2026-03-07T17:37:02.314+0000] {processor.py:183} INFO - Processing /opt/airflow/dags/etl_users_dag.py took 0.082 seconds
[2026-03-07T17:37:32.669+0000] {processor.py:161} INFO - Started process (PID=353) to work on /opt/airflow/dags/etl_users_dag.py
[2026-03-07T17:37:32.670+0000] {processor.py:830} INFO - Processing file /opt/airflow/dags/etl_users_dag.py for tasks to queue
[2026-03-07T17:37:32.674+0000] {logging_mixin.py:188} INFO - [2026-03-07T17:37:32.674+0000] {dagbag.py:545} INFO - Filling up the DagBag from /opt/airflow/dags/etl_users_dag.py
[2026-03-07T17:37:32.701+0000] {processor.py:840} INFO - DAG(s) 'etl_users_pipeline' retrieved from /opt/airflow/dags/etl_users_dag.py
[2026-03-07T17:37:32.745+0000] {logging_mixin.py:188} INFO - [2026-03-07T17:37:32.745+0000] {dag.py:3089} INFO - Sync 1 DAGs
[2026-03-07T17:37:32.763+0000] {logging_mixin.py:188} INFO - [2026-03-07T17:37:32.763+0000] {dag.py:3947} INFO - Setting next_dagrun for etl_users_pipeline to None, run_after=None
[2026-03-07T17:37:32.779+0000] {processor.py:183} INFO - Processing /opt/airflow/dags/etl_users_dag.py took 0.123 seconds
[2026-03-07T17:38:03.037+0000] {processor.py:161} INFO - Started process (PID=363) to work on /opt/airflow/dags/etl_users_dag.py
[2026-03-07T17:38:03.038+0000] {processor.py:830} INFO - Processing file /opt/airflow/dags/etl_users_dag.py for tasks to queue
[2026-03-07T17:38:03.042+0000] {logging_mixin.py:188} INFO - [2026-03-07T17:38:03.041+0000] {dagbag.py:545} INFO - Filling up the DagBag from /opt/airflow/dags/etl_users_dag.py
[2026-03-07T17:38:03.078+0000] {processor.py:840} INFO - DAG(s) 'etl_users_pipeline' retrieved from /opt/airflow/dags/etl_users_dag.py
[2026-03-07T17:38:03.119+0000] {logging_mixin.py:188} INFO - [2026-03-07T17:38:03.119+0000] {dag.py:3089} INFO - Sync 1 DAGs
[2026-03-07T17:38:03.131+0000] {logging_mixin.py:188} INFO - [2026-03-07T17:38:03.131+0000] {dag.py:3947} INFO - Setting next_dagrun for etl_users_pipeline to None, run_after=None
[2026-03-07T17:38:03.152+0000] {processor.py:183} INFO - Processing /opt/airflow/dags/etl_users_dag.py took 0.132 seconds
[2026-03-07T17:38:33.451+0000] {processor.py:161} INFO - Started process (PID=373) to work on /opt/airflow/dags/etl_users_dag.py
[2026-03-07T17:38:33.453+0000] {processor.py:830} INFO - Processing file /opt/airflow/dags/etl_users_dag.py for tasks to queue
[2026-03-07T17:38:33.457+0000] {logging_mixin.py:188} INFO - [2026-03-07T17:38:33.456+0000] {dagbag.py:545} INFO - Filling up the DagBag from /opt/airflow/dags/etl_users_dag.py
[2026-03-07T17:38:33.472+0000] {processor.py:840} INFO - DAG(s) 'etl_users_pipeline' retrieved from /opt/airflow/dags/etl_users_dag.py
[2026-03-07T17:38:33.519+0000] {logging_mixin.py:188} INFO - [2026-03-07T17:38:33.519+0000] {dag.py:3089} INFO - Sync 1 DAGs
[2026-03-07T17:38:33.531+0000] {logging_mixin.py:188} INFO - [2026-03-07T17:38:33.531+0000] {dag.py:3947} INFO - Setting next_dagrun for etl_users_pipeline to None, run_after=None
[2026-03-07T17:38:33.546+0000] {processor.py:183} INFO - Processing /opt/airflow/dags/etl_users_dag.py took 0.139 seconds
[2026-03-07T17:39:03.871+0000] {processor.py:161} INFO - Started process (PID=383) to work on /opt/airflow/dags/etl_users_dag.py
[2026-03-07T17:39:03.873+0000] {processor.py:830} INFO - Processing file /opt/airflow/dags/etl_users_dag.py for tasks to queue
[2026-03-07T17:39:03.877+0000] {logging_mixin.py:188} INFO - [2026-03-07T17:39:03.876+0000] {dagbag.py:545} INFO - Filling up the DagBag from /opt/airflow/dags/etl_users_dag.py
[2026-03-07T17:39:03.900+0000] {processor.py:840} INFO - DAG(s) 'etl_users_pipeline' retrieved from /opt/airflow/dags/etl_users_dag.py
[2026-03-07T17:39:03.973+0000] {logging_mixin.py:188} INFO - [2026-03-07T17:39:03.973+0000] {dag.py:3089} INFO - Sync 1 DAGs
[2026-03-07T17:39:03.988+0000] {logging_mixin.py:188} INFO - [2026-03-07T17:39:03.987+0000] {dag.py:3947} INFO - Setting next_dagrun for etl_users_pipeline to None, run_after=None
[2026-03-07T17:39:04.007+0000] {processor.py:183} INFO - Processing /opt/airflow/dags/etl_users_dag.py took 0.167 seconds
[2026-03-07T17:39:34.460+0000] {processor.py:161} INFO - Started process (PID=393) to work on /opt/airflow/dags/etl_users_dag.py
[2026-03-07T17:39:34.462+0000] {processor.py:830} INFO - Processing file /opt/airflow/dags/etl_users_dag.py for tasks to queue
[2026-03-07T17:39:34.465+0000] {logging_mixin.py:188} INFO - [2026-03-07T17:39:34.464+0000] {dagbag.py:545} INFO - Filling up the DagBag from /opt/airflow/dags/etl_users_dag.py
[2026-03-07T17:39:34.479+0000] {processor.py:840} INFO - DAG(s) 'etl_users_pipeline' retrieved from /opt/airflow/dags/etl_users_dag.py
[2026-03-07T17:39:34.516+0000] {logging_mixin.py:188} INFO - [2026-03-07T17:39:34.515+0000] {dag.py:3089} INFO - Sync 1 DAGs
[2026-03-07T17:39:34.534+0000] {logging_mixin.py:188} INFO - [2026-03-07T17:39:34.534+0000] {dag.py:3947} INFO - Setting next_dagrun for etl_users_pipeline to None, run_after=None
[2026-03-07T17:39:34.557+0000] {processor.py:183} INFO - Processing /opt/airflow/dags/etl_users_dag.py took 0.115 seconds
[2026-03-07T17:40:04.826+0000] {processor.py:161} INFO - Started process (PID=403) to work on /opt/airflow/dags/etl_users_dag.py
[2026-03-07T17:40:04.828+0000] {processor.py:830} INFO - Processing file /opt/airflow/dags/etl_users_dag.py for tasks to queue
[2026-03-07T17:40:04.832+0000] {logging_mixin.py:188} INFO - [2026-03-07T17:40:04.831+0000] {dagbag.py:545} INFO - Filling up the DagBag from /opt/airflow/dags/etl_users_dag.py
[2026-03-07T17:40:04.849+0000] {processor.py:840} INFO - DAG(s) 'etl_users_pipeline' retrieved from /opt/airflow/dags/etl_users_dag.py
[2026-03-07T17:40:04.899+0000] {logging_mixin.py:188} INFO - [2026-03-07T17:40:04.898+0000] {dag.py:3089} INFO - Sync 1 DAGs
[2026-03-07T17:40:04.911+0000] {logging_mixin.py:188} INFO - [2026-03-07T17:40:04.911+0000] {dag.py:3947} INFO - Setting next_dagrun for etl_users_pipeline to None, run_after=None
[2026-03-07T17:40:04.928+0000] {processor.py:183} INFO - Processing /opt/airflow/dags/etl_users_dag.py took 0.122 seconds
[2026-03-07T17:40:35.191+0000] {processor.py:161} INFO - Started process (PID=413) to work on /opt/airflow/dags/etl_users_dag.py
[2026-03-07T17:40:35.194+0000] {processor.py:830} INFO - Processing file /opt/airflow/dags/etl_users_dag.py for tasks to queue
[2026-03-07T17:40:35.199+0000] {logging_mixin.py:188} INFO - [2026-03-07T17:40:35.198+0000] {dagbag.py:545} INFO - Filling up the DagBag from /opt/airflow/dags/etl_users_dag.py
[2026-03-07T17:40:35.211+0000] {processor.py:840} INFO - DAG(s) 'etl_users_pipeline' retrieved from /opt/airflow/dags/etl_users_dag.py
[2026-03-07T17:40:35.244+0000] {logging_mixin.py:188} INFO - [2026-03-07T17:40:35.244+0000] {dag.py:3089} INFO - Sync 1 DAGs
[2026-03-07T17:40:35.253+0000] {logging_mixin.py:188} INFO - [2026-03-07T17:40:35.253+0000] {dag.py:3947} INFO - Setting next_dagrun for etl_users_pipeline to None, run_after=None
[2026-03-07T17:40:35.268+0000] {processor.py:183} INFO - Processing /opt/airflow/dags/etl_users_dag.py took 0.090 seconds
[2026-03-07T17:41:05.633+0000] {processor.py:161} INFO - Started process (PID=423) to work on /opt/airflow/dags/etl_users_dag.py
[2026-03-07T17:41:05.634+0000] {processor.py:830} INFO - Processing file /opt/airflow/dags/etl_users_dag.py for tasks to queue
[2026-03-07T17:41:05.639+0000] {logging_mixin.py:188} INFO - [2026-03-07T17:41:05.638+0000] {dagbag.py:545} INFO - Filling up the DagBag from /opt/airflow/dags/etl_users_dag.py
[2026-03-07T17:41:05.654+0000] {processor.py:840} INFO - DAG(s) 'etl_users_pipeline' retrieved from /opt/airflow/dags/etl_users_dag.py
[2026-03-07T17:41:05.685+0000] {logging_mixin.py:188} INFO - [2026-03-07T17:41:05.685+0000] {dag.py:3089} INFO - Sync 1 DAGs
[2026-03-07T17:41:05.694+0000] {logging_mixin.py:188} INFO - [2026-03-07T17:41:05.693+0000] {dag.py:3947} INFO - Setting next_dagrun for etl_users_pipeline to None, run_after=None
[2026-03-07T17:41:05.707+0000] {processor.py:183} INFO - Processing /opt/airflow/dags/etl_users_dag.py took 0.087 seconds
[2026-03-07T17:41:36.022+0000] {processor.py:161} INFO - Started process (PID=433) to work on /opt/airflow/dags/etl_users_dag.py
[2026-03-07T17:41:36.023+0000] {processor.py:830} INFO - Processing file /opt/airflow/dags/etl_users_dag.py for tasks to queue
[2026-03-07T17:41:36.025+0000] {logging_mixin.py:188} INFO - [2026-03-07T17:41:36.025+0000] {dagbag.py:545} INFO - Filling up the DagBag from /opt/airflow/dags/etl_users_dag.py
[2026-03-07T17:41:36.036+0000] {processor.py:840} INFO - DAG(s) 'etl_users_pipeline' retrieved from /opt/airflow/dags/etl_users_dag.py
[2026-03-07T17:41:36.064+0000] {logging_mixin.py:188} INFO - [2026-03-07T17:41:36.064+0000] {dag.py:3089} INFO - Sync 1 DAGs
[2026-03-07T17:41:36.073+0000] {logging_mixin.py:188} INFO - [2026-03-07T17:41:36.073+0000] {dag.py:3947} INFO - Setting next_dagrun for etl_users_pipeline to None, run_after=None
[2026-03-07T17:41:36.084+0000] {processor.py:183} INFO - Processing /opt/airflow/dags/etl_users_dag.py took 0.072 seconds
[2026-03-07T17:42:06.361+0000] {processor.py:161} INFO - Started process (PID=443) to work on /opt/airflow/dags/etl_users_dag.py
[2026-03-07T17:42:06.363+0000] {processor.py:830} INFO - Processing file /opt/airflow/dags/etl_users_dag.py for tasks to queue
[2026-03-07T17:42:06.386+0000] {logging_mixin.py:188} INFO - [2026-03-07T17:42:06.382+0000] {dagbag.py:545} INFO - Filling up the DagBag from /opt/airflow/dags/etl_users_dag.py
[2026-03-07T17:42:06.402+0000] {processor.py:840} INFO - DAG(s) 'etl_users_pipeline' retrieved from /opt/airflow/dags/etl_users_dag.py
[2026-03-07T17:42:06.438+0000] {logging_mixin.py:188} INFO - [2026-03-07T17:42:06.438+0000] {dag.py:3089} INFO - Sync 1 DAGs
[2026-03-07T17:42:06.451+0000] {logging_mixin.py:188} INFO - [2026-03-07T17:42:06.451+0000] {dag.py:3947} INFO - Setting next_dagrun for etl_users_pipeline to None, run_after=None
[2026-03-07T17:42:06.465+0000] {processor.py:183} INFO - Processing /opt/airflow/dags/etl_users_dag.py took 0.117 seconds
[2026-03-07T17:42:36.733+0000] {processor.py:161} INFO - Started process (PID=453) to work on /opt/airflow/dags/etl_users_dag.py
[2026-03-07T17:42:36.735+0000] {processor.py:830} INFO - Processing file /opt/airflow/dags/etl_users_dag.py for tasks to queue
[2026-03-07T17:42:36.740+0000] {logging_mixin.py:188} INFO - [2026-03-07T17:42:36.739+0000] {dagbag.py:545} INFO - Filling up the DagBag from /opt/airflow/dags/etl_users_dag.py
[2026-03-07T17:42:36.773+0000] {processor.py:840} INFO - DAG(s) 'etl_users_pipeline' retrieved from /opt/airflow/dags/etl_users_dag.py
[2026-03-07T17:42:36.809+0000] {logging_mixin.py:188} INFO - [2026-03-07T17:42:36.808+0000] {dag.py:3089} INFO - Sync 1 DAGs
[2026-03-07T17:42:36.819+0000] {logging_mixin.py:188} INFO - [2026-03-07T17:42:36.819+0000] {dag.py:3947} INFO - Setting next_dagrun for etl_users_pipeline to None, run_after=None
[2026-03-07T17:42:36.835+0000] {processor.py:183} INFO - Processing /opt/airflow/dags/etl_users_dag.py took 0.117 seconds
[2026-03-07T17:43:07.297+0000] {processor.py:161} INFO - Started process (PID=463) to work on /opt/airflow/dags/etl_users_dag.py
[2026-03-07T17:43:07.298+0000] {processor.py:830} INFO - Processing file /opt/airflow/dags/etl_users_dag.py for tasks to queue
[2026-03-07T17:43:07.303+0000] {logging_mixin.py:188} INFO - [2026-03-07T17:43:07.303+0000] {dagbag.py:545} INFO - Filling up the DagBag from /opt/airflow/dags/etl_users_dag.py
[2026-03-07T17:43:07.328+0000] {processor.py:840} INFO - DAG(s) 'etl_users_pipeline' retrieved from /opt/airflow/dags/etl_users_dag.py
[2026-03-07T17:43:07.361+0000] {logging_mixin.py:188} INFO - [2026-03-07T17:43:07.361+0000] {dag.py:3089} INFO - Sync 1 DAGs
[2026-03-07T17:43:07.373+0000] {logging_mixin.py:188} INFO - [2026-03-07T17:43:07.373+0000] {dag.py:3947} INFO - Setting next_dagrun for etl_users_pipeline to None, run_after=None
[2026-03-07T17:43:07.387+0000] {processor.py:183} INFO - Processing /opt/airflow/dags/etl_users_dag.py took 0.106 seconds
[2026-03-07T17:43:37.783+0000] {processor.py:161} INFO - Started process (PID=473) to work on /opt/airflow/dags/etl_users_dag.py
[2026-03-07T17:43:37.785+0000] {processor.py:830} INFO - Processing file /opt/airflow/dags/etl_users_dag.py for tasks to queue
[2026-03-07T17:43:37.788+0000] {logging_mixin.py:188} INFO - [2026-03-07T17:43:37.788+0000] {dagbag.py:545} INFO - Filling up the DagBag from /opt/airflow/dags/etl_users_dag.py
[2026-03-07T17:43:37.805+0000] {processor.py:840} INFO - DAG(s) 'etl_users_pipeline' retrieved from /opt/airflow/dags/etl_users_dag.py
[2026-03-07T17:43:37.858+0000] {logging_mixin.py:188} INFO - [2026-03-07T17:43:37.858+0000] {dag.py:3089} INFO - Sync 1 DAGs
[2026-03-07T17:43:37.870+0000] {logging_mixin.py:188} INFO - [2026-03-07T17:43:37.870+0000] {dag.py:3947} INFO - Setting next_dagrun for etl_users_pipeline to None, run_after=None
[2026-03-07T17:43:37.886+0000] {processor.py:183} INFO - Processing /opt/airflow/dags/etl_users_dag.py took 0.129 seconds
[2026-03-07T17:44:08.340+0000] {processor.py:161} INFO - Started process (PID=483) to work on /opt/airflow/dags/etl_users_dag.py
[2026-03-07T17:44:08.342+0000] {processor.py:830} INFO - Processing file /opt/airflow/dags/etl_users_dag.py for tasks to queue
[2026-03-07T17:44:08.345+0000] {logging_mixin.py:188} INFO - [2026-03-07T17:44:08.345+0000] {dagbag.py:545} INFO - Filling up the DagBag from /opt/airflow/dags/etl_users_dag.py
[2026-03-07T17:44:08.360+0000] {processor.py:840} INFO - DAG(s) 'etl_users_pipeline' retrieved from /opt/airflow/dags/etl_users_dag.py
[2026-03-07T17:44:08.392+0000] {logging_mixin.py:188} INFO - [2026-03-07T17:44:08.392+0000] {dag.py:3089} INFO - Sync 1 DAGs
[2026-03-07T17:44:08.405+0000] {logging_mixin.py:188} INFO - [2026-03-07T17:44:08.405+0000] {dag.py:3947} INFO - Setting next_dagrun for etl_users_pipeline to None, run_after=None
[2026-03-07T17:44:08.421+0000] {processor.py:183} INFO - Processing /opt/airflow/dags/etl_users_dag.py took 0.092 seconds
[2026-03-07T17:44:38.808+0000] {processor.py:161} INFO - Started process (PID=493) to work on /opt/airflow/dags/etl_users_dag.py
[2026-03-07T17:44:38.810+0000] {processor.py:830} INFO - Processing file /opt/airflow/dags/etl_users_dag.py for tasks to queue
[2026-03-07T17:44:38.813+0000] {logging_mixin.py:188} INFO - [2026-03-07T17:44:38.813+0000] {dagbag.py:545} INFO - Filling up the DagBag from /opt/airflow/dags/etl_users_dag.py
[2026-03-07T17:44:38.829+0000] {processor.py:840} INFO - DAG(s) 'etl_users_pipeline' retrieved from /opt/airflow/dags/etl_users_dag.py
[2026-03-07T17:44:38.862+0000] {logging_mixin.py:188} INFO - [2026-03-07T17:44:38.862+0000] {dag.py:3089} INFO - Sync 1 DAGs
[2026-03-07T17:44:38.879+0000] {logging_mixin.py:188} INFO - [2026-03-07T17:44:38.879+0000] {dag.py:3947} INFO - Setting next_dagrun for etl_users_pipeline to None, run_after=None
[2026-03-07T17:44:38.894+0000] {processor.py:183} INFO - Processing /opt/airflow/dags/etl_users_dag.py took 0.111 seconds
[2026-03-07T17:45:09.182+0000] {processor.py:161} INFO - Started process (PID=503) to work on /opt/airflow/dags/etl_users_dag.py
[2026-03-07T17:45:09.184+0000] {processor.py:830} INFO - Processing file /opt/airflow/dags/etl_users_dag.py for tasks to queue
[2026-03-07T17:45:09.187+0000] {logging_mixin.py:188} INFO - [2026-03-07T17:45:09.187+0000] {dagbag.py:545} INFO - Filling up the DagBag from /opt/airflow/dags/etl_users_dag.py
[2026-03-07T17:45:09.204+0000] {processor.py:840} INFO - DAG(s) 'etl_users_pipeline' retrieved from /opt/airflow/dags/etl_users_dag.py
[2026-03-07T17:45:09.249+0000] {logging_mixin.py:188} INFO - [2026-03-07T17:45:09.249+0000] {dag.py:3089} INFO - Sync 1 DAGs
[2026-03-07T17:45:09.260+0000] {logging_mixin.py:188} INFO - [2026-03-07T17:45:09.260+0000] {dag.py:3947} INFO - Setting next_dagrun for etl_users_pipeline to None, run_after=None
[2026-03-07T17:45:09.273+0000] {processor.py:183} INFO - Processing /opt/airflow/dags/etl_users_dag.py took 0.107 seconds
[2026-03-07T17:45:39.640+0000] {processor.py:161} INFO - Started process (PID=513) to work on /opt/airflow/dags/etl_users_dag.py
[2026-03-07T17:45:39.643+0000] {processor.py:830} INFO - Processing file /opt/airflow/dags/etl_users_dag.py for tasks to queue
[2026-03-07T17:45:39.647+0000] {logging_mixin.py:188} INFO - [2026-03-07T17:45:39.647+0000] {dagbag.py:545} INFO - Filling up the DagBag from /opt/airflow/dags/etl_users_dag.py
[2026-03-07T17:45:39.659+0000] {processor.py:840} INFO - DAG(s) 'etl_users_pipeline' retrieved from /opt/airflow/dags/etl_users_dag.py
[2026-03-07T17:45:39.692+0000] {logging_mixin.py:188} INFO - [2026-03-07T17:45:39.692+0000] {dag.py:3089} INFO - Sync 1 DAGs
[2026-03-07T17:45:39.699+0000] {logging_mixin.py:188} INFO - [2026-03-07T17:45:39.699+0000] {dag.py:3947} INFO - Setting next_dagrun for etl_users_pipeline to None, run_after=None
[2026-03-07T17:45:39.713+0000] {processor.py:183} INFO - Processing /opt/airflow/dags/etl_users_dag.py took 0.083 seconds
[2026-03-07T17:46:10.091+0000] {processor.py:161} INFO - Started process (PID=523) to work on /opt/airflow/dags/etl_users_dag.py
[2026-03-07T17:46:10.095+0000] {processor.py:830} INFO - Processing file /opt/airflow/dags/etl_users_dag.py for tasks to queue
[2026-03-07T17:46:10.100+0000] {logging_mixin.py:188} INFO - [2026-03-07T17:46:10.100+0000] {dagbag.py:545} INFO - Filling up the DagBag from /opt/airflow/dags/etl_users_dag.py
[2026-03-07T17:46:10.119+0000] {processor.py:840} INFO - DAG(s) 'etl_users_pipeline' retrieved from /opt/airflow/dags/etl_users_dag.py
[2026-03-07T17:46:10.159+0000] {logging_mixin.py:188} INFO - [2026-03-07T17:46:10.159+0000] {dag.py:3089} INFO - Sync 1 DAGs
[2026-03-07T17:46:10.173+0000] {logging_mixin.py:188} INFO - [2026-03-07T17:46:10.173+0000] {dag.py:3947} INFO - Setting next_dagrun for etl_users_pipeline to None, run_after=None
[2026-03-07T17:46:10.187+0000] {processor.py:183} INFO - Processing /opt/airflow/dags/etl_users_dag.py took 0.128 seconds
[2026-03-07T17:46:40.446+0000] {processor.py:161} INFO - Started process (PID=533) to work on /opt/airflow/dags/etl_users_dag.py
[2026-03-07T17:46:40.448+0000] {processor.py:830} INFO - Processing file /opt/airflow/dags/etl_users_dag.py for tasks to queue
[2026-03-07T17:46:40.452+0000] {logging_mixin.py:188} INFO - [2026-03-07T17:46:40.451+0000] {dagbag.py:545} INFO - Filling up the DagBag from /opt/airflow/dags/etl_users_dag.py
[2026-03-07T17:46:40.468+0000] {processor.py:840} INFO - DAG(s) 'etl_users_pipeline' retrieved from /opt/airflow/dags/etl_users_dag.py
[2026-03-07T17:46:40.497+0000] {logging_mixin.py:188} INFO - [2026-03-07T17:46:40.496+0000] {dag.py:3089} INFO - Sync 1 DAGs
[2026-03-07T17:46:40.504+0000] {logging_mixin.py:188} INFO - [2026-03-07T17:46:40.504+0000] {dag.py:3947} INFO - Setting next_dagrun for etl_users_pipeline to None, run_after=None
[2026-03-07T17:46:40.517+0000] {processor.py:183} INFO - Processing /opt/airflow/dags/etl_users_dag.py took 0.081 seconds
[2026-03-07T17:47:10.912+0000] {processor.py:161} INFO - Started process (PID=543) to work on /opt/airflow/dags/etl_users_dag.py
[2026-03-07T17:47:10.914+0000] {processor.py:830} INFO - Processing file /opt/airflow/dags/etl_users_dag.py for tasks to queue
[2026-03-07T17:47:10.918+0000] {logging_mixin.py:188} INFO - [2026-03-07T17:47:10.917+0000] {dagbag.py:545} INFO - Filling up the DagBag from /opt/airflow/dags/etl_users_dag.py
[2026-03-07T17:47:10.936+0000] {processor.py:840} INFO - DAG(s) 'etl_users_pipeline' retrieved from /opt/airflow/dags/etl_users_dag.py
[2026-03-07T17:47:10.997+0000] {logging_mixin.py:188} INFO - [2026-03-07T17:47:10.996+0000] {dag.py:3089} INFO - Sync 1 DAGs
[2026-03-07T17:47:11.009+0000] {logging_mixin.py:188} INFO - [2026-03-07T17:47:11.009+0000] {dag.py:3947} INFO - Setting next_dagrun for etl_users_pipeline to None, run_after=None
[2026-03-07T17:47:11.025+0000] {processor.py:183} INFO - Processing /opt/airflow/dags/etl_users_dag.py took 0.131 seconds
[2026-03-07T17:47:41.374+0000] {processor.py:161} INFO - Started process (PID=553) to work on /opt/airflow/dags/etl_users_dag.py
[2026-03-07T17:47:41.376+0000] {processor.py:830} INFO - Processing file /opt/airflow/dags/etl_users_dag.py for tasks to queue
[2026-03-07T17:47:41.378+0000] {logging_mixin.py:188} INFO - [2026-03-07T17:47:41.378+0000] {dagbag.py:545} INFO - Filling up the DagBag from /opt/airflow/dags/etl_users_dag.py
[2026-03-07T17:47:41.395+0000] {processor.py:840} INFO - DAG(s) 'etl_users_pipeline' retrieved from /opt/airflow/dags/etl_users_dag.py
[2026-03-07T17:47:41.445+0000] {logging_mixin.py:188} INFO - [2026-03-07T17:47:41.445+0000] {dag.py:3089} INFO - Sync 1 DAGs
[2026-03-07T17:47:41.456+0000] {logging_mixin.py:188} INFO - [2026-03-07T17:47:41.456+0000] {dag.py:3947} INFO - Setting next_dagrun for etl_users_pipeline to None, run_after=None
[2026-03-07T17:47:41.471+0000] {processor.py:183} INFO - Processing /opt/airflow/dags/etl_users_dag.py took 0.112 seconds
[2026-03-07T17:48:11.726+0000] {processor.py:161} INFO - Started process (PID=563) to work on /opt/airflow/dags/etl_users_dag.py
[2026-03-07T17:48:11.726+0000] {processor.py:830} INFO - Processing file /opt/airflow/dags/etl_users_dag.py for tasks to queue
[2026-03-07T17:48:11.729+0000] {logging_mixin.py:188} INFO - [2026-03-07T17:48:11.729+0000] {dagbag.py:545} INFO - Filling up the DagBag from /opt/airflow/dags/etl_users_dag.py
[2026-03-07T17:48:11.743+0000] {processor.py:840} INFO - DAG(s) 'etl_users_pipeline' retrieved from /opt/airflow/dags/etl_users_dag.py
[2026-03-07T17:48:11.765+0000] {logging_mixin.py:188} INFO - [2026-03-07T17:48:11.765+0000] {dag.py:3089} INFO - Sync 1 DAGs
[2026-03-07T17:48:11.774+0000] {logging_mixin.py:188} INFO - [2026-03-07T17:48:11.774+0000] {dag.py:3947} INFO - Setting next_dagrun for etl_users_pipeline to None, run_after=None
[2026-03-07T17:48:11.787+0000] {processor.py:183} INFO - Processing /opt/airflow/dags/etl_users_dag.py took 0.078 seconds
[2026-03-07T17:48:42.025+0000] {processor.py:161} INFO - Started process (PID=573) to work on /opt/airflow/dags/etl_users_dag.py
[2026-03-07T17:48:42.027+0000] {processor.py:830} INFO - Processing file /opt/airflow/dags/etl_users_dag.py for tasks to queue
[2026-03-07T17:48:42.030+0000] {logging_mixin.py:188} INFO - [2026-03-07T17:48:42.030+0000] {dagbag.py:545} INFO - Filling up the DagBag from /opt/airflow/dags/etl_users_dag.py
[2026-03-07T17:48:42.044+0000] {processor.py:840} INFO - DAG(s) 'etl_users_pipeline' retrieved from /opt/airflow/dags/etl_users_dag.py
[2026-03-07T17:48:42.090+0000] {logging_mixin.py:188} INFO - [2026-03-07T17:48:42.090+0000] {dag.py:3089} INFO - Sync 1 DAGs
[2026-03-07T17:48:42.102+0000] {logging_mixin.py:188} INFO - [2026-03-07T17:48:42.102+0000] {dag.py:3947} INFO - Setting next_dagrun for etl_users_pipeline to None, run_after=None
[2026-03-07T17:48:42.118+0000] {processor.py:183} INFO - Processing /opt/airflow/dags/etl_users_dag.py took 0.103 seconds
[2026-03-07T17:49:12.369+0000] {processor.py:161} INFO - Started process (PID=583) to work on /opt/airflow/dags/etl_users_dag.py
[2026-03-07T17:49:12.371+0000] {processor.py:830} INFO - Processing file /opt/airflow/dags/etl_users_dag.py for tasks to queue
[2026-03-07T17:49:12.376+0000] {logging_mixin.py:188} INFO - [2026-03-07T17:49:12.376+0000] {dagbag.py:545} INFO - Filling up the DagBag from /opt/airflow/dags/etl_users_dag.py
[2026-03-07T17:49:12.391+0000] {processor.py:840} INFO - DAG(s) 'etl_users_pipeline' retrieved from /opt/airflow/dags/etl_users_dag.py
[2026-03-07T17:49:12.418+0000] {logging_mixin.py:188} INFO - [2026-03-07T17:49:12.418+0000] {dag.py:3089} INFO - Sync 1 DAGs
[2026-03-07T17:49:12.429+0000] {logging_mixin.py:188} INFO - [2026-03-07T17:49:12.429+0000] {dag.py:3947} INFO - Setting next_dagrun for etl_users_pipeline to None, run_after=None
[2026-03-07T17:49:12.445+0000] {processor.py:183} INFO - Processing /opt/airflow/dags/etl_users_dag.py took 0.088 seconds
[2026-03-07T17:49:42.783+0000] {processor.py:161} INFO - Started process (PID=593) to work on /opt/airflow/dags/etl_users_dag.py
[2026-03-07T17:49:42.784+0000] {processor.py:830} INFO - Processing file /opt/airflow/dags/etl_users_dag.py for tasks to queue
[2026-03-07T17:49:42.788+0000] {logging_mixin.py:188} INFO - [2026-03-07T17:49:42.787+0000] {dagbag.py:545} INFO - Filling up the DagBag from /opt/airflow/dags/etl_users_dag.py
[2026-03-07T17:49:42.804+0000] {processor.py:840} INFO - DAG(s) 'etl_users_pipeline' retrieved from /opt/airflow/dags/etl_users_dag.py
[2026-03-07T17:49:42.841+0000] {logging_mixin.py:188} INFO - [2026-03-07T17:49:42.841+0000] {dag.py:3089} INFO - Sync 1 DAGs
[2026-03-07T17:49:42.854+0000] {logging_mixin.py:188} INFO - [2026-03-07T17:49:42.854+0000] {dag.py:3947} INFO - Setting next_dagrun for etl_users_pipeline to None, run_after=None
[2026-03-07T17:49:42.875+0000] {processor.py:183} INFO - Processing /opt/airflow/dags/etl_users_dag.py took 0.115 seconds
[2026-03-07T17:50:13.251+0000] {processor.py:161} INFO - Started process (PID=603) to work on /opt/airflow/dags/etl_users_dag.py
[2026-03-07T17:50:13.253+0000] {processor.py:830} INFO - Processing file /opt/airflow/dags/etl_users_dag.py for tasks to queue
[2026-03-07T17:50:13.257+0000] {logging_mixin.py:188} INFO - [2026-03-07T17:50:13.256+0000] {dagbag.py:545} INFO - Filling up the DagBag from /opt/airflow/dags/etl_users_dag.py
[2026-03-07T17:50:13.272+0000] {processor.py:840} INFO - DAG(s) 'etl_users_pipeline' retrieved from /opt/airflow/dags/etl_users_dag.py
[2026-03-07T17:50:13.318+0000] {logging_mixin.py:188} INFO - [2026-03-07T17:50:13.318+0000] {dag.py:3089} INFO - Sync 1 DAGs
[2026-03-07T17:50:13.336+0000] {logging_mixin.py:188} INFO - [2026-03-07T17:50:13.336+0000] {dag.py:3947} INFO - Setting next_dagrun for etl_users_pipeline to None, run_after=None
[2026-03-07T17:50:13.352+0000] {processor.py:183} INFO - Processing /opt/airflow/dags/etl_users_dag.py took 0.117 seconds
[2026-03-07T17:50:43.657+0000] {processor.py:161} INFO - Started process (PID=613) to work on /opt/airflow/dags/etl_users_dag.py
[2026-03-07T17:50:43.658+0000] {processor.py:830} INFO - Processing file /opt/airflow/dags/etl_users_dag.py for tasks to queue
[2026-03-07T17:50:43.662+0000] {logging_mixin.py:188} INFO - [2026-03-07T17:50:43.661+0000] {dagbag.py:545} INFO - Filling up the DagBag from /opt/airflow/dags/etl_users_dag.py
[2026-03-07T17:50:43.677+0000] {processor.py:840} INFO - DAG(s) 'etl_users_pipeline' retrieved from /opt/airflow/dags/etl_users_dag.py
[2026-03-07T17:50:43.724+0000] {logging_mixin.py:188} INFO - [2026-03-07T17:50:43.723+0000] {dag.py:3089} INFO - Sync 1 DAGs
[2026-03-07T17:50:43.734+0000] {logging_mixin.py:188} INFO - [2026-03-07T17:50:43.734+0000] {dag.py:3947} INFO - Setting next_dagrun for etl_users_pipeline to None, run_after=None
[2026-03-07T17:50:43.750+0000] {processor.py:183} INFO - Processing /opt/airflow/dags/etl_users_dag.py took 0.126 seconds
[2026-03-07T17:51:14.213+0000] {processor.py:161} INFO - Started process (PID=623) to work on /opt/airflow/dags/etl_users_dag.py
[2026-03-07T17:51:14.219+0000] {processor.py:830} INFO - Processing file /opt/airflow/dags/etl_users_dag.py for tasks to queue
[2026-03-07T17:51:14.227+0000] {logging_mixin.py:188} INFO - [2026-03-07T17:51:14.226+0000] {dagbag.py:545} INFO - Filling up the DagBag from /opt/airflow/dags/etl_users_dag.py
[2026-03-07T17:51:14.245+0000] {processor.py:840} INFO - DAG(s) 'etl_users_pipeline' retrieved from /opt/airflow/dags/etl_users_dag.py
[2026-03-07T17:51:14.295+0000] {logging_mixin.py:188} INFO - [2026-03-07T17:51:14.295+0000] {dag.py:3089} INFO - Sync 1 DAGs
[2026-03-07T17:51:14.307+0000] {logging_mixin.py:188} INFO - [2026-03-07T17:51:14.307+0000] {dag.py:3947} INFO - Setting next_dagrun for etl_users_pipeline to None, run_after=None
[2026-03-07T17:51:14.326+0000] {processor.py:183} INFO - Processing /opt/airflow/dags/etl_users_dag.py took 0.124 seconds
[2026-03-07T17:51:44.583+0000] {processor.py:161} INFO - Started process (PID=633) to work on /opt/airflow/dags/etl_users_dag.py
[2026-03-07T17:51:44.584+0000] {processor.py:830} INFO - Processing file /opt/airflow/dags/etl_users_dag.py for tasks to queue
[2026-03-07T17:51:44.589+0000] {logging_mixin.py:188} INFO - [2026-03-07T17:51:44.589+0000] {dagbag.py:545} INFO - Filling up the DagBag from /opt/airflow/dags/etl_users_dag.py
[2026-03-07T17:51:44.607+0000] {processor.py:840} INFO - DAG(s) 'etl_users_pipeline' retrieved from /opt/airflow/dags/etl_users_dag.py
[2026-03-07T17:51:44.657+0000] {logging_mixin.py:188} INFO - [2026-03-07T17:51:44.656+0000] {dag.py:3089} INFO - Sync 1 DAGs
[2026-03-07T17:51:44.668+0000] {logging_mixin.py:188} INFO - [2026-03-07T17:51:44.668+0000] {dag.py:3947} INFO - Setting next_dagrun for etl_users_pipeline to None, run_after=None
[2026-03-07T17:51:44.686+0000] {processor.py:183} INFO - Processing /opt/airflow/dags/etl_users_dag.py took 0.127 seconds
[2026-03-07T17:52:15.005+0000] {processor.py:161} INFO - Started process (PID=643) to work on /opt/airflow/dags/etl_users_dag.py
[2026-03-07T17:52:15.007+0000] {processor.py:830} INFO - Processing file /opt/airflow/dags/etl_users_dag.py for tasks to queue
[2026-03-07T17:52:15.012+0000] {logging_mixin.py:188} INFO - [2026-03-07T17:52:15.011+0000] {dagbag.py:545} INFO - Filling up the DagBag from /opt/airflow/dags/etl_users_dag.py
[2026-03-07T17:52:15.029+0000] {processor.py:840} INFO - DAG(s) 'etl_users_pipeline' retrieved from /opt/airflow/dags/etl_users_dag.py
[2026-03-07T17:52:15.079+0000] {logging_mixin.py:188} INFO - [2026-03-07T17:52:15.079+0000] {dag.py:3089} INFO - Sync 1 DAGs
[2026-03-07T17:52:15.093+0000] {logging_mixin.py:188} INFO - [2026-03-07T17:52:15.093+0000] {dag.py:3947} INFO - Setting next_dagrun for etl_users_pipeline to None, run_after=None
[2026-03-07T17:52:15.109+0000] {processor.py:183} INFO - Processing /opt/airflow/dags/etl_users_dag.py took 0.121 seconds
[2026-03-07T17:52:45.526+0000] {processor.py:161} INFO - Started process (PID=653) to work on /opt/airflow/dags/etl_users_dag.py
[2026-03-07T17:52:45.528+0000] {processor.py:830} INFO - Processing file /opt/airflow/dags/etl_users_dag.py for tasks to queue
[2026-03-07T17:52:45.531+0000] {logging_mixin.py:188} INFO - [2026-03-07T17:52:45.531+0000] {dagbag.py:545} INFO - Filling up the DagBag from /opt/airflow/dags/etl_users_dag.py
[2026-03-07T17:52:45.561+0000] {processor.py:840} INFO - DAG(s) 'etl_users_pipeline' retrieved from /opt/airflow/dags/etl_users_dag.py
[2026-03-07T17:52:45.639+0000] {logging_mixin.py:188} INFO - [2026-03-07T17:52:45.638+0000] {dag.py:3089} INFO - Sync 1 DAGs
[2026-03-07T17:52:45.652+0000] {logging_mixin.py:188} INFO - [2026-03-07T17:52:45.652+0000] {dag.py:3947} INFO - Setting next_dagrun for etl_users_pipeline to None, run_after=None
[2026-03-07T17:52:45.672+0000] {processor.py:183} INFO - Processing /opt/airflow/dags/etl_users_dag.py took 0.159 seconds
[2026-03-07T17:53:16.052+0000] {processor.py:161} INFO - Started process (PID=663) to work on /opt/airflow/dags/etl_users_dag.py
[2026-03-07T17:53:16.053+0000] {processor.py:830} INFO - Processing file /opt/airflow/dags/etl_users_dag.py for tasks to queue
[2026-03-07T17:53:16.057+0000] {logging_mixin.py:188} INFO - [2026-03-07T17:53:16.056+0000] {dagbag.py:545} INFO - Filling up the DagBag from /opt/airflow/dags/etl_users_dag.py
[2026-03-07T17:53:16.075+0000] {processor.py:840} INFO - DAG(s) 'etl_users_pipeline' retrieved from /opt/airflow/dags/etl_users_dag.py
[2026-03-07T17:53:16.132+0000] {logging_mixin.py:188} INFO - [2026-03-07T17:53:16.132+0000] {dag.py:3089} INFO - Sync 1 DAGs
[2026-03-07T17:53:16.146+0000] {logging_mixin.py:188} INFO - [2026-03-07T17:53:16.146+0000] {dag.py:3947} INFO - Setting next_dagrun for etl_users_pipeline to None, run_after=None
[2026-03-07T17:53:16.165+0000] {processor.py:183} INFO - Processing /opt/airflow/dags/etl_users_dag.py took 0.124 seconds
[2026-03-07T17:53:46.534+0000] {processor.py:161} INFO - Started process (PID=673) to work on /opt/airflow/dags/etl_users_dag.py
[2026-03-07T17:53:46.535+0000] {processor.py:830} INFO - Processing file /opt/airflow/dags/etl_users_dag.py for tasks to queue
[2026-03-07T17:53:46.538+0000] {logging_mixin.py:188} INFO - [2026-03-07T17:53:46.538+0000] {dagbag.py:545} INFO - Filling up the DagBag from /opt/airflow/dags/etl_users_dag.py
[2026-03-07T17:53:46.555+0000] {processor.py:840} INFO - DAG(s) 'etl_users_pipeline' retrieved from /opt/airflow/dags/etl_users_dag.py
[2026-03-07T17:53:46.599+0000] {logging_mixin.py:188} INFO - [2026-03-07T17:53:46.599+0000] {dag.py:3089} INFO - Sync 1 DAGs
[2026-03-07T17:53:46.611+0000] {logging_mixin.py:188} INFO - [2026-03-07T17:53:46.611+0000] {dag.py:3947} INFO - Setting next_dagrun for etl_users_pipeline to None, run_after=None
[2026-03-07T17:53:46.628+0000] {processor.py:183} INFO - Processing /opt/airflow/dags/etl_users_dag.py took 0.108 seconds
[2026-03-07T17:54:17.019+0000] {processor.py:161} INFO - Started process (PID=683) to work on /opt/airflow/dags/etl_users_dag.py
[2026-03-07T17:54:17.021+0000] {processor.py:830} INFO - Processing file /opt/airflow/dags/etl_users_dag.py for tasks to queue
[2026-03-07T17:54:17.024+0000] {logging_mixin.py:188} INFO - [2026-03-07T17:54:17.024+0000] {dagbag.py:545} INFO - Filling up the DagBag from /opt/airflow/dags/etl_users_dag.py
[2026-03-07T17:54:17.040+0000] {processor.py:840} INFO - DAG(s) 'etl_users_pipeline' retrieved from /opt/airflow/dags/etl_users_dag.py
[2026-03-07T17:54:17.076+0000] {logging_mixin.py:188} INFO - [2026-03-07T17:54:17.076+0000] {dag.py:3089} INFO - Sync 1 DAGs
[2026-03-07T17:54:17.092+0000] {logging_mixin.py:188} INFO - [2026-03-07T17:54:17.092+0000] {dag.py:3947} INFO - Setting next_dagrun for etl_users_pipeline to None, run_after=None
[2026-03-07T17:54:17.111+0000] {processor.py:183} INFO - Processing /opt/airflow/dags/etl_users_dag.py took 0.112 seconds
[2026-03-07T17:54:47.314+0000] {processor.py:161} INFO - Started process (PID=693) to work on /opt/airflow/dags/etl_users_dag.py
[2026-03-07T17:54:47.318+0000] {processor.py:830} INFO - Processing file /opt/airflow/dags/etl_users_dag.py for tasks to queue
[2026-03-07T17:54:47.319+0000] {logging_mixin.py:188} INFO - [2026-03-07T17:54:47.319+0000] {dagbag.py:545} INFO - Filling up the DagBag from /opt/airflow/dags/etl_users_dag.py
[2026-03-07T17:54:47.326+0000] {processor.py:840} INFO - DAG(s) 'etl_users_pipeline' retrieved from /opt/airflow/dags/etl_users_dag.py
[2026-03-07T17:54:47.364+0000] {logging_mixin.py:188} INFO - [2026-03-07T17:54:47.364+0000] {dag.py:3089} INFO - Sync 1 DAGs
[2026-03-07T17:54:47.373+0000] {logging_mixin.py:188} INFO - [2026-03-07T17:54:47.373+0000] {dag.py:3947} INFO - Setting next_dagrun for etl_users_pipeline to None, run_after=None
[2026-03-07T17:54:47.392+0000] {processor.py:183} INFO - Processing /opt/airflow/dags/etl_users_dag.py took 0.086 seconds
[2026-03-07T17:55:17.570+0000] {processor.py:161} INFO - Started process (PID=703) to work on /opt/airflow/dags/etl_users_dag.py
[2026-03-07T17:55:17.570+0000] {processor.py:830} INFO - Processing file /opt/airflow/dags/etl_users_dag.py for tasks to queue
[2026-03-07T17:55:17.573+0000] {logging_mixin.py:188} INFO - [2026-03-07T17:55:17.572+0000] {dagbag.py:545} INFO - Filling up the DagBag from /opt/airflow/dags/etl_users_dag.py
[2026-03-07T17:55:17.585+0000] {processor.py:840} INFO - DAG(s) 'etl_users_pipeline' retrieved from /opt/airflow/dags/etl_users_dag.py
[2026-03-07T17:55:17.616+0000] {logging_mixin.py:188} INFO - [2026-03-07T17:55:17.615+0000] {dag.py:3089} INFO - Sync 1 DAGs
[2026-03-07T17:55:17.630+0000] {logging_mixin.py:188} INFO - [2026-03-07T17:55:17.629+0000] {dag.py:3947} INFO - Setting next_dagrun for etl_users_pipeline to None, run_after=None
[2026-03-07T17:55:17.646+0000] {processor.py:183} INFO - Processing /opt/airflow/dags/etl_users_dag.py took 0.084 seconds
[2026-03-07T17:55:47.897+0000] {processor.py:161} INFO - Started process (PID=713) to work on /opt/airflow/dags/etl_users_dag.py
[2026-03-07T17:55:47.898+0000] {processor.py:830} INFO - Processing file /opt/airflow/dags/etl_users_dag.py for tasks to queue
[2026-03-07T17:55:47.901+0000] {logging_mixin.py:188} INFO - [2026-03-07T17:55:47.901+0000] {dagbag.py:545} INFO - Filling up the DagBag from /opt/airflow/dags/etl_users_dag.py
[2026-03-07T17:55:47.914+0000] {processor.py:840} INFO - DAG(s) 'etl_users_pipeline' retrieved from /opt/airflow/dags/etl_users_dag.py
[2026-03-07T17:55:47.940+0000] {logging_mixin.py:188} INFO - [2026-03-07T17:55:47.940+0000] {dag.py:3089} INFO - Sync 1 DAGs
[2026-03-07T17:55:47.951+0000] {logging_mixin.py:188} INFO - [2026-03-07T17:55:47.951+0000] {dag.py:3947} INFO - Setting next_dagrun for etl_users_pipeline to None, run_after=None
[2026-03-07T17:55:47.966+0000] {processor.py:183} INFO - Processing /opt/airflow/dags/etl_users_dag.py took 0.077 seconds
[2026-03-07T17:56:18.421+0000] {processor.py:161} INFO - Started process (PID=723) to work on /opt/airflow/dags/etl_users_dag.py
[2026-03-07T17:56:18.423+0000] {processor.py:830} INFO - Processing file /opt/airflow/dags/etl_users_dag.py for tasks to queue
[2026-03-07T17:56:18.427+0000] {logging_mixin.py:188} INFO - [2026-03-07T17:56:18.427+0000] {dagbag.py:545} INFO - Filling up the DagBag from /opt/airflow/dags/etl_users_dag.py
[2026-03-07T17:56:18.443+0000] {processor.py:840} INFO - DAG(s) 'etl_users_pipeline' retrieved from /opt/airflow/dags/etl_users_dag.py
[2026-03-07T17:56:18.495+0000] {logging_mixin.py:188} INFO - [2026-03-07T17:56:18.495+0000] {dag.py:3089} INFO - Sync 1 DAGs
[2026-03-07T17:56:18.507+0000] {logging_mixin.py:188} INFO - [2026-03-07T17:56:18.507+0000] {dag.py:3947} INFO - Setting next_dagrun for etl_users_pipeline to None, run_after=None
[2026-03-07T17:56:18.522+0000] {processor.py:183} INFO - Processing /opt/airflow/dags/etl_users_dag.py took 0.113 seconds
[2026-03-07T17:56:48.786+0000] {processor.py:161} INFO - Started process (PID=733) to work on /opt/airflow/dags/etl_users_dag.py
[2026-03-07T17:56:48.791+0000] {processor.py:830} INFO - Processing file /opt/airflow/dags/etl_users_dag.py for tasks to queue
[2026-03-07T17:56:48.794+0000] {logging_mixin.py:188} INFO - [2026-03-07T17:56:48.794+0000] {dagbag.py:545} INFO - Filling up the DagBag from /opt/airflow/dags/etl_users_dag.py
[2026-03-07T17:56:48.816+0000] {processor.py:840} INFO - DAG(s) 'etl_users_pipeline' retrieved from /opt/airflow/dags/etl_users_dag.py
[2026-03-07T17:56:48.858+0000] {logging_mixin.py:188} INFO - [2026-03-07T17:56:48.858+0000] {dag.py:3089} INFO - Sync 1 DAGs
[2026-03-07T17:56:48.870+0000] {logging_mixin.py:188} INFO - [2026-03-07T17:56:48.870+0000] {dag.py:3947} INFO - Setting next_dagrun for etl_users_pipeline to None, run_after=None
[2026-03-07T17:56:48.885+0000] {processor.py:183} INFO - Processing /opt/airflow/dags/etl_users_dag.py took 0.110 seconds
[2026-03-07T17:57:19.292+0000] {processor.py:161} INFO - Started process (PID=743) to work on /opt/airflow/dags/etl_users_dag.py
[2026-03-07T17:57:19.294+0000] {processor.py:830} INFO - Processing file /opt/airflow/dags/etl_users_dag.py for tasks to queue
[2026-03-07T17:57:19.299+0000] {logging_mixin.py:188} INFO - [2026-03-07T17:57:19.298+0000] {dagbag.py:545} INFO - Filling up the DagBag from /opt/airflow/dags/etl_users_dag.py
[2026-03-07T17:57:19.315+0000] {processor.py:840} INFO - DAG(s) 'etl_users_pipeline' retrieved from /opt/airflow/dags/etl_users_dag.py
[2026-03-07T17:57:19.353+0000] {logging_mixin.py:188} INFO - [2026-03-07T17:57:19.353+0000] {dag.py:3089} INFO - Sync 1 DAGs
[2026-03-07T17:57:19.375+0000] {logging_mixin.py:188} INFO - [2026-03-07T17:57:19.375+0000] {dag.py:3947} INFO - Setting next_dagrun for etl_users_pipeline to None, run_after=None
[2026-03-07T17:57:19.393+0000] {processor.py:183} INFO - Processing /opt/airflow/dags/etl_users_dag.py took 0.125 seconds
[2026-03-07T17:57:49.815+0000] {processor.py:161} INFO - Started process (PID=753) to work on /opt/airflow/dags/etl_users_dag.py
[2026-03-07T17:57:49.817+0000] {processor.py:830} INFO - Processing file /opt/airflow/dags/etl_users_dag.py for tasks to queue
[2026-03-07T17:57:49.821+0000] {logging_mixin.py:188} INFO - [2026-03-07T17:57:49.821+0000] {dagbag.py:545} INFO - Filling up the DagBag from /opt/airflow/dags/etl_users_dag.py
[2026-03-07T17:57:49.837+0000] {processor.py:840} INFO - DAG(s) 'etl_users_pipeline' retrieved from /opt/airflow/dags/etl_users_dag.py
[2026-03-07T17:57:49.878+0000] {logging_mixin.py:188} INFO - [2026-03-07T17:57:49.878+0000] {dag.py:3089} INFO - Sync 1 DAGs
[2026-03-07T17:57:49.894+0000] {logging_mixin.py:188} INFO - [2026-03-07T17:57:49.894+0000] {dag.py:3947} INFO - Setting next_dagrun for etl_users_pipeline to None, run_after=None
[2026-03-07T17:57:49.908+0000] {processor.py:183} INFO - Processing /opt/airflow/dags/etl_users_dag.py took 0.106 seconds
[2026-03-07T17:58:20.389+0000] {processor.py:161} INFO - Started process (PID=763) to work on /opt/airflow/dags/etl_users_dag.py
[2026-03-07T17:58:20.390+0000] {processor.py:830} INFO - Processing file /opt/airflow/dags/etl_users_dag.py for tasks to queue
[2026-03-07T17:58:20.393+0000] {logging_mixin.py:188} INFO - [2026-03-07T17:58:20.393+0000] {dagbag.py:545} INFO - Filling up the DagBag from /opt/airflow/dags/etl_users_dag.py
[2026-03-07T17:58:20.416+0000] {processor.py:840} INFO - DAG(s) 'etl_users_pipeline' retrieved from /opt/airflow/dags/etl_users_dag.py
[2026-03-07T17:58:20.465+0000] {logging_mixin.py:188} INFO - [2026-03-07T17:58:20.465+0000] {dag.py:3089} INFO - Sync 1 DAGs
[2026-03-07T17:58:20.479+0000] {logging_mixin.py:188} INFO - [2026-03-07T17:58:20.478+0000] {dag.py:3947} INFO - Setting next_dagrun for etl_users_pipeline to None, run_after=None
[2026-03-07T17:58:20.500+0000] {processor.py:183} INFO - Processing /opt/airflow/dags/etl_users_dag.py took 0.124 seconds
[2026-03-07T17:58:50.733+0000] {processor.py:161} INFO - Started process (PID=773) to work on /opt/airflow/dags/etl_users_dag.py
[2026-03-07T17:58:50.735+0000] {processor.py:830} INFO - Processing file /opt/airflow/dags/etl_users_dag.py for tasks to queue
[2026-03-07T17:58:50.738+0000] {logging_mixin.py:188} INFO - [2026-03-07T17:58:50.738+0000] {dagbag.py:545} INFO - Filling up the DagBag from /opt/airflow/dags/etl_users_dag.py
[2026-03-07T17:58:50.755+0000] {processor.py:840} INFO - DAG(s) 'etl_users_pipeline' retrieved from /opt/airflow/dags/etl_users_dag.py
[2026-03-07T17:58:50.787+0000] {logging_mixin.py:188} INFO - [2026-03-07T17:58:50.787+0000] {dag.py:3089} INFO - Sync 1 DAGs
[2026-03-07T17:58:50.797+0000] {logging_mixin.py:188} INFO - [2026-03-07T17:58:50.797+0000] {dag.py:3947} INFO - Setting next_dagrun for etl_users_pipeline to None, run_after=None
[2026-03-07T17:58:50.815+0000] {processor.py:183} INFO - Processing /opt/airflow/dags/etl_users_dag.py took 0.096 seconds
[2026-03-07T17:59:21.204+0000] {processor.py:161} INFO - Started process (PID=783) to work on /opt/airflow/dags/etl_users_dag.py
[2026-03-07T17:59:21.205+0000] {processor.py:830} INFO - Processing file /opt/airflow/dags/etl_users_dag.py for tasks to queue
[2026-03-07T17:59:21.208+0000] {logging_mixin.py:188} INFO - [2026-03-07T17:59:21.207+0000] {dagbag.py:545} INFO - Filling up the DagBag from /opt/airflow/dags/etl_users_dag.py
[2026-03-07T17:59:21.220+0000] {processor.py:840} INFO - DAG(s) 'etl_users_pipeline' retrieved from /opt/airflow/dags/etl_users_dag.py
[2026-03-07T17:59:21.247+0000] {logging_mixin.py:188} INFO - [2026-03-07T17:59:21.246+0000] {dag.py:3089} INFO - Sync 1 DAGs
[2026-03-07T17:59:21.255+0000] {logging_mixin.py:188} INFO - [2026-03-07T17:59:21.255+0000] {dag.py:3947} INFO - Setting next_dagrun for etl_users_pipeline to None, run_after=None
[2026-03-07T17:59:21.269+0000] {processor.py:183} INFO - Processing /opt/airflow/dags/etl_users_dag.py took 0.076 seconds
[2026-03-07T17:59:51.601+0000] {processor.py:161} INFO - Started process (PID=793) to work on /opt/airflow/dags/etl_users_dag.py
[2026-03-07T17:59:51.602+0000] {processor.py:830} INFO - Processing file /opt/airflow/dags/etl_users_dag.py for tasks to queue
[2026-03-07T17:59:51.606+0000] {logging_mixin.py:188} INFO - [2026-03-07T17:59:51.605+0000] {dagbag.py:545} INFO - Filling up the DagBag from /opt/airflow/dags/etl_users_dag.py
[2026-03-07T17:59:51.622+0000] {processor.py:840} INFO - DAG(s) 'etl_users_pipeline' retrieved from /opt/airflow/dags/etl_users_dag.py
[2026-03-07T17:59:51.653+0000] {logging_mixin.py:188} INFO - [2026-03-07T17:59:51.653+0000] {dag.py:3089} INFO - Sync 1 DAGs
[2026-03-07T17:59:51.663+0000] {logging_mixin.py:188} INFO - [2026-03-07T17:59:51.663+0000] {dag.py:3947} INFO - Setting next_dagrun for etl_users_pipeline to None, run_after=None
[2026-03-07T17:59:51.676+0000] {processor.py:183} INFO - Processing /opt/airflow/dags/etl_users_dag.py took 0.107 seconds
[2026-03-07T18:00:22.064+0000] {processor.py:161} INFO - Started process (PID=803) to work on /opt/airflow/dags/etl_users_dag.py
[2026-03-07T18:00:22.068+0000] {processor.py:830} INFO - Processing file /opt/airflow/dags/etl_users_dag.py for tasks to queue
[2026-03-07T18:00:22.073+0000] {logging_mixin.py:188} INFO - [2026-03-07T18:00:22.072+0000] {dagbag.py:545} INFO - Filling up the DagBag from /opt/airflow/dags/etl_users_dag.py
[2026-03-07T18:00:22.086+0000] {processor.py:840} INFO - DAG(s) 'etl_users_pipeline' retrieved from /opt/airflow/dags/etl_users_dag.py
[2026-03-07T18:00:22.123+0000] {logging_mixin.py:188} INFO - [2026-03-07T18:00:22.122+0000] {dag.py:3089} INFO - Sync 1 DAGs
[2026-03-07T18:00:22.142+0000] {logging_mixin.py:188} INFO - [2026-03-07T18:00:22.141+0000] {dag.py:3947} INFO - Setting next_dagrun for etl_users_pipeline to None, run_after=None
[2026-03-07T18:00:22.158+0000] {processor.py:183} INFO - Processing /opt/airflow/dags/etl_users_dag.py took 0.109 seconds
[2026-03-07T18:00:52.429+0000] {processor.py:161} INFO - Started process (PID=813) to work on /opt/airflow/dags/etl_users_dag.py
[2026-03-07T18:00:52.430+0000] {processor.py:830} INFO - Processing file /opt/airflow/dags/etl_users_dag.py for tasks to queue
[2026-03-07T18:00:52.433+0000] {logging_mixin.py:188} INFO - [2026-03-07T18:00:52.433+0000] {dagbag.py:545} INFO - Filling up the DagBag from /opt/airflow/dags/etl_users_dag.py
[2026-03-07T18:00:52.441+0000] {processor.py:840} INFO - DAG(s) 'etl_users_pipeline' retrieved from /opt/airflow/dags/etl_users_dag.py
[2026-03-07T18:00:52.469+0000] {logging_mixin.py:188} INFO - [2026-03-07T18:00:52.469+0000] {dag.py:3089} INFO - Sync 1 DAGs
[2026-03-07T18:00:52.476+0000] {logging_mixin.py:188} INFO - [2026-03-07T18:00:52.476+0000] {dag.py:3947} INFO - Setting next_dagrun for etl_users_pipeline to None, run_after=None
[2026-03-07T18:00:52.488+0000] {processor.py:183} INFO - Processing /opt/airflow/dags/etl_users_dag.py took 0.068 seconds
[2026-03-07T18:01:22.835+0000] {processor.py:161} INFO - Started process (PID=823) to work on /opt/airflow/dags/etl_users_dag.py
[2026-03-07T18:01:22.838+0000] {processor.py:830} INFO - Processing file /opt/airflow/dags/etl_users_dag.py for tasks to queue
[2026-03-07T18:01:22.841+0000] {logging_mixin.py:188} INFO - [2026-03-07T18:01:22.841+0000] {dagbag.py:545} INFO - Filling up the DagBag from /opt/airflow/dags/etl_users_dag.py
[2026-03-07T18:01:22.856+0000] {processor.py:840} INFO - DAG(s) 'etl_users_pipeline' retrieved from /opt/airflow/dags/etl_users_dag.py
[2026-03-07T18:01:22.893+0000] {logging_mixin.py:188} INFO - [2026-03-07T18:01:22.893+0000] {dag.py:3089} INFO - Sync 1 DAGs
[2026-03-07T18:01:22.905+0000] {logging_mixin.py:188} INFO - [2026-03-07T18:01:22.905+0000] {dag.py:3947} INFO - Setting next_dagrun for etl_users_pipeline to None, run_after=None
[2026-03-07T18:01:22.918+0000] {processor.py:183} INFO - Processing /opt/airflow/dags/etl_users_dag.py took 0.095 seconds
[2026-03-07T18:01:53.363+0000] {processor.py:161} INFO - Started process (PID=833) to work on /opt/airflow/dags/etl_users_dag.py
[2026-03-07T18:01:53.365+0000] {processor.py:830} INFO - Processing file /opt/airflow/dags/etl_users_dag.py for tasks to queue
[2026-03-07T18:01:53.367+0000] {logging_mixin.py:188} INFO - [2026-03-07T18:01:53.367+0000] {dagbag.py:545} INFO - Filling up the DagBag from /opt/airflow/dags/etl_users_dag.py
[2026-03-07T18:01:53.379+0000] {processor.py:840} INFO - DAG(s) 'etl_users_pipeline' retrieved from /opt/airflow/dags/etl_users_dag.py
[2026-03-07T18:01:53.409+0000] {logging_mixin.py:188} INFO - [2026-03-07T18:01:53.408+0000] {dag.py:3089} INFO - Sync 1 DAGs
[2026-03-07T18:01:53.416+0000] {logging_mixin.py:188} INFO - [2026-03-07T18:01:53.416+0000] {dag.py:3947} INFO - Setting next_dagrun for etl_users_pipeline to None, run_after=None
[2026-03-07T18:01:53.429+0000] {processor.py:183} INFO - Processing /opt/airflow/dags/etl_users_dag.py took 0.075 seconds
[2026-03-07T18:02:23.952+0000] {processor.py:161} INFO - Started process (PID=843) to work on /opt/airflow/dags/etl_users_dag.py
[2026-03-07T18:02:23.954+0000] {processor.py:830} INFO - Processing file /opt/airflow/dags/etl_users_dag.py for tasks to queue
[2026-03-07T18:02:23.959+0000] {logging_mixin.py:188} INFO - [2026-03-07T18:02:23.958+0000] {dagbag.py:545} INFO - Filling up the DagBag from /opt/airflow/dags/etl_users_dag.py
[2026-03-07T18:02:23.977+0000] {processor.py:840} INFO - DAG(s) 'etl_users_pipeline' retrieved from /opt/airflow/dags/etl_users_dag.py
[2026-03-07T18:02:24.013+0000] {logging_mixin.py:188} INFO - [2026-03-07T18:02:24.013+0000] {dag.py:3089} INFO - Sync 1 DAGs
[2026-03-07T18:02:24.024+0000] {logging_mixin.py:188} INFO - [2026-03-07T18:02:24.024+0000] {dag.py:3947} INFO - Setting next_dagrun for etl_users_pipeline to None, run_after=None
[2026-03-07T18:02:24.038+0000] {processor.py:183} INFO - Processing /opt/airflow/dags/etl_users_dag.py took 0.116 seconds
[2026-03-07T18:02:54.391+0000] {processor.py:161} INFO - Started process (PID=853) to work on /opt/airflow/dags/etl_users_dag.py
[2026-03-07T18:02:54.392+0000] {processor.py:830} INFO - Processing file /opt/airflow/dags/etl_users_dag.py for tasks to queue
[2026-03-07T18:02:54.396+0000] {logging_mixin.py:188} INFO - [2026-03-07T18:02:54.395+0000] {dagbag.py:545} INFO - Filling up the DagBag from /opt/airflow/dags/etl_users_dag.py
[2026-03-07T18:02:54.411+0000] {processor.py:840} INFO - DAG(s) 'etl_users_pipeline' retrieved from /opt/airflow/dags/etl_users_dag.py
[2026-03-07T18:02:54.441+0000] {logging_mixin.py:188} INFO - [2026-03-07T18:02:54.441+0000] {dag.py:3089} INFO - Sync 1 DAGs
[2026-03-07T18:02:54.454+0000] {logging_mixin.py:188} INFO - [2026-03-07T18:02:54.454+0000] {dag.py:3947} INFO - Setting next_dagrun for etl_users_pipeline to None, run_after=None
[2026-03-07T18:02:54.468+0000] {processor.py:183} INFO - Processing /opt/airflow/dags/etl_users_dag.py took 0.097 seconds
[2026-03-07T18:03:24.818+0000] {processor.py:161} INFO - Started process (PID=863) to work on /opt/airflow/dags/etl_users_dag.py
[2026-03-07T18:03:24.820+0000] {processor.py:830} INFO - Processing file /opt/airflow/dags/etl_users_dag.py for tasks to queue
[2026-03-07T18:03:24.823+0000] {logging_mixin.py:188} INFO - [2026-03-07T18:03:24.822+0000] {dagbag.py:545} INFO - Filling up the DagBag from /opt/airflow/dags/etl_users_dag.py
[2026-03-07T18:03:24.836+0000] {processor.py:840} INFO - DAG(s) 'etl_users_pipeline' retrieved from /opt/airflow/dags/etl_users_dag.py
[2026-03-07T18:03:24.861+0000] {logging_mixin.py:188} INFO - [2026-03-07T18:03:24.861+0000] {dag.py:3089} INFO - Sync 1 DAGs
[2026-03-07T18:03:24.869+0000] {logging_mixin.py:188} INFO - [2026-03-07T18:03:24.868+0000] {dag.py:3947} INFO - Setting next_dagrun for etl_users_pipeline to None, run_after=None
[2026-03-07T18:03:24.883+0000] {processor.py:183} INFO - Processing /opt/airflow/dags/etl_users_dag.py took 0.074 seconds
[2026-03-07T18:03:55.249+0000] {processor.py:161} INFO - Started process (PID=873) to work on /opt/airflow/dags/etl_users_dag.py
[2026-03-07T18:03:55.252+0000] {processor.py:830} INFO - Processing file /opt/airflow/dags/etl_users_dag.py for tasks to queue
[2026-03-07T18:03:55.268+0000] {logging_mixin.py:188} INFO - [2026-03-07T18:03:55.268+0000] {dagbag.py:545} INFO - Filling up the DagBag from /opt/airflow/dags/etl_users_dag.py
[2026-03-07T18:03:55.287+0000] {processor.py:840} INFO - DAG(s) 'etl_users_pipeline' retrieved from /opt/airflow/dags/etl_users_dag.py
[2026-03-07T18:03:55.322+0000] {logging_mixin.py:188} INFO - [2026-03-07T18:03:55.322+0000] {dag.py:3089} INFO - Sync 1 DAGs
[2026-03-07T18:03:55.335+0000] {logging_mixin.py:188} INFO - [2026-03-07T18:03:55.335+0000] {dag.py:3947} INFO - Setting next_dagrun for etl_users_pipeline to None, run_after=None
[2026-03-07T18:03:55.350+0000] {processor.py:183} INFO - Processing /opt/airflow/dags/etl_users_dag.py took 0.113 seconds
[2026-03-07T18:04:25.695+0000] {processor.py:161} INFO - Started process (PID=883) to work on /opt/airflow/dags/etl_users_dag.py
[2026-03-07T18:04:25.697+0000] {processor.py:830} INFO - Processing file /opt/airflow/dags/etl_users_dag.py for tasks to queue
[2026-03-07T18:04:25.700+0000] {logging_mixin.py:188} INFO - [2026-03-07T18:04:25.700+0000] {dagbag.py:545} INFO - Filling up the DagBag from /opt/airflow/dags/etl_users_dag.py
[2026-03-07T18:04:25.714+0000] {processor.py:840} INFO - DAG(s) 'etl_users_pipeline' retrieved from /opt/airflow/dags/etl_users_dag.py
[2026-03-07T18:04:25.739+0000] {logging_mixin.py:188} INFO - [2026-03-07T18:04:25.739+0000] {dag.py:3089} INFO - Sync 1 DAGs
[2026-03-07T18:04:25.750+0000] {logging_mixin.py:188} INFO - [2026-03-07T18:04:25.750+0000] {dag.py:3947} INFO - Setting next_dagrun for etl_users_pipeline to None, run_after=None
[2026-03-07T18:04:25.765+0000] {processor.py:183} INFO - Processing /opt/airflow/dags/etl_users_dag.py took 0.084 seconds
[2026-03-07T18:04:56.087+0000] {processor.py:161} INFO - Started process (PID=893) to work on /opt/airflow/dags/etl_users_dag.py
[2026-03-07T18:04:56.090+0000] {processor.py:830} INFO - Processing file /opt/airflow/dags/etl_users_dag.py for tasks to queue
[2026-03-07T18:04:56.093+0000] {logging_mixin.py:188} INFO - [2026-03-07T18:04:56.092+0000] {dagbag.py:545} INFO - Filling up the DagBag from /opt/airflow/dags/etl_users_dag.py
[2026-03-07T18:04:56.113+0000] {processor.py:840} INFO - DAG(s) 'etl_users_pipeline' retrieved from /opt/airflow/dags/etl_users_dag.py
[2026-03-07T18:04:56.145+0000] {logging_mixin.py:188} INFO - [2026-03-07T18:04:56.145+0000] {dag.py:3089} INFO - Sync 1 DAGs
[2026-03-07T18:04:56.154+0000] {logging_mixin.py:188} INFO - [2026-03-07T18:04:56.154+0000] {dag.py:3947} INFO - Setting next_dagrun for etl_users_pipeline to None, run_after=None
[2026-03-07T18:04:56.164+0000] {processor.py:183} INFO - Processing /opt/airflow/dags/etl_users_dag.py took 0.087 seconds
[2026-03-07T18:05:26.479+0000] {processor.py:161} INFO - Started process (PID=903) to work on /opt/airflow/dags/etl_users_dag.py
[2026-03-07T18:05:26.483+0000] {processor.py:830} INFO - Processing file /opt/airflow/dags/etl_users_dag.py for tasks to queue
[2026-03-07T18:05:26.492+0000] {logging_mixin.py:188} INFO - [2026-03-07T18:05:26.491+0000] {dagbag.py:545} INFO - Filling up the DagBag from /opt/airflow/dags/etl_users_dag.py
[2026-03-07T18:05:26.526+0000] {processor.py:840} INFO - DAG(s) 'etl_users_pipeline' retrieved from /opt/airflow/dags/etl_users_dag.py
[2026-03-07T18:05:26.568+0000] {logging_mixin.py:188} INFO - [2026-03-07T18:05:26.568+0000] {dag.py:3089} INFO - Sync 1 DAGs
[2026-03-07T18:05:26.637+0000] {logging_mixin.py:188} INFO - [2026-03-07T18:05:26.637+0000] {dag.py:3947} INFO - Setting next_dagrun for etl_users_pipeline to None, run_after=None
[2026-03-07T18:05:26.658+0000] {processor.py:183} INFO - Processing /opt/airflow/dags/etl_users_dag.py took 0.195 seconds
[2026-03-07T18:05:57.198+0000] {processor.py:161} INFO - Started process (PID=913) to work on /opt/airflow/dags/etl_users_dag.py
[2026-03-07T18:05:57.199+0000] {processor.py:830} INFO - Processing file /opt/airflow/dags/etl_users_dag.py for tasks to queue
[2026-03-07T18:05:57.201+0000] {logging_mixin.py:188} INFO - [2026-03-07T18:05:57.201+0000] {dagbag.py:545} INFO - Filling up the DagBag from /opt/airflow/dags/etl_users_dag.py
[2026-03-07T18:05:57.209+0000] {processor.py:840} INFO - DAG(s) 'etl_users_pipeline' retrieved from /opt/airflow/dags/etl_users_dag.py
[2026-03-07T18:05:57.259+0000] {logging_mixin.py:188} INFO - [2026-03-07T18:05:57.259+0000] {dag.py:3089} INFO - Sync 1 DAGs
[2026-03-07T18:05:57.272+0000] {logging_mixin.py:188} INFO - [2026-03-07T18:05:57.271+0000] {dag.py:3947} INFO - Setting next_dagrun for etl_users_pipeline to None, run_after=None
[2026-03-07T18:05:57.286+0000] {processor.py:183} INFO - Processing /opt/airflow/dags/etl_users_dag.py took 0.095 seconds
[2026-03-07T18:06:27.797+0000] {processor.py:161} INFO - Started process (PID=923) to work on /opt/airflow/dags/etl_users_dag.py
[2026-03-07T18:06:27.800+0000] {processor.py:830} INFO - Processing file /opt/airflow/dags/etl_users_dag.py for tasks to queue
[2026-03-07T18:06:27.804+0000] {logging_mixin.py:188} INFO - [2026-03-07T18:06:27.804+0000] {dagbag.py:545} INFO - Filling up the DagBag from /opt/airflow/dags/etl_users_dag.py
[2026-03-07T18:06:27.822+0000] {processor.py:840} INFO - DAG(s) 'etl_users_pipeline' retrieved from /opt/airflow/dags/etl_users_dag.py
[2026-03-07T18:06:27.875+0000] {logging_mixin.py:188} INFO - [2026-03-07T18:06:27.875+0000] {dag.py:3089} INFO - Sync 1 DAGs
[2026-03-07T18:06:27.892+0000] {logging_mixin.py:188} INFO - [2026-03-07T18:06:27.892+0000] {dag.py:3947} INFO - Setting next_dagrun for etl_users_pipeline to None, run_after=None
[2026-03-07T18:06:27.910+0000] {processor.py:183} INFO - Processing /opt/airflow/dags/etl_users_dag.py took 0.144 seconds
[2026-03-07T18:07:23.535+0000] {processor.py:161} INFO - Started process (PID=933) to work on /opt/airflow/dags/etl_users_dag.py
[2026-03-07T18:07:23.536+0000] {processor.py:830} INFO - Processing file /opt/airflow/dags/etl_users_dag.py for tasks to queue
[2026-03-07T18:07:23.541+0000] {logging_mixin.py:188} INFO - [2026-03-07T18:07:23.541+0000] {dagbag.py:545} INFO - Filling up the DagBag from /opt/airflow/dags/etl_users_dag.py
[2026-03-07T18:07:23.558+0000] {processor.py:840} INFO - DAG(s) 'etl_users_pipeline' retrieved from /opt/airflow/dags/etl_users_dag.py
[2026-03-07T18:07:23.612+0000] {logging_mixin.py:188} INFO - [2026-03-07T18:07:23.612+0000] {dag.py:3089} INFO - Sync 1 DAGs
[2026-03-07T18:07:23.620+0000] {logging_mixin.py:188} INFO - [2026-03-07T18:07:23.620+0000] {dag.py:3947} INFO - Setting next_dagrun for etl_users_pipeline to None, run_after=None
[2026-03-07T18:07:23.631+0000] {processor.py:183} INFO - Processing /opt/airflow/dags/etl_users_dag.py took 0.107 seconds
[2026-03-07T18:21:13.813+0000] {processor.py:161} INFO - Started process (PID=943) to work on /opt/airflow/dags/etl_users_dag.py
[2026-03-07T18:21:13.814+0000] {processor.py:830} INFO - Processing file /opt/airflow/dags/etl_users_dag.py for tasks to queue
[2026-03-07T18:21:13.818+0000] {logging_mixin.py:188} INFO - [2026-03-07T18:21:13.817+0000] {dagbag.py:545} INFO - Filling up the DagBag from /opt/airflow/dags/etl_users_dag.py
[2026-03-07T18:21:13.834+0000] {processor.py:840} INFO - DAG(s) 'etl_users_pipeline' retrieved from /opt/airflow/dags/etl_users_dag.py
[2026-03-07T18:21:13.886+0000] {logging_mixin.py:188} INFO - [2026-03-07T18:21:13.886+0000] {dag.py:3089} INFO - Sync 1 DAGs
[2026-03-07T18:21:13.896+0000] {logging_mixin.py:188} INFO - [2026-03-07T18:21:13.896+0000] {dag.py:3947} INFO - Setting next_dagrun for etl_users_pipeline to None, run_after=None
[2026-03-07T18:21:13.914+0000] {processor.py:183} INFO - Processing /opt/airflow/dags/etl_users_dag.py took 0.117 seconds
[2026-03-07T18:21:44.327+0000] {processor.py:161} INFO - Started process (PID=953) to work on /opt/airflow/dags/etl_users_dag.py
[2026-03-07T18:21:44.328+0000] {processor.py:830} INFO - Processing file /opt/airflow/dags/etl_users_dag.py for tasks to queue
[2026-03-07T18:21:44.332+0000] {logging_mixin.py:188} INFO - [2026-03-07T18:21:44.332+0000] {dagbag.py:545} INFO - Filling up the DagBag from /opt/airflow/dags/etl_users_dag.py
[2026-03-07T18:21:44.347+0000] {processor.py:840} INFO - DAG(s) 'etl_users_pipeline' retrieved from /opt/airflow/dags/etl_users_dag.py
[2026-03-07T18:21:44.374+0000] {logging_mixin.py:188} INFO - [2026-03-07T18:21:44.374+0000] {dag.py:3089} INFO - Sync 1 DAGs
[2026-03-07T18:21:44.381+0000] {logging_mixin.py:188} INFO - [2026-03-07T18:21:44.381+0000] {dag.py:3947} INFO - Setting next_dagrun for etl_users_pipeline to None, run_after=None
[2026-03-07T18:21:44.394+0000] {processor.py:183} INFO - Processing /opt/airflow/dags/etl_users_dag.py took 0.080 seconds
[2026-03-07T18:22:14.805+0000] {processor.py:161} INFO - Started process (PID=963) to work on /opt/airflow/dags/etl_users_dag.py
[2026-03-07T18:22:14.808+0000] {processor.py:830} INFO - Processing file /opt/airflow/dags/etl_users_dag.py for tasks to queue
[2026-03-07T18:22:14.826+0000] {logging_mixin.py:188} INFO - [2026-03-07T18:22:14.824+0000] {dagbag.py:545} INFO - Filling up the DagBag from /opt/airflow/dags/etl_users_dag.py
[2026-03-07T18:22:14.845+0000] {processor.py:840} INFO - DAG(s) 'etl_users_pipeline' retrieved from /opt/airflow/dags/etl_users_dag.py
[2026-03-07T18:22:14.886+0000] {logging_mixin.py:188} INFO - [2026-03-07T18:22:14.886+0000] {dag.py:3089} INFO - Sync 1 DAGs
[2026-03-07T18:22:14.896+0000] {logging_mixin.py:188} INFO - [2026-03-07T18:22:14.895+0000] {dag.py:3947} INFO - Setting next_dagrun for etl_users_pipeline to None, run_after=None
[2026-03-07T18:22:14.909+0000] {processor.py:183} INFO - Processing /opt/airflow/dags/etl_users_dag.py took 0.119 seconds
[2026-03-07T18:22:45.317+0000] {processor.py:161} INFO - Started process (PID=973) to work on /opt/airflow/dags/etl_users_dag.py
[2026-03-07T18:22:45.318+0000] {processor.py:830} INFO - Processing file /opt/airflow/dags/etl_users_dag.py for tasks to queue
[2026-03-07T18:22:45.322+0000] {logging_mixin.py:188} INFO - [2026-03-07T18:22:45.321+0000] {dagbag.py:545} INFO - Filling up the DagBag from /opt/airflow/dags/etl_users_dag.py
[2026-03-07T18:22:45.334+0000] {processor.py:840} INFO - DAG(s) 'etl_users_pipeline' retrieved from /opt/airflow/dags/etl_users_dag.py
[2026-03-07T18:22:45.371+0000] {logging_mixin.py:188} INFO - [2026-03-07T18:22:45.371+0000] {dag.py:3089} INFO - Sync 1 DAGs
[2026-03-07T18:22:45.381+0000] {logging_mixin.py:188} INFO - [2026-03-07T18:22:45.380+0000] {dag.py:3947} INFO - Setting next_dagrun for etl_users_pipeline to None, run_after=None
[2026-03-07T18:22:45.393+0000] {processor.py:183} INFO - Processing /opt/airflow/dags/etl_users_dag.py took 0.089 seconds
[2026-03-07T18:23:15.801+0000] {processor.py:161} INFO - Started process (PID=983) to work on /opt/airflow/dags/etl_users_dag.py
[2026-03-07T18:23:15.804+0000] {processor.py:830} INFO - Processing file /opt/airflow/dags/etl_users_dag.py for tasks to queue
[2026-03-07T18:23:15.807+0000] {logging_mixin.py:188} INFO - [2026-03-07T18:23:15.806+0000] {dagbag.py:545} INFO - Filling up the DagBag from /opt/airflow/dags/etl_users_dag.py
[2026-03-07T18:23:15.829+0000] {processor.py:840} INFO - DAG(s) 'etl_users_pipeline' retrieved from /opt/airflow/dags/etl_users_dag.py
[2026-03-07T18:23:15.873+0000] {logging_mixin.py:188} INFO - [2026-03-07T18:23:15.873+0000] {dag.py:3089} INFO - Sync 1 DAGs
[2026-03-07T18:23:15.887+0000] {logging_mixin.py:188} INFO - [2026-03-07T18:23:15.887+0000] {dag.py:3947} INFO - Setting next_dagrun for etl_users_pipeline to None, run_after=None
[2026-03-07T18:23:15.903+0000] {processor.py:183} INFO - Processing /opt/airflow/dags/etl_users_dag.py took 0.119 seconds
[2026-03-07T18:23:46.296+0000] {processor.py:161} INFO - Started process (PID=993) to work on /opt/airflow/dags/etl_users_dag.py
[2026-03-07T18:23:46.299+0000] {processor.py:830} INFO - Processing file /opt/airflow/dags/etl_users_dag.py for tasks to queue
[2026-03-07T18:23:46.303+0000] {logging_mixin.py:188} INFO - [2026-03-07T18:23:46.302+0000] {dagbag.py:545} INFO - Filling up the DagBag from /opt/airflow/dags/etl_users_dag.py
[2026-03-07T18:23:46.321+0000] {processor.py:840} INFO - DAG(s) 'etl_users_pipeline' retrieved from /opt/airflow/dags/etl_users_dag.py
[2026-03-07T18:23:46.367+0000] {logging_mixin.py:188} INFO - [2026-03-07T18:23:46.367+0000] {dag.py:3089} INFO - Sync 1 DAGs
[2026-03-07T18:23:46.381+0000] {logging_mixin.py:188} INFO - [2026-03-07T18:23:46.381+0000] {dag.py:3947} INFO - Setting next_dagrun for etl_users_pipeline to None, run_after=None
[2026-03-07T18:23:46.398+0000] {processor.py:183} INFO - Processing /opt/airflow/dags/etl_users_dag.py took 0.132 seconds
[2026-03-07T18:24:16.628+0000] {processor.py:161} INFO - Started process (PID=1003) to work on /opt/airflow/dags/etl_users_dag.py
[2026-03-07T18:24:16.632+0000] {processor.py:830} INFO - Processing file /opt/airflow/dags/etl_users_dag.py for tasks to queue
[2026-03-07T18:24:16.635+0000] {logging_mixin.py:188} INFO - [2026-03-07T18:24:16.635+0000] {dagbag.py:545} INFO - Filling up the DagBag from /opt/airflow/dags/etl_users_dag.py
[2026-03-07T18:24:16.651+0000] {processor.py:840} INFO - DAG(s) 'etl_users_pipeline' retrieved from /opt/airflow/dags/etl_users_dag.py
[2026-03-07T18:24:16.705+0000] {logging_mixin.py:188} INFO - [2026-03-07T18:24:16.705+0000] {dag.py:3089} INFO - Sync 1 DAGs
[2026-03-07T18:24:16.717+0000] {logging_mixin.py:188} INFO - [2026-03-07T18:24:16.717+0000] {dag.py:3947} INFO - Setting next_dagrun for etl_users_pipeline to None, run_after=None
[2026-03-07T18:24:16.732+0000] {processor.py:183} INFO - Processing /opt/airflow/dags/etl_users_dag.py took 0.118 seconds
[2026-03-07T18:24:47.058+0000] {processor.py:161} INFO - Started process (PID=1013) to work on /opt/airflow/dags/etl_users_dag.py
[2026-03-07T18:24:47.060+0000] {processor.py:830} INFO - Processing file /opt/airflow/dags/etl_users_dag.py for tasks to queue
[2026-03-07T18:24:47.063+0000] {logging_mixin.py:188} INFO - [2026-03-07T18:24:47.063+0000] {dagbag.py:545} INFO - Filling up the DagBag from /opt/airflow/dags/etl_users_dag.py
[2026-03-07T18:24:47.088+0000] {processor.py:840} INFO - DAG(s) 'etl_users_pipeline' retrieved from /opt/airflow/dags/etl_users_dag.py
[2026-03-07T18:24:47.132+0000] {logging_mixin.py:188} INFO - [2026-03-07T18:24:47.132+0000] {dag.py:3089} INFO - Sync 1 DAGs
[2026-03-07T18:24:47.145+0000] {logging_mixin.py:188} INFO - [2026-03-07T18:24:47.145+0000] {dag.py:3947} INFO - Setting next_dagrun for etl_users_pipeline to None, run_after=None
[2026-03-07T18:24:47.167+0000] {processor.py:183} INFO - Processing /opt/airflow/dags/etl_users_dag.py took 0.121 seconds
[2026-03-07T18:25:17.459+0000] {processor.py:161} INFO - Started process (PID=1023) to work on /opt/airflow/dags/etl_users_dag.py
[2026-03-07T18:25:17.462+0000] {processor.py:830} INFO - Processing file /opt/airflow/dags/etl_users_dag.py for tasks to queue
[2026-03-07T18:25:17.466+0000] {logging_mixin.py:188} INFO - [2026-03-07T18:25:17.465+0000] {dagbag.py:545} INFO - Filling up the DagBag from /opt/airflow/dags/etl_users_dag.py
[2026-03-07T18:25:17.481+0000] {processor.py:840} INFO - DAG(s) 'etl_users_pipeline' retrieved from /opt/airflow/dags/etl_users_dag.py
[2026-03-07T18:25:17.534+0000] {logging_mixin.py:188} INFO - [2026-03-07T18:25:17.534+0000] {dag.py:3089} INFO - Sync 1 DAGs
[2026-03-07T18:25:17.547+0000] {logging_mixin.py:188} INFO - [2026-03-07T18:25:17.547+0000] {dag.py:3947} INFO - Setting next_dagrun for etl_users_pipeline to None, run_after=None
[2026-03-07T18:25:17.565+0000] {processor.py:183} INFO - Processing /opt/airflow/dags/etl_users_dag.py took 0.136 seconds
[2026-03-07T18:25:47.931+0000] {processor.py:161} INFO - Started process (PID=1033) to work on /opt/airflow/dags/etl_users_dag.py
[2026-03-07T18:25:47.933+0000] {processor.py:830} INFO - Processing file /opt/airflow/dags/etl_users_dag.py for tasks to queue
[2026-03-07T18:25:47.936+0000] {logging_mixin.py:188} INFO - [2026-03-07T18:25:47.936+0000] {dagbag.py:545} INFO - Filling up the DagBag from /opt/airflow/dags/etl_users_dag.py
[2026-03-07T18:25:47.952+0000] {processor.py:840} INFO - DAG(s) 'etl_users_pipeline' retrieved from /opt/airflow/dags/etl_users_dag.py
[2026-03-07T18:25:48.011+0000] {logging_mixin.py:188} INFO - [2026-03-07T18:25:48.011+0000] {dag.py:3089} INFO - Sync 1 DAGs
[2026-03-07T18:25:48.027+0000] {logging_mixin.py:188} INFO - [2026-03-07T18:25:48.027+0000] {dag.py:3947} INFO - Setting next_dagrun for etl_users_pipeline to None, run_after=None
[2026-03-07T18:25:48.044+0000] {processor.py:183} INFO - Processing /opt/airflow/dags/etl_users_dag.py took 0.136 seconds
[2026-03-07T18:26:18.657+0000] {processor.py:161} INFO - Started process (PID=1043) to work on /opt/airflow/dags/etl_users_dag.py
[2026-03-07T18:26:18.660+0000] {processor.py:830} INFO - Processing file /opt/airflow/dags/etl_users_dag.py for tasks to queue
[2026-03-07T18:26:18.668+0000] {logging_mixin.py:188} INFO - [2026-03-07T18:26:18.667+0000] {dagbag.py:545} INFO - Filling up the DagBag from /opt/airflow/dags/etl_users_dag.py
[2026-03-07T18:26:18.701+0000] {processor.py:840} INFO - DAG(s) 'etl_users_pipeline' retrieved from /opt/airflow/dags/etl_users_dag.py
[2026-03-07T18:26:18.757+0000] {logging_mixin.py:188} INFO - [2026-03-07T18:26:18.756+0000] {dag.py:3089} INFO - Sync 1 DAGs
[2026-03-07T18:26:18.772+0000] {logging_mixin.py:188} INFO - [2026-03-07T18:26:18.772+0000] {dag.py:3947} INFO - Setting next_dagrun for etl_users_pipeline to None, run_after=None
[2026-03-07T18:26:18.789+0000] {processor.py:183} INFO - Processing /opt/airflow/dags/etl_users_dag.py took 0.167 seconds
[2026-03-07T18:26:49.196+0000] {processor.py:161} INFO - Started process (PID=1053) to work on /opt/airflow/dags/etl_users_dag.py
[2026-03-07T18:26:49.199+0000] {processor.py:830} INFO - Processing file /opt/airflow/dags/etl_users_dag.py for tasks to queue
[2026-03-07T18:26:49.204+0000] {logging_mixin.py:188} INFO - [2026-03-07T18:26:49.203+0000] {dagbag.py:545} INFO - Filling up the DagBag from /opt/airflow/dags/etl_users_dag.py
[2026-03-07T18:26:49.225+0000] {processor.py:840} INFO - DAG(s) 'etl_users_pipeline' retrieved from /opt/airflow/dags/etl_users_dag.py
[2026-03-07T18:26:49.284+0000] {logging_mixin.py:188} INFO - [2026-03-07T18:26:49.284+0000] {dag.py:3089} INFO - Sync 1 DAGs
[2026-03-07T18:26:49.302+0000] {logging_mixin.py:188} INFO - [2026-03-07T18:26:49.302+0000] {dag.py:3947} INFO - Setting next_dagrun for etl_users_pipeline to None, run_after=None
[2026-03-07T18:26:49.322+0000] {processor.py:183} INFO - Processing /opt/airflow/dags/etl_users_dag.py took 0.140 seconds
[2026-03-07T18:27:19.722+0000] {processor.py:161} INFO - Started process (PID=1063) to work on /opt/airflow/dags/etl_users_dag.py
[2026-03-07T18:27:19.724+0000] {processor.py:830} INFO - Processing file /opt/airflow/dags/etl_users_dag.py for tasks to queue
[2026-03-07T18:27:19.730+0000] {logging_mixin.py:188} INFO - [2026-03-07T18:27:19.729+0000] {dagbag.py:545} INFO - Filling up the DagBag from /opt/airflow/dags/etl_users_dag.py
[2026-03-07T18:27:19.760+0000] {processor.py:840} INFO - DAG(s) 'etl_users_pipeline' retrieved from /opt/airflow/dags/etl_users_dag.py
[2026-03-07T18:27:19.794+0000] {logging_mixin.py:188} INFO - [2026-03-07T18:27:19.794+0000] {dag.py:3089} INFO - Sync 1 DAGs
[2026-03-07T18:27:19.804+0000] {logging_mixin.py:188} INFO - [2026-03-07T18:27:19.804+0000] {dag.py:3947} INFO - Setting next_dagrun for etl_users_pipeline to None, run_after=None
[2026-03-07T18:27:19.819+0000] {processor.py:183} INFO - Processing /opt/airflow/dags/etl_users_dag.py took 0.126 seconds
[2026-03-07T18:27:50.213+0000] {processor.py:161} INFO - Started process (PID=1073) to work on /opt/airflow/dags/etl_users_dag.py
[2026-03-07T18:27:50.216+0000] {processor.py:830} INFO - Processing file /opt/airflow/dags/etl_users_dag.py for tasks to queue
[2026-03-07T18:27:50.221+0000] {logging_mixin.py:188} INFO - [2026-03-07T18:27:50.221+0000] {dagbag.py:545} INFO - Filling up the DagBag from /opt/airflow/dags/etl_users_dag.py
[2026-03-07T18:27:50.243+0000] {processor.py:840} INFO - DAG(s) 'etl_users_pipeline' retrieved from /opt/airflow/dags/etl_users_dag.py
[2026-03-07T18:27:50.289+0000] {logging_mixin.py:188} INFO - [2026-03-07T18:27:50.289+0000] {dag.py:3089} INFO - Sync 1 DAGs
[2026-03-07T18:27:50.304+0000] {logging_mixin.py:188} INFO - [2026-03-07T18:27:50.304+0000] {dag.py:3947} INFO - Setting next_dagrun for etl_users_pipeline to None, run_after=None
[2026-03-07T18:27:50.323+0000] {processor.py:183} INFO - Processing /opt/airflow/dags/etl_users_dag.py took 0.124 seconds
[2026-03-07T18:28:20.715+0000] {processor.py:161} INFO - Started process (PID=1083) to work on /opt/airflow/dags/etl_users_dag.py
[2026-03-07T18:28:20.717+0000] {processor.py:830} INFO - Processing file /opt/airflow/dags/etl_users_dag.py for tasks to queue
[2026-03-07T18:28:20.720+0000] {logging_mixin.py:188} INFO - [2026-03-07T18:28:20.720+0000] {dagbag.py:545} INFO - Filling up the DagBag from /opt/airflow/dags/etl_users_dag.py
[2026-03-07T18:28:20.744+0000] {processor.py:840} INFO - DAG(s) 'etl_users_pipeline' retrieved from /opt/airflow/dags/etl_users_dag.py
[2026-03-07T18:28:20.783+0000] {logging_mixin.py:188} INFO - [2026-03-07T18:28:20.783+0000] {dag.py:3089} INFO - Sync 1 DAGs
[2026-03-07T18:28:20.796+0000] {logging_mixin.py:188} INFO - [2026-03-07T18:28:20.796+0000] {dag.py:3947} INFO - Setting next_dagrun for etl_users_pipeline to None, run_after=None
[2026-03-07T18:28:20.810+0000] {processor.py:183} INFO - Processing /opt/airflow/dags/etl_users_dag.py took 0.110 seconds
[2026-03-07T18:28:51.207+0000] {processor.py:161} INFO - Started process (PID=1093) to work on /opt/airflow/dags/etl_users_dag.py
[2026-03-07T18:28:51.209+0000] {processor.py:830} INFO - Processing file /opt/airflow/dags/etl_users_dag.py for tasks to queue
[2026-03-07T18:28:51.213+0000] {logging_mixin.py:188} INFO - [2026-03-07T18:28:51.212+0000] {dagbag.py:545} INFO - Filling up the DagBag from /opt/airflow/dags/etl_users_dag.py
[2026-03-07T18:28:51.240+0000] {processor.py:840} INFO - DAG(s) 'etl_users_pipeline' retrieved from /opt/airflow/dags/etl_users_dag.py
[2026-03-07T18:28:51.289+0000] {logging_mixin.py:188} INFO - [2026-03-07T18:28:51.288+0000] {dag.py:3089} INFO - Sync 1 DAGs
[2026-03-07T18:28:51.312+0000] {logging_mixin.py:188} INFO - [2026-03-07T18:28:51.312+0000] {dag.py:3947} INFO - Setting next_dagrun for etl_users_pipeline to None, run_after=None
[2026-03-07T18:28:51.354+0000] {processor.py:183} INFO - Processing /opt/airflow/dags/etl_users_dag.py took 0.157 seconds
[2026-03-07T18:29:21.824+0000] {processor.py:161} INFO - Started process (PID=1103) to work on /opt/airflow/dags/etl_users_dag.py
[2026-03-07T18:29:21.826+0000] {processor.py:830} INFO - Processing file /opt/airflow/dags/etl_users_dag.py for tasks to queue
[2026-03-07T18:29:21.829+0000] {logging_mixin.py:188} INFO - [2026-03-07T18:29:21.829+0000] {dagbag.py:545} INFO - Filling up the DagBag from /opt/airflow/dags/etl_users_dag.py
[2026-03-07T18:29:21.854+0000] {processor.py:840} INFO - DAG(s) 'etl_users_pipeline' retrieved from /opt/airflow/dags/etl_users_dag.py
[2026-03-07T18:29:21.898+0000] {logging_mixin.py:188} INFO - [2026-03-07T18:29:21.898+0000] {dag.py:3089} INFO - Sync 1 DAGs
[2026-03-07T18:29:21.921+0000] {logging_mixin.py:188} INFO - [2026-03-07T18:29:21.921+0000] {dag.py:3947} INFO - Setting next_dagrun for etl_users_pipeline to None, run_after=None
[2026-03-07T18:29:21.941+0000] {processor.py:183} INFO - Processing /opt/airflow/dags/etl_users_dag.py took 0.132 seconds
[2026-03-07T18:29:52.343+0000] {processor.py:161} INFO - Started process (PID=1113) to work on /opt/airflow/dags/etl_users_dag.py
[2026-03-07T18:29:52.345+0000] {processor.py:830} INFO - Processing file /opt/airflow/dags/etl_users_dag.py for tasks to queue
[2026-03-07T18:29:52.349+0000] {logging_mixin.py:188} INFO - [2026-03-07T18:29:52.348+0000] {dagbag.py:545} INFO - Filling up the DagBag from /opt/airflow/dags/etl_users_dag.py
[2026-03-07T18:29:52.365+0000] {processor.py:840} INFO - DAG(s) 'etl_users_pipeline' retrieved from /opt/airflow/dags/etl_users_dag.py
[2026-03-07T18:29:52.429+0000] {logging_mixin.py:188} INFO - [2026-03-07T18:29:52.428+0000] {dag.py:3089} INFO - Sync 1 DAGs
[2026-03-07T18:29:52.440+0000] {logging_mixin.py:188} INFO - [2026-03-07T18:29:52.439+0000] {dag.py:3947} INFO - Setting next_dagrun for etl_users_pipeline to None, run_after=None
[2026-03-07T18:29:52.454+0000] {processor.py:183} INFO - Processing /opt/airflow/dags/etl_users_dag.py took 0.123 seconds
[2026-03-07T18:30:22.851+0000] {processor.py:161} INFO - Started process (PID=1123) to work on /opt/airflow/dags/etl_users_dag.py
[2026-03-07T18:30:22.853+0000] {processor.py:830} INFO - Processing file /opt/airflow/dags/etl_users_dag.py for tasks to queue
[2026-03-07T18:30:22.856+0000] {logging_mixin.py:188} INFO - [2026-03-07T18:30:22.856+0000] {dagbag.py:545} INFO - Filling up the DagBag from /opt/airflow/dags/etl_users_dag.py
[2026-03-07T18:30:22.874+0000] {processor.py:840} INFO - DAG(s) 'etl_users_pipeline' retrieved from /opt/airflow/dags/etl_users_dag.py
[2026-03-07T18:30:22.920+0000] {logging_mixin.py:188} INFO - [2026-03-07T18:30:22.920+0000] {dag.py:3089} INFO - Sync 1 DAGs
[2026-03-07T18:30:22.934+0000] {logging_mixin.py:188} INFO - [2026-03-07T18:30:22.934+0000] {dag.py:3947} INFO - Setting next_dagrun for etl_users_pipeline to None, run_after=None
[2026-03-07T18:30:22.948+0000] {processor.py:183} INFO - Processing /opt/airflow/dags/etl_users_dag.py took 0.124 seconds
[2026-03-07T18:30:53.154+0000] {processor.py:161} INFO - Started process (PID=1133) to work on /opt/airflow/dags/etl_users_dag.py
[2026-03-07T18:30:53.156+0000] {processor.py:830} INFO - Processing file /opt/airflow/dags/etl_users_dag.py for tasks to queue
[2026-03-07T18:30:53.162+0000] {logging_mixin.py:188} INFO - [2026-03-07T18:30:53.162+0000] {dagbag.py:545} INFO - Filling up the DagBag from /opt/airflow/dags/etl_users_dag.py
[2026-03-07T18:30:53.177+0000] {processor.py:840} INFO - DAG(s) 'etl_users_pipeline' retrieved from /opt/airflow/dags/etl_users_dag.py
[2026-03-07T18:30:53.207+0000] {logging_mixin.py:188} INFO - [2026-03-07T18:30:53.207+0000] {dag.py:3089} INFO - Sync 1 DAGs
[2026-03-07T18:30:53.227+0000] {logging_mixin.py:188} INFO - [2026-03-07T18:30:53.227+0000] {dag.py:3947} INFO - Setting next_dagrun for etl_users_pipeline to None, run_after=None
[2026-03-07T18:30:53.252+0000] {processor.py:183} INFO - Processing /opt/airflow/dags/etl_users_dag.py took 0.110 seconds
[2026-03-07T18:31:23.722+0000] {processor.py:161} INFO - Started process (PID=1143) to work on /opt/airflow/dags/etl_users_dag.py
[2026-03-07T18:31:23.724+0000] {processor.py:830} INFO - Processing file /opt/airflow/dags/etl_users_dag.py for tasks to queue
[2026-03-07T18:31:23.729+0000] {logging_mixin.py:188} INFO - [2026-03-07T18:31:23.729+0000] {dagbag.py:545} INFO - Filling up the DagBag from /opt/airflow/dags/etl_users_dag.py
[2026-03-07T18:31:23.755+0000] {processor.py:840} INFO - DAG(s) 'etl_users_pipeline' retrieved from /opt/airflow/dags/etl_users_dag.py
[2026-03-07T18:31:23.799+0000] {logging_mixin.py:188} INFO - [2026-03-07T18:31:23.799+0000] {dag.py:3089} INFO - Sync 1 DAGs
[2026-03-07T18:31:23.811+0000] {logging_mixin.py:188} INFO - [2026-03-07T18:31:23.811+0000] {dag.py:3947} INFO - Setting next_dagrun for etl_users_pipeline to None, run_after=None
[2026-03-07T18:31:23.826+0000] {processor.py:183} INFO - Processing /opt/airflow/dags/etl_users_dag.py took 0.120 seconds
[2026-03-07T18:31:54.209+0000] {processor.py:161} INFO - Started process (PID=1153) to work on /opt/airflow/dags/etl_users_dag.py
[2026-03-07T18:31:54.210+0000] {processor.py:830} INFO - Processing file /opt/airflow/dags/etl_users_dag.py for tasks to queue
[2026-03-07T18:31:54.214+0000] {logging_mixin.py:188} INFO - [2026-03-07T18:31:54.214+0000] {dagbag.py:545} INFO - Filling up the DagBag from /opt/airflow/dags/etl_users_dag.py
[2026-03-07T18:31:54.228+0000] {processor.py:840} INFO - DAG(s) 'etl_users_pipeline' retrieved from /opt/airflow/dags/etl_users_dag.py
[2026-03-07T18:31:54.261+0000] {logging_mixin.py:188} INFO - [2026-03-07T18:31:54.260+0000] {dag.py:3089} INFO - Sync 1 DAGs
[2026-03-07T18:31:54.273+0000] {logging_mixin.py:188} INFO - [2026-03-07T18:31:54.273+0000] {dag.py:3947} INFO - Setting next_dagrun for etl_users_pipeline to None, run_after=None
[2026-03-07T18:31:54.288+0000] {processor.py:183} INFO - Processing /opt/airflow/dags/etl_users_dag.py took 0.092 seconds
[2026-03-07T18:32:24.596+0000] {processor.py:161} INFO - Started process (PID=1163) to work on /opt/airflow/dags/etl_users_dag.py
[2026-03-07T18:32:24.597+0000] {processor.py:830} INFO - Processing file /opt/airflow/dags/etl_users_dag.py for tasks to queue
[2026-03-07T18:32:24.601+0000] {logging_mixin.py:188} INFO - [2026-03-07T18:32:24.600+0000] {dagbag.py:545} INFO - Filling up the DagBag from /opt/airflow/dags/etl_users_dag.py
[2026-03-07T18:32:24.617+0000] {processor.py:840} INFO - DAG(s) 'etl_users_pipeline' retrieved from /opt/airflow/dags/etl_users_dag.py
[2026-03-07T18:32:24.648+0000] {logging_mixin.py:188} INFO - [2026-03-07T18:32:24.648+0000] {dag.py:3089} INFO - Sync 1 DAGs
[2026-03-07T18:32:24.659+0000] {logging_mixin.py:188} INFO - [2026-03-07T18:32:24.659+0000] {dag.py:3947} INFO - Setting next_dagrun for etl_users_pipeline to None, run_after=None
[2026-03-07T18:32:24.675+0000] {processor.py:183} INFO - Processing /opt/airflow/dags/etl_users_dag.py took 0.093 seconds
[2026-03-07T18:32:55.031+0000] {processor.py:161} INFO - Started process (PID=1173) to work on /opt/airflow/dags/etl_users_dag.py
[2026-03-07T18:32:55.033+0000] {processor.py:830} INFO - Processing file /opt/airflow/dags/etl_users_dag.py for tasks to queue
[2026-03-07T18:32:55.037+0000] {logging_mixin.py:188} INFO - [2026-03-07T18:32:55.036+0000] {dagbag.py:545} INFO - Filling up the DagBag from /opt/airflow/dags/etl_users_dag.py
[2026-03-07T18:32:55.053+0000] {processor.py:840} INFO - DAG(s) 'etl_users_pipeline' retrieved from /opt/airflow/dags/etl_users_dag.py
[2026-03-07T18:32:55.103+0000] {logging_mixin.py:188} INFO - [2026-03-07T18:32:55.103+0000] {dag.py:3089} INFO - Sync 1 DAGs
[2026-03-07T18:32:55.116+0000] {logging_mixin.py:188} INFO - [2026-03-07T18:32:55.116+0000] {dag.py:3947} INFO - Setting next_dagrun for etl_users_pipeline to None, run_after=None
[2026-03-07T18:32:55.135+0000] {processor.py:183} INFO - Processing /opt/airflow/dags/etl_users_dag.py took 0.124 seconds
[2026-03-07T18:33:25.536+0000] {processor.py:161} INFO - Started process (PID=1183) to work on /opt/airflow/dags/etl_users_dag.py
[2026-03-07T18:33:25.538+0000] {processor.py:830} INFO - Processing file /opt/airflow/dags/etl_users_dag.py for tasks to queue
[2026-03-07T18:33:25.543+0000] {logging_mixin.py:188} INFO - [2026-03-07T18:33:25.543+0000] {dagbag.py:545} INFO - Filling up the DagBag from /opt/airflow/dags/etl_users_dag.py
[2026-03-07T18:33:25.560+0000] {processor.py:840} INFO - DAG(s) 'etl_users_pipeline' retrieved from /opt/airflow/dags/etl_users_dag.py
[2026-03-07T18:33:25.608+0000] {logging_mixin.py:188} INFO - [2026-03-07T18:33:25.608+0000] {dag.py:3089} INFO - Sync 1 DAGs
[2026-03-07T18:33:25.620+0000] {logging_mixin.py:188} INFO - [2026-03-07T18:33:25.620+0000] {dag.py:3947} INFO - Setting next_dagrun for etl_users_pipeline to None, run_after=None
[2026-03-07T18:33:25.634+0000] {processor.py:183} INFO - Processing /opt/airflow/dags/etl_users_dag.py took 0.131 seconds
[2026-03-07T18:33:55.894+0000] {processor.py:161} INFO - Started process (PID=1193) to work on /opt/airflow/dags/etl_users_dag.py
[2026-03-07T18:33:55.897+0000] {processor.py:830} INFO - Processing file /opt/airflow/dags/etl_users_dag.py for tasks to queue
[2026-03-07T18:33:55.900+0000] {logging_mixin.py:188} INFO - [2026-03-07T18:33:55.899+0000] {dagbag.py:545} INFO - Filling up the DagBag from /opt/airflow/dags/etl_users_dag.py
[2026-03-07T18:33:55.913+0000] {processor.py:840} INFO - DAG(s) 'etl_users_pipeline' retrieved from /opt/airflow/dags/etl_users_dag.py
[2026-03-07T18:33:55.954+0000] {logging_mixin.py:188} INFO - [2026-03-07T18:33:55.953+0000] {dag.py:3089} INFO - Sync 1 DAGs
[2026-03-07T18:33:55.967+0000] {logging_mixin.py:188} INFO - [2026-03-07T18:33:55.967+0000] {dag.py:3947} INFO - Setting next_dagrun for etl_users_pipeline to None, run_after=None
[2026-03-07T18:33:55.985+0000] {processor.py:183} INFO - Processing /opt/airflow/dags/etl_users_dag.py took 0.105 seconds
[2026-03-07T18:34:26.279+0000] {processor.py:161} INFO - Started process (PID=1203) to work on /opt/airflow/dags/etl_users_dag.py
[2026-03-07T18:34:26.281+0000] {processor.py:830} INFO - Processing file /opt/airflow/dags/etl_users_dag.py for tasks to queue
[2026-03-07T18:34:26.285+0000] {logging_mixin.py:188} INFO - [2026-03-07T18:34:26.284+0000] {dagbag.py:545} INFO - Filling up the DagBag from /opt/airflow/dags/etl_users_dag.py
[2026-03-07T18:34:26.310+0000] {processor.py:840} INFO - DAG(s) 'etl_users_pipeline' retrieved from /opt/airflow/dags/etl_users_dag.py
[2026-03-07T18:34:26.349+0000] {logging_mixin.py:188} INFO - [2026-03-07T18:34:26.349+0000] {dag.py:3089} INFO - Sync 1 DAGs
[2026-03-07T18:34:26.365+0000] {logging_mixin.py:188} INFO - [2026-03-07T18:34:26.365+0000] {dag.py:3947} INFO - Setting next_dagrun for etl_users_pipeline to None, run_after=None
[2026-03-07T18:34:26.382+0000] {processor.py:183} INFO - Processing /opt/airflow/dags/etl_users_dag.py took 0.115 seconds
[2026-03-07T18:34:56.708+0000] {processor.py:161} INFO - Started process (PID=1213) to work on /opt/airflow/dags/etl_users_dag.py
[2026-03-07T18:34:56.711+0000] {processor.py:830} INFO - Processing file /opt/airflow/dags/etl_users_dag.py for tasks to queue
[2026-03-07T18:34:56.716+0000] {logging_mixin.py:188} INFO - [2026-03-07T18:34:56.716+0000] {dagbag.py:545} INFO - Filling up the DagBag from /opt/airflow/dags/etl_users_dag.py
[2026-03-07T18:34:56.734+0000] {processor.py:840} INFO - DAG(s) 'etl_users_pipeline' retrieved from /opt/airflow/dags/etl_users_dag.py
[2026-03-07T18:34:56.786+0000] {logging_mixin.py:188} INFO - [2026-03-07T18:34:56.786+0000] {dag.py:3089} INFO - Sync 1 DAGs
[2026-03-07T18:34:56.797+0000] {logging_mixin.py:188} INFO - [2026-03-07T18:34:56.797+0000] {dag.py:3947} INFO - Setting next_dagrun for etl_users_pipeline to None, run_after=None
[2026-03-07T18:34:56.813+0000] {processor.py:183} INFO - Processing /opt/airflow/dags/etl_users_dag.py took 0.131 seconds
[2026-03-07T18:35:27.256+0000] {processor.py:161} INFO - Started process (PID=1223) to work on /opt/airflow/dags/etl_users_dag.py
[2026-03-07T18:35:27.259+0000] {processor.py:830} INFO - Processing file /opt/airflow/dags/etl_users_dag.py for tasks to queue
[2026-03-07T18:35:27.263+0000] {logging_mixin.py:188} INFO - [2026-03-07T18:35:27.262+0000] {dagbag.py:545} INFO - Filling up the DagBag from /opt/airflow/dags/etl_users_dag.py
[2026-03-07T18:35:27.294+0000] {processor.py:840} INFO - DAG(s) 'etl_users_pipeline' retrieved from /opt/airflow/dags/etl_users_dag.py
[2026-03-07T18:35:27.364+0000] {logging_mixin.py:188} INFO - [2026-03-07T18:35:27.364+0000] {dag.py:3089} INFO - Sync 1 DAGs
[2026-03-07T18:35:27.389+0000] {logging_mixin.py:188} INFO - [2026-03-07T18:35:27.389+0000] {dag.py:3947} INFO - Setting next_dagrun for etl_users_pipeline to None, run_after=None
[2026-03-07T18:35:27.411+0000] {processor.py:183} INFO - Processing /opt/airflow/dags/etl_users_dag.py took 0.168 seconds
[2026-03-07T18:35:57.568+0000] {processor.py:161} INFO - Started process (PID=1233) to work on /opt/airflow/dags/etl_users_dag.py
[2026-03-07T18:35:57.570+0000] {processor.py:830} INFO - Processing file /opt/airflow/dags/etl_users_dag.py for tasks to queue
[2026-03-07T18:35:57.574+0000] {logging_mixin.py:188} INFO - [2026-03-07T18:35:57.574+0000] {dagbag.py:545} INFO - Filling up the DagBag from /opt/airflow/dags/etl_users_dag.py
[2026-03-07T18:35:57.591+0000] {processor.py:840} INFO - DAG(s) 'etl_users_pipeline' retrieved from /opt/airflow/dags/etl_users_dag.py
[2026-03-07T18:35:57.635+0000] {logging_mixin.py:188} INFO - [2026-03-07T18:35:57.635+0000] {dag.py:3089} INFO - Sync 1 DAGs
[2026-03-07T18:35:57.647+0000] {logging_mixin.py:188} INFO - [2026-03-07T18:35:57.647+0000] {dag.py:3947} INFO - Setting next_dagrun for etl_users_pipeline to None, run_after=None
[2026-03-07T18:35:57.674+0000] {processor.py:183} INFO - Processing /opt/airflow/dags/etl_users_dag.py took 0.117 seconds
[2026-03-07T18:36:28.114+0000] {processor.py:161} INFO - Started process (PID=1243) to work on /opt/airflow/dags/etl_users_dag.py
[2026-03-07T18:36:28.116+0000] {processor.py:830} INFO - Processing file /opt/airflow/dags/etl_users_dag.py for tasks to queue
[2026-03-07T18:36:28.124+0000] {logging_mixin.py:188} INFO - [2026-03-07T18:36:28.124+0000] {dagbag.py:545} INFO - Filling up the DagBag from /opt/airflow/dags/etl_users_dag.py
[2026-03-07T18:36:28.152+0000] {processor.py:840} INFO - DAG(s) 'etl_users_pipeline' retrieved from /opt/airflow/dags/etl_users_dag.py
[2026-03-07T18:36:28.193+0000] {logging_mixin.py:188} INFO - [2026-03-07T18:36:28.193+0000] {dag.py:3089} INFO - Sync 1 DAGs
[2026-03-07T18:36:28.205+0000] {logging_mixin.py:188} INFO - [2026-03-07T18:36:28.205+0000] {dag.py:3947} INFO - Setting next_dagrun for etl_users_pipeline to None, run_after=None
[2026-03-07T18:36:28.226+0000] {processor.py:183} INFO - Processing /opt/airflow/dags/etl_users_dag.py took 0.122 seconds
[2026-03-07T18:36:58.443+0000] {processor.py:161} INFO - Started process (PID=1253) to work on /opt/airflow/dags/etl_users_dag.py
[2026-03-07T18:36:58.460+0000] {processor.py:830} INFO - Processing file /opt/airflow/dags/etl_users_dag.py for tasks to queue
[2026-03-07T18:36:58.464+0000] {logging_mixin.py:188} INFO - [2026-03-07T18:36:58.464+0000] {dagbag.py:545} INFO - Filling up the DagBag from /opt/airflow/dags/etl_users_dag.py
[2026-03-07T18:36:58.490+0000] {processor.py:840} INFO - DAG(s) 'etl_users_pipeline' retrieved from /opt/airflow/dags/etl_users_dag.py
[2026-03-07T18:36:58.535+0000] {logging_mixin.py:188} INFO - [2026-03-07T18:36:58.535+0000] {dag.py:3089} INFO - Sync 1 DAGs
[2026-03-07T18:36:58.547+0000] {logging_mixin.py:188} INFO - [2026-03-07T18:36:58.547+0000] {dag.py:3947} INFO - Setting next_dagrun for etl_users_pipeline to None, run_after=None
[2026-03-07T18:36:58.564+0000] {processor.py:183} INFO - Processing /opt/airflow/dags/etl_users_dag.py took 0.133 seconds
[2026-03-07T18:37:28.815+0000] {processor.py:161} INFO - Started process (PID=1263) to work on /opt/airflow/dags/etl_users_dag.py
[2026-03-07T18:37:28.818+0000] {processor.py:830} INFO - Processing file /opt/airflow/dags/etl_users_dag.py for tasks to queue
[2026-03-07T18:37:28.822+0000] {logging_mixin.py:188} INFO - [2026-03-07T18:37:28.822+0000] {dagbag.py:545} INFO - Filling up the DagBag from /opt/airflow/dags/etl_users_dag.py
[2026-03-07T18:37:28.842+0000] {processor.py:840} INFO - DAG(s) 'etl_users_pipeline' retrieved from /opt/airflow/dags/etl_users_dag.py
[2026-03-07T18:37:28.888+0000] {logging_mixin.py:188} INFO - [2026-03-07T18:37:28.888+0000] {dag.py:3089} INFO - Sync 1 DAGs
[2026-03-07T18:37:28.907+0000] {logging_mixin.py:188} INFO - [2026-03-07T18:37:28.907+0000] {dag.py:3947} INFO - Setting next_dagrun for etl_users_pipeline to None, run_after=None
[2026-03-07T18:37:28.924+0000] {processor.py:183} INFO - Processing /opt/airflow/dags/etl_users_dag.py took 0.125 seconds
[2026-03-07T18:37:59.206+0000] {processor.py:161} INFO - Started process (PID=1273) to work on /opt/airflow/dags/etl_users_dag.py
[2026-03-07T18:37:59.209+0000] {processor.py:830} INFO - Processing file /opt/airflow/dags/etl_users_dag.py for tasks to queue
[2026-03-07T18:37:59.214+0000] {logging_mixin.py:188} INFO - [2026-03-07T18:37:59.214+0000] {dagbag.py:545} INFO - Filling up the DagBag from /opt/airflow/dags/etl_users_dag.py
[2026-03-07T18:37:59.242+0000] {processor.py:840} INFO - DAG(s) 'etl_users_pipeline' retrieved from /opt/airflow/dags/etl_users_dag.py
[2026-03-07T18:37:59.283+0000] {logging_mixin.py:188} INFO - [2026-03-07T18:37:59.283+0000] {dag.py:3089} INFO - Sync 1 DAGs
[2026-03-07T18:37:59.295+0000] {logging_mixin.py:188} INFO - [2026-03-07T18:37:59.295+0000] {dag.py:3947} INFO - Setting next_dagrun for etl_users_pipeline to None, run_after=None
[2026-03-07T18:37:59.309+0000] {processor.py:183} INFO - Processing /opt/airflow/dags/etl_users_dag.py took 0.116 seconds
[2026-03-07T18:38:29.776+0000] {processor.py:161} INFO - Started process (PID=1283) to work on /opt/airflow/dags/etl_users_dag.py
[2026-03-07T18:38:29.778+0000] {processor.py:830} INFO - Processing file /opt/airflow/dags/etl_users_dag.py for tasks to queue
[2026-03-07T18:38:29.782+0000] {logging_mixin.py:188} INFO - [2026-03-07T18:38:29.782+0000] {dagbag.py:545} INFO - Filling up the DagBag from /opt/airflow/dags/etl_users_dag.py
[2026-03-07T18:38:29.802+0000] {processor.py:840} INFO - DAG(s) 'etl_users_pipeline' retrieved from /opt/airflow/dags/etl_users_dag.py
[2026-03-07T18:38:29.838+0000] {logging_mixin.py:188} INFO - [2026-03-07T18:38:29.838+0000] {dag.py:3089} INFO - Sync 1 DAGs
[2026-03-07T18:38:29.848+0000] {logging_mixin.py:188} INFO - [2026-03-07T18:38:29.848+0000] {dag.py:3947} INFO - Setting next_dagrun for etl_users_pipeline to None, run_after=None
[2026-03-07T18:38:29.863+0000] {processor.py:183} INFO - Processing /opt/airflow/dags/etl_users_dag.py took 0.105 seconds
[2026-03-07T18:39:00.147+0000] {processor.py:161} INFO - Started process (PID=1293) to work on /opt/airflow/dags/etl_users_dag.py
[2026-03-07T18:39:00.149+0000] {processor.py:830} INFO - Processing file /opt/airflow/dags/etl_users_dag.py for tasks to queue
[2026-03-07T18:39:00.152+0000] {logging_mixin.py:188} INFO - [2026-03-07T18:39:00.152+0000] {dagbag.py:545} INFO - Filling up the DagBag from /opt/airflow/dags/etl_users_dag.py
[2026-03-07T18:39:00.169+0000] {processor.py:840} INFO - DAG(s) 'etl_users_pipeline' retrieved from /opt/airflow/dags/etl_users_dag.py
[2026-03-07T18:39:00.217+0000] {logging_mixin.py:188} INFO - [2026-03-07T18:39:00.217+0000] {dag.py:3089} INFO - Sync 1 DAGs
[2026-03-07T18:39:00.230+0000] {logging_mixin.py:188} INFO - [2026-03-07T18:39:00.230+0000] {dag.py:3947} INFO - Setting next_dagrun for etl_users_pipeline to None, run_after=None
[2026-03-07T18:39:00.249+0000] {processor.py:183} INFO - Processing /opt/airflow/dags/etl_users_dag.py took 0.125 seconds
[2026-03-07T18:39:30.554+0000] {processor.py:161} INFO - Started process (PID=1303) to work on /opt/airflow/dags/etl_users_dag.py
[2026-03-07T18:39:30.556+0000] {processor.py:830} INFO - Processing file /opt/airflow/dags/etl_users_dag.py for tasks to queue
[2026-03-07T18:39:30.560+0000] {logging_mixin.py:188} INFO - [2026-03-07T18:39:30.559+0000] {dagbag.py:545} INFO - Filling up the DagBag from /opt/airflow/dags/etl_users_dag.py
[2026-03-07T18:39:30.578+0000] {processor.py:840} INFO - DAG(s) 'etl_users_pipeline' retrieved from /opt/airflow/dags/etl_users_dag.py
[2026-03-07T18:39:30.618+0000] {logging_mixin.py:188} INFO - [2026-03-07T18:39:30.618+0000] {dag.py:3089} INFO - Sync 1 DAGs
[2026-03-07T18:39:30.628+0000] {logging_mixin.py:188} INFO - [2026-03-07T18:39:30.628+0000] {dag.py:3947} INFO - Setting next_dagrun for etl_users_pipeline to None, run_after=None
[2026-03-07T18:39:30.644+0000] {processor.py:183} INFO - Processing /opt/airflow/dags/etl_users_dag.py took 0.116 seconds
[2026-03-07T18:40:01.105+0000] {processor.py:161} INFO - Started process (PID=1313) to work on /opt/airflow/dags/etl_users_dag.py
[2026-03-07T18:40:01.112+0000] {processor.py:830} INFO - Processing file /opt/airflow/dags/etl_users_dag.py for tasks to queue
[2026-03-07T18:40:01.123+0000] {logging_mixin.py:188} INFO - [2026-03-07T18:40:01.123+0000] {dagbag.py:545} INFO - Filling up the DagBag from /opt/airflow/dags/etl_users_dag.py
[2026-03-07T18:40:01.141+0000] {processor.py:840} INFO - DAG(s) 'etl_users_pipeline' retrieved from /opt/airflow/dags/etl_users_dag.py
[2026-03-07T18:40:01.202+0000] {logging_mixin.py:188} INFO - [2026-03-07T18:40:01.201+0000] {dag.py:3089} INFO - Sync 1 DAGs
[2026-03-07T18:40:01.227+0000] {logging_mixin.py:188} INFO - [2026-03-07T18:40:01.227+0000] {dag.py:3947} INFO - Setting next_dagrun for etl_users_pipeline to None, run_after=None
[2026-03-07T18:40:01.243+0000] {processor.py:183} INFO - Processing /opt/airflow/dags/etl_users_dag.py took 0.165 seconds
[2026-03-07T18:40:31.720+0000] {processor.py:161} INFO - Started process (PID=1323) to work on /opt/airflow/dags/etl_users_dag.py
[2026-03-07T18:40:31.724+0000] {processor.py:830} INFO - Processing file /opt/airflow/dags/etl_users_dag.py for tasks to queue
[2026-03-07T18:40:31.729+0000] {logging_mixin.py:188} INFO - [2026-03-07T18:40:31.729+0000] {dagbag.py:545} INFO - Filling up the DagBag from /opt/airflow/dags/etl_users_dag.py
[2026-03-07T18:40:31.747+0000] {processor.py:840} INFO - DAG(s) 'etl_users_pipeline' retrieved from /opt/airflow/dags/etl_users_dag.py
[2026-03-07T18:40:31.787+0000] {logging_mixin.py:188} INFO - [2026-03-07T18:40:31.787+0000] {dag.py:3089} INFO - Sync 1 DAGs
[2026-03-07T18:40:31.798+0000] {logging_mixin.py:188} INFO - [2026-03-07T18:40:31.798+0000] {dag.py:3947} INFO - Setting next_dagrun for etl_users_pipeline to None, run_after=None
[2026-03-07T18:40:31.812+0000] {processor.py:183} INFO - Processing /opt/airflow/dags/etl_users_dag.py took 0.132 seconds
[2026-03-07T18:41:02.055+0000] {processor.py:161} INFO - Started process (PID=1333) to work on /opt/airflow/dags/etl_users_dag.py
[2026-03-07T18:41:02.069+0000] {processor.py:830} INFO - Processing file /opt/airflow/dags/etl_users_dag.py for tasks to queue
[2026-03-07T18:41:02.073+0000] {logging_mixin.py:188} INFO - [2026-03-07T18:41:02.072+0000] {dagbag.py:545} INFO - Filling up the DagBag from /opt/airflow/dags/etl_users_dag.py
[2026-03-07T18:41:02.092+0000] {processor.py:840} INFO - DAG(s) 'etl_users_pipeline' retrieved from /opt/airflow/dags/etl_users_dag.py
[2026-03-07T18:41:02.148+0000] {logging_mixin.py:188} INFO - [2026-03-07T18:41:02.148+0000] {dag.py:3089} INFO - Sync 1 DAGs
[2026-03-07T18:41:02.164+0000] {logging_mixin.py:188} INFO - [2026-03-07T18:41:02.163+0000] {dag.py:3947} INFO - Setting next_dagrun for etl_users_pipeline to None, run_after=None
[2026-03-07T18:41:02.186+0000] {processor.py:183} INFO - Processing /opt/airflow/dags/etl_users_dag.py took 0.142 seconds
[2026-03-07T18:41:32.584+0000] {processor.py:161} INFO - Started process (PID=1343) to work on /opt/airflow/dags/etl_users_dag.py
[2026-03-07T18:41:32.587+0000] {processor.py:830} INFO - Processing file /opt/airflow/dags/etl_users_dag.py for tasks to queue
[2026-03-07T18:41:32.590+0000] {logging_mixin.py:188} INFO - [2026-03-07T18:41:32.590+0000] {dagbag.py:545} INFO - Filling up the DagBag from /opt/airflow/dags/etl_users_dag.py
[2026-03-07T18:41:32.610+0000] {processor.py:840} INFO - DAG(s) 'etl_users_pipeline' retrieved from /opt/airflow/dags/etl_users_dag.py
[2026-03-07T18:41:32.659+0000] {logging_mixin.py:188} INFO - [2026-03-07T18:41:32.659+0000] {dag.py:3089} INFO - Sync 1 DAGs
[2026-03-07T18:41:32.671+0000] {logging_mixin.py:188} INFO - [2026-03-07T18:41:32.671+0000] {dag.py:3947} INFO - Setting next_dagrun for etl_users_pipeline to None, run_after=None
[2026-03-07T18:41:32.687+0000] {processor.py:183} INFO - Processing /opt/airflow/dags/etl_users_dag.py took 0.114 seconds
[2026-03-07T18:42:03.166+0000] {processor.py:161} INFO - Started process (PID=1353) to work on /opt/airflow/dags/etl_users_dag.py
[2026-03-07T18:42:03.170+0000] {processor.py:830} INFO - Processing file /opt/airflow/dags/etl_users_dag.py for tasks to queue
[2026-03-07T18:42:03.173+0000] {logging_mixin.py:188} INFO - [2026-03-07T18:42:03.172+0000] {dagbag.py:545} INFO - Filling up the DagBag from /opt/airflow/dags/etl_users_dag.py
[2026-03-07T18:42:03.193+0000] {processor.py:840} INFO - DAG(s) 'etl_users_pipeline' retrieved from /opt/airflow/dags/etl_users_dag.py
[2026-03-07T18:42:03.259+0000] {logging_mixin.py:188} INFO - [2026-03-07T18:42:03.259+0000] {dag.py:3089} INFO - Sync 1 DAGs
[2026-03-07T18:42:03.287+0000] {logging_mixin.py:188} INFO - [2026-03-07T18:42:03.287+0000] {dag.py:3947} INFO - Setting next_dagrun for etl_users_pipeline to None, run_after=None
[2026-03-07T18:42:03.308+0000] {processor.py:183} INFO - Processing /opt/airflow/dags/etl_users_dag.py took 0.157 seconds
[2026-03-07T18:42:33.904+0000] {processor.py:161} INFO - Started process (PID=1363) to work on /opt/airflow/dags/etl_users_dag.py
[2026-03-07T18:42:33.907+0000] {processor.py:830} INFO - Processing file /opt/airflow/dags/etl_users_dag.py for tasks to queue
[2026-03-07T18:42:33.911+0000] {logging_mixin.py:188} INFO - [2026-03-07T18:42:33.911+0000] {dagbag.py:545} INFO - Filling up the DagBag from /opt/airflow/dags/etl_users_dag.py
[2026-03-07T18:42:33.930+0000] {processor.py:840} INFO - DAG(s) 'etl_users_pipeline' retrieved from /opt/airflow/dags/etl_users_dag.py
[2026-03-07T18:42:33.989+0000] {logging_mixin.py:188} INFO - [2026-03-07T18:42:33.989+0000] {dag.py:3089} INFO - Sync 1 DAGs
[2026-03-07T18:42:34.004+0000] {logging_mixin.py:188} INFO - [2026-03-07T18:42:34.004+0000] {dag.py:3947} INFO - Setting next_dagrun for etl_users_pipeline to None, run_after=None
[2026-03-07T18:42:34.023+0000] {processor.py:183} INFO - Processing /opt/airflow/dags/etl_users_dag.py took 0.146 seconds
[2026-03-07T18:43:04.272+0000] {processor.py:161} INFO - Started process (PID=1373) to work on /opt/airflow/dags/etl_users_dag.py
[2026-03-07T18:43:04.275+0000] {processor.py:830} INFO - Processing file /opt/airflow/dags/etl_users_dag.py for tasks to queue
[2026-03-07T18:43:04.279+0000] {logging_mixin.py:188} INFO - [2026-03-07T18:43:04.278+0000] {dagbag.py:545} INFO - Filling up the DagBag from /opt/airflow/dags/etl_users_dag.py
[2026-03-07T18:43:04.299+0000] {processor.py:840} INFO - DAG(s) 'etl_users_pipeline' retrieved from /opt/airflow/dags/etl_users_dag.py
[2026-03-07T18:43:04.340+0000] {logging_mixin.py:188} INFO - [2026-03-07T18:43:04.340+0000] {dag.py:3089} INFO - Sync 1 DAGs
[2026-03-07T18:43:04.354+0000] {logging_mixin.py:188} INFO - [2026-03-07T18:43:04.354+0000] {dag.py:3947} INFO - Setting next_dagrun for etl_users_pipeline to None, run_after=None
[2026-03-07T18:43:04.376+0000] {processor.py:183} INFO - Processing /opt/airflow/dags/etl_users_dag.py took 0.122 seconds
[2026-03-07T18:43:34.550+0000] {processor.py:161} INFO - Started process (PID=1383) to work on /opt/airflow/dags/etl_users_dag.py
[2026-03-07T18:43:34.552+0000] {processor.py:830} INFO - Processing file /opt/airflow/dags/etl_users_dag.py for tasks to queue
[2026-03-07T18:43:34.554+0000] {logging_mixin.py:188} INFO - [2026-03-07T18:43:34.554+0000] {dagbag.py:545} INFO - Filling up the DagBag from /opt/airflow/dags/etl_users_dag.py
[2026-03-07T18:43:34.564+0000] {processor.py:840} INFO - DAG(s) 'etl_users_pipeline' retrieved from /opt/airflow/dags/etl_users_dag.py
[2026-03-07T18:43:34.598+0000] {logging_mixin.py:188} INFO - [2026-03-07T18:43:34.598+0000] {dag.py:3089} INFO - Sync 1 DAGs
[2026-03-07T18:43:34.609+0000] {logging_mixin.py:188} INFO - [2026-03-07T18:43:34.608+0000] {dag.py:3947} INFO - Setting next_dagrun for etl_users_pipeline to None, run_after=None
[2026-03-07T18:43:34.623+0000] {processor.py:183} INFO - Processing /opt/airflow/dags/etl_users_dag.py took 0.082 seconds
[2026-03-07T18:44:05.074+0000] {processor.py:161} INFO - Started process (PID=1393) to work on /opt/airflow/dags/etl_users_dag.py
[2026-03-07T18:44:05.077+0000] {processor.py:830} INFO - Processing file /opt/airflow/dags/etl_users_dag.py for tasks to queue
[2026-03-07T18:44:05.082+0000] {logging_mixin.py:188} INFO - [2026-03-07T18:44:05.081+0000] {dagbag.py:545} INFO - Filling up the DagBag from /opt/airflow/dags/etl_users_dag.py
[2026-03-07T18:44:05.096+0000] {processor.py:840} INFO - DAG(s) 'etl_users_pipeline' retrieved from /opt/airflow/dags/etl_users_dag.py
[2026-03-07T18:44:05.150+0000] {logging_mixin.py:188} INFO - [2026-03-07T18:44:05.149+0000] {dag.py:3089} INFO - Sync 1 DAGs
[2026-03-07T18:44:05.161+0000] {logging_mixin.py:188} INFO - [2026-03-07T18:44:05.161+0000] {dag.py:3947} INFO - Setting next_dagrun for etl_users_pipeline to None, run_after=None
[2026-03-07T18:44:05.179+0000] {processor.py:183} INFO - Processing /opt/airflow/dags/etl_users_dag.py took 0.129 seconds
[2026-03-07T18:44:35.522+0000] {processor.py:161} INFO - Started process (PID=1403) to work on /opt/airflow/dags/etl_users_dag.py
[2026-03-07T18:44:35.523+0000] {processor.py:830} INFO - Processing file /opt/airflow/dags/etl_users_dag.py for tasks to queue
[2026-03-07T18:44:35.525+0000] {logging_mixin.py:188} INFO - [2026-03-07T18:44:35.525+0000] {dagbag.py:545} INFO - Filling up the DagBag from /opt/airflow/dags/etl_users_dag.py
[2026-03-07T18:44:35.538+0000] {processor.py:840} INFO - DAG(s) 'etl_users_pipeline' retrieved from /opt/airflow/dags/etl_users_dag.py
[2026-03-07T18:44:35.569+0000] {logging_mixin.py:188} INFO - [2026-03-07T18:44:35.568+0000] {dag.py:3089} INFO - Sync 1 DAGs
[2026-03-07T18:44:35.580+0000] {logging_mixin.py:188} INFO - [2026-03-07T18:44:35.580+0000] {dag.py:3947} INFO - Setting next_dagrun for etl_users_pipeline to None, run_after=None
[2026-03-07T18:44:35.595+0000] {processor.py:183} INFO - Processing /opt/airflow/dags/etl_users_dag.py took 0.082 seconds
[2026-03-07T18:45:05.954+0000] {processor.py:161} INFO - Started process (PID=1413) to work on /opt/airflow/dags/etl_users_dag.py
[2026-03-07T18:45:05.959+0000] {processor.py:830} INFO - Processing file /opt/airflow/dags/etl_users_dag.py for tasks to queue
[2026-03-07T18:45:05.967+0000] {logging_mixin.py:188} INFO - [2026-03-07T18:45:05.967+0000] {dagbag.py:545} INFO - Filling up the DagBag from /opt/airflow/dags/etl_users_dag.py
[2026-03-07T18:45:05.985+0000] {processor.py:840} INFO - DAG(s) 'etl_users_pipeline' retrieved from /opt/airflow/dags/etl_users_dag.py
[2026-03-07T18:45:06.029+0000] {logging_mixin.py:188} INFO - [2026-03-07T18:45:06.028+0000] {dag.py:3089} INFO - Sync 1 DAGs
[2026-03-07T18:45:06.041+0000] {logging_mixin.py:188} INFO - [2026-03-07T18:45:06.041+0000] {dag.py:3947} INFO - Setting next_dagrun for etl_users_pipeline to None, run_after=None
[2026-03-07T18:45:06.058+0000] {processor.py:183} INFO - Processing /opt/airflow/dags/etl_users_dag.py took 0.121 seconds
[2026-03-07T18:45:36.483+0000] {processor.py:161} INFO - Started process (PID=1423) to work on /opt/airflow/dags/etl_users_dag.py
[2026-03-07T18:45:36.485+0000] {processor.py:830} INFO - Processing file /opt/airflow/dags/etl_users_dag.py for tasks to queue
[2026-03-07T18:45:36.488+0000] {logging_mixin.py:188} INFO - [2026-03-07T18:45:36.488+0000] {dagbag.py:545} INFO - Filling up the DagBag from /opt/airflow/dags/etl_users_dag.py
[2026-03-07T18:45:36.502+0000] {processor.py:840} INFO - DAG(s) 'etl_users_pipeline' retrieved from /opt/airflow/dags/etl_users_dag.py
[2026-03-07T18:45:36.551+0000] {logging_mixin.py:188} INFO - [2026-03-07T18:45:36.551+0000] {dag.py:3089} INFO - Sync 1 DAGs
[2026-03-07T18:45:36.561+0000] {logging_mixin.py:188} INFO - [2026-03-07T18:45:36.561+0000] {dag.py:3947} INFO - Setting next_dagrun for etl_users_pipeline to None, run_after=None
[2026-03-07T18:45:36.577+0000] {processor.py:183} INFO - Processing /opt/airflow/dags/etl_users_dag.py took 0.121 seconds
[2026-03-07T18:50:46.102+0000] {processor.py:161} INFO - Started process (PID=179) to work on /opt/airflow/dags/etl_users_dag.py
[2026-03-07T18:50:46.107+0000] {processor.py:830} INFO - Processing file /opt/airflow/dags/etl_users_dag.py for tasks to queue
[2026-03-07T18:50:46.125+0000] {logging_mixin.py:188} INFO - [2026-03-07T18:50:46.124+0000] {dagbag.py:545} INFO - Filling up the DagBag from /opt/airflow/dags/etl_users_dag.py
[2026-03-07T18:50:46.196+0000] {processor.py:840} INFO - DAG(s) 'etl_users_pipeline' retrieved from /opt/airflow/dags/etl_users_dag.py
[2026-03-07T18:50:46.266+0000] {logging_mixin.py:188} INFO - [2026-03-07T18:50:46.265+0000] {dag.py:3089} INFO - Sync 1 DAGs
[2026-03-07T18:50:46.295+0000] {logging_mixin.py:188} INFO - [2026-03-07T18:50:46.295+0000] {dag.py:3947} INFO - Setting next_dagrun for etl_users_pipeline to None, run_after=None
[2026-03-07T18:50:46.327+0000] {processor.py:183} INFO - Processing /opt/airflow/dags/etl_users_dag.py took 0.245 seconds
[2026-03-07T18:51:16.683+0000] {processor.py:161} INFO - Started process (PID=190) to work on /opt/airflow/dags/etl_users_dag.py
[2026-03-07T18:51:16.686+0000] {processor.py:830} INFO - Processing file /opt/airflow/dags/etl_users_dag.py for tasks to queue
[2026-03-07T18:51:16.688+0000] {logging_mixin.py:188} INFO - [2026-03-07T18:51:16.688+0000] {dagbag.py:545} INFO - Filling up the DagBag from /opt/airflow/dags/etl_users_dag.py
[2026-03-07T18:51:16.706+0000] {processor.py:840} INFO - DAG(s) 'etl_users_pipeline' retrieved from /opt/airflow/dags/etl_users_dag.py
[2026-03-07T18:51:16.977+0000] {logging_mixin.py:188} INFO - [2026-03-07T18:51:16.977+0000] {dag.py:3089} INFO - Sync 1 DAGs
[2026-03-07T18:51:16.990+0000] {logging_mixin.py:188} INFO - [2026-03-07T18:51:16.990+0000] {dag.py:3947} INFO - Setting next_dagrun for etl_users_pipeline to None, run_after=None
[2026-03-07T18:51:17.023+0000] {processor.py:183} INFO - Processing /opt/airflow/dags/etl_users_dag.py took 0.351 seconds
[2026-03-07T18:51:47.477+0000] {processor.py:161} INFO - Started process (PID=200) to work on /opt/airflow/dags/etl_users_dag.py
[2026-03-07T18:51:47.479+0000] {processor.py:830} INFO - Processing file /opt/airflow/dags/etl_users_dag.py for tasks to queue
[2026-03-07T18:51:47.482+0000] {logging_mixin.py:188} INFO - [2026-03-07T18:51:47.481+0000] {dagbag.py:545} INFO - Filling up the DagBag from /opt/airflow/dags/etl_users_dag.py
[2026-03-07T18:51:47.496+0000] {processor.py:840} INFO - DAG(s) 'etl_users_pipeline' retrieved from /opt/airflow/dags/etl_users_dag.py
[2026-03-07T18:51:47.531+0000] {logging_mixin.py:188} INFO - [2026-03-07T18:51:47.531+0000] {dag.py:3089} INFO - Sync 1 DAGs
[2026-03-07T18:51:47.553+0000] {logging_mixin.py:188} INFO - [2026-03-07T18:51:47.553+0000] {dag.py:3947} INFO - Setting next_dagrun for etl_users_pipeline to None, run_after=None
[2026-03-07T18:51:47.570+0000] {processor.py:183} INFO - Processing /opt/airflow/dags/etl_users_dag.py took 0.116 seconds
[2026-03-07T18:52:17.891+0000] {processor.py:161} INFO - Started process (PID=210) to work on /opt/airflow/dags/etl_users_dag.py
[2026-03-07T18:52:17.893+0000] {processor.py:830} INFO - Processing file /opt/airflow/dags/etl_users_dag.py for tasks to queue
[2026-03-07T18:52:17.896+0000] {logging_mixin.py:188} INFO - [2026-03-07T18:52:17.895+0000] {dagbag.py:545} INFO - Filling up the DagBag from /opt/airflow/dags/etl_users_dag.py
[2026-03-07T18:52:17.914+0000] {processor.py:840} INFO - DAG(s) 'etl_users_pipeline' retrieved from /opt/airflow/dags/etl_users_dag.py
[2026-03-07T18:52:17.956+0000] {logging_mixin.py:188} INFO - [2026-03-07T18:52:17.956+0000] {dag.py:3089} INFO - Sync 1 DAGs
[2026-03-07T18:52:17.965+0000] {logging_mixin.py:188} INFO - [2026-03-07T18:52:17.965+0000] {dag.py:3947} INFO - Setting next_dagrun for etl_users_pipeline to None, run_after=None
[2026-03-07T18:52:17.987+0000] {processor.py:183} INFO - Processing /opt/airflow/dags/etl_users_dag.py took 0.124 seconds
[2026-03-07T18:52:48.192+0000] {processor.py:161} INFO - Started process (PID=220) to work on /opt/airflow/dags/etl_users_dag.py
[2026-03-07T18:52:48.195+0000] {processor.py:830} INFO - Processing file /opt/airflow/dags/etl_users_dag.py for tasks to queue
[2026-03-07T18:52:48.198+0000] {logging_mixin.py:188} INFO - [2026-03-07T18:52:48.197+0000] {dagbag.py:545} INFO - Filling up the DagBag from /opt/airflow/dags/etl_users_dag.py
[2026-03-07T18:52:48.221+0000] {processor.py:840} INFO - DAG(s) 'etl_users_pipeline' retrieved from /opt/airflow/dags/etl_users_dag.py
[2026-03-07T18:52:48.258+0000] {logging_mixin.py:188} INFO - [2026-03-07T18:52:48.258+0000] {dag.py:3089} INFO - Sync 1 DAGs
[2026-03-07T18:52:48.270+0000] {logging_mixin.py:188} INFO - [2026-03-07T18:52:48.270+0000] {dag.py:3947} INFO - Setting next_dagrun for etl_users_pipeline to None, run_after=None
[2026-03-07T18:52:48.285+0000] {processor.py:183} INFO - Processing /opt/airflow/dags/etl_users_dag.py took 0.110 seconds
[2026-03-07T19:09:48.269+0000] {processor.py:161} INFO - Started process (PID=230) to work on /opt/airflow/dags/etl_users_dag.py
[2026-03-07T19:09:48.272+0000] {processor.py:830} INFO - Processing file /opt/airflow/dags/etl_users_dag.py for tasks to queue
[2026-03-07T19:09:48.275+0000] {logging_mixin.py:188} INFO - [2026-03-07T19:09:48.274+0000] {dagbag.py:545} INFO - Filling up the DagBag from /opt/airflow/dags/etl_users_dag.py
[2026-03-07T19:09:48.290+0000] {processor.py:840} INFO - DAG(s) 'etl_users_pipeline' retrieved from /opt/airflow/dags/etl_users_dag.py
[2026-03-07T19:09:48.344+0000] {logging_mixin.py:188} INFO - [2026-03-07T19:09:48.344+0000] {dag.py:3089} INFO - Sync 1 DAGs
[2026-03-07T19:09:48.360+0000] {logging_mixin.py:188} INFO - [2026-03-07T19:09:48.360+0000] {dag.py:3947} INFO - Setting next_dagrun for etl_users_pipeline to None, run_after=None
[2026-03-07T19:09:48.377+0000] {processor.py:183} INFO - Processing /opt/airflow/dags/etl_users_dag.py took 0.127 seconds
[2026-03-07T19:10:18.830+0000] {processor.py:161} INFO - Started process (PID=240) to work on /opt/airflow/dags/etl_users_dag.py
[2026-03-07T19:10:18.833+0000] {processor.py:830} INFO - Processing file /opt/airflow/dags/etl_users_dag.py for tasks to queue
[2026-03-07T19:10:18.843+0000] {logging_mixin.py:188} INFO - [2026-03-07T19:10:18.842+0000] {dagbag.py:545} INFO - Filling up the DagBag from /opt/airflow/dags/etl_users_dag.py
[2026-03-07T19:10:18.856+0000] {processor.py:840} INFO - DAG(s) 'etl_users_pipeline' retrieved from /opt/airflow/dags/etl_users_dag.py
[2026-03-07T19:10:18.897+0000] {logging_mixin.py:188} INFO - [2026-03-07T19:10:18.897+0000] {dag.py:3089} INFO - Sync 1 DAGs
[2026-03-07T19:10:18.908+0000] {logging_mixin.py:188} INFO - [2026-03-07T19:10:18.907+0000] {dag.py:3947} INFO - Setting next_dagrun for etl_users_pipeline to None, run_after=None
[2026-03-07T19:10:18.920+0000] {processor.py:183} INFO - Processing /opt/airflow/dags/etl_users_dag.py took 0.102 seconds
[2026-03-07T19:10:49.341+0000] {processor.py:161} INFO - Started process (PID=250) to work on /opt/airflow/dags/etl_users_dag.py
[2026-03-07T19:10:49.342+0000] {processor.py:830} INFO - Processing file /opt/airflow/dags/etl_users_dag.py for tasks to queue
[2026-03-07T19:10:49.344+0000] {logging_mixin.py:188} INFO - [2026-03-07T19:10:49.344+0000] {dagbag.py:545} INFO - Filling up the DagBag from /opt/airflow/dags/etl_users_dag.py
[2026-03-07T19:10:49.353+0000] {processor.py:840} INFO - DAG(s) 'etl_users_pipeline' retrieved from /opt/airflow/dags/etl_users_dag.py
[2026-03-07T19:10:49.382+0000] {logging_mixin.py:188} INFO - [2026-03-07T19:10:49.382+0000] {dag.py:3089} INFO - Sync 1 DAGs
[2026-03-07T19:10:49.393+0000] {logging_mixin.py:188} INFO - [2026-03-07T19:10:49.393+0000] {dag.py:3947} INFO - Setting next_dagrun for etl_users_pipeline to None, run_after=None
[2026-03-07T19:10:49.408+0000] {processor.py:183} INFO - Processing /opt/airflow/dags/etl_users_dag.py took 0.075 seconds
[2026-03-07T19:11:19.897+0000] {processor.py:161} INFO - Started process (PID=260) to work on /opt/airflow/dags/etl_users_dag.py
[2026-03-07T19:11:19.899+0000] {processor.py:830} INFO - Processing file /opt/airflow/dags/etl_users_dag.py for tasks to queue
[2026-03-07T19:11:19.902+0000] {logging_mixin.py:188} INFO - [2026-03-07T19:11:19.901+0000] {dagbag.py:545} INFO - Filling up the DagBag from /opt/airflow/dags/etl_users_dag.py
[2026-03-07T19:11:19.918+0000] {processor.py:840} INFO - DAG(s) 'etl_users_pipeline' retrieved from /opt/airflow/dags/etl_users_dag.py
[2026-03-07T19:11:19.963+0000] {logging_mixin.py:188} INFO - [2026-03-07T19:11:19.963+0000] {dag.py:3089} INFO - Sync 1 DAGs
[2026-03-07T19:11:19.972+0000] {logging_mixin.py:188} INFO - [2026-03-07T19:11:19.972+0000] {dag.py:3947} INFO - Setting next_dagrun for etl_users_pipeline to None, run_after=None
[2026-03-07T19:11:19.987+0000] {processor.py:183} INFO - Processing /opt/airflow/dags/etl_users_dag.py took 0.099 seconds
[2026-03-07T19:11:50.396+0000] {processor.py:161} INFO - Started process (PID=270) to work on /opt/airflow/dags/etl_users_dag.py
[2026-03-07T19:11:50.397+0000] {processor.py:830} INFO - Processing file /opt/airflow/dags/etl_users_dag.py for tasks to queue
[2026-03-07T19:11:50.400+0000] {logging_mixin.py:188} INFO - [2026-03-07T19:11:50.399+0000] {dagbag.py:545} INFO - Filling up the DagBag from /opt/airflow/dags/etl_users_dag.py
[2026-03-07T19:11:50.417+0000] {processor.py:840} INFO - DAG(s) 'etl_users_pipeline' retrieved from /opt/airflow/dags/etl_users_dag.py
[2026-03-07T19:11:50.447+0000] {logging_mixin.py:188} INFO - [2026-03-07T19:11:50.447+0000] {dag.py:3089} INFO - Sync 1 DAGs
[2026-03-07T19:11:50.455+0000] {logging_mixin.py:188} INFO - [2026-03-07T19:11:50.455+0000] {dag.py:3947} INFO - Setting next_dagrun for etl_users_pipeline to None, run_after=None
[2026-03-07T19:11:50.470+0000] {processor.py:183} INFO - Processing /opt/airflow/dags/etl_users_dag.py took 0.085 seconds
[2026-03-07T19:27:48.139+0000] {processor.py:161} INFO - Started process (PID=280) to work on /opt/airflow/dags/etl_users_dag.py
[2026-03-07T19:27:48.141+0000] {processor.py:830} INFO - Processing file /opt/airflow/dags/etl_users_dag.py for tasks to queue
[2026-03-07T19:27:48.143+0000] {logging_mixin.py:188} INFO - [2026-03-07T19:27:48.143+0000] {dagbag.py:545} INFO - Filling up the DagBag from /opt/airflow/dags/etl_users_dag.py
[2026-03-07T19:27:48.156+0000] {processor.py:840} INFO - DAG(s) 'etl_users_pipeline' retrieved from /opt/airflow/dags/etl_users_dag.py
[2026-03-07T19:27:48.194+0000] {logging_mixin.py:188} INFO - [2026-03-07T19:27:48.193+0000] {dag.py:3089} INFO - Sync 1 DAGs
[2026-03-07T19:27:48.205+0000] {logging_mixin.py:188} INFO - [2026-03-07T19:27:48.204+0000] {dag.py:3947} INFO - Setting next_dagrun for etl_users_pipeline to None, run_after=None
[2026-03-07T19:27:48.220+0000] {processor.py:183} INFO - Processing /opt/airflow/dags/etl_users_dag.py took 0.089 seconds
[2026-03-07T19:28:18.663+0000] {processor.py:161} INFO - Started process (PID=290) to work on /opt/airflow/dags/etl_users_dag.py
[2026-03-07T19:28:18.664+0000] {processor.py:830} INFO - Processing file /opt/airflow/dags/etl_users_dag.py for tasks to queue
[2026-03-07T19:28:18.668+0000] {logging_mixin.py:188} INFO - [2026-03-07T19:28:18.667+0000] {dagbag.py:545} INFO - Filling up the DagBag from /opt/airflow/dags/etl_users_dag.py
[2026-03-07T19:28:18.683+0000] {processor.py:840} INFO - DAG(s) 'etl_users_pipeline' retrieved from /opt/airflow/dags/etl_users_dag.py
[2026-03-07T19:28:18.724+0000] {logging_mixin.py:188} INFO - [2026-03-07T19:28:18.724+0000] {dag.py:3089} INFO - Sync 1 DAGs
[2026-03-07T19:28:18.736+0000] {logging_mixin.py:188} INFO - [2026-03-07T19:28:18.736+0000] {dag.py:3947} INFO - Setting next_dagrun for etl_users_pipeline to None, run_after=None
[2026-03-07T19:28:18.751+0000] {processor.py:183} INFO - Processing /opt/airflow/dags/etl_users_dag.py took 0.109 seconds
[2026-03-07T19:28:49.169+0000] {processor.py:161} INFO - Started process (PID=300) to work on /opt/airflow/dags/etl_users_dag.py
[2026-03-07T19:28:49.170+0000] {processor.py:830} INFO - Processing file /opt/airflow/dags/etl_users_dag.py for tasks to queue
[2026-03-07T19:28:49.172+0000] {logging_mixin.py:188} INFO - [2026-03-07T19:28:49.172+0000] {dagbag.py:545} INFO - Filling up the DagBag from /opt/airflow/dags/etl_users_dag.py
[2026-03-07T19:28:49.182+0000] {processor.py:840} INFO - DAG(s) 'etl_users_pipeline' retrieved from /opt/airflow/dags/etl_users_dag.py
[2026-03-07T19:28:49.212+0000] {logging_mixin.py:188} INFO - [2026-03-07T19:28:49.212+0000] {dag.py:3089} INFO - Sync 1 DAGs
[2026-03-07T19:28:49.220+0000] {logging_mixin.py:188} INFO - [2026-03-07T19:28:49.219+0000] {dag.py:3947} INFO - Setting next_dagrun for etl_users_pipeline to None, run_after=None
[2026-03-07T19:28:49.233+0000] {processor.py:183} INFO - Processing /opt/airflow/dags/etl_users_dag.py took 0.074 seconds
[2026-03-07T19:29:19.657+0000] {processor.py:161} INFO - Started process (PID=310) to work on /opt/airflow/dags/etl_users_dag.py
[2026-03-07T19:29:19.659+0000] {processor.py:830} INFO - Processing file /opt/airflow/dags/etl_users_dag.py for tasks to queue
[2026-03-07T19:29:19.664+0000] {logging_mixin.py:188} INFO - [2026-03-07T19:29:19.664+0000] {dagbag.py:545} INFO - Filling up the DagBag from /opt/airflow/dags/etl_users_dag.py
[2026-03-07T19:29:19.694+0000] {processor.py:840} INFO - DAG(s) 'etl_users_pipeline' retrieved from /opt/airflow/dags/etl_users_dag.py
[2026-03-07T19:29:19.745+0000] {logging_mixin.py:188} INFO - [2026-03-07T19:29:19.745+0000] {dag.py:3089} INFO - Sync 1 DAGs
[2026-03-07T19:29:19.758+0000] {logging_mixin.py:188} INFO - [2026-03-07T19:29:19.758+0000] {dag.py:3947} INFO - Setting next_dagrun for etl_users_pipeline to None, run_after=None
[2026-03-07T19:29:19.771+0000] {processor.py:183} INFO - Processing /opt/airflow/dags/etl_users_dag.py took 0.140 seconds
[2026-03-07T19:29:50.091+0000] {processor.py:161} INFO - Started process (PID=320) to work on /opt/airflow/dags/etl_users_dag.py
[2026-03-07T19:29:50.093+0000] {processor.py:830} INFO - Processing file /opt/airflow/dags/etl_users_dag.py for tasks to queue
[2026-03-07T19:29:50.095+0000] {logging_mixin.py:188} INFO - [2026-03-07T19:29:50.095+0000] {dagbag.py:545} INFO - Filling up the DagBag from /opt/airflow/dags/etl_users_dag.py
[2026-03-07T19:29:50.109+0000] {processor.py:840} INFO - DAG(s) 'etl_users_pipeline' retrieved from /opt/airflow/dags/etl_users_dag.py
[2026-03-07T19:29:50.144+0000] {logging_mixin.py:188} INFO - [2026-03-07T19:29:50.144+0000] {dag.py:3089} INFO - Sync 1 DAGs
[2026-03-07T19:29:50.158+0000] {logging_mixin.py:188} INFO - [2026-03-07T19:29:50.158+0000] {dag.py:3947} INFO - Setting next_dagrun for etl_users_pipeline to None, run_after=None
[2026-03-07T19:29:50.175+0000] {processor.py:183} INFO - Processing /opt/airflow/dags/etl_users_dag.py took 0.093 seconds
[2026-03-07T19:30:20.570+0000] {processor.py:161} INFO - Started process (PID=330) to work on /opt/airflow/dags/etl_users_dag.py
[2026-03-07T19:30:20.571+0000] {processor.py:830} INFO - Processing file /opt/airflow/dags/etl_users_dag.py for tasks to queue
[2026-03-07T19:30:20.576+0000] {logging_mixin.py:188} INFO - [2026-03-07T19:30:20.575+0000] {dagbag.py:545} INFO - Filling up the DagBag from /opt/airflow/dags/etl_users_dag.py
[2026-03-07T19:30:20.593+0000] {processor.py:840} INFO - DAG(s) 'etl_users_pipeline' retrieved from /opt/airflow/dags/etl_users_dag.py
[2026-03-07T19:30:20.625+0000] {logging_mixin.py:188} INFO - [2026-03-07T19:30:20.624+0000] {dag.py:3089} INFO - Sync 1 DAGs
[2026-03-07T19:30:20.640+0000] {logging_mixin.py:188} INFO - [2026-03-07T19:30:20.640+0000] {dag.py:3947} INFO - Setting next_dagrun for etl_users_pipeline to None, run_after=None
[2026-03-07T19:30:20.668+0000] {processor.py:183} INFO - Processing /opt/airflow/dags/etl_users_dag.py took 0.111 seconds
[2026-03-07T19:47:07.417+0000] {processor.py:161} INFO - Started process (PID=340) to work on /opt/airflow/dags/etl_users_dag.py
[2026-03-07T19:47:07.418+0000] {processor.py:830} INFO - Processing file /opt/airflow/dags/etl_users_dag.py for tasks to queue
[2026-03-07T19:47:07.420+0000] {logging_mixin.py:188} INFO - [2026-03-07T19:47:07.420+0000] {dagbag.py:545} INFO - Filling up the DagBag from /opt/airflow/dags/etl_users_dag.py
[2026-03-07T19:47:07.446+0000] {processor.py:840} INFO - DAG(s) 'etl_users_pipeline' retrieved from /opt/airflow/dags/etl_users_dag.py
[2026-03-07T19:47:07.479+0000] {logging_mixin.py:188} INFO - [2026-03-07T19:47:07.478+0000] {dag.py:3089} INFO - Sync 1 DAGs
[2026-03-07T19:47:07.492+0000] {logging_mixin.py:188} INFO - [2026-03-07T19:47:07.492+0000] {dag.py:3947} INFO - Setting next_dagrun for etl_users_pipeline to None, run_after=None
[2026-03-07T19:47:07.515+0000] {processor.py:183} INFO - Processing /opt/airflow/dags/etl_users_dag.py took 0.122 seconds
[2026-03-07T19:47:37.827+0000] {processor.py:161} INFO - Started process (PID=350) to work on /opt/airflow/dags/etl_users_dag.py
[2026-03-07T19:47:37.829+0000] {processor.py:830} INFO - Processing file /opt/airflow/dags/etl_users_dag.py for tasks to queue
[2026-03-07T19:47:37.832+0000] {logging_mixin.py:188} INFO - [2026-03-07T19:47:37.831+0000] {dagbag.py:545} INFO - Filling up the DagBag from /opt/airflow/dags/etl_users_dag.py
[2026-03-07T19:47:37.846+0000] {processor.py:840} INFO - DAG(s) 'etl_users_pipeline' retrieved from /opt/airflow/dags/etl_users_dag.py
[2026-03-07T19:47:37.880+0000] {logging_mixin.py:188} INFO - [2026-03-07T19:47:37.879+0000] {dag.py:3089} INFO - Sync 1 DAGs
[2026-03-07T19:47:37.893+0000] {logging_mixin.py:188} INFO - [2026-03-07T19:47:37.893+0000] {dag.py:3947} INFO - Setting next_dagrun for etl_users_pipeline to None, run_after=None
[2026-03-07T19:47:37.907+0000] {processor.py:183} INFO - Processing /opt/airflow/dags/etl_users_dag.py took 0.088 seconds
[2026-03-07T19:48:08.354+0000] {processor.py:161} INFO - Started process (PID=360) to work on /opt/airflow/dags/etl_users_dag.py
[2026-03-07T19:48:08.357+0000] {processor.py:830} INFO - Processing file /opt/airflow/dags/etl_users_dag.py for tasks to queue
[2026-03-07T19:48:08.359+0000] {logging_mixin.py:188} INFO - [2026-03-07T19:48:08.359+0000] {dagbag.py:545} INFO - Filling up the DagBag from /opt/airflow/dags/etl_users_dag.py
[2026-03-07T19:48:08.375+0000] {processor.py:840} INFO - DAG(s) 'etl_users_pipeline' retrieved from /opt/airflow/dags/etl_users_dag.py
[2026-03-07T19:48:08.412+0000] {logging_mixin.py:188} INFO - [2026-03-07T19:48:08.411+0000] {dag.py:3089} INFO - Sync 1 DAGs
[2026-03-07T19:48:08.423+0000] {logging_mixin.py:188} INFO - [2026-03-07T19:48:08.422+0000] {dag.py:3947} INFO - Setting next_dagrun for etl_users_pipeline to None, run_after=None
[2026-03-07T19:48:08.435+0000] {processor.py:183} INFO - Processing /opt/airflow/dags/etl_users_dag.py took 0.099 seconds
[2026-03-07T19:48:38.716+0000] {processor.py:161} INFO - Started process (PID=370) to work on /opt/airflow/dags/etl_users_dag.py
[2026-03-07T19:48:38.721+0000] {processor.py:830} INFO - Processing file /opt/airflow/dags/etl_users_dag.py for tasks to queue
[2026-03-07T19:48:38.723+0000] {logging_mixin.py:188} INFO - [2026-03-07T19:48:38.722+0000] {dagbag.py:545} INFO - Filling up the DagBag from /opt/airflow/dags/etl_users_dag.py
[2026-03-07T19:48:38.733+0000] {processor.py:840} INFO - DAG(s) 'etl_users_pipeline' retrieved from /opt/airflow/dags/etl_users_dag.py
[2026-03-07T19:48:38.763+0000] {logging_mixin.py:188} INFO - [2026-03-07T19:48:38.763+0000] {dag.py:3089} INFO - Sync 1 DAGs
[2026-03-07T19:48:38.785+0000] {logging_mixin.py:188} INFO - [2026-03-07T19:48:38.785+0000] {dag.py:3947} INFO - Setting next_dagrun for etl_users_pipeline to None, run_after=None
[2026-03-07T19:48:38.801+0000] {processor.py:183} INFO - Processing /opt/airflow/dags/etl_users_dag.py took 0.092 seconds
[2026-03-07T19:49:09.269+0000] {processor.py:161} INFO - Started process (PID=380) to work on /opt/airflow/dags/etl_users_dag.py
[2026-03-07T19:49:09.270+0000] {processor.py:830} INFO - Processing file /opt/airflow/dags/etl_users_dag.py for tasks to queue
[2026-03-07T19:49:09.273+0000] {logging_mixin.py:188} INFO - [2026-03-07T19:49:09.272+0000] {dagbag.py:545} INFO - Filling up the DagBag from /opt/airflow/dags/etl_users_dag.py
[2026-03-07T19:49:09.286+0000] {processor.py:840} INFO - DAG(s) 'etl_users_pipeline' retrieved from /opt/airflow/dags/etl_users_dag.py
[2026-03-07T19:49:09.315+0000] {logging_mixin.py:188} INFO - [2026-03-07T19:49:09.314+0000] {dag.py:3089} INFO - Sync 1 DAGs
[2026-03-07T19:49:09.326+0000] {logging_mixin.py:188} INFO - [2026-03-07T19:49:09.326+0000] {dag.py:3947} INFO - Setting next_dagrun for etl_users_pipeline to None, run_after=None
[2026-03-07T19:49:09.340+0000] {processor.py:183} INFO - Processing /opt/airflow/dags/etl_users_dag.py took 0.082 seconds
[2026-03-07T19:49:39.786+0000] {processor.py:161} INFO - Started process (PID=390) to work on /opt/airflow/dags/etl_users_dag.py
[2026-03-07T19:49:39.788+0000] {processor.py:830} INFO - Processing file /opt/airflow/dags/etl_users_dag.py for tasks to queue
[2026-03-07T19:49:39.790+0000] {logging_mixin.py:188} INFO - [2026-03-07T19:49:39.790+0000] {dagbag.py:545} INFO - Filling up the DagBag from /opt/airflow/dags/etl_users_dag.py
[2026-03-07T19:49:39.806+0000] {processor.py:840} INFO - DAG(s) 'etl_users_pipeline' retrieved from /opt/airflow/dags/etl_users_dag.py
[2026-03-07T19:49:39.834+0000] {logging_mixin.py:188} INFO - [2026-03-07T19:49:39.833+0000] {dag.py:3089} INFO - Sync 1 DAGs
[2026-03-07T19:49:39.841+0000] {logging_mixin.py:188} INFO - [2026-03-07T19:49:39.841+0000] {dag.py:3947} INFO - Setting next_dagrun for etl_users_pipeline to None, run_after=None
[2026-03-07T19:49:39.855+0000] {processor.py:183} INFO - Processing /opt/airflow/dags/etl_users_dag.py took 0.078 seconds
[2026-03-07T19:50:10.272+0000] {processor.py:161} INFO - Started process (PID=400) to work on /opt/airflow/dags/etl_users_dag.py
[2026-03-07T19:50:10.274+0000] {processor.py:830} INFO - Processing file /opt/airflow/dags/etl_users_dag.py for tasks to queue
[2026-03-07T19:50:10.278+0000] {logging_mixin.py:188} INFO - [2026-03-07T19:50:10.278+0000] {dagbag.py:545} INFO - Filling up the DagBag from /opt/airflow/dags/etl_users_dag.py
[2026-03-07T19:50:10.300+0000] {processor.py:840} INFO - DAG(s) 'etl_users_pipeline' retrieved from /opt/airflow/dags/etl_users_dag.py
[2026-03-07T19:50:10.326+0000] {logging_mixin.py:188} INFO - [2026-03-07T19:50:10.326+0000] {dag.py:3089} INFO - Sync 1 DAGs
[2026-03-07T19:50:10.340+0000] {logging_mixin.py:188} INFO - [2026-03-07T19:50:10.340+0000] {dag.py:3947} INFO - Setting next_dagrun for etl_users_pipeline to None, run_after=None
[2026-03-07T19:50:10.358+0000] {processor.py:183} INFO - Processing /opt/airflow/dags/etl_users_dag.py took 0.112 seconds
[2026-03-07T20:05:50.746+0000] {processor.py:161} INFO - Started process (PID=410) to work on /opt/airflow/dags/etl_users_dag.py
[2026-03-07T20:05:50.748+0000] {processor.py:830} INFO - Processing file /opt/airflow/dags/etl_users_dag.py for tasks to queue
[2026-03-07T20:05:50.750+0000] {logging_mixin.py:188} INFO - [2026-03-07T20:05:50.750+0000] {dagbag.py:545} INFO - Filling up the DagBag from /opt/airflow/dags/etl_users_dag.py
[2026-03-07T20:05:50.766+0000] {processor.py:840} INFO - DAG(s) 'etl_users_pipeline' retrieved from /opt/airflow/dags/etl_users_dag.py
[2026-03-07T20:05:50.796+0000] {logging_mixin.py:188} INFO - [2026-03-07T20:05:50.796+0000] {dag.py:3089} INFO - Sync 1 DAGs
[2026-03-07T20:05:50.805+0000] {logging_mixin.py:188} INFO - [2026-03-07T20:05:50.805+0000] {dag.py:3947} INFO - Setting next_dagrun for etl_users_pipeline to None, run_after=None
[2026-03-07T20:05:50.823+0000] {processor.py:183} INFO - Processing /opt/airflow/dags/etl_users_dag.py took 0.088 seconds
[2026-03-07T20:06:21.218+0000] {processor.py:161} INFO - Started process (PID=420) to work on /opt/airflow/dags/etl_users_dag.py
[2026-03-07T20:06:21.219+0000] {processor.py:830} INFO - Processing file /opt/airflow/dags/etl_users_dag.py for tasks to queue
[2026-03-07T20:06:21.221+0000] {logging_mixin.py:188} INFO - [2026-03-07T20:06:21.221+0000] {dagbag.py:545} INFO - Filling up the DagBag from /opt/airflow/dags/etl_users_dag.py
[2026-03-07T20:06:21.234+0000] {processor.py:840} INFO - DAG(s) 'etl_users_pipeline' retrieved from /opt/airflow/dags/etl_users_dag.py
[2026-03-07T20:06:21.262+0000] {logging_mixin.py:188} INFO - [2026-03-07T20:06:21.262+0000] {dag.py:3089} INFO - Sync 1 DAGs
[2026-03-07T20:06:21.273+0000] {logging_mixin.py:188} INFO - [2026-03-07T20:06:21.272+0000] {dag.py:3947} INFO - Setting next_dagrun for etl_users_pipeline to None, run_after=None
[2026-03-07T20:06:21.288+0000] {processor.py:183} INFO - Processing /opt/airflow/dags/etl_users_dag.py took 0.078 seconds
[2026-03-07T20:22:33.624+0000] {processor.py:161} INFO - Started process (PID=430) to work on /opt/airflow/dags/etl_users_dag.py
[2026-03-07T20:22:33.625+0000] {processor.py:830} INFO - Processing file /opt/airflow/dags/etl_users_dag.py for tasks to queue
[2026-03-07T20:22:33.629+0000] {logging_mixin.py:188} INFO - [2026-03-07T20:22:33.629+0000] {dagbag.py:545} INFO - Filling up the DagBag from /opt/airflow/dags/etl_users_dag.py
[2026-03-07T20:22:33.646+0000] {processor.py:840} INFO - DAG(s) 'etl_users_pipeline' retrieved from /opt/airflow/dags/etl_users_dag.py
[2026-03-07T20:22:33.680+0000] {logging_mixin.py:188} INFO - [2026-03-07T20:22:33.679+0000] {dag.py:3089} INFO - Sync 1 DAGs
[2026-03-07T20:22:33.689+0000] {logging_mixin.py:188} INFO - [2026-03-07T20:22:33.689+0000] {dag.py:3947} INFO - Setting next_dagrun for etl_users_pipeline to None, run_after=None
[2026-03-07T20:22:33.705+0000] {processor.py:183} INFO - Processing /opt/airflow/dags/etl_users_dag.py took 0.102 seconds
[2026-03-07T20:23:04.133+0000] {processor.py:161} INFO - Started process (PID=440) to work on /opt/airflow/dags/etl_users_dag.py
[2026-03-07T20:23:04.136+0000] {processor.py:830} INFO - Processing file /opt/airflow/dags/etl_users_dag.py for tasks to queue
[2026-03-07T20:23:04.138+0000] {logging_mixin.py:188} INFO - [2026-03-07T20:23:04.138+0000] {dagbag.py:545} INFO - Filling up the DagBag from /opt/airflow/dags/etl_users_dag.py
[2026-03-07T20:23:04.149+0000] {processor.py:840} INFO - DAG(s) 'etl_users_pipeline' retrieved from /opt/airflow/dags/etl_users_dag.py
[2026-03-07T20:23:04.188+0000] {logging_mixin.py:188} INFO - [2026-03-07T20:23:04.188+0000] {dag.py:3089} INFO - Sync 1 DAGs
[2026-03-07T20:23:04.201+0000] {logging_mixin.py:188} INFO - [2026-03-07T20:23:04.201+0000] {dag.py:3947} INFO - Setting next_dagrun for etl_users_pipeline to None, run_after=None
[2026-03-07T20:23:04.218+0000] {processor.py:183} INFO - Processing /opt/airflow/dags/etl_users_dag.py took 0.094 seconds
[2026-03-07T20:23:34.582+0000] {processor.py:161} INFO - Started process (PID=450) to work on /opt/airflow/dags/etl_users_dag.py
[2026-03-07T20:23:34.584+0000] {processor.py:830} INFO - Processing file /opt/airflow/dags/etl_users_dag.py for tasks to queue
[2026-03-07T20:23:34.590+0000] {logging_mixin.py:188} INFO - [2026-03-07T20:23:34.589+0000] {dagbag.py:545} INFO - Filling up the DagBag from /opt/airflow/dags/etl_users_dag.py
[2026-03-07T20:23:34.607+0000] {processor.py:840} INFO - DAG(s) 'etl_users_pipeline' retrieved from /opt/airflow/dags/etl_users_dag.py
[2026-03-07T20:23:34.633+0000] {logging_mixin.py:188} INFO - [2026-03-07T20:23:34.633+0000] {dag.py:3089} INFO - Sync 1 DAGs
[2026-03-07T20:23:34.643+0000] {logging_mixin.py:188} INFO - [2026-03-07T20:23:34.643+0000] {dag.py:3947} INFO - Setting next_dagrun for etl_users_pipeline to None, run_after=None
[2026-03-07T20:23:34.657+0000] {processor.py:183} INFO - Processing /opt/airflow/dags/etl_users_dag.py took 0.087 seconds
[2026-03-07T20:24:05.101+0000] {processor.py:161} INFO - Started process (PID=460) to work on /opt/airflow/dags/etl_users_dag.py
[2026-03-07T20:24:05.102+0000] {processor.py:830} INFO - Processing file /opt/airflow/dags/etl_users_dag.py for tasks to queue
[2026-03-07T20:24:05.104+0000] {logging_mixin.py:188} INFO - [2026-03-07T20:24:05.103+0000] {dagbag.py:545} INFO - Filling up the DagBag from /opt/airflow/dags/etl_users_dag.py
[2026-03-07T20:24:05.115+0000] {processor.py:840} INFO - DAG(s) 'etl_users_pipeline' retrieved from /opt/airflow/dags/etl_users_dag.py
[2026-03-07T20:24:05.142+0000] {logging_mixin.py:188} INFO - [2026-03-07T20:24:05.142+0000] {dag.py:3089} INFO - Sync 1 DAGs
[2026-03-07T20:24:05.150+0000] {logging_mixin.py:188} INFO - [2026-03-07T20:24:05.150+0000] {dag.py:3947} INFO - Setting next_dagrun for etl_users_pipeline to None, run_after=None
[2026-03-07T20:24:05.164+0000] {processor.py:183} INFO - Processing /opt/airflow/dags/etl_users_dag.py took 0.070 seconds
[2026-03-07T20:24:35.534+0000] {processor.py:161} INFO - Started process (PID=470) to work on /opt/airflow/dags/etl_users_dag.py
[2026-03-07T20:24:35.536+0000] {processor.py:830} INFO - Processing file /opt/airflow/dags/etl_users_dag.py for tasks to queue
[2026-03-07T20:24:35.539+0000] {logging_mixin.py:188} INFO - [2026-03-07T20:24:35.539+0000] {dagbag.py:545} INFO - Filling up the DagBag from /opt/airflow/dags/etl_users_dag.py
[2026-03-07T20:24:35.556+0000] {processor.py:840} INFO - DAG(s) 'etl_users_pipeline' retrieved from /opt/airflow/dags/etl_users_dag.py
[2026-03-07T20:24:35.588+0000] {logging_mixin.py:188} INFO - [2026-03-07T20:24:35.588+0000] {dag.py:3089} INFO - Sync 1 DAGs
[2026-03-07T20:24:35.600+0000] {logging_mixin.py:188} INFO - [2026-03-07T20:24:35.600+0000] {dag.py:3947} INFO - Setting next_dagrun for etl_users_pipeline to None, run_after=None
[2026-03-07T20:24:35.617+0000] {processor.py:183} INFO - Processing /opt/airflow/dags/etl_users_dag.py took 0.091 seconds
[2026-03-07T20:25:05.941+0000] {processor.py:161} INFO - Started process (PID=480) to work on /opt/airflow/dags/etl_users_dag.py
[2026-03-07T20:25:05.945+0000] {processor.py:830} INFO - Processing file /opt/airflow/dags/etl_users_dag.py for tasks to queue
[2026-03-07T20:25:05.950+0000] {logging_mixin.py:188} INFO - [2026-03-07T20:25:05.949+0000] {dagbag.py:545} INFO - Filling up the DagBag from /opt/airflow/dags/etl_users_dag.py
[2026-03-07T20:25:05.971+0000] {processor.py:840} INFO - DAG(s) 'etl_users_pipeline' retrieved from /opt/airflow/dags/etl_users_dag.py
[2026-03-07T20:25:05.998+0000] {logging_mixin.py:188} INFO - [2026-03-07T20:25:05.998+0000] {dag.py:3089} INFO - Sync 1 DAGs
[2026-03-07T20:25:06.008+0000] {logging_mixin.py:188} INFO - [2026-03-07T20:25:06.008+0000] {dag.py:3947} INFO - Setting next_dagrun for etl_users_pipeline to None, run_after=None
[2026-03-07T20:25:06.023+0000] {processor.py:183} INFO - Processing /opt/airflow/dags/etl_users_dag.py took 0.094 seconds
[2026-03-07T20:29:01.056+0000] {processor.py:161} INFO - Started process (PID=490) to work on /opt/airflow/dags/etl_users_dag.py
[2026-03-07T20:29:01.057+0000] {processor.py:830} INFO - Processing file /opt/airflow/dags/etl_users_dag.py for tasks to queue
[2026-03-07T20:29:01.061+0000] {logging_mixin.py:188} INFO - [2026-03-07T20:29:01.061+0000] {dagbag.py:545} INFO - Filling up the DagBag from /opt/airflow/dags/etl_users_dag.py
[2026-03-07T20:29:01.076+0000] {processor.py:840} INFO - DAG(s) 'etl_users_pipeline' retrieved from /opt/airflow/dags/etl_users_dag.py
[2026-03-07T20:29:01.121+0000] {logging_mixin.py:188} INFO - [2026-03-07T20:29:01.121+0000] {dag.py:3089} INFO - Sync 1 DAGs
[2026-03-07T20:29:01.135+0000] {logging_mixin.py:188} INFO - [2026-03-07T20:29:01.135+0000] {dag.py:3947} INFO - Setting next_dagrun for etl_users_pipeline to None, run_after=None
[2026-03-07T20:29:01.152+0000] {processor.py:183} INFO - Processing /opt/airflow/dags/etl_users_dag.py took 0.114 seconds
[2026-03-07T20:29:31.570+0000] {processor.py:161} INFO - Started process (PID=500) to work on /opt/airflow/dags/etl_users_dag.py
[2026-03-07T20:29:31.578+0000] {processor.py:830} INFO - Processing file /opt/airflow/dags/etl_users_dag.py for tasks to queue
[2026-03-07T20:29:31.587+0000] {logging_mixin.py:188} INFO - [2026-03-07T20:29:31.586+0000] {dagbag.py:545} INFO - Filling up the DagBag from /opt/airflow/dags/etl_users_dag.py
[2026-03-07T20:29:31.608+0000] {processor.py:840} INFO - DAG(s) 'etl_users_pipeline' retrieved from /opt/airflow/dags/etl_users_dag.py
[2026-03-07T20:29:31.660+0000] {logging_mixin.py:188} INFO - [2026-03-07T20:29:31.660+0000] {dag.py:3089} INFO - Sync 1 DAGs
[2026-03-07T20:29:31.681+0000] {logging_mixin.py:188} INFO - [2026-03-07T20:29:31.681+0000] {dag.py:3947} INFO - Setting next_dagrun for etl_users_pipeline to None, run_after=None
[2026-03-07T20:29:31.702+0000] {processor.py:183} INFO - Processing /opt/airflow/dags/etl_users_dag.py took 0.151 seconds
[2026-03-07T20:30:02.254+0000] {processor.py:161} INFO - Started process (PID=510) to work on /opt/airflow/dags/etl_users_dag.py
[2026-03-07T20:30:02.261+0000] {processor.py:830} INFO - Processing file /opt/airflow/dags/etl_users_dag.py for tasks to queue
[2026-03-07T20:30:02.264+0000] {logging_mixin.py:188} INFO - [2026-03-07T20:30:02.263+0000] {dagbag.py:545} INFO - Filling up the DagBag from /opt/airflow/dags/etl_users_dag.py
[2026-03-07T20:30:02.281+0000] {processor.py:840} INFO - DAG(s) 'etl_users_pipeline' retrieved from /opt/airflow/dags/etl_users_dag.py
[2026-03-07T20:30:02.334+0000] {logging_mixin.py:188} INFO - [2026-03-07T20:30:02.334+0000] {dag.py:3089} INFO - Sync 1 DAGs
[2026-03-07T20:30:02.367+0000] {logging_mixin.py:188} INFO - [2026-03-07T20:30:02.366+0000] {dag.py:3947} INFO - Setting next_dagrun for etl_users_pipeline to None, run_after=None
[2026-03-07T20:30:02.397+0000] {processor.py:183} INFO - Processing /opt/airflow/dags/etl_users_dag.py took 0.165 seconds
[2026-03-07T20:30:32.883+0000] {processor.py:161} INFO - Started process (PID=520) to work on /opt/airflow/dags/etl_users_dag.py
[2026-03-07T20:30:32.885+0000] {processor.py:830} INFO - Processing file /opt/airflow/dags/etl_users_dag.py for tasks to queue
[2026-03-07T20:30:32.888+0000] {logging_mixin.py:188} INFO - [2026-03-07T20:30:32.888+0000] {dagbag.py:545} INFO - Filling up the DagBag from /opt/airflow/dags/etl_users_dag.py
[2026-03-07T20:30:32.920+0000] {processor.py:840} INFO - DAG(s) 'etl_users_pipeline' retrieved from /opt/airflow/dags/etl_users_dag.py
[2026-03-07T20:30:32.978+0000] {logging_mixin.py:188} INFO - [2026-03-07T20:30:32.978+0000] {dag.py:3089} INFO - Sync 1 DAGs
[2026-03-07T20:30:32.996+0000] {logging_mixin.py:188} INFO - [2026-03-07T20:30:32.996+0000] {dag.py:3947} INFO - Setting next_dagrun for etl_users_pipeline to None, run_after=None
[2026-03-07T20:30:33.012+0000] {processor.py:183} INFO - Processing /opt/airflow/dags/etl_users_dag.py took 0.139 seconds
[2026-03-07T20:31:03.379+0000] {processor.py:161} INFO - Started process (PID=530) to work on /opt/airflow/dags/etl_users_dag.py
[2026-03-07T20:31:03.382+0000] {processor.py:830} INFO - Processing file /opt/airflow/dags/etl_users_dag.py for tasks to queue
[2026-03-07T20:31:03.385+0000] {logging_mixin.py:188} INFO - [2026-03-07T20:31:03.384+0000] {dagbag.py:545} INFO - Filling up the DagBag from /opt/airflow/dags/etl_users_dag.py
[2026-03-07T20:31:03.401+0000] {processor.py:840} INFO - DAG(s) 'etl_users_pipeline' retrieved from /opt/airflow/dags/etl_users_dag.py
[2026-03-07T20:31:03.443+0000] {logging_mixin.py:188} INFO - [2026-03-07T20:31:03.443+0000] {dag.py:3089} INFO - Sync 1 DAGs
[2026-03-07T20:31:03.453+0000] {logging_mixin.py:188} INFO - [2026-03-07T20:31:03.453+0000] {dag.py:3947} INFO - Setting next_dagrun for etl_users_pipeline to None, run_after=None
[2026-03-07T20:31:03.467+0000] {processor.py:183} INFO - Processing /opt/airflow/dags/etl_users_dag.py took 0.110 seconds
[2026-03-07T20:31:33.941+0000] {processor.py:161} INFO - Started process (PID=540) to work on /opt/airflow/dags/etl_users_dag.py
[2026-03-07T20:31:33.945+0000] {processor.py:830} INFO - Processing file /opt/airflow/dags/etl_users_dag.py for tasks to queue
[2026-03-07T20:31:33.956+0000] {logging_mixin.py:188} INFO - [2026-03-07T20:31:33.955+0000] {dagbag.py:545} INFO - Filling up the DagBag from /opt/airflow/dags/etl_users_dag.py
[2026-03-07T20:31:33.974+0000] {processor.py:840} INFO - DAG(s) 'etl_users_pipeline' retrieved from /opt/airflow/dags/etl_users_dag.py
[2026-03-07T20:31:34.021+0000] {logging_mixin.py:188} INFO - [2026-03-07T20:31:34.021+0000] {dag.py:3089} INFO - Sync 1 DAGs
[2026-03-07T20:31:34.034+0000] {logging_mixin.py:188} INFO - [2026-03-07T20:31:34.034+0000] {dag.py:3947} INFO - Setting next_dagrun for etl_users_pipeline to None, run_after=None
[2026-03-07T20:31:34.054+0000] {processor.py:183} INFO - Processing /opt/airflow/dags/etl_users_dag.py took 0.126 seconds
[2026-03-07T20:32:04.605+0000] {processor.py:161} INFO - Started process (PID=550) to work on /opt/airflow/dags/etl_users_dag.py
[2026-03-07T20:32:04.610+0000] {processor.py:830} INFO - Processing file /opt/airflow/dags/etl_users_dag.py for tasks to queue
[2026-03-07T20:32:04.616+0000] {logging_mixin.py:188} INFO - [2026-03-07T20:32:04.615+0000] {dagbag.py:545} INFO - Filling up the DagBag from /opt/airflow/dags/etl_users_dag.py
[2026-03-07T20:32:04.665+0000] {processor.py:840} INFO - DAG(s) 'etl_users_pipeline' retrieved from /opt/airflow/dags/etl_users_dag.py
[2026-03-07T20:32:04.750+0000] {logging_mixin.py:188} INFO - [2026-03-07T20:32:04.750+0000] {dag.py:3089} INFO - Sync 1 DAGs
[2026-03-07T20:32:04.764+0000] {logging_mixin.py:188} INFO - [2026-03-07T20:32:04.764+0000] {dag.py:3947} INFO - Setting next_dagrun for etl_users_pipeline to None, run_after=None
[2026-03-07T20:32:04.784+0000] {processor.py:183} INFO - Processing /opt/airflow/dags/etl_users_dag.py took 0.209 seconds
[2026-03-07T20:32:34.876+0000] {processor.py:161} INFO - Started process (PID=560) to work on /opt/airflow/dags/etl_users_dag.py
[2026-03-07T20:32:34.877+0000] {processor.py:830} INFO - Processing file /opt/airflow/dags/etl_users_dag.py for tasks to queue
[2026-03-07T20:32:34.880+0000] {logging_mixin.py:188} INFO - [2026-03-07T20:32:34.879+0000] {dagbag.py:545} INFO - Filling up the DagBag from /opt/airflow/dags/etl_users_dag.py
[2026-03-07T20:32:34.898+0000] {processor.py:840} INFO - DAG(s) 'etl_users_pipeline' retrieved from /opt/airflow/dags/etl_users_dag.py
[2026-03-07T20:32:34.954+0000] {logging_mixin.py:188} INFO - [2026-03-07T20:32:34.953+0000] {dag.py:3089} INFO - Sync 1 DAGs
[2026-03-07T20:32:34.969+0000] {logging_mixin.py:188} INFO - [2026-03-07T20:32:34.968+0000] {dag.py:3947} INFO - Setting next_dagrun for etl_users_pipeline to None, run_after=None
[2026-03-07T20:32:34.991+0000] {processor.py:183} INFO - Processing /opt/airflow/dags/etl_users_dag.py took 0.126 seconds
[2026-03-07T20:33:05.475+0000] {processor.py:161} INFO - Started process (PID=570) to work on /opt/airflow/dags/etl_users_dag.py
[2026-03-07T20:33:05.476+0000] {processor.py:830} INFO - Processing file /opt/airflow/dags/etl_users_dag.py for tasks to queue
[2026-03-07T20:33:05.480+0000] {logging_mixin.py:188} INFO - [2026-03-07T20:33:05.480+0000] {dagbag.py:545} INFO - Filling up the DagBag from /opt/airflow/dags/etl_users_dag.py
[2026-03-07T20:33:05.495+0000] {processor.py:840} INFO - DAG(s) 'etl_users_pipeline' retrieved from /opt/airflow/dags/etl_users_dag.py
[2026-03-07T20:33:05.537+0000] {logging_mixin.py:188} INFO - [2026-03-07T20:33:05.536+0000] {dag.py:3089} INFO - Sync 1 DAGs
[2026-03-07T20:33:05.550+0000] {logging_mixin.py:188} INFO - [2026-03-07T20:33:05.550+0000] {dag.py:3947} INFO - Setting next_dagrun for etl_users_pipeline to None, run_after=None
[2026-03-07T20:33:05.575+0000] {processor.py:183} INFO - Processing /opt/airflow/dags/etl_users_dag.py took 0.122 seconds
[2026-03-07T20:33:35.962+0000] {processor.py:161} INFO - Started process (PID=580) to work on /opt/airflow/dags/etl_users_dag.py
[2026-03-07T20:33:35.965+0000] {processor.py:830} INFO - Processing file /opt/airflow/dags/etl_users_dag.py for tasks to queue
[2026-03-07T20:33:35.968+0000] {logging_mixin.py:188} INFO - [2026-03-07T20:33:35.967+0000] {dagbag.py:545} INFO - Filling up the DagBag from /opt/airflow/dags/etl_users_dag.py
[2026-03-07T20:33:35.985+0000] {processor.py:840} INFO - DAG(s) 'etl_users_pipeline' retrieved from /opt/airflow/dags/etl_users_dag.py
[2026-03-07T20:33:36.043+0000] {logging_mixin.py:188} INFO - [2026-03-07T20:33:36.042+0000] {dag.py:3089} INFO - Sync 1 DAGs
[2026-03-07T20:33:36.056+0000] {logging_mixin.py:188} INFO - [2026-03-07T20:33:36.056+0000] {dag.py:3947} INFO - Setting next_dagrun for etl_users_pipeline to None, run_after=None
[2026-03-07T20:33:36.079+0000] {processor.py:183} INFO - Processing /opt/airflow/dags/etl_users_dag.py took 0.130 seconds
[2026-03-07T20:34:06.434+0000] {processor.py:161} INFO - Started process (PID=590) to work on /opt/airflow/dags/etl_users_dag.py
[2026-03-07T20:34:06.438+0000] {processor.py:830} INFO - Processing file /opt/airflow/dags/etl_users_dag.py for tasks to queue
[2026-03-07T20:34:06.440+0000] {logging_mixin.py:188} INFO - [2026-03-07T20:34:06.439+0000] {dagbag.py:545} INFO - Filling up the DagBag from /opt/airflow/dags/etl_users_dag.py
[2026-03-07T20:34:06.460+0000] {processor.py:840} INFO - DAG(s) 'etl_users_pipeline' retrieved from /opt/airflow/dags/etl_users_dag.py
[2026-03-07T20:34:06.502+0000] {logging_mixin.py:188} INFO - [2026-03-07T20:34:06.502+0000] {dag.py:3089} INFO - Sync 1 DAGs
[2026-03-07T20:34:06.514+0000] {logging_mixin.py:188} INFO - [2026-03-07T20:34:06.514+0000] {dag.py:3947} INFO - Setting next_dagrun for etl_users_pipeline to None, run_after=None
[2026-03-07T20:34:06.530+0000] {processor.py:183} INFO - Processing /opt/airflow/dags/etl_users_dag.py took 0.125 seconds
[2026-03-07T20:34:36.799+0000] {processor.py:161} INFO - Started process (PID=600) to work on /opt/airflow/dags/etl_users_dag.py
[2026-03-07T20:34:36.801+0000] {processor.py:830} INFO - Processing file /opt/airflow/dags/etl_users_dag.py for tasks to queue
[2026-03-07T20:34:36.804+0000] {logging_mixin.py:188} INFO - [2026-03-07T20:34:36.804+0000] {dagbag.py:545} INFO - Filling up the DagBag from /opt/airflow/dags/etl_users_dag.py
[2026-03-07T20:34:36.820+0000] {processor.py:840} INFO - DAG(s) 'etl_users_pipeline' retrieved from /opt/airflow/dags/etl_users_dag.py
[2026-03-07T20:34:36.872+0000] {logging_mixin.py:188} INFO - [2026-03-07T20:34:36.872+0000] {dag.py:3089} INFO - Sync 1 DAGs
[2026-03-07T20:34:36.892+0000] {logging_mixin.py:188} INFO - [2026-03-07T20:34:36.891+0000] {dag.py:3947} INFO - Setting next_dagrun for etl_users_pipeline to None, run_after=None
[2026-03-07T20:34:36.917+0000] {processor.py:183} INFO - Processing /opt/airflow/dags/etl_users_dag.py took 0.129 seconds
[2026-03-07T20:35:07.351+0000] {processor.py:161} INFO - Started process (PID=610) to work on /opt/airflow/dags/etl_users_dag.py
[2026-03-07T20:35:07.354+0000] {processor.py:830} INFO - Processing file /opt/airflow/dags/etl_users_dag.py for tasks to queue
[2026-03-07T20:35:07.356+0000] {logging_mixin.py:188} INFO - [2026-03-07T20:35:07.355+0000] {dagbag.py:545} INFO - Filling up the DagBag from /opt/airflow/dags/etl_users_dag.py
[2026-03-07T20:35:07.378+0000] {processor.py:840} INFO - DAG(s) 'etl_users_pipeline' retrieved from /opt/airflow/dags/etl_users_dag.py
[2026-03-07T20:35:07.417+0000] {logging_mixin.py:188} INFO - [2026-03-07T20:35:07.417+0000] {dag.py:3089} INFO - Sync 1 DAGs
[2026-03-07T20:35:07.430+0000] {logging_mixin.py:188} INFO - [2026-03-07T20:35:07.430+0000] {dag.py:3947} INFO - Setting next_dagrun for etl_users_pipeline to None, run_after=None
[2026-03-07T20:35:07.454+0000] {processor.py:183} INFO - Processing /opt/airflow/dags/etl_users_dag.py took 0.114 seconds
[2026-03-07T20:35:37.860+0000] {processor.py:161} INFO - Started process (PID=620) to work on /opt/airflow/dags/etl_users_dag.py
[2026-03-07T20:35:37.862+0000] {processor.py:830} INFO - Processing file /opt/airflow/dags/etl_users_dag.py for tasks to queue
[2026-03-07T20:35:37.865+0000] {logging_mixin.py:188} INFO - [2026-03-07T20:35:37.865+0000] {dagbag.py:545} INFO - Filling up the DagBag from /opt/airflow/dags/etl_users_dag.py
[2026-03-07T20:35:37.881+0000] {processor.py:840} INFO - DAG(s) 'etl_users_pipeline' retrieved from /opt/airflow/dags/etl_users_dag.py
[2026-03-07T20:35:37.927+0000] {logging_mixin.py:188} INFO - [2026-03-07T20:35:37.926+0000] {dag.py:3089} INFO - Sync 1 DAGs
[2026-03-07T20:35:37.949+0000] {logging_mixin.py:188} INFO - [2026-03-07T20:35:37.948+0000] {dag.py:3947} INFO - Setting next_dagrun for etl_users_pipeline to None, run_after=None
[2026-03-07T20:35:37.967+0000] {processor.py:183} INFO - Processing /opt/airflow/dags/etl_users_dag.py took 0.124 seconds
[2026-03-07T20:36:08.227+0000] {processor.py:161} INFO - Started process (PID=630) to work on /opt/airflow/dags/etl_users_dag.py
[2026-03-07T20:36:08.229+0000] {processor.py:830} INFO - Processing file /opt/airflow/dags/etl_users_dag.py for tasks to queue
[2026-03-07T20:36:08.239+0000] {logging_mixin.py:188} INFO - [2026-03-07T20:36:08.238+0000] {dagbag.py:545} INFO - Filling up the DagBag from /opt/airflow/dags/etl_users_dag.py
[2026-03-07T20:36:08.268+0000] {processor.py:840} INFO - DAG(s) 'etl_users_pipeline' retrieved from /opt/airflow/dags/etl_users_dag.py
[2026-03-07T20:36:08.308+0000] {logging_mixin.py:188} INFO - [2026-03-07T20:36:08.308+0000] {dag.py:3089} INFO - Sync 1 DAGs
[2026-03-07T20:36:08.320+0000] {logging_mixin.py:188} INFO - [2026-03-07T20:36:08.319+0000] {dag.py:3947} INFO - Setting next_dagrun for etl_users_pipeline to None, run_after=None
[2026-03-07T20:36:08.337+0000] {processor.py:183} INFO - Processing /opt/airflow/dags/etl_users_dag.py took 0.127 seconds
[2026-03-07T20:36:38.665+0000] {processor.py:161} INFO - Started process (PID=640) to work on /opt/airflow/dags/etl_users_dag.py
[2026-03-07T20:36:38.667+0000] {processor.py:830} INFO - Processing file /opt/airflow/dags/etl_users_dag.py for tasks to queue
[2026-03-07T20:36:38.672+0000] {logging_mixin.py:188} INFO - [2026-03-07T20:36:38.671+0000] {dagbag.py:545} INFO - Filling up the DagBag from /opt/airflow/dags/etl_users_dag.py
[2026-03-07T20:36:38.686+0000] {processor.py:840} INFO - DAG(s) 'etl_users_pipeline' retrieved from /opt/airflow/dags/etl_users_dag.py
[2026-03-07T20:36:38.740+0000] {logging_mixin.py:188} INFO - [2026-03-07T20:36:38.740+0000] {dag.py:3089} INFO - Sync 1 DAGs
[2026-03-07T20:36:38.754+0000] {logging_mixin.py:188} INFO - [2026-03-07T20:36:38.754+0000] {dag.py:3947} INFO - Setting next_dagrun for etl_users_pipeline to None, run_after=None
[2026-03-07T20:36:38.780+0000] {processor.py:183} INFO - Processing /opt/airflow/dags/etl_users_dag.py took 0.127 seconds
[2026-03-07T20:37:09.197+0000] {processor.py:161} INFO - Started process (PID=650) to work on /opt/airflow/dags/etl_users_dag.py
[2026-03-07T20:37:09.200+0000] {processor.py:830} INFO - Processing file /opt/airflow/dags/etl_users_dag.py for tasks to queue
[2026-03-07T20:37:09.202+0000] {logging_mixin.py:188} INFO - [2026-03-07T20:37:09.202+0000] {dagbag.py:545} INFO - Filling up the DagBag from /opt/airflow/dags/etl_users_dag.py
[2026-03-07T20:37:09.218+0000] {processor.py:840} INFO - DAG(s) 'etl_users_pipeline' retrieved from /opt/airflow/dags/etl_users_dag.py
[2026-03-07T20:37:09.261+0000] {logging_mixin.py:188} INFO - [2026-03-07T20:37:09.261+0000] {dag.py:3089} INFO - Sync 1 DAGs
[2026-03-07T20:37:09.283+0000] {logging_mixin.py:188} INFO - [2026-03-07T20:37:09.283+0000] {dag.py:3947} INFO - Setting next_dagrun for etl_users_pipeline to None, run_after=None
[2026-03-07T20:37:09.298+0000] {processor.py:183} INFO - Processing /opt/airflow/dags/etl_users_dag.py took 0.112 seconds
[2026-03-07T20:37:39.683+0000] {processor.py:161} INFO - Started process (PID=660) to work on /opt/airflow/dags/etl_users_dag.py
[2026-03-07T20:37:39.685+0000] {processor.py:830} INFO - Processing file /opt/airflow/dags/etl_users_dag.py for tasks to queue
[2026-03-07T20:37:39.688+0000] {logging_mixin.py:188} INFO - [2026-03-07T20:37:39.688+0000] {dagbag.py:545} INFO - Filling up the DagBag from /opt/airflow/dags/etl_users_dag.py
[2026-03-07T20:37:39.705+0000] {processor.py:840} INFO - DAG(s) 'etl_users_pipeline' retrieved from /opt/airflow/dags/etl_users_dag.py
[2026-03-07T20:37:39.749+0000] {logging_mixin.py:188} INFO - [2026-03-07T20:37:39.749+0000] {dag.py:3089} INFO - Sync 1 DAGs
[2026-03-07T20:37:39.760+0000] {logging_mixin.py:188} INFO - [2026-03-07T20:37:39.760+0000] {dag.py:3947} INFO - Setting next_dagrun for etl_users_pipeline to None, run_after=None
[2026-03-07T20:37:39.776+0000] {processor.py:183} INFO - Processing /opt/airflow/dags/etl_users_dag.py took 0.121 seconds
[2026-03-07T20:38:10.066+0000] {processor.py:161} INFO - Started process (PID=670) to work on /opt/airflow/dags/etl_users_dag.py
[2026-03-07T20:38:10.069+0000] {processor.py:830} INFO - Processing file /opt/airflow/dags/etl_users_dag.py for tasks to queue
[2026-03-07T20:38:10.075+0000] {logging_mixin.py:188} INFO - [2026-03-07T20:38:10.074+0000] {dagbag.py:545} INFO - Filling up the DagBag from /opt/airflow/dags/etl_users_dag.py
[2026-03-07T20:38:10.103+0000] {processor.py:840} INFO - DAG(s) 'etl_users_pipeline' retrieved from /opt/airflow/dags/etl_users_dag.py
[2026-03-07T20:38:10.137+0000] {logging_mixin.py:188} INFO - [2026-03-07T20:38:10.137+0000] {dag.py:3089} INFO - Sync 1 DAGs
[2026-03-07T20:38:10.148+0000] {logging_mixin.py:188} INFO - [2026-03-07T20:38:10.147+0000] {dag.py:3947} INFO - Setting next_dagrun for etl_users_pipeline to None, run_after=None
[2026-03-07T20:38:10.167+0000] {processor.py:183} INFO - Processing /opt/airflow/dags/etl_users_dag.py took 0.116 seconds
[2026-03-07T20:38:40.553+0000] {processor.py:161} INFO - Started process (PID=680) to work on /opt/airflow/dags/etl_users_dag.py
[2026-03-07T20:38:40.555+0000] {processor.py:830} INFO - Processing file /opt/airflow/dags/etl_users_dag.py for tasks to queue
[2026-03-07T20:38:40.559+0000] {logging_mixin.py:188} INFO - [2026-03-07T20:38:40.558+0000] {dagbag.py:545} INFO - Filling up the DagBag from /opt/airflow/dags/etl_users_dag.py
[2026-03-07T20:38:40.576+0000] {processor.py:840} INFO - DAG(s) 'etl_users_pipeline' retrieved from /opt/airflow/dags/etl_users_dag.py
[2026-03-07T20:38:40.626+0000] {logging_mixin.py:188} INFO - [2026-03-07T20:38:40.626+0000] {dag.py:3089} INFO - Sync 1 DAGs
[2026-03-07T20:38:40.637+0000] {logging_mixin.py:188} INFO - [2026-03-07T20:38:40.637+0000] {dag.py:3947} INFO - Setting next_dagrun for etl_users_pipeline to None, run_after=None
[2026-03-07T20:38:40.654+0000] {processor.py:183} INFO - Processing /opt/airflow/dags/etl_users_dag.py took 0.113 seconds
[2026-03-07T20:39:11.103+0000] {processor.py:161} INFO - Started process (PID=690) to work on /opt/airflow/dags/etl_users_dag.py
[2026-03-07T20:39:11.105+0000] {processor.py:830} INFO - Processing file /opt/airflow/dags/etl_users_dag.py for tasks to queue
[2026-03-07T20:39:11.108+0000] {logging_mixin.py:188} INFO - [2026-03-07T20:39:11.107+0000] {dagbag.py:545} INFO - Filling up the DagBag from /opt/airflow/dags/etl_users_dag.py
[2026-03-07T20:39:11.125+0000] {processor.py:840} INFO - DAG(s) 'etl_users_pipeline' retrieved from /opt/airflow/dags/etl_users_dag.py
[2026-03-07T20:39:11.168+0000] {logging_mixin.py:188} INFO - [2026-03-07T20:39:11.168+0000] {dag.py:3089} INFO - Sync 1 DAGs
[2026-03-07T20:39:11.178+0000] {logging_mixin.py:188} INFO - [2026-03-07T20:39:11.178+0000] {dag.py:3947} INFO - Setting next_dagrun for etl_users_pipeline to None, run_after=None
[2026-03-07T20:39:11.194+0000] {processor.py:183} INFO - Processing /opt/airflow/dags/etl_users_dag.py took 0.102 seconds
[2026-03-07T20:39:41.606+0000] {processor.py:161} INFO - Started process (PID=700) to work on /opt/airflow/dags/etl_users_dag.py
[2026-03-07T20:39:41.608+0000] {processor.py:830} INFO - Processing file /opt/airflow/dags/etl_users_dag.py for tasks to queue
[2026-03-07T20:39:41.610+0000] {logging_mixin.py:188} INFO - [2026-03-07T20:39:41.610+0000] {dagbag.py:545} INFO - Filling up the DagBag from /opt/airflow/dags/etl_users_dag.py
[2026-03-07T20:39:41.627+0000] {processor.py:840} INFO - DAG(s) 'etl_users_pipeline' retrieved from /opt/airflow/dags/etl_users_dag.py
[2026-03-07T20:39:41.677+0000] {logging_mixin.py:188} INFO - [2026-03-07T20:39:41.676+0000] {dag.py:3089} INFO - Sync 1 DAGs
[2026-03-07T20:39:41.687+0000] {logging_mixin.py:188} INFO - [2026-03-07T20:39:41.687+0000] {dag.py:3947} INFO - Setting next_dagrun for etl_users_pipeline to None, run_after=None
[2026-03-07T20:39:41.702+0000] {processor.py:183} INFO - Processing /opt/airflow/dags/etl_users_dag.py took 0.109 seconds
[2026-03-07T20:40:11.972+0000] {processor.py:161} INFO - Started process (PID=710) to work on /opt/airflow/dags/etl_users_dag.py
[2026-03-07T20:40:11.974+0000] {processor.py:830} INFO - Processing file /opt/airflow/dags/etl_users_dag.py for tasks to queue
[2026-03-07T20:40:11.977+0000] {logging_mixin.py:188} INFO - [2026-03-07T20:40:11.976+0000] {dagbag.py:545} INFO - Filling up the DagBag from /opt/airflow/dags/etl_users_dag.py
[2026-03-07T20:40:11.993+0000] {processor.py:840} INFO - DAG(s) 'etl_users_pipeline' retrieved from /opt/airflow/dags/etl_users_dag.py
[2026-03-07T20:40:12.024+0000] {logging_mixin.py:188} INFO - [2026-03-07T20:40:12.024+0000] {dag.py:3089} INFO - Sync 1 DAGs
[2026-03-07T20:40:12.033+0000] {logging_mixin.py:188} INFO - [2026-03-07T20:40:12.033+0000] {dag.py:3947} INFO - Setting next_dagrun for etl_users_pipeline to None, run_after=None
[2026-03-07T20:40:12.047+0000] {processor.py:183} INFO - Processing /opt/airflow/dags/etl_users_dag.py took 0.090 seconds
[2026-03-07T20:40:42.295+0000] {processor.py:161} INFO - Started process (PID=720) to work on /opt/airflow/dags/etl_users_dag.py
[2026-03-07T20:40:42.297+0000] {processor.py:830} INFO - Processing file /opt/airflow/dags/etl_users_dag.py for tasks to queue
[2026-03-07T20:40:42.300+0000] {logging_mixin.py:188} INFO - [2026-03-07T20:40:42.300+0000] {dagbag.py:545} INFO - Filling up the DagBag from /opt/airflow/dags/etl_users_dag.py
[2026-03-07T20:40:42.317+0000] {processor.py:840} INFO - DAG(s) 'etl_users_pipeline' retrieved from /opt/airflow/dags/etl_users_dag.py
[2026-03-07T20:40:42.346+0000] {logging_mixin.py:188} INFO - [2026-03-07T20:40:42.346+0000] {dag.py:3089} INFO - Sync 1 DAGs
[2026-03-07T20:40:42.356+0000] {logging_mixin.py:188} INFO - [2026-03-07T20:40:42.356+0000] {dag.py:3947} INFO - Setting next_dagrun for etl_users_pipeline to None, run_after=None
[2026-03-07T20:40:42.368+0000] {processor.py:183} INFO - Processing /opt/airflow/dags/etl_users_dag.py took 0.089 seconds
[2026-03-07T20:41:12.742+0000] {processor.py:161} INFO - Started process (PID=730) to work on /opt/airflow/dags/etl_users_dag.py
[2026-03-07T20:41:12.746+0000] {processor.py:830} INFO - Processing file /opt/airflow/dags/etl_users_dag.py for tasks to queue
[2026-03-07T20:41:12.748+0000] {logging_mixin.py:188} INFO - [2026-03-07T20:41:12.747+0000] {dagbag.py:545} INFO - Filling up the DagBag from /opt/airflow/dags/etl_users_dag.py
[2026-03-07T20:41:12.760+0000] {processor.py:840} INFO - DAG(s) 'etl_users_pipeline' retrieved from /opt/airflow/dags/etl_users_dag.py
[2026-03-07T20:41:12.802+0000] {logging_mixin.py:188} INFO - [2026-03-07T20:41:12.802+0000] {dag.py:3089} INFO - Sync 1 DAGs
[2026-03-07T20:41:12.817+0000] {logging_mixin.py:188} INFO - [2026-03-07T20:41:12.817+0000] {dag.py:3947} INFO - Setting next_dagrun for etl_users_pipeline to None, run_after=None
[2026-03-07T20:41:12.837+0000] {processor.py:183} INFO - Processing /opt/airflow/dags/etl_users_dag.py took 0.104 seconds
[2026-03-07T20:41:43.261+0000] {processor.py:161} INFO - Started process (PID=740) to work on /opt/airflow/dags/etl_users_dag.py
[2026-03-07T20:41:43.264+0000] {processor.py:830} INFO - Processing file /opt/airflow/dags/etl_users_dag.py for tasks to queue
[2026-03-07T20:41:43.267+0000] {logging_mixin.py:188} INFO - [2026-03-07T20:41:43.266+0000] {dagbag.py:545} INFO - Filling up the DagBag from /opt/airflow/dags/etl_users_dag.py
[2026-03-07T20:41:43.289+0000] {processor.py:840} INFO - DAG(s) 'etl_users_pipeline' retrieved from /opt/airflow/dags/etl_users_dag.py
[2026-03-07T20:41:43.325+0000] {logging_mixin.py:188} INFO - [2026-03-07T20:41:43.325+0000] {dag.py:3089} INFO - Sync 1 DAGs
[2026-03-07T20:41:43.338+0000] {logging_mixin.py:188} INFO - [2026-03-07T20:41:43.337+0000] {dag.py:3947} INFO - Setting next_dagrun for etl_users_pipeline to None, run_after=None
[2026-03-07T20:41:43.351+0000] {processor.py:183} INFO - Processing /opt/airflow/dags/etl_users_dag.py took 0.126 seconds
[2026-03-07T20:42:13.640+0000] {processor.py:161} INFO - Started process (PID=750) to work on /opt/airflow/dags/etl_users_dag.py
[2026-03-07T20:42:13.644+0000] {processor.py:830} INFO - Processing file /opt/airflow/dags/etl_users_dag.py for tasks to queue
[2026-03-07T20:42:13.646+0000] {logging_mixin.py:188} INFO - [2026-03-07T20:42:13.646+0000] {dagbag.py:545} INFO - Filling up the DagBag from /opt/airflow/dags/etl_users_dag.py
[2026-03-07T20:42:13.662+0000] {processor.py:840} INFO - DAG(s) 'etl_users_pipeline' retrieved from /opt/airflow/dags/etl_users_dag.py
[2026-03-07T20:42:13.703+0000] {logging_mixin.py:188} INFO - [2026-03-07T20:42:13.703+0000] {dag.py:3089} INFO - Sync 1 DAGs
[2026-03-07T20:42:13.715+0000] {logging_mixin.py:188} INFO - [2026-03-07T20:42:13.715+0000] {dag.py:3947} INFO - Setting next_dagrun for etl_users_pipeline to None, run_after=None
[2026-03-07T20:42:13.732+0000] {processor.py:183} INFO - Processing /opt/airflow/dags/etl_users_dag.py took 0.122 seconds
[2026-03-07T20:42:44.074+0000] {processor.py:161} INFO - Started process (PID=760) to work on /opt/airflow/dags/etl_users_dag.py
[2026-03-07T20:42:44.075+0000] {processor.py:830} INFO - Processing file /opt/airflow/dags/etl_users_dag.py for tasks to queue
[2026-03-07T20:42:44.077+0000] {logging_mixin.py:188} INFO - [2026-03-07T20:42:44.077+0000] {dagbag.py:545} INFO - Filling up the DagBag from /opt/airflow/dags/etl_users_dag.py
[2026-03-07T20:42:44.086+0000] {processor.py:840} INFO - DAG(s) 'etl_users_pipeline' retrieved from /opt/airflow/dags/etl_users_dag.py
[2026-03-07T20:42:44.122+0000] {logging_mixin.py:188} INFO - [2026-03-07T20:42:44.122+0000] {dag.py:3089} INFO - Sync 1 DAGs
[2026-03-07T20:42:44.134+0000] {logging_mixin.py:188} INFO - [2026-03-07T20:42:44.134+0000] {dag.py:3947} INFO - Setting next_dagrun for etl_users_pipeline to None, run_after=None
[2026-03-07T20:42:44.149+0000] {processor.py:183} INFO - Processing /opt/airflow/dags/etl_users_dag.py took 0.085 seconds
[2026-03-07T20:43:14.666+0000] {processor.py:161} INFO - Started process (PID=770) to work on /opt/airflow/dags/etl_users_dag.py
[2026-03-07T20:43:14.669+0000] {processor.py:830} INFO - Processing file /opt/airflow/dags/etl_users_dag.py for tasks to queue
[2026-03-07T20:43:14.672+0000] {logging_mixin.py:188} INFO - [2026-03-07T20:43:14.672+0000] {dagbag.py:545} INFO - Filling up the DagBag from /opt/airflow/dags/etl_users_dag.py
[2026-03-07T20:43:14.695+0000] {processor.py:840} INFO - DAG(s) 'etl_users_pipeline' retrieved from /opt/airflow/dags/etl_users_dag.py
[2026-03-07T20:43:14.747+0000] {logging_mixin.py:188} INFO - [2026-03-07T20:43:14.747+0000] {dag.py:3089} INFO - Sync 1 DAGs
[2026-03-07T20:43:14.760+0000] {logging_mixin.py:188} INFO - [2026-03-07T20:43:14.760+0000] {dag.py:3947} INFO - Setting next_dagrun for etl_users_pipeline to None, run_after=None
[2026-03-07T20:43:14.792+0000] {processor.py:183} INFO - Processing /opt/airflow/dags/etl_users_dag.py took 0.139 seconds
[2026-03-07T20:43:45.290+0000] {processor.py:161} INFO - Started process (PID=780) to work on /opt/airflow/dags/etl_users_dag.py
[2026-03-07T20:43:45.293+0000] {processor.py:830} INFO - Processing file /opt/airflow/dags/etl_users_dag.py for tasks to queue
[2026-03-07T20:43:45.296+0000] {logging_mixin.py:188} INFO - [2026-03-07T20:43:45.295+0000] {dagbag.py:545} INFO - Filling up the DagBag from /opt/airflow/dags/etl_users_dag.py
[2026-03-07T20:43:45.313+0000] {processor.py:840} INFO - DAG(s) 'etl_users_pipeline' retrieved from /opt/airflow/dags/etl_users_dag.py
[2026-03-07T20:43:45.373+0000] {logging_mixin.py:188} INFO - [2026-03-07T20:43:45.373+0000] {dag.py:3089} INFO - Sync 1 DAGs
[2026-03-07T20:43:45.386+0000] {logging_mixin.py:188} INFO - [2026-03-07T20:43:45.386+0000] {dag.py:3947} INFO - Setting next_dagrun for etl_users_pipeline to None, run_after=None
[2026-03-07T20:43:45.415+0000] {processor.py:183} INFO - Processing /opt/airflow/dags/etl_users_dag.py took 0.153 seconds
[2026-03-07T20:44:15.697+0000] {processor.py:161} INFO - Started process (PID=790) to work on /opt/airflow/dags/etl_users_dag.py
[2026-03-07T20:44:15.702+0000] {processor.py:830} INFO - Processing file /opt/airflow/dags/etl_users_dag.py for tasks to queue
[2026-03-07T20:44:15.705+0000] {logging_mixin.py:188} INFO - [2026-03-07T20:44:15.705+0000] {dagbag.py:545} INFO - Filling up the DagBag from /opt/airflow/dags/etl_users_dag.py
[2026-03-07T20:44:15.727+0000] {processor.py:840} INFO - DAG(s) 'etl_users_pipeline' retrieved from /opt/airflow/dags/etl_users_dag.py
[2026-03-07T20:44:15.798+0000] {logging_mixin.py:188} INFO - [2026-03-07T20:44:15.798+0000] {dag.py:3089} INFO - Sync 1 DAGs
[2026-03-07T20:44:15.811+0000] {logging_mixin.py:188} INFO - [2026-03-07T20:44:15.811+0000] {dag.py:3947} INFO - Setting next_dagrun for etl_users_pipeline to None, run_after=None
[2026-03-07T20:44:15.829+0000] {processor.py:183} INFO - Processing /opt/airflow/dags/etl_users_dag.py took 0.144 seconds
[2026-03-07T20:44:46.265+0000] {processor.py:161} INFO - Started process (PID=800) to work on /opt/airflow/dags/etl_users_dag.py
[2026-03-07T20:44:46.267+0000] {processor.py:830} INFO - Processing file /opt/airflow/dags/etl_users_dag.py for tasks to queue
[2026-03-07T20:44:46.270+0000] {logging_mixin.py:188} INFO - [2026-03-07T20:44:46.269+0000] {dagbag.py:545} INFO - Filling up the DagBag from /opt/airflow/dags/etl_users_dag.py
[2026-03-07T20:44:46.293+0000] {processor.py:840} INFO - DAG(s) 'etl_users_pipeline' retrieved from /opt/airflow/dags/etl_users_dag.py
[2026-03-07T20:44:46.343+0000] {logging_mixin.py:188} INFO - [2026-03-07T20:44:46.343+0000] {dag.py:3089} INFO - Sync 1 DAGs
[2026-03-07T20:44:46.364+0000] {logging_mixin.py:188} INFO - [2026-03-07T20:44:46.363+0000] {dag.py:3947} INFO - Setting next_dagrun for etl_users_pipeline to None, run_after=None
[2026-03-07T20:44:46.383+0000] {processor.py:183} INFO - Processing /opt/airflow/dags/etl_users_dag.py took 0.129 seconds
[2026-03-07T20:45:16.794+0000] {processor.py:161} INFO - Started process (PID=810) to work on /opt/airflow/dags/etl_users_dag.py
[2026-03-07T20:45:16.796+0000] {processor.py:830} INFO - Processing file /opt/airflow/dags/etl_users_dag.py for tasks to queue
[2026-03-07T20:45:16.798+0000] {logging_mixin.py:188} INFO - [2026-03-07T20:45:16.798+0000] {dagbag.py:545} INFO - Filling up the DagBag from /opt/airflow/dags/etl_users_dag.py
[2026-03-07T20:45:16.812+0000] {processor.py:840} INFO - DAG(s) 'etl_users_pipeline' retrieved from /opt/airflow/dags/etl_users_dag.py
[2026-03-07T20:45:16.858+0000] {logging_mixin.py:188} INFO - [2026-03-07T20:45:16.858+0000] {dag.py:3089} INFO - Sync 1 DAGs
[2026-03-07T20:45:16.869+0000] {logging_mixin.py:188} INFO - [2026-03-07T20:45:16.869+0000] {dag.py:3947} INFO - Setting next_dagrun for etl_users_pipeline to None, run_after=None
[2026-03-07T20:45:16.888+0000] {processor.py:183} INFO - Processing /opt/airflow/dags/etl_users_dag.py took 0.100 seconds
[2026-03-07T20:45:47.121+0000] {processor.py:161} INFO - Started process (PID=820) to work on /opt/airflow/dags/etl_users_dag.py
[2026-03-07T20:45:47.122+0000] {processor.py:830} INFO - Processing file /opt/airflow/dags/etl_users_dag.py for tasks to queue
[2026-03-07T20:45:47.125+0000] {logging_mixin.py:188} INFO - [2026-03-07T20:45:47.125+0000] {dagbag.py:545} INFO - Filling up the DagBag from /opt/airflow/dags/etl_users_dag.py
[2026-03-07T20:45:47.150+0000] {processor.py:840} INFO - DAG(s) 'etl_users_pipeline' retrieved from /opt/airflow/dags/etl_users_dag.py
[2026-03-07T20:45:47.200+0000] {logging_mixin.py:188} INFO - [2026-03-07T20:45:47.200+0000] {dag.py:3089} INFO - Sync 1 DAGs
[2026-03-07T20:45:47.213+0000] {logging_mixin.py:188} INFO - [2026-03-07T20:45:47.213+0000] {dag.py:3947} INFO - Setting next_dagrun for etl_users_pipeline to None, run_after=None
[2026-03-07T20:45:47.231+0000] {processor.py:183} INFO - Processing /opt/airflow/dags/etl_users_dag.py took 0.126 seconds
[2026-03-07T20:46:17.647+0000] {processor.py:161} INFO - Started process (PID=830) to work on /opt/airflow/dags/etl_users_dag.py
[2026-03-07T20:46:17.650+0000] {processor.py:830} INFO - Processing file /opt/airflow/dags/etl_users_dag.py for tasks to queue
[2026-03-07T20:46:17.655+0000] {logging_mixin.py:188} INFO - [2026-03-07T20:46:17.654+0000] {dagbag.py:545} INFO - Filling up the DagBag from /opt/airflow/dags/etl_users_dag.py
[2026-03-07T20:46:17.691+0000] {processor.py:840} INFO - DAG(s) 'etl_users_pipeline' retrieved from /opt/airflow/dags/etl_users_dag.py
[2026-03-07T20:46:17.756+0000] {logging_mixin.py:188} INFO - [2026-03-07T20:46:17.756+0000] {dag.py:3089} INFO - Sync 1 DAGs
[2026-03-07T20:46:17.770+0000] {logging_mixin.py:188} INFO - [2026-03-07T20:46:17.770+0000] {dag.py:3947} INFO - Setting next_dagrun for etl_users_pipeline to None, run_after=None
[2026-03-07T20:46:17.792+0000] {processor.py:183} INFO - Processing /opt/airflow/dags/etl_users_dag.py took 0.158 seconds
[2026-03-07T20:46:48.431+0000] {processor.py:161} INFO - Started process (PID=840) to work on /opt/airflow/dags/etl_users_dag.py
[2026-03-07T20:46:48.434+0000] {processor.py:830} INFO - Processing file /opt/airflow/dags/etl_users_dag.py for tasks to queue
[2026-03-07T20:46:48.446+0000] {logging_mixin.py:188} INFO - [2026-03-07T20:46:48.441+0000] {dagbag.py:545} INFO - Filling up the DagBag from /opt/airflow/dags/etl_users_dag.py
[2026-03-07T20:46:48.520+0000] {processor.py:840} INFO - DAG(s) 'etl_users_pipeline' retrieved from /opt/airflow/dags/etl_users_dag.py
[2026-03-07T20:46:48.650+0000] {logging_mixin.py:188} INFO - [2026-03-07T20:46:48.649+0000] {dag.py:3089} INFO - Sync 1 DAGs
[2026-03-07T20:46:48.668+0000] {logging_mixin.py:188} INFO - [2026-03-07T20:46:48.668+0000] {dag.py:3947} INFO - Setting next_dagrun for etl_users_pipeline to None, run_after=None
[2026-03-07T20:46:48.690+0000] {processor.py:183} INFO - Processing /opt/airflow/dags/etl_users_dag.py took 0.272 seconds
[2026-03-07T20:47:18.964+0000] {processor.py:161} INFO - Started process (PID=850) to work on /opt/airflow/dags/etl_users_dag.py
[2026-03-07T20:47:18.968+0000] {processor.py:830} INFO - Processing file /opt/airflow/dags/etl_users_dag.py for tasks to queue
[2026-03-07T20:47:18.970+0000] {logging_mixin.py:188} INFO - [2026-03-07T20:47:18.970+0000] {dagbag.py:545} INFO - Filling up the DagBag from /opt/airflow/dags/etl_users_dag.py
[2026-03-07T20:47:18.994+0000] {processor.py:840} INFO - DAG(s) 'etl_users_pipeline' retrieved from /opt/airflow/dags/etl_users_dag.py
[2026-03-07T20:47:19.053+0000] {logging_mixin.py:188} INFO - [2026-03-07T20:47:19.053+0000] {dag.py:3089} INFO - Sync 1 DAGs
[2026-03-07T20:47:19.068+0000] {logging_mixin.py:188} INFO - [2026-03-07T20:47:19.068+0000] {dag.py:3947} INFO - Setting next_dagrun for etl_users_pipeline to None, run_after=None
[2026-03-07T20:47:19.088+0000] {processor.py:183} INFO - Processing /opt/airflow/dags/etl_users_dag.py took 0.133 seconds
[2026-03-07T20:47:49.684+0000] {processor.py:161} INFO - Started process (PID=860) to work on /opt/airflow/dags/etl_users_dag.py
[2026-03-07T20:47:49.687+0000] {processor.py:830} INFO - Processing file /opt/airflow/dags/etl_users_dag.py for tasks to queue
[2026-03-07T20:47:49.691+0000] {logging_mixin.py:188} INFO - [2026-03-07T20:47:49.690+0000] {dagbag.py:545} INFO - Filling up the DagBag from /opt/airflow/dags/etl_users_dag.py
[2026-03-07T20:47:49.707+0000] {processor.py:840} INFO - DAG(s) 'etl_users_pipeline' retrieved from /opt/airflow/dags/etl_users_dag.py
[2026-03-07T20:47:49.782+0000] {logging_mixin.py:188} INFO - [2026-03-07T20:47:49.782+0000] {dag.py:3089} INFO - Sync 1 DAGs
[2026-03-07T20:47:49.800+0000] {logging_mixin.py:188} INFO - [2026-03-07T20:47:49.800+0000] {dag.py:3947} INFO - Setting next_dagrun for etl_users_pipeline to None, run_after=None
[2026-03-07T20:47:49.820+0000] {processor.py:183} INFO - Processing /opt/airflow/dags/etl_users_dag.py took 0.150 seconds
[2026-03-07T20:48:20.351+0000] {processor.py:161} INFO - Started process (PID=870) to work on /opt/airflow/dags/etl_users_dag.py
[2026-03-07T20:48:20.359+0000] {processor.py:830} INFO - Processing file /opt/airflow/dags/etl_users_dag.py for tasks to queue
[2026-03-07T20:48:20.381+0000] {logging_mixin.py:188} INFO - [2026-03-07T20:48:20.377+0000] {dagbag.py:545} INFO - Filling up the DagBag from /opt/airflow/dags/etl_users_dag.py
[2026-03-07T20:48:20.418+0000] {processor.py:840} INFO - DAG(s) 'etl_users_pipeline' retrieved from /opt/airflow/dags/etl_users_dag.py
[2026-03-07T20:48:20.488+0000] {logging_mixin.py:188} INFO - [2026-03-07T20:48:20.488+0000] {dag.py:3089} INFO - Sync 1 DAGs
[2026-03-07T20:48:20.504+0000] {logging_mixin.py:188} INFO - [2026-03-07T20:48:20.504+0000] {dag.py:3947} INFO - Setting next_dagrun for etl_users_pipeline to None, run_after=None
[2026-03-07T20:48:20.535+0000] {processor.py:183} INFO - Processing /opt/airflow/dags/etl_users_dag.py took 0.197 seconds
[2026-03-07T20:48:51.024+0000] {processor.py:161} INFO - Started process (PID=880) to work on /opt/airflow/dags/etl_users_dag.py
[2026-03-07T20:48:51.026+0000] {processor.py:830} INFO - Processing file /opt/airflow/dags/etl_users_dag.py for tasks to queue
[2026-03-07T20:48:51.040+0000] {logging_mixin.py:188} INFO - [2026-03-07T20:48:51.040+0000] {dagbag.py:545} INFO - Filling up the DagBag from /opt/airflow/dags/etl_users_dag.py
[2026-03-07T20:48:51.058+0000] {processor.py:840} INFO - DAG(s) 'etl_users_pipeline' retrieved from /opt/airflow/dags/etl_users_dag.py
[2026-03-07T20:48:51.123+0000] {logging_mixin.py:188} INFO - [2026-03-07T20:48:51.123+0000] {dag.py:3089} INFO - Sync 1 DAGs
[2026-03-07T20:48:51.137+0000] {logging_mixin.py:188} INFO - [2026-03-07T20:48:51.136+0000] {dag.py:3947} INFO - Setting next_dagrun for etl_users_pipeline to None, run_after=None
[2026-03-07T20:48:51.155+0000] {processor.py:183} INFO - Processing /opt/airflow/dags/etl_users_dag.py took 0.143 seconds
[2026-03-07T20:49:21.860+0000] {processor.py:161} INFO - Started process (PID=890) to work on /opt/airflow/dags/etl_users_dag.py
[2026-03-07T20:49:21.863+0000] {processor.py:830} INFO - Processing file /opt/airflow/dags/etl_users_dag.py for tasks to queue
[2026-03-07T20:49:21.867+0000] {logging_mixin.py:188} INFO - [2026-03-07T20:49:21.866+0000] {dagbag.py:545} INFO - Filling up the DagBag from /opt/airflow/dags/etl_users_dag.py
[2026-03-07T20:49:21.887+0000] {processor.py:840} INFO - DAG(s) 'etl_users_pipeline' retrieved from /opt/airflow/dags/etl_users_dag.py
[2026-03-07T20:49:21.943+0000] {logging_mixin.py:188} INFO - [2026-03-07T20:49:21.943+0000] {dag.py:3089} INFO - Sync 1 DAGs
[2026-03-07T20:49:21.966+0000] {logging_mixin.py:188} INFO - [2026-03-07T20:49:21.965+0000] {dag.py:3947} INFO - Setting next_dagrun for etl_users_pipeline to None, run_after=None
[2026-03-07T20:49:21.991+0000] {processor.py:183} INFO - Processing /opt/airflow/dags/etl_users_dag.py took 0.161 seconds
[2026-03-07T20:49:52.323+0000] {processor.py:161} INFO - Started process (PID=900) to work on /opt/airflow/dags/etl_users_dag.py
[2026-03-07T20:49:52.326+0000] {processor.py:830} INFO - Processing file /opt/airflow/dags/etl_users_dag.py for tasks to queue
[2026-03-07T20:49:52.329+0000] {logging_mixin.py:188} INFO - [2026-03-07T20:49:52.328+0000] {dagbag.py:545} INFO - Filling up the DagBag from /opt/airflow/dags/etl_users_dag.py
[2026-03-07T20:49:52.357+0000] {processor.py:840} INFO - DAG(s) 'etl_users_pipeline' retrieved from /opt/airflow/dags/etl_users_dag.py
[2026-03-07T20:49:52.392+0000] {logging_mixin.py:188} INFO - [2026-03-07T20:49:52.392+0000] {dag.py:3089} INFO - Sync 1 DAGs
[2026-03-07T20:49:52.415+0000] {logging_mixin.py:188} INFO - [2026-03-07T20:49:52.415+0000] {dag.py:3947} INFO - Setting next_dagrun for etl_users_pipeline to None, run_after=None
[2026-03-07T20:49:52.432+0000] {processor.py:183} INFO - Processing /opt/airflow/dags/etl_users_dag.py took 0.120 seconds
[2026-03-07T20:50:22.820+0000] {processor.py:161} INFO - Started process (PID=910) to work on /opt/airflow/dags/etl_users_dag.py
[2026-03-07T20:50:22.822+0000] {processor.py:830} INFO - Processing file /opt/airflow/dags/etl_users_dag.py for tasks to queue
[2026-03-07T20:50:22.825+0000] {logging_mixin.py:188} INFO - [2026-03-07T20:50:22.825+0000] {dagbag.py:545} INFO - Filling up the DagBag from /opt/airflow/dags/etl_users_dag.py
[2026-03-07T20:50:22.841+0000] {processor.py:840} INFO - DAG(s) 'etl_users_pipeline' retrieved from /opt/airflow/dags/etl_users_dag.py
[2026-03-07T20:50:22.891+0000] {logging_mixin.py:188} INFO - [2026-03-07T20:50:22.891+0000] {dag.py:3089} INFO - Sync 1 DAGs
[2026-03-07T20:50:22.904+0000] {logging_mixin.py:188} INFO - [2026-03-07T20:50:22.904+0000] {dag.py:3947} INFO - Setting next_dagrun for etl_users_pipeline to None, run_after=None
[2026-03-07T20:50:22.925+0000] {processor.py:183} INFO - Processing /opt/airflow/dags/etl_users_dag.py took 0.121 seconds
[2026-03-07T20:50:53.204+0000] {processor.py:161} INFO - Started process (PID=920) to work on /opt/airflow/dags/etl_users_dag.py
[2026-03-07T20:50:53.207+0000] {processor.py:830} INFO - Processing file /opt/airflow/dags/etl_users_dag.py for tasks to queue
[2026-03-07T20:50:53.215+0000] {logging_mixin.py:188} INFO - [2026-03-07T20:50:53.212+0000] {dagbag.py:545} INFO - Filling up the DagBag from /opt/airflow/dags/etl_users_dag.py
[2026-03-07T20:50:53.230+0000] {processor.py:840} INFO - DAG(s) 'etl_users_pipeline' retrieved from /opt/airflow/dags/etl_users_dag.py
[2026-03-07T20:50:53.263+0000] {logging_mixin.py:188} INFO - [2026-03-07T20:50:53.263+0000] {dag.py:3089} INFO - Sync 1 DAGs
[2026-03-07T20:50:53.275+0000] {logging_mixin.py:188} INFO - [2026-03-07T20:50:53.275+0000] {dag.py:3947} INFO - Setting next_dagrun for etl_users_pipeline to None, run_after=None
[2026-03-07T20:50:53.294+0000] {processor.py:183} INFO - Processing /opt/airflow/dags/etl_users_dag.py took 0.112 seconds
[2026-03-07T20:51:23.678+0000] {processor.py:161} INFO - Started process (PID=930) to work on /opt/airflow/dags/etl_users_dag.py
[2026-03-07T20:51:23.679+0000] {processor.py:830} INFO - Processing file /opt/airflow/dags/etl_users_dag.py for tasks to queue
[2026-03-07T20:51:23.682+0000] {logging_mixin.py:188} INFO - [2026-03-07T20:51:23.681+0000] {dagbag.py:545} INFO - Filling up the DagBag from /opt/airflow/dags/etl_users_dag.py
[2026-03-07T20:51:23.700+0000] {processor.py:840} INFO - DAG(s) 'etl_users_pipeline' retrieved from /opt/airflow/dags/etl_users_dag.py
[2026-03-07T20:51:23.755+0000] {logging_mixin.py:188} INFO - [2026-03-07T20:51:23.755+0000] {dag.py:3089} INFO - Sync 1 DAGs
[2026-03-07T20:51:23.783+0000] {logging_mixin.py:188} INFO - [2026-03-07T20:51:23.783+0000] {dag.py:3947} INFO - Setting next_dagrun for etl_users_pipeline to None, run_after=None
[2026-03-07T20:51:23.804+0000] {processor.py:183} INFO - Processing /opt/airflow/dags/etl_users_dag.py took 0.137 seconds
[2026-03-07T20:51:54.194+0000] {processor.py:161} INFO - Started process (PID=940) to work on /opt/airflow/dags/etl_users_dag.py
[2026-03-07T20:51:54.196+0000] {processor.py:830} INFO - Processing file /opt/airflow/dags/etl_users_dag.py for tasks to queue
[2026-03-07T20:51:54.199+0000] {logging_mixin.py:188} INFO - [2026-03-07T20:51:54.199+0000] {dagbag.py:545} INFO - Filling up the DagBag from /opt/airflow/dags/etl_users_dag.py
[2026-03-07T20:51:54.222+0000] {processor.py:840} INFO - DAG(s) 'etl_users_pipeline' retrieved from /opt/airflow/dags/etl_users_dag.py
[2026-03-07T20:51:54.274+0000] {logging_mixin.py:188} INFO - [2026-03-07T20:51:54.274+0000] {dag.py:3089} INFO - Sync 1 DAGs
[2026-03-07T20:51:54.289+0000] {logging_mixin.py:188} INFO - [2026-03-07T20:51:54.289+0000] {dag.py:3947} INFO - Setting next_dagrun for etl_users_pipeline to None, run_after=None
[2026-03-07T20:51:54.312+0000] {processor.py:183} INFO - Processing /opt/airflow/dags/etl_users_dag.py took 0.131 seconds
[2026-03-07T20:52:24.805+0000] {processor.py:161} INFO - Started process (PID=950) to work on /opt/airflow/dags/etl_users_dag.py
[2026-03-07T20:52:24.809+0000] {processor.py:830} INFO - Processing file /opt/airflow/dags/etl_users_dag.py for tasks to queue
[2026-03-07T20:52:24.812+0000] {logging_mixin.py:188} INFO - [2026-03-07T20:52:24.812+0000] {dagbag.py:545} INFO - Filling up the DagBag from /opt/airflow/dags/etl_users_dag.py
[2026-03-07T20:52:24.830+0000] {processor.py:840} INFO - DAG(s) 'etl_users_pipeline' retrieved from /opt/airflow/dags/etl_users_dag.py
[2026-03-07T20:52:24.880+0000] {logging_mixin.py:188} INFO - [2026-03-07T20:52:24.880+0000] {dag.py:3089} INFO - Sync 1 DAGs
[2026-03-07T20:52:24.894+0000] {logging_mixin.py:188} INFO - [2026-03-07T20:52:24.894+0000] {dag.py:3947} INFO - Setting next_dagrun for etl_users_pipeline to None, run_after=None
[2026-03-07T20:52:24.916+0000] {processor.py:183} INFO - Processing /opt/airflow/dags/etl_users_dag.py took 0.134 seconds
[2026-03-07T20:52:55.185+0000] {processor.py:161} INFO - Started process (PID=960) to work on /opt/airflow/dags/etl_users_dag.py
[2026-03-07T20:52:55.187+0000] {processor.py:830} INFO - Processing file /opt/airflow/dags/etl_users_dag.py for tasks to queue
[2026-03-07T20:52:55.192+0000] {logging_mixin.py:188} INFO - [2026-03-07T20:52:55.191+0000] {dagbag.py:545} INFO - Filling up the DagBag from /opt/airflow/dags/etl_users_dag.py
[2026-03-07T20:52:55.228+0000] {processor.py:840} INFO - DAG(s) 'etl_users_pipeline' retrieved from /opt/airflow/dags/etl_users_dag.py
[2026-03-07T20:52:55.296+0000] {logging_mixin.py:188} INFO - [2026-03-07T20:52:55.295+0000] {dag.py:3089} INFO - Sync 1 DAGs
[2026-03-07T20:52:55.318+0000] {logging_mixin.py:188} INFO - [2026-03-07T20:52:55.318+0000] {dag.py:3947} INFO - Setting next_dagrun for etl_users_pipeline to None, run_after=None
[2026-03-07T20:52:55.361+0000] {processor.py:183} INFO - Processing /opt/airflow/dags/etl_users_dag.py took 0.197 seconds
[2026-03-07T20:53:25.761+0000] {processor.py:161} INFO - Started process (PID=970) to work on /opt/airflow/dags/etl_users_dag.py
[2026-03-07T20:53:25.763+0000] {processor.py:830} INFO - Processing file /opt/airflow/dags/etl_users_dag.py for tasks to queue
[2026-03-07T20:53:25.766+0000] {logging_mixin.py:188} INFO - [2026-03-07T20:53:25.766+0000] {dagbag.py:545} INFO - Filling up the DagBag from /opt/airflow/dags/etl_users_dag.py
[2026-03-07T20:53:25.796+0000] {processor.py:840} INFO - DAG(s) 'etl_users_pipeline' retrieved from /opt/airflow/dags/etl_users_dag.py
[2026-03-07T20:53:25.842+0000] {logging_mixin.py:188} INFO - [2026-03-07T20:53:25.842+0000] {dag.py:3089} INFO - Sync 1 DAGs
[2026-03-07T20:53:25.856+0000] {logging_mixin.py:188} INFO - [2026-03-07T20:53:25.856+0000] {dag.py:3947} INFO - Setting next_dagrun for etl_users_pipeline to None, run_after=None
[2026-03-07T20:53:25.873+0000] {processor.py:183} INFO - Processing /opt/airflow/dags/etl_users_dag.py took 0.128 seconds
[2026-03-07T20:53:56.256+0000] {processor.py:161} INFO - Started process (PID=980) to work on /opt/airflow/dags/etl_users_dag.py
[2026-03-07T20:53:56.258+0000] {processor.py:830} INFO - Processing file /opt/airflow/dags/etl_users_dag.py for tasks to queue
[2026-03-07T20:53:56.263+0000] {logging_mixin.py:188} INFO - [2026-03-07T20:53:56.263+0000] {dagbag.py:545} INFO - Filling up the DagBag from /opt/airflow/dags/etl_users_dag.py
[2026-03-07T20:53:56.283+0000] {processor.py:840} INFO - DAG(s) 'etl_users_pipeline' retrieved from /opt/airflow/dags/etl_users_dag.py
[2026-03-07T20:53:56.322+0000] {logging_mixin.py:188} INFO - [2026-03-07T20:53:56.322+0000] {dag.py:3089} INFO - Sync 1 DAGs
[2026-03-07T20:53:56.333+0000] {logging_mixin.py:188} INFO - [2026-03-07T20:53:56.333+0000] {dag.py:3947} INFO - Setting next_dagrun for etl_users_pipeline to None, run_after=None
[2026-03-07T20:53:56.348+0000] {processor.py:183} INFO - Processing /opt/airflow/dags/etl_users_dag.py took 0.122 seconds
[2026-03-07T20:54:26.693+0000] {processor.py:161} INFO - Started process (PID=990) to work on /opt/airflow/dags/etl_users_dag.py
[2026-03-07T20:54:26.696+0000] {processor.py:830} INFO - Processing file /opt/airflow/dags/etl_users_dag.py for tasks to queue
[2026-03-07T20:54:26.700+0000] {logging_mixin.py:188} INFO - [2026-03-07T20:54:26.699+0000] {dagbag.py:545} INFO - Filling up the DagBag from /opt/airflow/dags/etl_users_dag.py
[2026-03-07T20:54:26.728+0000] {processor.py:840} INFO - DAG(s) 'etl_users_pipeline' retrieved from /opt/airflow/dags/etl_users_dag.py
[2026-03-07T20:54:26.773+0000] {logging_mixin.py:188} INFO - [2026-03-07T20:54:26.773+0000] {dag.py:3089} INFO - Sync 1 DAGs
[2026-03-07T20:54:26.783+0000] {logging_mixin.py:188} INFO - [2026-03-07T20:54:26.783+0000] {dag.py:3947} INFO - Setting next_dagrun for etl_users_pipeline to None, run_after=None
[2026-03-07T20:54:26.811+0000] {processor.py:183} INFO - Processing /opt/airflow/dags/etl_users_dag.py took 0.131 seconds
[2026-03-07T20:54:57.116+0000] {processor.py:161} INFO - Started process (PID=1000) to work on /opt/airflow/dags/etl_users_dag.py
[2026-03-07T20:54:57.120+0000] {processor.py:830} INFO - Processing file /opt/airflow/dags/etl_users_dag.py for tasks to queue
[2026-03-07T20:54:57.122+0000] {logging_mixin.py:188} INFO - [2026-03-07T20:54:57.122+0000] {dagbag.py:545} INFO - Filling up the DagBag from /opt/airflow/dags/etl_users_dag.py
[2026-03-07T20:54:57.138+0000] {processor.py:840} INFO - DAG(s) 'etl_users_pipeline' retrieved from /opt/airflow/dags/etl_users_dag.py
[2026-03-07T20:54:57.193+0000] {logging_mixin.py:188} INFO - [2026-03-07T20:54:57.193+0000] {dag.py:3089} INFO - Sync 1 DAGs
[2026-03-07T20:54:57.205+0000] {logging_mixin.py:188} INFO - [2026-03-07T20:54:57.205+0000] {dag.py:3947} INFO - Setting next_dagrun for etl_users_pipeline to None, run_after=None
[2026-03-07T20:54:57.221+0000] {processor.py:183} INFO - Processing /opt/airflow/dags/etl_users_dag.py took 0.134 seconds
[2026-03-07T20:55:27.716+0000] {processor.py:161} INFO - Started process (PID=1010) to work on /opt/airflow/dags/etl_users_dag.py
[2026-03-07T20:55:27.718+0000] {processor.py:830} INFO - Processing file /opt/airflow/dags/etl_users_dag.py for tasks to queue
[2026-03-07T20:55:27.721+0000] {logging_mixin.py:188} INFO - [2026-03-07T20:55:27.721+0000] {dagbag.py:545} INFO - Filling up the DagBag from /opt/airflow/dags/etl_users_dag.py
[2026-03-07T20:55:27.737+0000] {processor.py:840} INFO - DAG(s) 'etl_users_pipeline' retrieved from /opt/airflow/dags/etl_users_dag.py
[2026-03-07T20:55:27.790+0000] {logging_mixin.py:188} INFO - [2026-03-07T20:55:27.790+0000] {dag.py:3089} INFO - Sync 1 DAGs
[2026-03-07T20:55:27.804+0000] {logging_mixin.py:188} INFO - [2026-03-07T20:55:27.804+0000] {dag.py:3947} INFO - Setting next_dagrun for etl_users_pipeline to None, run_after=None
[2026-03-07T20:55:27.823+0000] {processor.py:183} INFO - Processing /opt/airflow/dags/etl_users_dag.py took 0.121 seconds
[2026-03-07T20:55:58.287+0000] {processor.py:161} INFO - Started process (PID=1020) to work on /opt/airflow/dags/etl_users_dag.py
[2026-03-07T20:55:58.289+0000] {processor.py:830} INFO - Processing file /opt/airflow/dags/etl_users_dag.py for tasks to queue
[2026-03-07T20:55:58.292+0000] {logging_mixin.py:188} INFO - [2026-03-07T20:55:58.292+0000] {dagbag.py:545} INFO - Filling up the DagBag from /opt/airflow/dags/etl_users_dag.py
[2026-03-07T20:55:58.319+0000] {processor.py:840} INFO - DAG(s) 'etl_users_pipeline' retrieved from /opt/airflow/dags/etl_users_dag.py
[2026-03-07T20:55:58.382+0000] {logging_mixin.py:188} INFO - [2026-03-07T20:55:58.382+0000] {dag.py:3089} INFO - Sync 1 DAGs
[2026-03-07T20:55:58.396+0000] {logging_mixin.py:188} INFO - [2026-03-07T20:55:58.396+0000] {dag.py:3947} INFO - Setting next_dagrun for etl_users_pipeline to None, run_after=None
[2026-03-07T20:55:58.415+0000] {processor.py:183} INFO - Processing /opt/airflow/dags/etl_users_dag.py took 0.146 seconds
[2026-03-07T20:56:28.833+0000] {processor.py:161} INFO - Started process (PID=1030) to work on /opt/airflow/dags/etl_users_dag.py
[2026-03-07T20:56:28.836+0000] {processor.py:830} INFO - Processing file /opt/airflow/dags/etl_users_dag.py for tasks to queue
[2026-03-07T20:56:28.839+0000] {logging_mixin.py:188} INFO - [2026-03-07T20:56:28.838+0000] {dagbag.py:545} INFO - Filling up the DagBag from /opt/airflow/dags/etl_users_dag.py
[2026-03-07T20:56:28.864+0000] {processor.py:840} INFO - DAG(s) 'etl_users_pipeline' retrieved from /opt/airflow/dags/etl_users_dag.py
[2026-03-07T20:56:28.907+0000] {logging_mixin.py:188} INFO - [2026-03-07T20:56:28.907+0000] {dag.py:3089} INFO - Sync 1 DAGs
[2026-03-07T20:56:28.929+0000] {logging_mixin.py:188} INFO - [2026-03-07T20:56:28.929+0000] {dag.py:3947} INFO - Setting next_dagrun for etl_users_pipeline to None, run_after=None
[2026-03-07T20:56:28.947+0000] {processor.py:183} INFO - Processing /opt/airflow/dags/etl_users_dag.py took 0.128 seconds
[2026-03-07T20:56:59.442+0000] {processor.py:161} INFO - Started process (PID=1040) to work on /opt/airflow/dags/etl_users_dag.py
[2026-03-07T20:56:59.445+0000] {processor.py:830} INFO - Processing file /opt/airflow/dags/etl_users_dag.py for tasks to queue
[2026-03-07T20:56:59.448+0000] {logging_mixin.py:188} INFO - [2026-03-07T20:56:59.447+0000] {dagbag.py:545} INFO - Filling up the DagBag from /opt/airflow/dags/etl_users_dag.py
[2026-03-07T20:56:59.466+0000] {processor.py:840} INFO - DAG(s) 'etl_users_pipeline' retrieved from /opt/airflow/dags/etl_users_dag.py
[2026-03-07T20:56:59.527+0000] {logging_mixin.py:188} INFO - [2026-03-07T20:56:59.527+0000] {dag.py:3089} INFO - Sync 1 DAGs
[2026-03-07T20:56:59.551+0000] {logging_mixin.py:188} INFO - [2026-03-07T20:56:59.551+0000] {dag.py:3947} INFO - Setting next_dagrun for etl_users_pipeline to None, run_after=None
[2026-03-07T20:56:59.580+0000] {processor.py:183} INFO - Processing /opt/airflow/dags/etl_users_dag.py took 0.171 seconds
[2026-03-07T20:57:30.142+0000] {processor.py:161} INFO - Started process (PID=1050) to work on /opt/airflow/dags/etl_users_dag.py
[2026-03-07T20:57:30.144+0000] {processor.py:830} INFO - Processing file /opt/airflow/dags/etl_users_dag.py for tasks to queue
[2026-03-07T20:57:30.147+0000] {logging_mixin.py:188} INFO - [2026-03-07T20:57:30.147+0000] {dagbag.py:545} INFO - Filling up the DagBag from /opt/airflow/dags/etl_users_dag.py
[2026-03-07T20:57:30.167+0000] {processor.py:840} INFO - DAG(s) 'etl_users_pipeline' retrieved from /opt/airflow/dags/etl_users_dag.py
[2026-03-07T20:57:30.233+0000] {logging_mixin.py:188} INFO - [2026-03-07T20:57:30.231+0000] {dag.py:3089} INFO - Sync 1 DAGs
[2026-03-07T20:57:30.249+0000] {logging_mixin.py:188} INFO - [2026-03-07T20:57:30.248+0000] {dag.py:3947} INFO - Setting next_dagrun for etl_users_pipeline to None, run_after=None
[2026-03-07T20:57:30.268+0000] {processor.py:183} INFO - Processing /opt/airflow/dags/etl_users_dag.py took 0.140 seconds
[2026-03-07T20:58:00.698+0000] {processor.py:161} INFO - Started process (PID=1060) to work on /opt/airflow/dags/etl_users_dag.py
[2026-03-07T20:58:00.702+0000] {processor.py:830} INFO - Processing file /opt/airflow/dags/etl_users_dag.py for tasks to queue
[2026-03-07T20:58:00.705+0000] {logging_mixin.py:188} INFO - [2026-03-07T20:58:00.704+0000] {dagbag.py:545} INFO - Filling up the DagBag from /opt/airflow/dags/etl_users_dag.py
[2026-03-07T20:58:00.745+0000] {processor.py:840} INFO - DAG(s) 'etl_users_pipeline' retrieved from /opt/airflow/dags/etl_users_dag.py
[2026-03-07T20:58:00.800+0000] {logging_mixin.py:188} INFO - [2026-03-07T20:58:00.799+0000] {dag.py:3089} INFO - Sync 1 DAGs
[2026-03-07T20:58:00.833+0000] {logging_mixin.py:188} INFO - [2026-03-07T20:58:00.833+0000] {dag.py:3947} INFO - Setting next_dagrun for etl_users_pipeline to None, run_after=None
[2026-03-07T20:58:00.888+0000] {processor.py:183} INFO - Processing /opt/airflow/dags/etl_users_dag.py took 0.214 seconds
[2026-03-07T20:58:31.109+0000] {processor.py:161} INFO - Started process (PID=1070) to work on /opt/airflow/dags/etl_users_dag.py
[2026-03-07T20:58:31.111+0000] {processor.py:830} INFO - Processing file /opt/airflow/dags/etl_users_dag.py for tasks to queue
[2026-03-07T20:58:31.114+0000] {logging_mixin.py:188} INFO - [2026-03-07T20:58:31.113+0000] {dagbag.py:545} INFO - Filling up the DagBag from /opt/airflow/dags/etl_users_dag.py
[2026-03-07T20:58:31.142+0000] {processor.py:840} INFO - DAG(s) 'etl_users_pipeline' retrieved from /opt/airflow/dags/etl_users_dag.py
[2026-03-07T20:58:31.198+0000] {logging_mixin.py:188} INFO - [2026-03-07T20:58:31.198+0000] {dag.py:3089} INFO - Sync 1 DAGs
[2026-03-07T20:58:31.213+0000] {logging_mixin.py:188} INFO - [2026-03-07T20:58:31.212+0000] {dag.py:3947} INFO - Setting next_dagrun for etl_users_pipeline to None, run_after=None
[2026-03-07T20:58:31.236+0000] {processor.py:183} INFO - Processing /opt/airflow/dags/etl_users_dag.py took 0.146 seconds
[2026-03-07T20:59:01.691+0000] {processor.py:161} INFO - Started process (PID=1080) to work on /opt/airflow/dags/etl_users_dag.py
[2026-03-07T20:59:01.693+0000] {processor.py:830} INFO - Processing file /opt/airflow/dags/etl_users_dag.py for tasks to queue
[2026-03-07T20:59:01.696+0000] {logging_mixin.py:188} INFO - [2026-03-07T20:59:01.695+0000] {dagbag.py:545} INFO - Filling up the DagBag from /opt/airflow/dags/etl_users_dag.py
[2026-03-07T20:59:01.714+0000] {processor.py:840} INFO - DAG(s) 'etl_users_pipeline' retrieved from /opt/airflow/dags/etl_users_dag.py
[2026-03-07T20:59:01.799+0000] {logging_mixin.py:188} INFO - [2026-03-07T20:59:01.799+0000] {dag.py:3089} INFO - Sync 1 DAGs
[2026-03-07T20:59:01.819+0000] {logging_mixin.py:188} INFO - [2026-03-07T20:59:01.819+0000] {dag.py:3947} INFO - Setting next_dagrun for etl_users_pipeline to None, run_after=None
[2026-03-07T20:59:01.835+0000] {processor.py:183} INFO - Processing /opt/airflow/dags/etl_users_dag.py took 0.164 seconds
[2026-03-07T20:59:32.107+0000] {processor.py:161} INFO - Started process (PID=1090) to work on /opt/airflow/dags/etl_users_dag.py
[2026-03-07T20:59:32.109+0000] {processor.py:830} INFO - Processing file /opt/airflow/dags/etl_users_dag.py for tasks to queue
[2026-03-07T20:59:32.113+0000] {logging_mixin.py:188} INFO - [2026-03-07T20:59:32.113+0000] {dagbag.py:545} INFO - Filling up the DagBag from /opt/airflow/dags/etl_users_dag.py
[2026-03-07T20:59:32.139+0000] {processor.py:840} INFO - DAG(s) 'etl_users_pipeline' retrieved from /opt/airflow/dags/etl_users_dag.py
[2026-03-07T20:59:32.196+0000] {logging_mixin.py:188} INFO - [2026-03-07T20:59:32.196+0000] {dag.py:3089} INFO - Sync 1 DAGs
[2026-03-07T20:59:32.209+0000] {logging_mixin.py:188} INFO - [2026-03-07T20:59:32.209+0000] {dag.py:3947} INFO - Setting next_dagrun for etl_users_pipeline to None, run_after=None
[2026-03-07T20:59:32.228+0000] {processor.py:183} INFO - Processing /opt/airflow/dags/etl_users_dag.py took 0.142 seconds
[2026-03-07T21:00:02.494+0000] {processor.py:161} INFO - Started process (PID=1100) to work on /opt/airflow/dags/etl_users_dag.py
[2026-03-07T21:00:02.499+0000] {processor.py:830} INFO - Processing file /opt/airflow/dags/etl_users_dag.py for tasks to queue
[2026-03-07T21:00:02.504+0000] {logging_mixin.py:188} INFO - [2026-03-07T21:00:02.504+0000] {dagbag.py:545} INFO - Filling up the DagBag from /opt/airflow/dags/etl_users_dag.py
[2026-03-07T21:00:02.525+0000] {processor.py:840} INFO - DAG(s) 'etl_users_pipeline' retrieved from /opt/airflow/dags/etl_users_dag.py
[2026-03-07T21:00:02.578+0000] {logging_mixin.py:188} INFO - [2026-03-07T21:00:02.578+0000] {dag.py:3089} INFO - Sync 1 DAGs
[2026-03-07T21:00:02.595+0000] {logging_mixin.py:188} INFO - [2026-03-07T21:00:02.595+0000] {dag.py:3947} INFO - Setting next_dagrun for etl_users_pipeline to None, run_after=None
[2026-03-07T21:00:02.610+0000] {processor.py:183} INFO - Processing /opt/airflow/dags/etl_users_dag.py took 0.140 seconds
[2026-03-07T21:00:33.018+0000] {processor.py:161} INFO - Started process (PID=1110) to work on /opt/airflow/dags/etl_users_dag.py
[2026-03-07T21:00:33.020+0000] {processor.py:830} INFO - Processing file /opt/airflow/dags/etl_users_dag.py for tasks to queue
[2026-03-07T21:00:33.024+0000] {logging_mixin.py:188} INFO - [2026-03-07T21:00:33.024+0000] {dagbag.py:545} INFO - Filling up the DagBag from /opt/airflow/dags/etl_users_dag.py
[2026-03-07T21:00:33.045+0000] {processor.py:840} INFO - DAG(s) 'etl_users_pipeline' retrieved from /opt/airflow/dags/etl_users_dag.py
[2026-03-07T21:00:33.093+0000] {logging_mixin.py:188} INFO - [2026-03-07T21:00:33.093+0000] {dag.py:3089} INFO - Sync 1 DAGs
[2026-03-07T21:00:33.109+0000] {logging_mixin.py:188} INFO - [2026-03-07T21:00:33.108+0000] {dag.py:3947} INFO - Setting next_dagrun for etl_users_pipeline to None, run_after=None
[2026-03-07T21:00:33.125+0000] {processor.py:183} INFO - Processing /opt/airflow/dags/etl_users_dag.py took 0.124 seconds
[2026-03-07T21:01:03.545+0000] {processor.py:161} INFO - Started process (PID=1120) to work on /opt/airflow/dags/etl_users_dag.py
[2026-03-07T21:01:03.549+0000] {processor.py:830} INFO - Processing file /opt/airflow/dags/etl_users_dag.py for tasks to queue
[2026-03-07T21:01:03.552+0000] {logging_mixin.py:188} INFO - [2026-03-07T21:01:03.551+0000] {dagbag.py:545} INFO - Filling up the DagBag from /opt/airflow/dags/etl_users_dag.py
[2026-03-07T21:01:03.574+0000] {processor.py:840} INFO - DAG(s) 'etl_users_pipeline' retrieved from /opt/airflow/dags/etl_users_dag.py
[2026-03-07T21:01:03.612+0000] {logging_mixin.py:188} INFO - [2026-03-07T21:01:03.611+0000] {dag.py:3089} INFO - Sync 1 DAGs
[2026-03-07T21:01:03.636+0000] {logging_mixin.py:188} INFO - [2026-03-07T21:01:03.635+0000] {dag.py:3947} INFO - Setting next_dagrun for etl_users_pipeline to None, run_after=None
[2026-03-07T21:01:03.656+0000] {processor.py:183} INFO - Processing /opt/airflow/dags/etl_users_dag.py took 0.139 seconds
[2026-03-07T21:01:34.187+0000] {processor.py:161} INFO - Started process (PID=1130) to work on /opt/airflow/dags/etl_users_dag.py
[2026-03-07T21:01:34.189+0000] {processor.py:830} INFO - Processing file /opt/airflow/dags/etl_users_dag.py for tasks to queue
[2026-03-07T21:01:34.193+0000] {logging_mixin.py:188} INFO - [2026-03-07T21:01:34.192+0000] {dagbag.py:545} INFO - Filling up the DagBag from /opt/airflow/dags/etl_users_dag.py
[2026-03-07T21:01:34.229+0000] {processor.py:840} INFO - DAG(s) 'etl_users_pipeline' retrieved from /opt/airflow/dags/etl_users_dag.py
[2026-03-07T21:01:34.300+0000] {logging_mixin.py:188} INFO - [2026-03-07T21:01:34.299+0000] {dag.py:3089} INFO - Sync 1 DAGs
[2026-03-07T21:01:34.319+0000] {logging_mixin.py:188} INFO - [2026-03-07T21:01:34.319+0000] {dag.py:3947} INFO - Setting next_dagrun for etl_users_pipeline to None, run_after=None
[2026-03-07T21:01:34.350+0000] {processor.py:183} INFO - Processing /opt/airflow/dags/etl_users_dag.py took 0.177 seconds
[2026-03-07T21:02:04.784+0000] {processor.py:161} INFO - Started process (PID=1140) to work on /opt/airflow/dags/etl_users_dag.py
[2026-03-07T21:02:04.788+0000] {processor.py:830} INFO - Processing file /opt/airflow/dags/etl_users_dag.py for tasks to queue
[2026-03-07T21:02:04.790+0000] {logging_mixin.py:188} INFO - [2026-03-07T21:02:04.790+0000] {dagbag.py:545} INFO - Filling up the DagBag from /opt/airflow/dags/etl_users_dag.py
[2026-03-07T21:02:04.811+0000] {processor.py:840} INFO - DAG(s) 'etl_users_pipeline' retrieved from /opt/airflow/dags/etl_users_dag.py
[2026-03-07T21:02:04.856+0000] {logging_mixin.py:188} INFO - [2026-03-07T21:02:04.856+0000] {dag.py:3089} INFO - Sync 1 DAGs
[2026-03-07T21:02:04.878+0000] {logging_mixin.py:188} INFO - [2026-03-07T21:02:04.877+0000] {dag.py:3947} INFO - Setting next_dagrun for etl_users_pipeline to None, run_after=None
[2026-03-07T21:02:04.898+0000] {processor.py:183} INFO - Processing /opt/airflow/dags/etl_users_dag.py took 0.129 seconds
[2026-03-07T21:02:35.201+0000] {processor.py:161} INFO - Started process (PID=1150) to work on /opt/airflow/dags/etl_users_dag.py
[2026-03-07T21:02:35.203+0000] {processor.py:830} INFO - Processing file /opt/airflow/dags/etl_users_dag.py for tasks to queue
[2026-03-07T21:02:35.207+0000] {logging_mixin.py:188} INFO - [2026-03-07T21:02:35.206+0000] {dagbag.py:545} INFO - Filling up the DagBag from /opt/airflow/dags/etl_users_dag.py
[2026-03-07T21:02:35.224+0000] {processor.py:840} INFO - DAG(s) 'etl_users_pipeline' retrieved from /opt/airflow/dags/etl_users_dag.py
[2026-03-07T21:02:35.288+0000] {logging_mixin.py:188} INFO - [2026-03-07T21:02:35.288+0000] {dag.py:3089} INFO - Sync 1 DAGs
[2026-03-07T21:02:35.305+0000] {logging_mixin.py:188} INFO - [2026-03-07T21:02:35.305+0000] {dag.py:3947} INFO - Setting next_dagrun for etl_users_pipeline to None, run_after=None
[2026-03-07T21:02:35.324+0000] {processor.py:183} INFO - Processing /opt/airflow/dags/etl_users_dag.py took 0.144 seconds
[2026-03-07T21:03:05.878+0000] {processor.py:161} INFO - Started process (PID=1160) to work on /opt/airflow/dags/etl_users_dag.py
[2026-03-07T21:03:05.880+0000] {processor.py:830} INFO - Processing file /opt/airflow/dags/etl_users_dag.py for tasks to queue
[2026-03-07T21:03:05.885+0000] {logging_mixin.py:188} INFO - [2026-03-07T21:03:05.885+0000] {dagbag.py:545} INFO - Filling up the DagBag from /opt/airflow/dags/etl_users_dag.py
[2026-03-07T21:03:05.902+0000] {processor.py:840} INFO - DAG(s) 'etl_users_pipeline' retrieved from /opt/airflow/dags/etl_users_dag.py
[2026-03-07T21:03:05.964+0000] {logging_mixin.py:188} INFO - [2026-03-07T21:03:05.964+0000] {dag.py:3089} INFO - Sync 1 DAGs
[2026-03-07T21:03:05.978+0000] {logging_mixin.py:188} INFO - [2026-03-07T21:03:05.978+0000] {dag.py:3947} INFO - Setting next_dagrun for etl_users_pipeline to None, run_after=None
[2026-03-07T21:03:05.996+0000] {processor.py:183} INFO - Processing /opt/airflow/dags/etl_users_dag.py took 0.150 seconds
[2026-03-07T21:03:36.539+0000] {processor.py:161} INFO - Started process (PID=1170) to work on /opt/airflow/dags/etl_users_dag.py
[2026-03-07T21:03:36.542+0000] {processor.py:830} INFO - Processing file /opt/airflow/dags/etl_users_dag.py for tasks to queue
[2026-03-07T21:03:36.545+0000] {logging_mixin.py:188} INFO - [2026-03-07T21:03:36.544+0000] {dagbag.py:545} INFO - Filling up the DagBag from /opt/airflow/dags/etl_users_dag.py
[2026-03-07T21:03:36.583+0000] {processor.py:840} INFO - DAG(s) 'etl_users_pipeline' retrieved from /opt/airflow/dags/etl_users_dag.py
[2026-03-07T21:03:36.647+0000] {logging_mixin.py:188} INFO - [2026-03-07T21:03:36.647+0000] {dag.py:3089} INFO - Sync 1 DAGs
[2026-03-07T21:03:36.658+0000] {logging_mixin.py:188} INFO - [2026-03-07T21:03:36.658+0000] {dag.py:3947} INFO - Setting next_dagrun for etl_users_pipeline to None, run_after=None
[2026-03-07T21:03:36.674+0000] {processor.py:183} INFO - Processing /opt/airflow/dags/etl_users_dag.py took 0.147 seconds
[2026-03-07T21:04:06.960+0000] {processor.py:161} INFO - Started process (PID=1180) to work on /opt/airflow/dags/etl_users_dag.py
[2026-03-07T21:04:06.963+0000] {processor.py:830} INFO - Processing file /opt/airflow/dags/etl_users_dag.py for tasks to queue
[2026-03-07T21:04:06.966+0000] {logging_mixin.py:188} INFO - [2026-03-07T21:04:06.966+0000] {dagbag.py:545} INFO - Filling up the DagBag from /opt/airflow/dags/etl_users_dag.py
[2026-03-07T21:04:06.988+0000] {processor.py:840} INFO - DAG(s) 'etl_users_pipeline' retrieved from /opt/airflow/dags/etl_users_dag.py
[2026-03-07T21:04:07.033+0000] {logging_mixin.py:188} INFO - [2026-03-07T21:04:07.033+0000] {dag.py:3089} INFO - Sync 1 DAGs
[2026-03-07T21:04:07.053+0000] {logging_mixin.py:188} INFO - [2026-03-07T21:04:07.053+0000] {dag.py:3947} INFO - Setting next_dagrun for etl_users_pipeline to None, run_after=None
[2026-03-07T21:04:07.073+0000] {processor.py:183} INFO - Processing /opt/airflow/dags/etl_users_dag.py took 0.140 seconds
[2026-03-07T21:04:37.493+0000] {processor.py:161} INFO - Started process (PID=1190) to work on /opt/airflow/dags/etl_users_dag.py
[2026-03-07T21:04:37.496+0000] {processor.py:830} INFO - Processing file /opt/airflow/dags/etl_users_dag.py for tasks to queue
[2026-03-07T21:04:37.499+0000] {logging_mixin.py:188} INFO - [2026-03-07T21:04:37.498+0000] {dagbag.py:545} INFO - Filling up the DagBag from /opt/airflow/dags/etl_users_dag.py
[2026-03-07T21:04:37.518+0000] {processor.py:840} INFO - DAG(s) 'etl_users_pipeline' retrieved from /opt/airflow/dags/etl_users_dag.py
[2026-03-07T21:04:37.565+0000] {logging_mixin.py:188} INFO - [2026-03-07T21:04:37.565+0000] {dag.py:3089} INFO - Sync 1 DAGs
[2026-03-07T21:04:37.575+0000] {logging_mixin.py:188} INFO - [2026-03-07T21:04:37.575+0000] {dag.py:3947} INFO - Setting next_dagrun for etl_users_pipeline to None, run_after=None
[2026-03-07T21:04:37.590+0000] {processor.py:183} INFO - Processing /opt/airflow/dags/etl_users_dag.py took 0.111 seconds
[2026-03-07T21:05:07.930+0000] {processor.py:161} INFO - Started process (PID=1200) to work on /opt/airflow/dags/etl_users_dag.py
[2026-03-07T21:05:07.933+0000] {processor.py:830} INFO - Processing file /opt/airflow/dags/etl_users_dag.py for tasks to queue
[2026-03-07T21:05:07.935+0000] {logging_mixin.py:188} INFO - [2026-03-07T21:05:07.935+0000] {dagbag.py:545} INFO - Filling up the DagBag from /opt/airflow/dags/etl_users_dag.py
[2026-03-07T21:05:07.951+0000] {processor.py:840} INFO - DAG(s) 'etl_users_pipeline' retrieved from /opt/airflow/dags/etl_users_dag.py
[2026-03-07T21:05:07.997+0000] {logging_mixin.py:188} INFO - [2026-03-07T21:05:07.997+0000] {dag.py:3089} INFO - Sync 1 DAGs
[2026-03-07T21:05:08.013+0000] {logging_mixin.py:188} INFO - [2026-03-07T21:05:08.013+0000] {dag.py:3947} INFO - Setting next_dagrun for etl_users_pipeline to None, run_after=None
[2026-03-07T21:05:08.028+0000] {processor.py:183} INFO - Processing /opt/airflow/dags/etl_users_dag.py took 0.117 seconds
[2026-03-07T21:05:38.476+0000] {processor.py:161} INFO - Started process (PID=1210) to work on /opt/airflow/dags/etl_users_dag.py
[2026-03-07T21:05:38.478+0000] {processor.py:830} INFO - Processing file /opt/airflow/dags/etl_users_dag.py for tasks to queue
[2026-03-07T21:05:38.482+0000] {logging_mixin.py:188} INFO - [2026-03-07T21:05:38.482+0000] {dagbag.py:545} INFO - Filling up the DagBag from /opt/airflow/dags/etl_users_dag.py
[2026-03-07T21:05:38.512+0000] {processor.py:840} INFO - DAG(s) 'etl_users_pipeline' retrieved from /opt/airflow/dags/etl_users_dag.py
[2026-03-07T21:05:38.558+0000] {logging_mixin.py:188} INFO - [2026-03-07T21:05:38.558+0000] {dag.py:3089} INFO - Sync 1 DAGs
[2026-03-07T21:05:38.579+0000] {logging_mixin.py:188} INFO - [2026-03-07T21:05:38.579+0000] {dag.py:3947} INFO - Setting next_dagrun for etl_users_pipeline to None, run_after=None
[2026-03-07T21:05:38.609+0000] {processor.py:183} INFO - Processing /opt/airflow/dags/etl_users_dag.py took 0.146 seconds
[2026-03-07T21:06:08.960+0000] {processor.py:161} INFO - Started process (PID=1220) to work on /opt/airflow/dags/etl_users_dag.py
[2026-03-07T21:06:08.967+0000] {processor.py:830} INFO - Processing file /opt/airflow/dags/etl_users_dag.py for tasks to queue
[2026-03-07T21:06:08.974+0000] {logging_mixin.py:188} INFO - [2026-03-07T21:06:08.973+0000] {dagbag.py:545} INFO - Filling up the DagBag from /opt/airflow/dags/etl_users_dag.py
[2026-03-07T21:06:08.991+0000] {processor.py:840} INFO - DAG(s) 'etl_users_pipeline' retrieved from /opt/airflow/dags/etl_users_dag.py
[2026-03-07T21:06:09.049+0000] {logging_mixin.py:188} INFO - [2026-03-07T21:06:09.049+0000] {dag.py:3089} INFO - Sync 1 DAGs
[2026-03-07T21:06:09.062+0000] {logging_mixin.py:188} INFO - [2026-03-07T21:06:09.062+0000] {dag.py:3947} INFO - Setting next_dagrun for etl_users_pipeline to None, run_after=None
[2026-03-07T21:06:09.077+0000] {processor.py:183} INFO - Processing /opt/airflow/dags/etl_users_dag.py took 0.140 seconds
[2026-03-07T21:06:39.556+0000] {processor.py:161} INFO - Started process (PID=1230) to work on /opt/airflow/dags/etl_users_dag.py
[2026-03-07T21:06:39.558+0000] {processor.py:830} INFO - Processing file /opt/airflow/dags/etl_users_dag.py for tasks to queue
[2026-03-07T21:06:39.562+0000] {logging_mixin.py:188} INFO - [2026-03-07T21:06:39.562+0000] {dagbag.py:545} INFO - Filling up the DagBag from /opt/airflow/dags/etl_users_dag.py
[2026-03-07T21:06:39.578+0000] {processor.py:840} INFO - DAG(s) 'etl_users_pipeline' retrieved from /opt/airflow/dags/etl_users_dag.py
[2026-03-07T21:06:39.624+0000] {logging_mixin.py:188} INFO - [2026-03-07T21:06:39.624+0000] {dag.py:3089} INFO - Sync 1 DAGs
[2026-03-07T21:06:39.635+0000] {logging_mixin.py:188} INFO - [2026-03-07T21:06:39.634+0000] {dag.py:3947} INFO - Setting next_dagrun for etl_users_pipeline to None, run_after=None
[2026-03-07T21:06:39.650+0000] {processor.py:183} INFO - Processing /opt/airflow/dags/etl_users_dag.py took 0.106 seconds
[2026-03-07T21:07:09.985+0000] {processor.py:161} INFO - Started process (PID=1240) to work on /opt/airflow/dags/etl_users_dag.py
[2026-03-07T21:07:09.987+0000] {processor.py:830} INFO - Processing file /opt/airflow/dags/etl_users_dag.py for tasks to queue
[2026-03-07T21:07:09.990+0000] {logging_mixin.py:188} INFO - [2026-03-07T21:07:09.990+0000] {dagbag.py:545} INFO - Filling up the DagBag from /opt/airflow/dags/etl_users_dag.py
[2026-03-07T21:07:10.001+0000] {processor.py:840} INFO - DAG(s) 'etl_users_pipeline' retrieved from /opt/airflow/dags/etl_users_dag.py
[2026-03-07T21:07:10.033+0000] {logging_mixin.py:188} INFO - [2026-03-07T21:07:10.033+0000] {dag.py:3089} INFO - Sync 1 DAGs
[2026-03-07T21:07:10.042+0000] {logging_mixin.py:188} INFO - [2026-03-07T21:07:10.042+0000] {dag.py:3947} INFO - Setting next_dagrun for etl_users_pipeline to None, run_after=None
[2026-03-07T21:07:10.055+0000] {processor.py:183} INFO - Processing /opt/airflow/dags/etl_users_dag.py took 0.080 seconds
[2026-03-07T21:07:40.418+0000] {processor.py:161} INFO - Started process (PID=1250) to work on /opt/airflow/dags/etl_users_dag.py
[2026-03-07T21:07:40.421+0000] {processor.py:830} INFO - Processing file /opt/airflow/dags/etl_users_dag.py for tasks to queue
[2026-03-07T21:07:40.423+0000] {logging_mixin.py:188} INFO - [2026-03-07T21:07:40.423+0000] {dagbag.py:545} INFO - Filling up the DagBag from /opt/airflow/dags/etl_users_dag.py
[2026-03-07T21:07:40.455+0000] {processor.py:840} INFO - DAG(s) 'etl_users_pipeline' retrieved from /opt/airflow/dags/etl_users_dag.py
[2026-03-07T21:07:40.492+0000] {logging_mixin.py:188} INFO - [2026-03-07T21:07:40.492+0000] {dag.py:3089} INFO - Sync 1 DAGs
[2026-03-07T21:07:40.502+0000] {logging_mixin.py:188} INFO - [2026-03-07T21:07:40.502+0000] {dag.py:3947} INFO - Setting next_dagrun for etl_users_pipeline to None, run_after=None
[2026-03-07T21:07:40.525+0000] {processor.py:183} INFO - Processing /opt/airflow/dags/etl_users_dag.py took 0.121 seconds
[2026-03-07T21:08:10.813+0000] {processor.py:161} INFO - Started process (PID=1260) to work on /opt/airflow/dags/etl_users_dag.py
[2026-03-07T21:08:10.816+0000] {processor.py:830} INFO - Processing file /opt/airflow/dags/etl_users_dag.py for tasks to queue
[2026-03-07T21:08:10.819+0000] {logging_mixin.py:188} INFO - [2026-03-07T21:08:10.819+0000] {dagbag.py:545} INFO - Filling up the DagBag from /opt/airflow/dags/etl_users_dag.py
[2026-03-07T21:08:10.851+0000] {processor.py:840} INFO - DAG(s) 'etl_users_pipeline' retrieved from /opt/airflow/dags/etl_users_dag.py
[2026-03-07T21:08:10.901+0000] {logging_mixin.py:188} INFO - [2026-03-07T21:08:10.901+0000] {dag.py:3089} INFO - Sync 1 DAGs
[2026-03-07T21:08:10.929+0000] {logging_mixin.py:188} INFO - [2026-03-07T21:08:10.928+0000] {dag.py:3947} INFO - Setting next_dagrun for etl_users_pipeline to None, run_after=None
[2026-03-07T21:08:10.947+0000] {processor.py:183} INFO - Processing /opt/airflow/dags/etl_users_dag.py took 0.147 seconds
[2026-03-07T21:08:41.207+0000] {processor.py:161} INFO - Started process (PID=1270) to work on /opt/airflow/dags/etl_users_dag.py
[2026-03-07T21:08:41.209+0000] {processor.py:830} INFO - Processing file /opt/airflow/dags/etl_users_dag.py for tasks to queue
[2026-03-07T21:08:41.213+0000] {logging_mixin.py:188} INFO - [2026-03-07T21:08:41.213+0000] {dagbag.py:545} INFO - Filling up the DagBag from /opt/airflow/dags/etl_users_dag.py
[2026-03-07T21:08:41.230+0000] {processor.py:840} INFO - DAG(s) 'etl_users_pipeline' retrieved from /opt/airflow/dags/etl_users_dag.py
[2026-03-07T21:08:41.267+0000] {logging_mixin.py:188} INFO - [2026-03-07T21:08:41.267+0000] {dag.py:3089} INFO - Sync 1 DAGs
[2026-03-07T21:08:41.286+0000] {logging_mixin.py:188} INFO - [2026-03-07T21:08:41.285+0000] {dag.py:3947} INFO - Setting next_dagrun for etl_users_pipeline to None, run_after=None
[2026-03-07T21:08:41.301+0000] {processor.py:183} INFO - Processing /opt/airflow/dags/etl_users_dag.py took 0.119 seconds
[2026-03-07T21:09:11.777+0000] {processor.py:161} INFO - Started process (PID=1280) to work on /opt/airflow/dags/etl_users_dag.py
[2026-03-07T21:09:11.779+0000] {processor.py:830} INFO - Processing file /opt/airflow/dags/etl_users_dag.py for tasks to queue
[2026-03-07T21:09:11.783+0000] {logging_mixin.py:188} INFO - [2026-03-07T21:09:11.783+0000] {dagbag.py:545} INFO - Filling up the DagBag from /opt/airflow/dags/etl_users_dag.py
[2026-03-07T21:09:11.802+0000] {processor.py:840} INFO - DAG(s) 'etl_users_pipeline' retrieved from /opt/airflow/dags/etl_users_dag.py
[2026-03-07T21:09:11.853+0000] {logging_mixin.py:188} INFO - [2026-03-07T21:09:11.853+0000] {dag.py:3089} INFO - Sync 1 DAGs
[2026-03-07T21:09:11.864+0000] {logging_mixin.py:188} INFO - [2026-03-07T21:09:11.864+0000] {dag.py:3947} INFO - Setting next_dagrun for etl_users_pipeline to None, run_after=None
[2026-03-07T21:09:11.879+0000] {processor.py:183} INFO - Processing /opt/airflow/dags/etl_users_dag.py took 0.133 seconds
[2026-03-07T21:09:42.309+0000] {processor.py:161} INFO - Started process (PID=1290) to work on /opt/airflow/dags/etl_users_dag.py
[2026-03-07T21:09:42.311+0000] {processor.py:830} INFO - Processing file /opt/airflow/dags/etl_users_dag.py for tasks to queue
[2026-03-07T21:09:42.315+0000] {logging_mixin.py:188} INFO - [2026-03-07T21:09:42.314+0000] {dagbag.py:545} INFO - Filling up the DagBag from /opt/airflow/dags/etl_users_dag.py
[2026-03-07T21:09:42.334+0000] {processor.py:840} INFO - DAG(s) 'etl_users_pipeline' retrieved from /opt/airflow/dags/etl_users_dag.py
[2026-03-07T21:09:42.381+0000] {logging_mixin.py:188} INFO - [2026-03-07T21:09:42.381+0000] {dag.py:3089} INFO - Sync 1 DAGs
[2026-03-07T21:09:42.394+0000] {logging_mixin.py:188} INFO - [2026-03-07T21:09:42.394+0000] {dag.py:3947} INFO - Setting next_dagrun for etl_users_pipeline to None, run_after=None
[2026-03-07T21:09:42.412+0000] {processor.py:183} INFO - Processing /opt/airflow/dags/etl_users_dag.py took 0.120 seconds
[2026-03-07T21:10:12.865+0000] {processor.py:161} INFO - Started process (PID=1300) to work on /opt/airflow/dags/etl_users_dag.py
[2026-03-07T21:10:12.868+0000] {processor.py:830} INFO - Processing file /opt/airflow/dags/etl_users_dag.py for tasks to queue
[2026-03-07T21:10:12.871+0000] {logging_mixin.py:188} INFO - [2026-03-07T21:10:12.870+0000] {dagbag.py:545} INFO - Filling up the DagBag from /opt/airflow/dags/etl_users_dag.py
[2026-03-07T21:10:12.896+0000] {processor.py:840} INFO - DAG(s) 'etl_users_pipeline' retrieved from /opt/airflow/dags/etl_users_dag.py
[2026-03-07T21:10:12.991+0000] {logging_mixin.py:188} INFO - [2026-03-07T21:10:12.991+0000] {dag.py:3089} INFO - Sync 1 DAGs
[2026-03-07T21:10:13.012+0000] {logging_mixin.py:188} INFO - [2026-03-07T21:10:13.011+0000] {dag.py:3947} INFO - Setting next_dagrun for etl_users_pipeline to None, run_after=None
[2026-03-07T21:10:13.049+0000] {processor.py:183} INFO - Processing /opt/airflow/dags/etl_users_dag.py took 0.209 seconds
[2026-03-07T21:10:43.422+0000] {processor.py:161} INFO - Started process (PID=1310) to work on /opt/airflow/dags/etl_users_dag.py
[2026-03-07T21:10:43.425+0000] {processor.py:830} INFO - Processing file /opt/airflow/dags/etl_users_dag.py for tasks to queue
[2026-03-07T21:10:43.429+0000] {logging_mixin.py:188} INFO - [2026-03-07T21:10:43.429+0000] {dagbag.py:545} INFO - Filling up the DagBag from /opt/airflow/dags/etl_users_dag.py
[2026-03-07T21:10:43.446+0000] {processor.py:840} INFO - DAG(s) 'etl_users_pipeline' retrieved from /opt/airflow/dags/etl_users_dag.py
[2026-03-07T21:10:43.508+0000] {logging_mixin.py:188} INFO - [2026-03-07T21:10:43.507+0000] {dag.py:3089} INFO - Sync 1 DAGs
[2026-03-07T21:10:43.520+0000] {logging_mixin.py:188} INFO - [2026-03-07T21:10:43.520+0000] {dag.py:3947} INFO - Setting next_dagrun for etl_users_pipeline to None, run_after=None
[2026-03-07T21:10:43.540+0000] {processor.py:183} INFO - Processing /opt/airflow/dags/etl_users_dag.py took 0.143 seconds
[2026-03-07T21:11:13.797+0000] {processor.py:161} INFO - Started process (PID=1320) to work on /opt/airflow/dags/etl_users_dag.py
[2026-03-07T21:11:13.799+0000] {processor.py:830} INFO - Processing file /opt/airflow/dags/etl_users_dag.py for tasks to queue
[2026-03-07T21:11:13.803+0000] {logging_mixin.py:188} INFO - [2026-03-07T21:11:13.803+0000] {dagbag.py:545} INFO - Filling up the DagBag from /opt/airflow/dags/etl_users_dag.py
[2026-03-07T21:11:13.824+0000] {processor.py:840} INFO - DAG(s) 'etl_users_pipeline' retrieved from /opt/airflow/dags/etl_users_dag.py
[2026-03-07T21:11:13.893+0000] {logging_mixin.py:188} INFO - [2026-03-07T21:11:13.893+0000] {dag.py:3089} INFO - Sync 1 DAGs
[2026-03-07T21:11:13.903+0000] {logging_mixin.py:188} INFO - [2026-03-07T21:11:13.903+0000] {dag.py:3947} INFO - Setting next_dagrun for etl_users_pipeline to None, run_after=None
[2026-03-07T21:11:13.927+0000] {processor.py:183} INFO - Processing /opt/airflow/dags/etl_users_dag.py took 0.157 seconds
[2026-03-07T21:11:44.341+0000] {processor.py:161} INFO - Started process (PID=1330) to work on /opt/airflow/dags/etl_users_dag.py
[2026-03-07T21:11:44.344+0000] {processor.py:830} INFO - Processing file /opt/airflow/dags/etl_users_dag.py for tasks to queue
[2026-03-07T21:11:44.347+0000] {logging_mixin.py:188} INFO - [2026-03-07T21:11:44.347+0000] {dagbag.py:545} INFO - Filling up the DagBag from /opt/airflow/dags/etl_users_dag.py
[2026-03-07T21:11:44.364+0000] {processor.py:840} INFO - DAG(s) 'etl_users_pipeline' retrieved from /opt/airflow/dags/etl_users_dag.py
[2026-03-07T21:11:44.413+0000] {logging_mixin.py:188} INFO - [2026-03-07T21:11:44.413+0000] {dag.py:3089} INFO - Sync 1 DAGs
[2026-03-07T21:11:44.428+0000] {logging_mixin.py:188} INFO - [2026-03-07T21:11:44.428+0000] {dag.py:3947} INFO - Setting next_dagrun for etl_users_pipeline to None, run_after=None
[2026-03-07T21:11:44.444+0000] {processor.py:183} INFO - Processing /opt/airflow/dags/etl_users_dag.py took 0.135 seconds
[2026-03-07T21:12:14.727+0000] {processor.py:161} INFO - Started process (PID=1340) to work on /opt/airflow/dags/etl_users_dag.py
[2026-03-07T21:12:14.736+0000] {processor.py:830} INFO - Processing file /opt/airflow/dags/etl_users_dag.py for tasks to queue
[2026-03-07T21:12:14.750+0000] {logging_mixin.py:188} INFO - [2026-03-07T21:12:14.750+0000] {dagbag.py:545} INFO - Filling up the DagBag from /opt/airflow/dags/etl_users_dag.py
[2026-03-07T21:12:14.801+0000] {processor.py:840} INFO - DAG(s) 'etl_users_pipeline' retrieved from /opt/airflow/dags/etl_users_dag.py
[2026-03-07T21:12:14.928+0000] {logging_mixin.py:188} INFO - [2026-03-07T21:12:14.927+0000] {dag.py:3089} INFO - Sync 1 DAGs
[2026-03-07T21:12:14.947+0000] {logging_mixin.py:188} INFO - [2026-03-07T21:12:14.947+0000] {dag.py:3947} INFO - Setting next_dagrun for etl_users_pipeline to None, run_after=None
[2026-03-07T21:12:14.995+0000] {processor.py:183} INFO - Processing /opt/airflow/dags/etl_users_dag.py took 0.295 seconds
[2026-03-07T21:12:45.385+0000] {processor.py:161} INFO - Started process (PID=1350) to work on /opt/airflow/dags/etl_users_dag.py
[2026-03-07T21:12:45.388+0000] {processor.py:830} INFO - Processing file /opt/airflow/dags/etl_users_dag.py for tasks to queue
[2026-03-07T21:12:45.397+0000] {logging_mixin.py:188} INFO - [2026-03-07T21:12:45.396+0000] {dagbag.py:545} INFO - Filling up the DagBag from /opt/airflow/dags/etl_users_dag.py
[2026-03-07T21:12:45.425+0000] {processor.py:840} INFO - DAG(s) 'etl_users_pipeline' retrieved from /opt/airflow/dags/etl_users_dag.py
[2026-03-07T21:12:45.481+0000] {logging_mixin.py:188} INFO - [2026-03-07T21:12:45.480+0000] {dag.py:3089} INFO - Sync 1 DAGs
[2026-03-07T21:12:45.497+0000] {logging_mixin.py:188} INFO - [2026-03-07T21:12:45.497+0000] {dag.py:3947} INFO - Setting next_dagrun for etl_users_pipeline to None, run_after=None
[2026-03-07T21:12:45.520+0000] {processor.py:183} INFO - Processing /opt/airflow/dags/etl_users_dag.py took 0.152 seconds
[2026-03-07T21:13:15.983+0000] {processor.py:161} INFO - Started process (PID=1360) to work on /opt/airflow/dags/etl_users_dag.py
[2026-03-07T21:13:15.986+0000] {processor.py:830} INFO - Processing file /opt/airflow/dags/etl_users_dag.py for tasks to queue
[2026-03-07T21:13:15.990+0000] {logging_mixin.py:188} INFO - [2026-03-07T21:13:15.990+0000] {dagbag.py:545} INFO - Filling up the DagBag from /opt/airflow/dags/etl_users_dag.py
[2026-03-07T21:13:16.018+0000] {processor.py:840} INFO - DAG(s) 'etl_users_pipeline' retrieved from /opt/airflow/dags/etl_users_dag.py
[2026-03-07T21:13:16.071+0000] {logging_mixin.py:188} INFO - [2026-03-07T21:13:16.071+0000] {dag.py:3089} INFO - Sync 1 DAGs
[2026-03-07T21:13:16.086+0000] {logging_mixin.py:188} INFO - [2026-03-07T21:13:16.085+0000] {dag.py:3947} INFO - Setting next_dagrun for etl_users_pipeline to None, run_after=None
[2026-03-07T21:13:16.107+0000] {processor.py:183} INFO - Processing /opt/airflow/dags/etl_users_dag.py took 0.137 seconds
[2026-03-07T21:13:46.554+0000] {processor.py:161} INFO - Started process (PID=1370) to work on /opt/airflow/dags/etl_users_dag.py
[2026-03-07T21:13:46.556+0000] {processor.py:830} INFO - Processing file /opt/airflow/dags/etl_users_dag.py for tasks to queue
[2026-03-07T21:13:46.560+0000] {logging_mixin.py:188} INFO - [2026-03-07T21:13:46.559+0000] {dagbag.py:545} INFO - Filling up the DagBag from /opt/airflow/dags/etl_users_dag.py
[2026-03-07T21:13:46.578+0000] {processor.py:840} INFO - DAG(s) 'etl_users_pipeline' retrieved from /opt/airflow/dags/etl_users_dag.py
[2026-03-07T21:13:46.634+0000] {logging_mixin.py:188} INFO - [2026-03-07T21:13:46.634+0000] {dag.py:3089} INFO - Sync 1 DAGs
[2026-03-07T21:13:46.647+0000] {logging_mixin.py:188} INFO - [2026-03-07T21:13:46.647+0000] {dag.py:3947} INFO - Setting next_dagrun for etl_users_pipeline to None, run_after=None
[2026-03-07T21:13:46.663+0000] {processor.py:183} INFO - Processing /opt/airflow/dags/etl_users_dag.py took 0.120 seconds
[2026-03-07T21:14:16.959+0000] {processor.py:161} INFO - Started process (PID=1380) to work on /opt/airflow/dags/etl_users_dag.py
[2026-03-07T21:14:16.962+0000] {processor.py:830} INFO - Processing file /opt/airflow/dags/etl_users_dag.py for tasks to queue
[2026-03-07T21:14:16.965+0000] {logging_mixin.py:188} INFO - [2026-03-07T21:14:16.965+0000] {dagbag.py:545} INFO - Filling up the DagBag from /opt/airflow/dags/etl_users_dag.py
[2026-03-07T21:14:16.997+0000] {processor.py:840} INFO - DAG(s) 'etl_users_pipeline' retrieved from /opt/airflow/dags/etl_users_dag.py
[2026-03-07T21:14:17.045+0000] {logging_mixin.py:188} INFO - [2026-03-07T21:14:17.045+0000] {dag.py:3089} INFO - Sync 1 DAGs
[2026-03-07T21:14:17.069+0000] {logging_mixin.py:188} INFO - [2026-03-07T21:14:17.069+0000] {dag.py:3947} INFO - Setting next_dagrun for etl_users_pipeline to None, run_after=None
[2026-03-07T21:14:17.088+0000] {processor.py:183} INFO - Processing /opt/airflow/dags/etl_users_dag.py took 0.139 seconds
[2026-03-07T21:14:47.165+0000] {processor.py:161} INFO - Started process (PID=1390) to work on /opt/airflow/dags/etl_users_dag.py
[2026-03-07T21:14:47.166+0000] {processor.py:830} INFO - Processing file /opt/airflow/dags/etl_users_dag.py for tasks to queue
[2026-03-07T21:14:47.168+0000] {logging_mixin.py:188} INFO - [2026-03-07T21:14:47.168+0000] {dagbag.py:545} INFO - Filling up the DagBag from /opt/airflow/dags/etl_users_dag.py
[2026-03-07T21:14:47.182+0000] {processor.py:840} INFO - DAG(s) 'etl_users_pipeline' retrieved from /opt/airflow/dags/etl_users_dag.py
[2026-03-07T21:14:47.217+0000] {logging_mixin.py:188} INFO - [2026-03-07T21:14:47.217+0000] {dag.py:3089} INFO - Sync 1 DAGs
[2026-03-07T21:14:47.228+0000] {logging_mixin.py:188} INFO - [2026-03-07T21:14:47.228+0000] {dag.py:3947} INFO - Setting next_dagrun for etl_users_pipeline to None, run_after=None
[2026-03-07T21:14:47.243+0000] {processor.py:183} INFO - Processing /opt/airflow/dags/etl_users_dag.py took 0.087 seconds
[2026-03-07T21:15:17.588+0000] {processor.py:161} INFO - Started process (PID=1400) to work on /opt/airflow/dags/etl_users_dag.py
[2026-03-07T21:15:17.591+0000] {processor.py:830} INFO - Processing file /opt/airflow/dags/etl_users_dag.py for tasks to queue
[2026-03-07T21:15:17.593+0000] {logging_mixin.py:188} INFO - [2026-03-07T21:15:17.593+0000] {dagbag.py:545} INFO - Filling up the DagBag from /opt/airflow/dags/etl_users_dag.py
[2026-03-07T21:15:17.626+0000] {processor.py:840} INFO - DAG(s) 'etl_users_pipeline' retrieved from /opt/airflow/dags/etl_users_dag.py
[2026-03-07T21:15:17.695+0000] {logging_mixin.py:188} INFO - [2026-03-07T21:15:17.695+0000] {dag.py:3089} INFO - Sync 1 DAGs
[2026-03-07T21:15:17.707+0000] {logging_mixin.py:188} INFO - [2026-03-07T21:15:17.707+0000] {dag.py:3947} INFO - Setting next_dagrun for etl_users_pipeline to None, run_after=None
[2026-03-07T21:15:17.731+0000] {processor.py:183} INFO - Processing /opt/airflow/dags/etl_users_dag.py took 0.154 seconds
[2026-03-07T21:15:48.194+0000] {processor.py:161} INFO - Started process (PID=1410) to work on /opt/airflow/dags/etl_users_dag.py
[2026-03-07T21:15:48.196+0000] {processor.py:830} INFO - Processing file /opt/airflow/dags/etl_users_dag.py for tasks to queue
[2026-03-07T21:15:48.199+0000] {logging_mixin.py:188} INFO - [2026-03-07T21:15:48.198+0000] {dagbag.py:545} INFO - Filling up the DagBag from /opt/airflow/dags/etl_users_dag.py
[2026-03-07T21:15:48.219+0000] {processor.py:840} INFO - DAG(s) 'etl_users_pipeline' retrieved from /opt/airflow/dags/etl_users_dag.py
[2026-03-07T21:15:48.281+0000] {logging_mixin.py:188} INFO - [2026-03-07T21:15:48.281+0000] {dag.py:3089} INFO - Sync 1 DAGs
[2026-03-07T21:15:48.295+0000] {logging_mixin.py:188} INFO - [2026-03-07T21:15:48.295+0000] {dag.py:3947} INFO - Setting next_dagrun for etl_users_pipeline to None, run_after=None
[2026-03-07T21:15:48.310+0000] {processor.py:183} INFO - Processing /opt/airflow/dags/etl_users_dag.py took 0.127 seconds
[2026-03-07T21:16:18.573+0000] {processor.py:161} INFO - Started process (PID=1420) to work on /opt/airflow/dags/etl_users_dag.py
[2026-03-07T21:16:18.575+0000] {processor.py:830} INFO - Processing file /opt/airflow/dags/etl_users_dag.py for tasks to queue
[2026-03-07T21:16:18.578+0000] {logging_mixin.py:188} INFO - [2026-03-07T21:16:18.577+0000] {dagbag.py:545} INFO - Filling up the DagBag from /opt/airflow/dags/etl_users_dag.py
[2026-03-07T21:16:18.594+0000] {processor.py:840} INFO - DAG(s) 'etl_users_pipeline' retrieved from /opt/airflow/dags/etl_users_dag.py
[2026-03-07T21:16:18.645+0000] {logging_mixin.py:188} INFO - [2026-03-07T21:16:18.645+0000] {dag.py:3089} INFO - Sync 1 DAGs
[2026-03-07T21:16:18.655+0000] {logging_mixin.py:188} INFO - [2026-03-07T21:16:18.655+0000] {dag.py:3947} INFO - Setting next_dagrun for etl_users_pipeline to None, run_after=None
[2026-03-07T21:16:18.671+0000] {processor.py:183} INFO - Processing /opt/airflow/dags/etl_users_dag.py took 0.110 seconds
[2026-03-07T21:16:49.027+0000] {processor.py:161} INFO - Started process (PID=1430) to work on /opt/airflow/dags/etl_users_dag.py
[2026-03-07T21:16:49.031+0000] {processor.py:830} INFO - Processing file /opt/airflow/dags/etl_users_dag.py for tasks to queue
[2026-03-07T21:16:49.034+0000] {logging_mixin.py:188} INFO - [2026-03-07T21:16:49.033+0000] {dagbag.py:545} INFO - Filling up the DagBag from /opt/airflow/dags/etl_users_dag.py
[2026-03-07T21:16:49.052+0000] {processor.py:840} INFO - DAG(s) 'etl_users_pipeline' retrieved from /opt/airflow/dags/etl_users_dag.py
[2026-03-07T21:16:49.108+0000] {logging_mixin.py:188} INFO - [2026-03-07T21:16:49.108+0000] {dag.py:3089} INFO - Sync 1 DAGs
[2026-03-07T21:16:49.120+0000] {logging_mixin.py:188} INFO - [2026-03-07T21:16:49.120+0000] {dag.py:3947} INFO - Setting next_dagrun for etl_users_pipeline to None, run_after=None
[2026-03-07T21:16:49.139+0000] {processor.py:183} INFO - Processing /opt/airflow/dags/etl_users_dag.py took 0.124 seconds
[2026-03-07T21:17:19.593+0000] {processor.py:161} INFO - Started process (PID=1440) to work on /opt/airflow/dags/etl_users_dag.py
[2026-03-07T21:17:19.596+0000] {processor.py:830} INFO - Processing file /opt/airflow/dags/etl_users_dag.py for tasks to queue
[2026-03-07T21:17:19.599+0000] {logging_mixin.py:188} INFO - [2026-03-07T21:17:19.599+0000] {dagbag.py:545} INFO - Filling up the DagBag from /opt/airflow/dags/etl_users_dag.py
[2026-03-07T21:17:19.623+0000] {processor.py:840} INFO - DAG(s) 'etl_users_pipeline' retrieved from /opt/airflow/dags/etl_users_dag.py
[2026-03-07T21:17:19.672+0000] {logging_mixin.py:188} INFO - [2026-03-07T21:17:19.672+0000] {dag.py:3089} INFO - Sync 1 DAGs
[2026-03-07T21:17:19.688+0000] {logging_mixin.py:188} INFO - [2026-03-07T21:17:19.687+0000] {dag.py:3947} INFO - Setting next_dagrun for etl_users_pipeline to None, run_after=None
[2026-03-07T21:17:19.708+0000] {processor.py:183} INFO - Processing /opt/airflow/dags/etl_users_dag.py took 0.127 seconds
[2026-03-07T21:17:49.944+0000] {processor.py:161} INFO - Started process (PID=1450) to work on /opt/airflow/dags/etl_users_dag.py
[2026-03-07T21:17:49.945+0000] {processor.py:830} INFO - Processing file /opt/airflow/dags/etl_users_dag.py for tasks to queue
[2026-03-07T21:17:49.948+0000] {logging_mixin.py:188} INFO - [2026-03-07T21:17:49.947+0000] {dagbag.py:545} INFO - Filling up the DagBag from /opt/airflow/dags/etl_users_dag.py
[2026-03-07T21:17:49.988+0000] {processor.py:840} INFO - DAG(s) 'etl_users_pipeline' retrieved from /opt/airflow/dags/etl_users_dag.py
[2026-03-07T21:17:50.029+0000] {logging_mixin.py:188} INFO - [2026-03-07T21:17:50.029+0000] {dag.py:3089} INFO - Sync 1 DAGs
[2026-03-07T21:17:50.039+0000] {logging_mixin.py:188} INFO - [2026-03-07T21:17:50.039+0000] {dag.py:3947} INFO - Setting next_dagrun for etl_users_pipeline to None, run_after=None
[2026-03-07T21:17:50.062+0000] {processor.py:183} INFO - Processing /opt/airflow/dags/etl_users_dag.py took 0.128 seconds
[2026-03-07T21:18:20.597+0000] {processor.py:161} INFO - Started process (PID=1460) to work on /opt/airflow/dags/etl_users_dag.py
[2026-03-07T21:18:20.603+0000] {processor.py:830} INFO - Processing file /opt/airflow/dags/etl_users_dag.py for tasks to queue
[2026-03-07T21:18:20.615+0000] {logging_mixin.py:188} INFO - [2026-03-07T21:18:20.613+0000] {dagbag.py:545} INFO - Filling up the DagBag from /opt/airflow/dags/etl_users_dag.py
[2026-03-07T21:18:20.637+0000] {processor.py:840} INFO - DAG(s) 'etl_users_pipeline' retrieved from /opt/airflow/dags/etl_users_dag.py
[2026-03-07T21:18:20.693+0000] {logging_mixin.py:188} INFO - [2026-03-07T21:18:20.693+0000] {dag.py:3089} INFO - Sync 1 DAGs
[2026-03-07T21:18:20.708+0000] {logging_mixin.py:188} INFO - [2026-03-07T21:18:20.708+0000] {dag.py:3947} INFO - Setting next_dagrun for etl_users_pipeline to None, run_after=None
[2026-03-07T21:18:20.727+0000] {processor.py:183} INFO - Processing /opt/airflow/dags/etl_users_dag.py took 0.152 seconds
[2026-03-07T21:18:51.070+0000] {processor.py:161} INFO - Started process (PID=1470) to work on /opt/airflow/dags/etl_users_dag.py
[2026-03-07T21:18:51.072+0000] {processor.py:830} INFO - Processing file /opt/airflow/dags/etl_users_dag.py for tasks to queue
[2026-03-07T21:18:51.077+0000] {logging_mixin.py:188} INFO - [2026-03-07T21:18:51.076+0000] {dagbag.py:545} INFO - Filling up the DagBag from /opt/airflow/dags/etl_users_dag.py
[2026-03-07T21:18:51.111+0000] {processor.py:840} INFO - DAG(s) 'etl_users_pipeline' retrieved from /opt/airflow/dags/etl_users_dag.py
[2026-03-07T21:18:51.165+0000] {logging_mixin.py:188} INFO - [2026-03-07T21:18:51.165+0000] {dag.py:3089} INFO - Sync 1 DAGs
[2026-03-07T21:18:51.181+0000] {logging_mixin.py:188} INFO - [2026-03-07T21:18:51.181+0000] {dag.py:3947} INFO - Setting next_dagrun for etl_users_pipeline to None, run_after=None
[2026-03-07T21:18:51.197+0000] {processor.py:183} INFO - Processing /opt/airflow/dags/etl_users_dag.py took 0.143 seconds
[2026-03-07T21:19:21.514+0000] {processor.py:161} INFO - Started process (PID=1480) to work on /opt/airflow/dags/etl_users_dag.py
[2026-03-07T21:19:21.517+0000] {processor.py:830} INFO - Processing file /opt/airflow/dags/etl_users_dag.py for tasks to queue
[2026-03-07T21:19:21.520+0000] {logging_mixin.py:188} INFO - [2026-03-07T21:19:21.520+0000] {dagbag.py:545} INFO - Filling up the DagBag from /opt/airflow/dags/etl_users_dag.py
[2026-03-07T21:19:21.548+0000] {processor.py:840} INFO - DAG(s) 'etl_users_pipeline' retrieved from /opt/airflow/dags/etl_users_dag.py
[2026-03-07T21:19:21.589+0000] {logging_mixin.py:188} INFO - [2026-03-07T21:19:21.589+0000] {dag.py:3089} INFO - Sync 1 DAGs
[2026-03-07T21:19:21.600+0000] {logging_mixin.py:188} INFO - [2026-03-07T21:19:21.600+0000] {dag.py:3947} INFO - Setting next_dagrun for etl_users_pipeline to None, run_after=None
[2026-03-07T21:19:21.632+0000] {processor.py:183} INFO - Processing /opt/airflow/dags/etl_users_dag.py took 0.129 seconds
[2026-03-07T21:19:52.049+0000] {processor.py:161} INFO - Started process (PID=1490) to work on /opt/airflow/dags/etl_users_dag.py
[2026-03-07T21:19:52.050+0000] {processor.py:830} INFO - Processing file /opt/airflow/dags/etl_users_dag.py for tasks to queue
[2026-03-07T21:19:52.053+0000] {logging_mixin.py:188} INFO - [2026-03-07T21:19:52.053+0000] {dagbag.py:545} INFO - Filling up the DagBag from /opt/airflow/dags/etl_users_dag.py
[2026-03-07T21:19:52.082+0000] {processor.py:840} INFO - DAG(s) 'etl_users_pipeline' retrieved from /opt/airflow/dags/etl_users_dag.py
[2026-03-07T21:19:52.120+0000] {logging_mixin.py:188} INFO - [2026-03-07T21:19:52.120+0000] {dag.py:3089} INFO - Sync 1 DAGs
[2026-03-07T21:19:52.130+0000] {logging_mixin.py:188} INFO - [2026-03-07T21:19:52.130+0000] {dag.py:3947} INFO - Setting next_dagrun for etl_users_pipeline to None, run_after=None
[2026-03-07T21:19:52.149+0000] {processor.py:183} INFO - Processing /opt/airflow/dags/etl_users_dag.py took 0.111 seconds
[2026-03-07T21:20:22.564+0000] {processor.py:161} INFO - Started process (PID=1500) to work on /opt/airflow/dags/etl_users_dag.py
[2026-03-07T21:20:22.567+0000] {processor.py:830} INFO - Processing file /opt/airflow/dags/etl_users_dag.py for tasks to queue
[2026-03-07T21:20:22.570+0000] {logging_mixin.py:188} INFO - [2026-03-07T21:20:22.569+0000] {dagbag.py:545} INFO - Filling up the DagBag from /opt/airflow/dags/etl_users_dag.py
[2026-03-07T21:20:22.590+0000] {processor.py:840} INFO - DAG(s) 'etl_users_pipeline' retrieved from /opt/airflow/dags/etl_users_dag.py
[2026-03-07T21:20:22.642+0000] {logging_mixin.py:188} INFO - [2026-03-07T21:20:22.642+0000] {dag.py:3089} INFO - Sync 1 DAGs
[2026-03-07T21:20:22.655+0000] {logging_mixin.py:188} INFO - [2026-03-07T21:20:22.654+0000] {dag.py:3947} INFO - Setting next_dagrun for etl_users_pipeline to None, run_after=None
[2026-03-07T21:20:22.673+0000] {processor.py:183} INFO - Processing /opt/airflow/dags/etl_users_dag.py took 0.135 seconds
[2026-03-07T21:20:52.893+0000] {processor.py:161} INFO - Started process (PID=1510) to work on /opt/airflow/dags/etl_users_dag.py
[2026-03-07T21:20:52.901+0000] {processor.py:830} INFO - Processing file /opt/airflow/dags/etl_users_dag.py for tasks to queue
[2026-03-07T21:20:52.914+0000] {logging_mixin.py:188} INFO - [2026-03-07T21:20:52.914+0000] {dagbag.py:545} INFO - Filling up the DagBag from /opt/airflow/dags/etl_users_dag.py
[2026-03-07T21:20:52.933+0000] {processor.py:840} INFO - DAG(s) 'etl_users_pipeline' retrieved from /opt/airflow/dags/etl_users_dag.py
[2026-03-07T21:20:52.989+0000] {logging_mixin.py:188} INFO - [2026-03-07T21:20:52.989+0000] {dag.py:3089} INFO - Sync 1 DAGs
[2026-03-07T21:20:53.008+0000] {logging_mixin.py:188} INFO - [2026-03-07T21:20:53.008+0000] {dag.py:3947} INFO - Setting next_dagrun for etl_users_pipeline to None, run_after=None
[2026-03-07T21:20:53.030+0000] {processor.py:183} INFO - Processing /opt/airflow/dags/etl_users_dag.py took 0.168 seconds
[2026-03-07T21:21:23.416+0000] {processor.py:161} INFO - Started process (PID=1520) to work on /opt/airflow/dags/etl_users_dag.py
[2026-03-07T21:21:23.420+0000] {processor.py:830} INFO - Processing file /opt/airflow/dags/etl_users_dag.py for tasks to queue
[2026-03-07T21:21:23.422+0000] {logging_mixin.py:188} INFO - [2026-03-07T21:21:23.422+0000] {dagbag.py:545} INFO - Filling up the DagBag from /opt/airflow/dags/etl_users_dag.py
[2026-03-07T21:21:23.440+0000] {processor.py:840} INFO - DAG(s) 'etl_users_pipeline' retrieved from /opt/airflow/dags/etl_users_dag.py
[2026-03-07T21:21:23.480+0000] {logging_mixin.py:188} INFO - [2026-03-07T21:21:23.480+0000] {dag.py:3089} INFO - Sync 1 DAGs
[2026-03-07T21:21:23.491+0000] {logging_mixin.py:188} INFO - [2026-03-07T21:21:23.491+0000] {dag.py:3947} INFO - Setting next_dagrun for etl_users_pipeline to None, run_after=None
[2026-03-07T21:21:23.506+0000] {processor.py:183} INFO - Processing /opt/airflow/dags/etl_users_dag.py took 0.102 seconds
[2026-03-07T21:21:53.804+0000] {processor.py:161} INFO - Started process (PID=1530) to work on /opt/airflow/dags/etl_users_dag.py
[2026-03-07T21:21:53.805+0000] {processor.py:830} INFO - Processing file /opt/airflow/dags/etl_users_dag.py for tasks to queue
[2026-03-07T21:21:53.809+0000] {logging_mixin.py:188} INFO - [2026-03-07T21:21:53.808+0000] {dagbag.py:545} INFO - Filling up the DagBag from /opt/airflow/dags/etl_users_dag.py
[2026-03-07T21:21:53.832+0000] {processor.py:840} INFO - DAG(s) 'etl_users_pipeline' retrieved from /opt/airflow/dags/etl_users_dag.py
[2026-03-07T21:21:53.877+0000] {logging_mixin.py:188} INFO - [2026-03-07T21:21:53.877+0000] {dag.py:3089} INFO - Sync 1 DAGs
[2026-03-07T21:21:53.890+0000] {logging_mixin.py:188} INFO - [2026-03-07T21:21:53.890+0000] {dag.py:3947} INFO - Setting next_dagrun for etl_users_pipeline to None, run_after=None
[2026-03-07T21:21:53.907+0000] {processor.py:183} INFO - Processing /opt/airflow/dags/etl_users_dag.py took 0.128 seconds
[2026-03-07T21:22:24.180+0000] {processor.py:161} INFO - Started process (PID=1540) to work on /opt/airflow/dags/etl_users_dag.py
[2026-03-07T21:22:24.182+0000] {processor.py:830} INFO - Processing file /opt/airflow/dags/etl_users_dag.py for tasks to queue
[2026-03-07T21:22:24.185+0000] {logging_mixin.py:188} INFO - [2026-03-07T21:22:24.184+0000] {dagbag.py:545} INFO - Filling up the DagBag from /opt/airflow/dags/etl_users_dag.py
[2026-03-07T21:22:24.204+0000] {processor.py:840} INFO - DAG(s) 'etl_users_pipeline' retrieved from /opt/airflow/dags/etl_users_dag.py
[2026-03-07T21:22:24.253+0000] {logging_mixin.py:188} INFO - [2026-03-07T21:22:24.253+0000] {dag.py:3089} INFO - Sync 1 DAGs
[2026-03-07T21:22:24.265+0000] {logging_mixin.py:188} INFO - [2026-03-07T21:22:24.265+0000] {dag.py:3947} INFO - Setting next_dagrun for etl_users_pipeline to None, run_after=None
[2026-03-07T21:22:24.281+0000] {processor.py:183} INFO - Processing /opt/airflow/dags/etl_users_dag.py took 0.116 seconds
[2026-03-07T21:22:54.792+0000] {processor.py:161} INFO - Started process (PID=1550) to work on /opt/airflow/dags/etl_users_dag.py
[2026-03-07T21:22:54.800+0000] {processor.py:830} INFO - Processing file /opt/airflow/dags/etl_users_dag.py for tasks to queue
[2026-03-07T21:22:54.804+0000] {logging_mixin.py:188} INFO - [2026-03-07T21:22:54.803+0000] {dagbag.py:545} INFO - Filling up the DagBag from /opt/airflow/dags/etl_users_dag.py
[2026-03-07T21:22:54.834+0000] {processor.py:840} INFO - DAG(s) 'etl_users_pipeline' retrieved from /opt/airflow/dags/etl_users_dag.py
[2026-03-07T21:22:54.896+0000] {logging_mixin.py:188} INFO - [2026-03-07T21:22:54.895+0000] {dag.py:3089} INFO - Sync 1 DAGs
[2026-03-07T21:22:54.913+0000] {logging_mixin.py:188} INFO - [2026-03-07T21:22:54.913+0000] {dag.py:3947} INFO - Setting next_dagrun for etl_users_pipeline to None, run_after=None
[2026-03-07T21:22:54.933+0000] {processor.py:183} INFO - Processing /opt/airflow/dags/etl_users_dag.py took 0.163 seconds
[2026-03-07T21:23:25.145+0000] {processor.py:161} INFO - Started process (PID=1560) to work on /opt/airflow/dags/etl_users_dag.py
[2026-03-07T21:23:25.147+0000] {processor.py:830} INFO - Processing file /opt/airflow/dags/etl_users_dag.py for tasks to queue
[2026-03-07T21:23:25.151+0000] {logging_mixin.py:188} INFO - [2026-03-07T21:23:25.150+0000] {dagbag.py:545} INFO - Filling up the DagBag from /opt/airflow/dags/etl_users_dag.py
[2026-03-07T21:23:25.175+0000] {processor.py:840} INFO - DAG(s) 'etl_users_pipeline' retrieved from /opt/airflow/dags/etl_users_dag.py
[2026-03-07T21:23:25.252+0000] {logging_mixin.py:188} INFO - [2026-03-07T21:23:25.251+0000] {dag.py:3089} INFO - Sync 1 DAGs
[2026-03-07T21:23:25.271+0000] {logging_mixin.py:188} INFO - [2026-03-07T21:23:25.271+0000] {dag.py:3947} INFO - Setting next_dagrun for etl_users_pipeline to None, run_after=None
[2026-03-07T21:23:25.293+0000] {processor.py:183} INFO - Processing /opt/airflow/dags/etl_users_dag.py took 0.161 seconds
[2026-03-07T21:23:55.771+0000] {processor.py:161} INFO - Started process (PID=1570) to work on /opt/airflow/dags/etl_users_dag.py
[2026-03-07T21:23:55.774+0000] {processor.py:830} INFO - Processing file /opt/airflow/dags/etl_users_dag.py for tasks to queue
[2026-03-07T21:23:55.777+0000] {logging_mixin.py:188} INFO - [2026-03-07T21:23:55.777+0000] {dagbag.py:545} INFO - Filling up the DagBag from /opt/airflow/dags/etl_users_dag.py
[2026-03-07T21:23:55.794+0000] {processor.py:840} INFO - DAG(s) 'etl_users_pipeline' retrieved from /opt/airflow/dags/etl_users_dag.py
[2026-03-07T21:23:55.852+0000] {logging_mixin.py:188} INFO - [2026-03-07T21:23:55.852+0000] {dag.py:3089} INFO - Sync 1 DAGs
[2026-03-07T21:23:55.869+0000] {logging_mixin.py:188} INFO - [2026-03-07T21:23:55.869+0000] {dag.py:3947} INFO - Setting next_dagrun for etl_users_pipeline to None, run_after=None
[2026-03-07T21:23:55.895+0000] {processor.py:183} INFO - Processing /opt/airflow/dags/etl_users_dag.py took 0.159 seconds
[2026-03-07T21:24:26.197+0000] {processor.py:161} INFO - Started process (PID=1580) to work on /opt/airflow/dags/etl_users_dag.py
[2026-03-07T21:24:26.202+0000] {processor.py:830} INFO - Processing file /opt/airflow/dags/etl_users_dag.py for tasks to queue
[2026-03-07T21:24:26.205+0000] {logging_mixin.py:188} INFO - [2026-03-07T21:24:26.205+0000] {dagbag.py:545} INFO - Filling up the DagBag from /opt/airflow/dags/etl_users_dag.py
[2026-03-07T21:24:26.226+0000] {processor.py:840} INFO - DAG(s) 'etl_users_pipeline' retrieved from /opt/airflow/dags/etl_users_dag.py
[2026-03-07T21:24:26.284+0000] {logging_mixin.py:188} INFO - [2026-03-07T21:24:26.284+0000] {dag.py:3089} INFO - Sync 1 DAGs
[2026-03-07T21:24:26.298+0000] {logging_mixin.py:188} INFO - [2026-03-07T21:24:26.298+0000] {dag.py:3947} INFO - Setting next_dagrun for etl_users_pipeline to None, run_after=None
[2026-03-07T21:24:26.320+0000] {processor.py:183} INFO - Processing /opt/airflow/dags/etl_users_dag.py took 0.151 seconds
[2026-03-07T21:24:56.623+0000] {processor.py:161} INFO - Started process (PID=1590) to work on /opt/airflow/dags/etl_users_dag.py
[2026-03-07T21:24:56.625+0000] {processor.py:830} INFO - Processing file /opt/airflow/dags/etl_users_dag.py for tasks to queue
[2026-03-07T21:24:56.627+0000] {logging_mixin.py:188} INFO - [2026-03-07T21:24:56.626+0000] {dagbag.py:545} INFO - Filling up the DagBag from /opt/airflow/dags/etl_users_dag.py
[2026-03-07T21:24:56.638+0000] {processor.py:840} INFO - DAG(s) 'etl_users_pipeline' retrieved from /opt/airflow/dags/etl_users_dag.py
[2026-03-07T21:24:56.695+0000] {logging_mixin.py:188} INFO - [2026-03-07T21:24:56.695+0000] {dag.py:3089} INFO - Sync 1 DAGs
[2026-03-07T21:24:56.711+0000] {logging_mixin.py:188} INFO - [2026-03-07T21:24:56.711+0000] {dag.py:3947} INFO - Setting next_dagrun for etl_users_pipeline to None, run_after=None
[2026-03-07T21:24:56.734+0000] {processor.py:183} INFO - Processing /opt/airflow/dags/etl_users_dag.py took 0.148 seconds
[2026-03-07T21:25:27.097+0000] {processor.py:161} INFO - Started process (PID=1600) to work on /opt/airflow/dags/etl_users_dag.py
[2026-03-07T21:25:27.099+0000] {processor.py:830} INFO - Processing file /opt/airflow/dags/etl_users_dag.py for tasks to queue
[2026-03-07T21:25:27.102+0000] {logging_mixin.py:188} INFO - [2026-03-07T21:25:27.102+0000] {dagbag.py:545} INFO - Filling up the DagBag from /opt/airflow/dags/etl_users_dag.py
[2026-03-07T21:25:27.117+0000] {processor.py:840} INFO - DAG(s) 'etl_users_pipeline' retrieved from /opt/airflow/dags/etl_users_dag.py
[2026-03-07T21:25:27.166+0000] {logging_mixin.py:188} INFO - [2026-03-07T21:25:27.166+0000] {dag.py:3089} INFO - Sync 1 DAGs
[2026-03-07T21:25:27.178+0000] {logging_mixin.py:188} INFO - [2026-03-07T21:25:27.178+0000] {dag.py:3947} INFO - Setting next_dagrun for etl_users_pipeline to None, run_after=None
[2026-03-07T21:25:27.200+0000] {processor.py:183} INFO - Processing /opt/airflow/dags/etl_users_dag.py took 0.125 seconds
[2026-03-07T21:25:57.522+0000] {processor.py:161} INFO - Started process (PID=1610) to work on /opt/airflow/dags/etl_users_dag.py
[2026-03-07T21:25:57.525+0000] {processor.py:830} INFO - Processing file /opt/airflow/dags/etl_users_dag.py for tasks to queue
[2026-03-07T21:25:57.527+0000] {logging_mixin.py:188} INFO - [2026-03-07T21:25:57.527+0000] {dagbag.py:545} INFO - Filling up the DagBag from /opt/airflow/dags/etl_users_dag.py
[2026-03-07T21:25:57.543+0000] {processor.py:840} INFO - DAG(s) 'etl_users_pipeline' retrieved from /opt/airflow/dags/etl_users_dag.py
[2026-03-07T21:25:57.596+0000] {logging_mixin.py:188} INFO - [2026-03-07T21:25:57.596+0000] {dag.py:3089} INFO - Sync 1 DAGs
[2026-03-07T21:25:57.610+0000] {logging_mixin.py:188} INFO - [2026-03-07T21:25:57.610+0000] {dag.py:3947} INFO - Setting next_dagrun for etl_users_pipeline to None, run_after=None
[2026-03-07T21:25:57.627+0000] {processor.py:183} INFO - Processing /opt/airflow/dags/etl_users_dag.py took 0.118 seconds
[2026-03-07T21:26:27.904+0000] {processor.py:161} INFO - Started process (PID=1620) to work on /opt/airflow/dags/etl_users_dag.py
[2026-03-07T21:26:27.907+0000] {processor.py:830} INFO - Processing file /opt/airflow/dags/etl_users_dag.py for tasks to queue
[2026-03-07T21:26:27.910+0000] {logging_mixin.py:188} INFO - [2026-03-07T21:26:27.910+0000] {dagbag.py:545} INFO - Filling up the DagBag from /opt/airflow/dags/etl_users_dag.py
[2026-03-07T21:26:27.932+0000] {processor.py:840} INFO - DAG(s) 'etl_users_pipeline' retrieved from /opt/airflow/dags/etl_users_dag.py
[2026-03-07T21:26:27.976+0000] {logging_mixin.py:188} INFO - [2026-03-07T21:26:27.976+0000] {dag.py:3089} INFO - Sync 1 DAGs
[2026-03-07T21:26:27.997+0000] {logging_mixin.py:188} INFO - [2026-03-07T21:26:27.996+0000] {dag.py:3947} INFO - Setting next_dagrun for etl_users_pipeline to None, run_after=None
[2026-03-07T21:26:28.015+0000] {processor.py:183} INFO - Processing /opt/airflow/dags/etl_users_dag.py took 0.143 seconds
[2026-03-07T21:26:58.239+0000] {processor.py:161} INFO - Started process (PID=1630) to work on /opt/airflow/dags/etl_users_dag.py
[2026-03-07T21:26:58.242+0000] {processor.py:830} INFO - Processing file /opt/airflow/dags/etl_users_dag.py for tasks to queue
[2026-03-07T21:26:58.244+0000] {logging_mixin.py:188} INFO - [2026-03-07T21:26:58.244+0000] {dagbag.py:545} INFO - Filling up the DagBag from /opt/airflow/dags/etl_users_dag.py
[2026-03-07T21:26:58.261+0000] {processor.py:840} INFO - DAG(s) 'etl_users_pipeline' retrieved from /opt/airflow/dags/etl_users_dag.py
[2026-03-07T21:26:58.297+0000] {logging_mixin.py:188} INFO - [2026-03-07T21:26:58.297+0000] {dag.py:3089} INFO - Sync 1 DAGs
[2026-03-07T21:26:58.310+0000] {logging_mixin.py:188} INFO - [2026-03-07T21:26:58.309+0000] {dag.py:3947} INFO - Setting next_dagrun for etl_users_pipeline to None, run_after=None
[2026-03-07T21:26:58.334+0000] {processor.py:183} INFO - Processing /opt/airflow/dags/etl_users_dag.py took 0.116 seconds
[2026-03-07T21:27:28.802+0000] {processor.py:161} INFO - Started process (PID=1640) to work on /opt/airflow/dags/etl_users_dag.py
[2026-03-07T21:27:28.803+0000] {processor.py:830} INFO - Processing file /opt/airflow/dags/etl_users_dag.py for tasks to queue
[2026-03-07T21:27:28.807+0000] {logging_mixin.py:188} INFO - [2026-03-07T21:27:28.806+0000] {dagbag.py:545} INFO - Filling up the DagBag from /opt/airflow/dags/etl_users_dag.py
[2026-03-07T21:27:28.821+0000] {processor.py:840} INFO - DAG(s) 'etl_users_pipeline' retrieved from /opt/airflow/dags/etl_users_dag.py
[2026-03-07T21:27:28.864+0000] {logging_mixin.py:188} INFO - [2026-03-07T21:27:28.864+0000] {dag.py:3089} INFO - Sync 1 DAGs
[2026-03-07T21:27:28.878+0000] {logging_mixin.py:188} INFO - [2026-03-07T21:27:28.878+0000] {dag.py:3947} INFO - Setting next_dagrun for etl_users_pipeline to None, run_after=None
[2026-03-07T21:27:28.905+0000] {processor.py:183} INFO - Processing /opt/airflow/dags/etl_users_dag.py took 0.120 seconds
[2026-03-07T21:27:59.250+0000] {processor.py:161} INFO - Started process (PID=1650) to work on /opt/airflow/dags/etl_users_dag.py
[2026-03-07T21:27:59.252+0000] {processor.py:830} INFO - Processing file /opt/airflow/dags/etl_users_dag.py for tasks to queue
[2026-03-07T21:27:59.256+0000] {logging_mixin.py:188} INFO - [2026-03-07T21:27:59.255+0000] {dagbag.py:545} INFO - Filling up the DagBag from /opt/airflow/dags/etl_users_dag.py
[2026-03-07T21:27:59.289+0000] {processor.py:840} INFO - DAG(s) 'etl_users_pipeline' retrieved from /opt/airflow/dags/etl_users_dag.py
[2026-03-07T21:27:59.333+0000] {logging_mixin.py:188} INFO - [2026-03-07T21:27:59.333+0000] {dag.py:3089} INFO - Sync 1 DAGs
[2026-03-07T21:27:59.361+0000] {logging_mixin.py:188} INFO - [2026-03-07T21:27:59.361+0000] {dag.py:3947} INFO - Setting next_dagrun for etl_users_pipeline to None, run_after=None
[2026-03-07T21:27:59.376+0000] {processor.py:183} INFO - Processing /opt/airflow/dags/etl_users_dag.py took 0.138 seconds
[2026-03-07T21:28:29.608+0000] {processor.py:161} INFO - Started process (PID=1660) to work on /opt/airflow/dags/etl_users_dag.py
[2026-03-07T21:28:29.612+0000] {processor.py:830} INFO - Processing file /opt/airflow/dags/etl_users_dag.py for tasks to queue
[2026-03-07T21:28:29.614+0000] {logging_mixin.py:188} INFO - [2026-03-07T21:28:29.613+0000] {dagbag.py:545} INFO - Filling up the DagBag from /opt/airflow/dags/etl_users_dag.py
[2026-03-07T21:28:29.625+0000] {processor.py:840} INFO - DAG(s) 'etl_users_pipeline' retrieved from /opt/airflow/dags/etl_users_dag.py
[2026-03-07T21:28:29.656+0000] {logging_mixin.py:188} INFO - [2026-03-07T21:28:29.656+0000] {dag.py:3089} INFO - Sync 1 DAGs
[2026-03-07T21:28:29.664+0000] {logging_mixin.py:188} INFO - [2026-03-07T21:28:29.664+0000] {dag.py:3947} INFO - Setting next_dagrun for etl_users_pipeline to None, run_after=None
[2026-03-07T21:28:29.681+0000] {processor.py:183} INFO - Processing /opt/airflow/dags/etl_users_dag.py took 0.080 seconds
[2026-03-07T21:29:00.021+0000] {processor.py:161} INFO - Started process (PID=1670) to work on /opt/airflow/dags/etl_users_dag.py
[2026-03-07T21:29:00.023+0000] {processor.py:830} INFO - Processing file /opt/airflow/dags/etl_users_dag.py for tasks to queue
[2026-03-07T21:29:00.025+0000] {logging_mixin.py:188} INFO - [2026-03-07T21:29:00.025+0000] {dagbag.py:545} INFO - Filling up the DagBag from /opt/airflow/dags/etl_users_dag.py
[2026-03-07T21:29:00.047+0000] {processor.py:840} INFO - DAG(s) 'etl_users_pipeline' retrieved from /opt/airflow/dags/etl_users_dag.py
[2026-03-07T21:29:00.095+0000] {logging_mixin.py:188} INFO - [2026-03-07T21:29:00.095+0000] {dag.py:3089} INFO - Sync 1 DAGs
[2026-03-07T21:29:00.109+0000] {logging_mixin.py:188} INFO - [2026-03-07T21:29:00.109+0000] {dag.py:3947} INFO - Setting next_dagrun for etl_users_pipeline to None, run_after=None
[2026-03-07T21:29:00.125+0000] {processor.py:183} INFO - Processing /opt/airflow/dags/etl_users_dag.py took 0.123 seconds
[2026-03-07T21:29:30.408+0000] {processor.py:161} INFO - Started process (PID=1680) to work on /opt/airflow/dags/etl_users_dag.py
[2026-03-07T21:29:30.410+0000] {processor.py:830} INFO - Processing file /opt/airflow/dags/etl_users_dag.py for tasks to queue
[2026-03-07T21:29:30.416+0000] {logging_mixin.py:188} INFO - [2026-03-07T21:29:30.416+0000] {dagbag.py:545} INFO - Filling up the DagBag from /opt/airflow/dags/etl_users_dag.py
[2026-03-07T21:29:30.430+0000] {processor.py:840} INFO - DAG(s) 'etl_users_pipeline' retrieved from /opt/airflow/dags/etl_users_dag.py
[2026-03-07T21:29:30.485+0000] {logging_mixin.py:188} INFO - [2026-03-07T21:29:30.485+0000] {dag.py:3089} INFO - Sync 1 DAGs
[2026-03-07T21:29:30.499+0000] {logging_mixin.py:188} INFO - [2026-03-07T21:29:30.499+0000] {dag.py:3947} INFO - Setting next_dagrun for etl_users_pipeline to None, run_after=None
[2026-03-07T21:29:30.515+0000] {processor.py:183} INFO - Processing /opt/airflow/dags/etl_users_dag.py took 0.142 seconds
[2026-03-07T21:30:00.813+0000] {processor.py:161} INFO - Started process (PID=1690) to work on /opt/airflow/dags/etl_users_dag.py
[2026-03-07T21:30:00.817+0000] {processor.py:830} INFO - Processing file /opt/airflow/dags/etl_users_dag.py for tasks to queue
[2026-03-07T21:30:00.821+0000] {logging_mixin.py:188} INFO - [2026-03-07T21:30:00.821+0000] {dagbag.py:545} INFO - Filling up the DagBag from /opt/airflow/dags/etl_users_dag.py
[2026-03-07T21:30:00.849+0000] {processor.py:840} INFO - DAG(s) 'etl_users_pipeline' retrieved from /opt/airflow/dags/etl_users_dag.py
[2026-03-07T21:30:00.905+0000] {logging_mixin.py:188} INFO - [2026-03-07T21:30:00.904+0000] {dag.py:3089} INFO - Sync 1 DAGs
[2026-03-07T21:30:00.925+0000] {logging_mixin.py:188} INFO - [2026-03-07T21:30:00.924+0000] {dag.py:3947} INFO - Setting next_dagrun for etl_users_pipeline to None, run_after=None
[2026-03-07T21:30:00.945+0000] {processor.py:183} INFO - Processing /opt/airflow/dags/etl_users_dag.py took 0.157 seconds
[2026-03-07T21:30:31.391+0000] {processor.py:161} INFO - Started process (PID=1700) to work on /opt/airflow/dags/etl_users_dag.py
[2026-03-07T21:30:31.394+0000] {processor.py:830} INFO - Processing file /opt/airflow/dags/etl_users_dag.py for tasks to queue
[2026-03-07T21:30:31.398+0000] {logging_mixin.py:188} INFO - [2026-03-07T21:30:31.397+0000] {dagbag.py:545} INFO - Filling up the DagBag from /opt/airflow/dags/etl_users_dag.py
[2026-03-07T21:30:31.414+0000] {processor.py:840} INFO - DAG(s) 'etl_users_pipeline' retrieved from /opt/airflow/dags/etl_users_dag.py
[2026-03-07T21:30:31.466+0000] {logging_mixin.py:188} INFO - [2026-03-07T21:30:31.465+0000] {dag.py:3089} INFO - Sync 1 DAGs
[2026-03-07T21:30:31.477+0000] {logging_mixin.py:188} INFO - [2026-03-07T21:30:31.477+0000] {dag.py:3947} INFO - Setting next_dagrun for etl_users_pipeline to None, run_after=None
[2026-03-07T21:30:31.495+0000] {processor.py:183} INFO - Processing /opt/airflow/dags/etl_users_dag.py took 0.117 seconds
[2026-03-07T21:31:02.145+0000] {processor.py:161} INFO - Started process (PID=1710) to work on /opt/airflow/dags/etl_users_dag.py
[2026-03-07T21:31:02.154+0000] {processor.py:830} INFO - Processing file /opt/airflow/dags/etl_users_dag.py for tasks to queue
[2026-03-07T21:31:02.161+0000] {logging_mixin.py:188} INFO - [2026-03-07T21:31:02.160+0000] {dagbag.py:545} INFO - Filling up the DagBag from /opt/airflow/dags/etl_users_dag.py
[2026-03-07T21:31:02.177+0000] {processor.py:840} INFO - DAG(s) 'etl_users_pipeline' retrieved from /opt/airflow/dags/etl_users_dag.py
[2026-03-07T21:31:02.242+0000] {logging_mixin.py:188} INFO - [2026-03-07T21:31:02.242+0000] {dag.py:3089} INFO - Sync 1 DAGs
[2026-03-07T21:31:02.257+0000] {logging_mixin.py:188} INFO - [2026-03-07T21:31:02.257+0000] {dag.py:3947} INFO - Setting next_dagrun for etl_users_pipeline to None, run_after=None
[2026-03-07T21:31:02.275+0000] {processor.py:183} INFO - Processing /opt/airflow/dags/etl_users_dag.py took 0.151 seconds
[2026-03-07T21:31:32.936+0000] {processor.py:161} INFO - Started process (PID=1720) to work on /opt/airflow/dags/etl_users_dag.py
[2026-03-07T21:31:32.944+0000] {processor.py:830} INFO - Processing file /opt/airflow/dags/etl_users_dag.py for tasks to queue
[2026-03-07T21:31:32.950+0000] {logging_mixin.py:188} INFO - [2026-03-07T21:31:32.950+0000] {dagbag.py:545} INFO - Filling up the DagBag from /opt/airflow/dags/etl_users_dag.py
[2026-03-07T21:31:32.968+0000] {processor.py:840} INFO - DAG(s) 'etl_users_pipeline' retrieved from /opt/airflow/dags/etl_users_dag.py
[2026-03-07T21:31:33.025+0000] {logging_mixin.py:188} INFO - [2026-03-07T21:31:33.025+0000] {dag.py:3089} INFO - Sync 1 DAGs
[2026-03-07T21:31:33.038+0000] {logging_mixin.py:188} INFO - [2026-03-07T21:31:33.038+0000] {dag.py:3947} INFO - Setting next_dagrun for etl_users_pipeline to None, run_after=None
[2026-03-07T21:31:33.052+0000] {processor.py:183} INFO - Processing /opt/airflow/dags/etl_users_dag.py took 0.133 seconds
[2026-03-07T21:32:03.366+0000] {processor.py:161} INFO - Started process (PID=1730) to work on /opt/airflow/dags/etl_users_dag.py
[2026-03-07T21:32:03.368+0000] {processor.py:830} INFO - Processing file /opt/airflow/dags/etl_users_dag.py for tasks to queue
[2026-03-07T21:32:03.373+0000] {logging_mixin.py:188} INFO - [2026-03-07T21:32:03.372+0000] {dagbag.py:545} INFO - Filling up the DagBag from /opt/airflow/dags/etl_users_dag.py
[2026-03-07T21:32:03.388+0000] {processor.py:840} INFO - DAG(s) 'etl_users_pipeline' retrieved from /opt/airflow/dags/etl_users_dag.py
[2026-03-07T21:32:03.451+0000] {logging_mixin.py:188} INFO - [2026-03-07T21:32:03.450+0000] {dag.py:3089} INFO - Sync 1 DAGs
[2026-03-07T21:32:03.465+0000] {logging_mixin.py:188} INFO - [2026-03-07T21:32:03.464+0000] {dag.py:3947} INFO - Setting next_dagrun for etl_users_pipeline to None, run_after=None
[2026-03-07T21:32:03.485+0000] {processor.py:183} INFO - Processing /opt/airflow/dags/etl_users_dag.py took 0.147 seconds
[2026-03-07T21:32:33.762+0000] {processor.py:161} INFO - Started process (PID=1740) to work on /opt/airflow/dags/etl_users_dag.py
[2026-03-07T21:32:33.765+0000] {processor.py:830} INFO - Processing file /opt/airflow/dags/etl_users_dag.py for tasks to queue
[2026-03-07T21:32:33.767+0000] {logging_mixin.py:188} INFO - [2026-03-07T21:32:33.767+0000] {dagbag.py:545} INFO - Filling up the DagBag from /opt/airflow/dags/etl_users_dag.py
[2026-03-07T21:32:33.786+0000] {processor.py:840} INFO - DAG(s) 'etl_users_pipeline' retrieved from /opt/airflow/dags/etl_users_dag.py
[2026-03-07T21:32:33.832+0000] {logging_mixin.py:188} INFO - [2026-03-07T21:32:33.832+0000] {dag.py:3089} INFO - Sync 1 DAGs
[2026-03-07T21:32:33.849+0000] {logging_mixin.py:188} INFO - [2026-03-07T21:32:33.849+0000] {dag.py:3947} INFO - Setting next_dagrun for etl_users_pipeline to None, run_after=None
[2026-03-07T21:32:33.865+0000] {processor.py:183} INFO - Processing /opt/airflow/dags/etl_users_dag.py took 0.114 seconds
[2026-03-07T21:33:04.258+0000] {processor.py:161} INFO - Started process (PID=1750) to work on /opt/airflow/dags/etl_users_dag.py
[2026-03-07T21:33:04.261+0000] {processor.py:830} INFO - Processing file /opt/airflow/dags/etl_users_dag.py for tasks to queue
[2026-03-07T21:33:04.270+0000] {logging_mixin.py:188} INFO - [2026-03-07T21:33:04.270+0000] {dagbag.py:545} INFO - Filling up the DagBag from /opt/airflow/dags/etl_users_dag.py
[2026-03-07T21:33:04.299+0000] {processor.py:840} INFO - DAG(s) 'etl_users_pipeline' retrieved from /opt/airflow/dags/etl_users_dag.py
[2026-03-07T21:33:04.341+0000] {logging_mixin.py:188} INFO - [2026-03-07T21:33:04.340+0000] {dag.py:3089} INFO - Sync 1 DAGs
[2026-03-07T21:33:04.353+0000] {logging_mixin.py:188} INFO - [2026-03-07T21:33:04.352+0000] {dag.py:3947} INFO - Setting next_dagrun for etl_users_pipeline to None, run_after=None
[2026-03-07T21:33:04.372+0000] {processor.py:183} INFO - Processing /opt/airflow/dags/etl_users_dag.py took 0.128 seconds
[2026-03-07T21:33:34.781+0000] {processor.py:161} INFO - Started process (PID=1760) to work on /opt/airflow/dags/etl_users_dag.py
[2026-03-07T21:33:34.783+0000] {processor.py:830} INFO - Processing file /opt/airflow/dags/etl_users_dag.py for tasks to queue
[2026-03-07T21:33:34.787+0000] {logging_mixin.py:188} INFO - [2026-03-07T21:33:34.786+0000] {dagbag.py:545} INFO - Filling up the DagBag from /opt/airflow/dags/etl_users_dag.py
[2026-03-07T21:33:34.802+0000] {processor.py:840} INFO - DAG(s) 'etl_users_pipeline' retrieved from /opt/airflow/dags/etl_users_dag.py
[2026-03-07T21:33:34.859+0000] {logging_mixin.py:188} INFO - [2026-03-07T21:33:34.858+0000] {dag.py:3089} INFO - Sync 1 DAGs
[2026-03-07T21:33:34.870+0000] {logging_mixin.py:188} INFO - [2026-03-07T21:33:34.869+0000] {dag.py:3947} INFO - Setting next_dagrun for etl_users_pipeline to None, run_after=None
[2026-03-07T21:33:34.885+0000] {processor.py:183} INFO - Processing /opt/airflow/dags/etl_users_dag.py took 0.131 seconds
[2026-03-07T21:34:05.224+0000] {processor.py:161} INFO - Started process (PID=1770) to work on /opt/airflow/dags/etl_users_dag.py
[2026-03-07T21:34:05.226+0000] {processor.py:830} INFO - Processing file /opt/airflow/dags/etl_users_dag.py for tasks to queue
[2026-03-07T21:34:05.230+0000] {logging_mixin.py:188} INFO - [2026-03-07T21:34:05.230+0000] {dagbag.py:545} INFO - Filling up the DagBag from /opt/airflow/dags/etl_users_dag.py
[2026-03-07T21:34:05.252+0000] {processor.py:840} INFO - DAG(s) 'etl_users_pipeline' retrieved from /opt/airflow/dags/etl_users_dag.py
[2026-03-07T21:34:05.318+0000] {logging_mixin.py:188} INFO - [2026-03-07T21:34:05.318+0000] {dag.py:3089} INFO - Sync 1 DAGs
[2026-03-07T21:34:05.341+0000] {logging_mixin.py:188} INFO - [2026-03-07T21:34:05.341+0000] {dag.py:3947} INFO - Setting next_dagrun for etl_users_pipeline to None, run_after=None
[2026-03-07T21:34:05.363+0000] {processor.py:183} INFO - Processing /opt/airflow/dags/etl_users_dag.py took 0.155 seconds
[2026-03-07T21:34:35.851+0000] {processor.py:161} INFO - Started process (PID=1780) to work on /opt/airflow/dags/etl_users_dag.py
[2026-03-07T21:34:35.853+0000] {processor.py:830} INFO - Processing file /opt/airflow/dags/etl_users_dag.py for tasks to queue
[2026-03-07T21:34:35.858+0000] {logging_mixin.py:188} INFO - [2026-03-07T21:34:35.857+0000] {dagbag.py:545} INFO - Filling up the DagBag from /opt/airflow/dags/etl_users_dag.py
[2026-03-07T21:34:35.895+0000] {processor.py:840} INFO - DAG(s) 'etl_users_pipeline' retrieved from /opt/airflow/dags/etl_users_dag.py
[2026-03-07T21:34:35.971+0000] {logging_mixin.py:188} INFO - [2026-03-07T21:34:35.971+0000] {dag.py:3089} INFO - Sync 1 DAGs
[2026-03-07T21:34:35.998+0000] {logging_mixin.py:188} INFO - [2026-03-07T21:34:35.998+0000] {dag.py:3947} INFO - Setting next_dagrun for etl_users_pipeline to None, run_after=None
[2026-03-07T21:34:36.017+0000] {processor.py:183} INFO - Processing /opt/airflow/dags/etl_users_dag.py took 0.177 seconds
[2026-03-07T21:35:06.501+0000] {processor.py:161} INFO - Started process (PID=1790) to work on /opt/airflow/dags/etl_users_dag.py
[2026-03-07T21:35:06.505+0000] {processor.py:830} INFO - Processing file /opt/airflow/dags/etl_users_dag.py for tasks to queue
[2026-03-07T21:35:06.509+0000] {logging_mixin.py:188} INFO - [2026-03-07T21:35:06.508+0000] {dagbag.py:545} INFO - Filling up the DagBag from /opt/airflow/dags/etl_users_dag.py
[2026-03-07T21:35:06.534+0000] {processor.py:840} INFO - DAG(s) 'etl_users_pipeline' retrieved from /opt/airflow/dags/etl_users_dag.py
[2026-03-07T21:35:06.595+0000] {logging_mixin.py:188} INFO - [2026-03-07T21:35:06.595+0000] {dag.py:3089} INFO - Sync 1 DAGs
[2026-03-07T21:35:06.607+0000] {logging_mixin.py:188} INFO - [2026-03-07T21:35:06.606+0000] {dag.py:3947} INFO - Setting next_dagrun for etl_users_pipeline to None, run_after=None
[2026-03-07T21:35:06.625+0000] {processor.py:183} INFO - Processing /opt/airflow/dags/etl_users_dag.py took 0.153 seconds
[2026-03-07T21:35:36.959+0000] {processor.py:161} INFO - Started process (PID=1800) to work on /opt/airflow/dags/etl_users_dag.py
[2026-03-07T21:35:36.962+0000] {processor.py:830} INFO - Processing file /opt/airflow/dags/etl_users_dag.py for tasks to queue
[2026-03-07T21:35:36.968+0000] {logging_mixin.py:188} INFO - [2026-03-07T21:35:36.967+0000] {dagbag.py:545} INFO - Filling up the DagBag from /opt/airflow/dags/etl_users_dag.py
[2026-03-07T21:35:37.011+0000] {processor.py:840} INFO - DAG(s) 'etl_users_pipeline' retrieved from /opt/airflow/dags/etl_users_dag.py
[2026-03-07T21:35:37.093+0000] {logging_mixin.py:188} INFO - [2026-03-07T21:35:37.093+0000] {dag.py:3089} INFO - Sync 1 DAGs
[2026-03-07T21:35:37.109+0000] {logging_mixin.py:188} INFO - [2026-03-07T21:35:37.109+0000] {dag.py:3947} INFO - Setting next_dagrun for etl_users_pipeline to None, run_after=None
[2026-03-07T21:35:37.128+0000] {processor.py:183} INFO - Processing /opt/airflow/dags/etl_users_dag.py took 0.182 seconds
[2026-03-07T21:36:07.464+0000] {processor.py:161} INFO - Started process (PID=1810) to work on /opt/airflow/dags/etl_users_dag.py
[2026-03-07T21:36:07.466+0000] {processor.py:830} INFO - Processing file /opt/airflow/dags/etl_users_dag.py for tasks to queue
[2026-03-07T21:36:07.469+0000] {logging_mixin.py:188} INFO - [2026-03-07T21:36:07.469+0000] {dagbag.py:545} INFO - Filling up the DagBag from /opt/airflow/dags/etl_users_dag.py
[2026-03-07T21:36:07.490+0000] {processor.py:840} INFO - DAG(s) 'etl_users_pipeline' retrieved from /opt/airflow/dags/etl_users_dag.py
[2026-03-07T21:36:07.554+0000] {logging_mixin.py:188} INFO - [2026-03-07T21:36:07.554+0000] {dag.py:3089} INFO - Sync 1 DAGs
[2026-03-07T21:36:07.565+0000] {logging_mixin.py:188} INFO - [2026-03-07T21:36:07.565+0000] {dag.py:3947} INFO - Setting next_dagrun for etl_users_pipeline to None, run_after=None
[2026-03-07T21:36:07.580+0000] {processor.py:183} INFO - Processing /opt/airflow/dags/etl_users_dag.py took 0.127 seconds
[2026-03-07T21:36:37.856+0000] {processor.py:161} INFO - Started process (PID=1820) to work on /opt/airflow/dags/etl_users_dag.py
[2026-03-07T21:36:37.858+0000] {processor.py:830} INFO - Processing file /opt/airflow/dags/etl_users_dag.py for tasks to queue
[2026-03-07T21:36:37.862+0000] {logging_mixin.py:188} INFO - [2026-03-07T21:36:37.861+0000] {dagbag.py:545} INFO - Filling up the DagBag from /opt/airflow/dags/etl_users_dag.py
[2026-03-07T21:36:37.886+0000] {processor.py:840} INFO - DAG(s) 'etl_users_pipeline' retrieved from /opt/airflow/dags/etl_users_dag.py
[2026-03-07T21:36:37.945+0000] {logging_mixin.py:188} INFO - [2026-03-07T21:36:37.944+0000] {dag.py:3089} INFO - Sync 1 DAGs
[2026-03-07T21:36:37.975+0000] {logging_mixin.py:188} INFO - [2026-03-07T21:36:37.974+0000] {dag.py:3947} INFO - Setting next_dagrun for etl_users_pipeline to None, run_after=None
[2026-03-07T21:36:37.991+0000] {processor.py:183} INFO - Processing /opt/airflow/dags/etl_users_dag.py took 0.147 seconds
[2026-03-07T21:37:08.234+0000] {processor.py:161} INFO - Started process (PID=1830) to work on /opt/airflow/dags/etl_users_dag.py
[2026-03-07T21:37:08.241+0000] {processor.py:830} INFO - Processing file /opt/airflow/dags/etl_users_dag.py for tasks to queue
[2026-03-07T21:37:08.248+0000] {logging_mixin.py:188} INFO - [2026-03-07T21:37:08.248+0000] {dagbag.py:545} INFO - Filling up the DagBag from /opt/airflow/dags/etl_users_dag.py
[2026-03-07T21:37:08.282+0000] {processor.py:840} INFO - DAG(s) 'etl_users_pipeline' retrieved from /opt/airflow/dags/etl_users_dag.py
[2026-03-07T21:37:08.339+0000] {logging_mixin.py:188} INFO - [2026-03-07T21:37:08.339+0000] {dag.py:3089} INFO - Sync 1 DAGs
[2026-03-07T21:37:08.354+0000] {logging_mixin.py:188} INFO - [2026-03-07T21:37:08.354+0000] {dag.py:3947} INFO - Setting next_dagrun for etl_users_pipeline to None, run_after=None
[2026-03-07T21:37:08.374+0000] {processor.py:183} INFO - Processing /opt/airflow/dags/etl_users_dag.py took 0.152 seconds
[2026-03-07T21:37:38.685+0000] {processor.py:161} INFO - Started process (PID=1840) to work on /opt/airflow/dags/etl_users_dag.py
[2026-03-07T21:37:38.687+0000] {processor.py:830} INFO - Processing file /opt/airflow/dags/etl_users_dag.py for tasks to queue
[2026-03-07T21:37:38.689+0000] {logging_mixin.py:188} INFO - [2026-03-07T21:37:38.689+0000] {dagbag.py:545} INFO - Filling up the DagBag from /opt/airflow/dags/etl_users_dag.py
[2026-03-07T21:37:38.705+0000] {processor.py:840} INFO - DAG(s) 'etl_users_pipeline' retrieved from /opt/airflow/dags/etl_users_dag.py
[2026-03-07T21:37:38.764+0000] {logging_mixin.py:188} INFO - [2026-03-07T21:37:38.764+0000] {dag.py:3089} INFO - Sync 1 DAGs
[2026-03-07T21:37:38.775+0000] {logging_mixin.py:188} INFO - [2026-03-07T21:37:38.775+0000] {dag.py:3947} INFO - Setting next_dagrun for etl_users_pipeline to None, run_after=None
[2026-03-07T21:37:38.793+0000] {processor.py:183} INFO - Processing /opt/airflow/dags/etl_users_dag.py took 0.125 seconds
[2026-03-07T21:38:09.072+0000] {processor.py:161} INFO - Started process (PID=1850) to work on /opt/airflow/dags/etl_users_dag.py
[2026-03-07T21:38:09.076+0000] {processor.py:830} INFO - Processing file /opt/airflow/dags/etl_users_dag.py for tasks to queue
[2026-03-07T21:38:09.080+0000] {logging_mixin.py:188} INFO - [2026-03-07T21:38:09.079+0000] {dagbag.py:545} INFO - Filling up the DagBag from /opt/airflow/dags/etl_users_dag.py
[2026-03-07T21:38:09.098+0000] {processor.py:840} INFO - DAG(s) 'etl_users_pipeline' retrieved from /opt/airflow/dags/etl_users_dag.py
[2026-03-07T21:38:09.151+0000] {logging_mixin.py:188} INFO - [2026-03-07T21:38:09.150+0000] {dag.py:3089} INFO - Sync 1 DAGs
[2026-03-07T21:38:09.160+0000] {logging_mixin.py:188} INFO - [2026-03-07T21:38:09.160+0000] {dag.py:3947} INFO - Setting next_dagrun for etl_users_pipeline to None, run_after=None
[2026-03-07T21:38:09.176+0000] {processor.py:183} INFO - Processing /opt/airflow/dags/etl_users_dag.py took 0.115 seconds
[2026-03-07T21:38:39.621+0000] {processor.py:161} INFO - Started process (PID=1860) to work on /opt/airflow/dags/etl_users_dag.py
[2026-03-07T21:38:39.623+0000] {processor.py:830} INFO - Processing file /opt/airflow/dags/etl_users_dag.py for tasks to queue
[2026-03-07T21:38:39.625+0000] {logging_mixin.py:188} INFO - [2026-03-07T21:38:39.624+0000] {dagbag.py:545} INFO - Filling up the DagBag from /opt/airflow/dags/etl_users_dag.py
[2026-03-07T21:38:39.649+0000] {processor.py:840} INFO - DAG(s) 'etl_users_pipeline' retrieved from /opt/airflow/dags/etl_users_dag.py
[2026-03-07T21:38:39.714+0000] {logging_mixin.py:188} INFO - [2026-03-07T21:38:39.714+0000] {dag.py:3089} INFO - Sync 1 DAGs
[2026-03-07T21:38:39.729+0000] {logging_mixin.py:188} INFO - [2026-03-07T21:38:39.728+0000] {dag.py:3947} INFO - Setting next_dagrun for etl_users_pipeline to None, run_after=None
[2026-03-07T21:38:39.752+0000] {processor.py:183} INFO - Processing /opt/airflow/dags/etl_users_dag.py took 0.143 seconds
[2026-03-07T21:39:10.133+0000] {processor.py:161} INFO - Started process (PID=1870) to work on /opt/airflow/dags/etl_users_dag.py
[2026-03-07T21:39:10.135+0000] {processor.py:830} INFO - Processing file /opt/airflow/dags/etl_users_dag.py for tasks to queue
[2026-03-07T21:39:10.138+0000] {logging_mixin.py:188} INFO - [2026-03-07T21:39:10.138+0000] {dagbag.py:545} INFO - Filling up the DagBag from /opt/airflow/dags/etl_users_dag.py
[2026-03-07T21:39:10.154+0000] {processor.py:840} INFO - DAG(s) 'etl_users_pipeline' retrieved from /opt/airflow/dags/etl_users_dag.py
[2026-03-07T21:39:10.210+0000] {logging_mixin.py:188} INFO - [2026-03-07T21:39:10.210+0000] {dag.py:3089} INFO - Sync 1 DAGs
[2026-03-07T21:39:10.226+0000] {logging_mixin.py:188} INFO - [2026-03-07T21:39:10.226+0000] {dag.py:3947} INFO - Setting next_dagrun for etl_users_pipeline to None, run_after=None
[2026-03-07T21:39:10.239+0000] {processor.py:183} INFO - Processing /opt/airflow/dags/etl_users_dag.py took 0.120 seconds
[2026-03-07T21:39:40.595+0000] {processor.py:161} INFO - Started process (PID=1880) to work on /opt/airflow/dags/etl_users_dag.py
[2026-03-07T21:39:40.598+0000] {processor.py:830} INFO - Processing file /opt/airflow/dags/etl_users_dag.py for tasks to queue
[2026-03-07T21:39:40.600+0000] {logging_mixin.py:188} INFO - [2026-03-07T21:39:40.599+0000] {dagbag.py:545} INFO - Filling up the DagBag from /opt/airflow/dags/etl_users_dag.py
[2026-03-07T21:39:40.630+0000] {processor.py:840} INFO - DAG(s) 'etl_users_pipeline' retrieved from /opt/airflow/dags/etl_users_dag.py
[2026-03-07T21:39:40.681+0000] {logging_mixin.py:188} INFO - [2026-03-07T21:39:40.681+0000] {dag.py:3089} INFO - Sync 1 DAGs
[2026-03-07T21:39:40.693+0000] {logging_mixin.py:188} INFO - [2026-03-07T21:39:40.693+0000] {dag.py:3947} INFO - Setting next_dagrun for etl_users_pipeline to None, run_after=None
[2026-03-07T21:39:40.712+0000] {processor.py:183} INFO - Processing /opt/airflow/dags/etl_users_dag.py took 0.127 seconds
[2026-03-07T21:40:11.038+0000] {processor.py:161} INFO - Started process (PID=1890) to work on /opt/airflow/dags/etl_users_dag.py
[2026-03-07T21:40:11.040+0000] {processor.py:830} INFO - Processing file /opt/airflow/dags/etl_users_dag.py for tasks to queue
[2026-03-07T21:40:11.043+0000] {logging_mixin.py:188} INFO - [2026-03-07T21:40:11.043+0000] {dagbag.py:545} INFO - Filling up the DagBag from /opt/airflow/dags/etl_users_dag.py
[2026-03-07T21:40:11.060+0000] {processor.py:840} INFO - DAG(s) 'etl_users_pipeline' retrieved from /opt/airflow/dags/etl_users_dag.py
[2026-03-07T21:40:11.114+0000] {logging_mixin.py:188} INFO - [2026-03-07T21:40:11.114+0000] {dag.py:3089} INFO - Sync 1 DAGs
[2026-03-07T21:40:11.124+0000] {logging_mixin.py:188} INFO - [2026-03-07T21:40:11.124+0000] {dag.py:3947} INFO - Setting next_dagrun for etl_users_pipeline to None, run_after=None
[2026-03-07T21:40:11.139+0000] {processor.py:183} INFO - Processing /opt/airflow/dags/etl_users_dag.py took 0.111 seconds
[2026-03-07T21:40:41.459+0000] {processor.py:161} INFO - Started process (PID=1900) to work on /opt/airflow/dags/etl_users_dag.py
[2026-03-07T21:40:41.460+0000] {processor.py:830} INFO - Processing file /opt/airflow/dags/etl_users_dag.py for tasks to queue
[2026-03-07T21:40:41.463+0000] {logging_mixin.py:188} INFO - [2026-03-07T21:40:41.462+0000] {dagbag.py:545} INFO - Filling up the DagBag from /opt/airflow/dags/etl_users_dag.py
[2026-03-07T21:40:41.479+0000] {processor.py:840} INFO - DAG(s) 'etl_users_pipeline' retrieved from /opt/airflow/dags/etl_users_dag.py
[2026-03-07T21:40:41.537+0000] {logging_mixin.py:188} INFO - [2026-03-07T21:40:41.537+0000] {dag.py:3089} INFO - Sync 1 DAGs
[2026-03-07T21:40:41.550+0000] {logging_mixin.py:188} INFO - [2026-03-07T21:40:41.550+0000] {dag.py:3947} INFO - Setting next_dagrun for etl_users_pipeline to None, run_after=None
[2026-03-07T21:40:41.568+0000] {processor.py:183} INFO - Processing /opt/airflow/dags/etl_users_dag.py took 0.132 seconds
[2026-03-07T21:41:12.028+0000] {processor.py:161} INFO - Started process (PID=1910) to work on /opt/airflow/dags/etl_users_dag.py
[2026-03-07T21:41:12.033+0000] {processor.py:830} INFO - Processing file /opt/airflow/dags/etl_users_dag.py for tasks to queue
[2026-03-07T21:41:12.043+0000] {logging_mixin.py:188} INFO - [2026-03-07T21:41:12.042+0000] {dagbag.py:545} INFO - Filling up the DagBag from /opt/airflow/dags/etl_users_dag.py
[2026-03-07T21:41:12.059+0000] {processor.py:840} INFO - DAG(s) 'etl_users_pipeline' retrieved from /opt/airflow/dags/etl_users_dag.py
[2026-03-07T21:41:12.109+0000] {logging_mixin.py:188} INFO - [2026-03-07T21:41:12.109+0000] {dag.py:3089} INFO - Sync 1 DAGs
[2026-03-07T21:41:12.121+0000] {logging_mixin.py:188} INFO - [2026-03-07T21:41:12.121+0000] {dag.py:3947} INFO - Setting next_dagrun for etl_users_pipeline to None, run_after=None
[2026-03-07T21:41:12.138+0000] {processor.py:183} INFO - Processing /opt/airflow/dags/etl_users_dag.py took 0.122 seconds
[2026-03-07T21:41:42.644+0000] {processor.py:161} INFO - Started process (PID=1920) to work on /opt/airflow/dags/etl_users_dag.py
[2026-03-07T21:41:42.647+0000] {processor.py:830} INFO - Processing file /opt/airflow/dags/etl_users_dag.py for tasks to queue
[2026-03-07T21:41:42.651+0000] {logging_mixin.py:188} INFO - [2026-03-07T21:41:42.651+0000] {dagbag.py:545} INFO - Filling up the DagBag from /opt/airflow/dags/etl_users_dag.py
[2026-03-07T21:41:42.668+0000] {processor.py:840} INFO - DAG(s) 'etl_users_pipeline' retrieved from /opt/airflow/dags/etl_users_dag.py
[2026-03-07T21:41:42.726+0000] {logging_mixin.py:188} INFO - [2026-03-07T21:41:42.725+0000] {dag.py:3089} INFO - Sync 1 DAGs
[2026-03-07T21:41:42.741+0000] {logging_mixin.py:188} INFO - [2026-03-07T21:41:42.741+0000] {dag.py:3947} INFO - Setting next_dagrun for etl_users_pipeline to None, run_after=None
[2026-03-07T21:41:42.766+0000] {processor.py:183} INFO - Processing /opt/airflow/dags/etl_users_dag.py took 0.156 seconds
[2026-03-07T21:42:13.222+0000] {processor.py:161} INFO - Started process (PID=1930) to work on /opt/airflow/dags/etl_users_dag.py
[2026-03-07T21:42:13.225+0000] {processor.py:830} INFO - Processing file /opt/airflow/dags/etl_users_dag.py for tasks to queue
[2026-03-07T21:42:13.229+0000] {logging_mixin.py:188} INFO - [2026-03-07T21:42:13.229+0000] {dagbag.py:545} INFO - Filling up the DagBag from /opt/airflow/dags/etl_users_dag.py
[2026-03-07T21:42:13.255+0000] {processor.py:840} INFO - DAG(s) 'etl_users_pipeline' retrieved from /opt/airflow/dags/etl_users_dag.py
[2026-03-07T21:42:13.318+0000] {logging_mixin.py:188} INFO - [2026-03-07T21:42:13.318+0000] {dag.py:3089} INFO - Sync 1 DAGs
[2026-03-07T21:42:13.334+0000] {logging_mixin.py:188} INFO - [2026-03-07T21:42:13.334+0000] {dag.py:3947} INFO - Setting next_dagrun for etl_users_pipeline to None, run_after=None
[2026-03-07T21:42:13.352+0000] {processor.py:183} INFO - Processing /opt/airflow/dags/etl_users_dag.py took 0.142 seconds
[2026-03-07T21:42:43.649+0000] {processor.py:161} INFO - Started process (PID=1940) to work on /opt/airflow/dags/etl_users_dag.py
[2026-03-07T21:42:43.651+0000] {processor.py:830} INFO - Processing file /opt/airflow/dags/etl_users_dag.py for tasks to queue
[2026-03-07T21:42:43.656+0000] {logging_mixin.py:188} INFO - [2026-03-07T21:42:43.655+0000] {dagbag.py:545} INFO - Filling up the DagBag from /opt/airflow/dags/etl_users_dag.py
[2026-03-07T21:42:43.673+0000] {processor.py:840} INFO - DAG(s) 'etl_users_pipeline' retrieved from /opt/airflow/dags/etl_users_dag.py
[2026-03-07T21:42:43.727+0000] {logging_mixin.py:188} INFO - [2026-03-07T21:42:43.726+0000] {dag.py:3089} INFO - Sync 1 DAGs
[2026-03-07T21:42:43.739+0000] {logging_mixin.py:188} INFO - [2026-03-07T21:42:43.739+0000] {dag.py:3947} INFO - Setting next_dagrun for etl_users_pipeline to None, run_after=None
[2026-03-07T21:42:43.756+0000] {processor.py:183} INFO - Processing /opt/airflow/dags/etl_users_dag.py took 0.128 seconds
[2026-03-07T21:43:14.057+0000] {processor.py:161} INFO - Started process (PID=1950) to work on /opt/airflow/dags/etl_users_dag.py
[2026-03-07T21:43:14.059+0000] {processor.py:830} INFO - Processing file /opt/airflow/dags/etl_users_dag.py for tasks to queue
[2026-03-07T21:43:14.064+0000] {logging_mixin.py:188} INFO - [2026-03-07T21:43:14.064+0000] {dagbag.py:545} INFO - Filling up the DagBag from /opt/airflow/dags/etl_users_dag.py
[2026-03-07T21:43:14.097+0000] {processor.py:840} INFO - DAG(s) 'etl_users_pipeline' retrieved from /opt/airflow/dags/etl_users_dag.py
[2026-03-07T21:43:14.144+0000] {logging_mixin.py:188} INFO - [2026-03-07T21:43:14.144+0000] {dag.py:3089} INFO - Sync 1 DAGs
[2026-03-07T21:43:14.161+0000] {logging_mixin.py:188} INFO - [2026-03-07T21:43:14.161+0000] {dag.py:3947} INFO - Setting next_dagrun for etl_users_pipeline to None, run_after=None
[2026-03-07T21:43:14.180+0000] {processor.py:183} INFO - Processing /opt/airflow/dags/etl_users_dag.py took 0.136 seconds
[2026-03-07T21:43:44.474+0000] {processor.py:161} INFO - Started process (PID=1960) to work on /opt/airflow/dags/etl_users_dag.py
[2026-03-07T21:43:44.476+0000] {processor.py:830} INFO - Processing file /opt/airflow/dags/etl_users_dag.py for tasks to queue
[2026-03-07T21:43:44.481+0000] {logging_mixin.py:188} INFO - [2026-03-07T21:43:44.480+0000] {dagbag.py:545} INFO - Filling up the DagBag from /opt/airflow/dags/etl_users_dag.py
[2026-03-07T21:43:44.500+0000] {processor.py:840} INFO - DAG(s) 'etl_users_pipeline' retrieved from /opt/airflow/dags/etl_users_dag.py
[2026-03-07T21:43:44.549+0000] {logging_mixin.py:188} INFO - [2026-03-07T21:43:44.549+0000] {dag.py:3089} INFO - Sync 1 DAGs
[2026-03-07T21:43:44.560+0000] {logging_mixin.py:188} INFO - [2026-03-07T21:43:44.560+0000] {dag.py:3947} INFO - Setting next_dagrun for etl_users_pipeline to None, run_after=None
[2026-03-07T21:43:44.580+0000] {processor.py:183} INFO - Processing /opt/airflow/dags/etl_users_dag.py took 0.134 seconds
[2026-03-07T21:44:15.035+0000] {processor.py:161} INFO - Started process (PID=1970) to work on /opt/airflow/dags/etl_users_dag.py
[2026-03-07T21:44:15.037+0000] {processor.py:830} INFO - Processing file /opt/airflow/dags/etl_users_dag.py for tasks to queue
[2026-03-07T21:44:15.041+0000] {logging_mixin.py:188} INFO - [2026-03-07T21:44:15.040+0000] {dagbag.py:545} INFO - Filling up the DagBag from /opt/airflow/dags/etl_users_dag.py
[2026-03-07T21:44:15.070+0000] {processor.py:840} INFO - DAG(s) 'etl_users_pipeline' retrieved from /opt/airflow/dags/etl_users_dag.py
[2026-03-07T21:44:15.117+0000] {logging_mixin.py:188} INFO - [2026-03-07T21:44:15.117+0000] {dag.py:3089} INFO - Sync 1 DAGs
[2026-03-07T21:44:15.131+0000] {logging_mixin.py:188} INFO - [2026-03-07T21:44:15.131+0000] {dag.py:3947} INFO - Setting next_dagrun for etl_users_pipeline to None, run_after=None
[2026-03-07T21:44:15.147+0000] {processor.py:183} INFO - Processing /opt/airflow/dags/etl_users_dag.py took 0.126 seconds
[2026-03-07T21:44:45.426+0000] {processor.py:161} INFO - Started process (PID=1980) to work on /opt/airflow/dags/etl_users_dag.py
[2026-03-07T21:44:45.431+0000] {processor.py:830} INFO - Processing file /opt/airflow/dags/etl_users_dag.py for tasks to queue
[2026-03-07T21:44:45.434+0000] {logging_mixin.py:188} INFO - [2026-03-07T21:44:45.434+0000] {dagbag.py:545} INFO - Filling up the DagBag from /opt/airflow/dags/etl_users_dag.py
[2026-03-07T21:44:45.468+0000] {processor.py:840} INFO - DAG(s) 'etl_users_pipeline' retrieved from /opt/airflow/dags/etl_users_dag.py
[2026-03-07T21:44:45.511+0000] {logging_mixin.py:188} INFO - [2026-03-07T21:44:45.511+0000] {dag.py:3089} INFO - Sync 1 DAGs
[2026-03-07T21:44:45.542+0000] {logging_mixin.py:188} INFO - [2026-03-07T21:44:45.542+0000] {dag.py:3947} INFO - Setting next_dagrun for etl_users_pipeline to None, run_after=None
[2026-03-07T21:44:45.571+0000] {processor.py:183} INFO - Processing /opt/airflow/dags/etl_users_dag.py took 0.158 seconds
[2026-03-07T21:45:16.044+0000] {processor.py:161} INFO - Started process (PID=1990) to work on /opt/airflow/dags/etl_users_dag.py
[2026-03-07T21:45:16.046+0000] {processor.py:830} INFO - Processing file /opt/airflow/dags/etl_users_dag.py for tasks to queue
[2026-03-07T21:45:16.050+0000] {logging_mixin.py:188} INFO - [2026-03-07T21:45:16.049+0000] {dagbag.py:545} INFO - Filling up the DagBag from /opt/airflow/dags/etl_users_dag.py
[2026-03-07T21:45:16.069+0000] {processor.py:840} INFO - DAG(s) 'etl_users_pipeline' retrieved from /opt/airflow/dags/etl_users_dag.py
[2026-03-07T21:45:16.120+0000] {logging_mixin.py:188} INFO - [2026-03-07T21:45:16.120+0000] {dag.py:3089} INFO - Sync 1 DAGs
[2026-03-07T21:45:16.133+0000] {logging_mixin.py:188} INFO - [2026-03-07T21:45:16.133+0000] {dag.py:3947} INFO - Setting next_dagrun for etl_users_pipeline to None, run_after=None
[2026-03-07T21:45:16.147+0000] {processor.py:183} INFO - Processing /opt/airflow/dags/etl_users_dag.py took 0.115 seconds
[2026-03-07T21:45:46.705+0000] {processor.py:161} INFO - Started process (PID=2000) to work on /opt/airflow/dags/etl_users_dag.py
[2026-03-07T21:45:46.707+0000] {processor.py:830} INFO - Processing file /opt/airflow/dags/etl_users_dag.py for tasks to queue
[2026-03-07T21:45:46.711+0000] {logging_mixin.py:188} INFO - [2026-03-07T21:45:46.710+0000] {dagbag.py:545} INFO - Filling up the DagBag from /opt/airflow/dags/etl_users_dag.py
[2026-03-07T21:45:46.731+0000] {processor.py:840} INFO - DAG(s) 'etl_users_pipeline' retrieved from /opt/airflow/dags/etl_users_dag.py
[2026-03-07T21:45:46.799+0000] {logging_mixin.py:188} INFO - [2026-03-07T21:45:46.799+0000] {dag.py:3089} INFO - Sync 1 DAGs
[2026-03-07T21:45:46.827+0000] {logging_mixin.py:188} INFO - [2026-03-07T21:45:46.826+0000] {dag.py:3947} INFO - Setting next_dagrun for etl_users_pipeline to None, run_after=None
[2026-03-07T21:45:46.849+0000] {processor.py:183} INFO - Processing /opt/airflow/dags/etl_users_dag.py took 0.172 seconds
[2026-03-07T21:46:17.161+0000] {processor.py:161} INFO - Started process (PID=2010) to work on /opt/airflow/dags/etl_users_dag.py
[2026-03-07T21:46:17.172+0000] {processor.py:830} INFO - Processing file /opt/airflow/dags/etl_users_dag.py for tasks to queue
[2026-03-07T21:46:17.178+0000] {logging_mixin.py:188} INFO - [2026-03-07T21:46:17.178+0000] {dagbag.py:545} INFO - Filling up the DagBag from /opt/airflow/dags/etl_users_dag.py
[2026-03-07T21:46:17.199+0000] {processor.py:840} INFO - DAG(s) 'etl_users_pipeline' retrieved from /opt/airflow/dags/etl_users_dag.py
[2026-03-07T21:46:17.256+0000] {logging_mixin.py:188} INFO - [2026-03-07T21:46:17.256+0000] {dag.py:3089} INFO - Sync 1 DAGs
[2026-03-07T21:46:17.270+0000] {logging_mixin.py:188} INFO - [2026-03-07T21:46:17.270+0000] {dag.py:3947} INFO - Setting next_dagrun for etl_users_pipeline to None, run_after=None
[2026-03-07T21:46:17.289+0000] {processor.py:183} INFO - Processing /opt/airflow/dags/etl_users_dag.py took 0.140 seconds
[2026-03-07T21:46:47.537+0000] {processor.py:161} INFO - Started process (PID=2020) to work on /opt/airflow/dags/etl_users_dag.py
[2026-03-07T21:46:47.540+0000] {processor.py:830} INFO - Processing file /opt/airflow/dags/etl_users_dag.py for tasks to queue
[2026-03-07T21:46:47.548+0000] {logging_mixin.py:188} INFO - [2026-03-07T21:46:47.547+0000] {dagbag.py:545} INFO - Filling up the DagBag from /opt/airflow/dags/etl_users_dag.py
[2026-03-07T21:46:47.576+0000] {processor.py:840} INFO - DAG(s) 'etl_users_pipeline' retrieved from /opt/airflow/dags/etl_users_dag.py
[2026-03-07T21:46:47.636+0000] {logging_mixin.py:188} INFO - [2026-03-07T21:46:47.636+0000] {dag.py:3089} INFO - Sync 1 DAGs
[2026-03-07T21:46:47.657+0000] {logging_mixin.py:188} INFO - [2026-03-07T21:46:47.657+0000] {dag.py:3947} INFO - Setting next_dagrun for etl_users_pipeline to None, run_after=None
[2026-03-07T21:46:47.676+0000] {processor.py:183} INFO - Processing /opt/airflow/dags/etl_users_dag.py took 0.156 seconds
[2026-03-07T21:47:18.201+0000] {processor.py:161} INFO - Started process (PID=2030) to work on /opt/airflow/dags/etl_users_dag.py
[2026-03-07T21:47:18.204+0000] {processor.py:830} INFO - Processing file /opt/airflow/dags/etl_users_dag.py for tasks to queue
[2026-03-07T21:47:18.206+0000] {logging_mixin.py:188} INFO - [2026-03-07T21:47:18.206+0000] {dagbag.py:545} INFO - Filling up the DagBag from /opt/airflow/dags/etl_users_dag.py
[2026-03-07T21:47:18.223+0000] {processor.py:840} INFO - DAG(s) 'etl_users_pipeline' retrieved from /opt/airflow/dags/etl_users_dag.py
[2026-03-07T21:47:18.275+0000] {logging_mixin.py:188} INFO - [2026-03-07T21:47:18.275+0000] {dag.py:3089} INFO - Sync 1 DAGs
[2026-03-07T21:47:18.288+0000] {logging_mixin.py:188} INFO - [2026-03-07T21:47:18.288+0000] {dag.py:3947} INFO - Setting next_dagrun for etl_users_pipeline to None, run_after=None
[2026-03-07T21:47:18.305+0000] {processor.py:183} INFO - Processing /opt/airflow/dags/etl_users_dag.py took 0.130 seconds
[2026-03-07T21:47:48.651+0000] {processor.py:161} INFO - Started process (PID=2040) to work on /opt/airflow/dags/etl_users_dag.py
[2026-03-07T21:47:48.654+0000] {processor.py:830} INFO - Processing file /opt/airflow/dags/etl_users_dag.py for tasks to queue
[2026-03-07T21:47:48.659+0000] {logging_mixin.py:188} INFO - [2026-03-07T21:47:48.658+0000] {dagbag.py:545} INFO - Filling up the DagBag from /opt/airflow/dags/etl_users_dag.py
[2026-03-07T21:47:48.681+0000] {processor.py:840} INFO - DAG(s) 'etl_users_pipeline' retrieved from /opt/airflow/dags/etl_users_dag.py
[2026-03-07T21:47:48.737+0000] {logging_mixin.py:188} INFO - [2026-03-07T21:47:48.737+0000] {dag.py:3089} INFO - Sync 1 DAGs
[2026-03-07T21:47:48.751+0000] {logging_mixin.py:188} INFO - [2026-03-07T21:47:48.751+0000] {dag.py:3947} INFO - Setting next_dagrun for etl_users_pipeline to None, run_after=None
[2026-03-07T21:47:48.777+0000] {processor.py:183} INFO - Processing /opt/airflow/dags/etl_users_dag.py took 0.156 seconds
[2026-03-07T21:48:19.286+0000] {processor.py:161} INFO - Started process (PID=2050) to work on /opt/airflow/dags/etl_users_dag.py
[2026-03-07T21:48:19.289+0000] {processor.py:830} INFO - Processing file /opt/airflow/dags/etl_users_dag.py for tasks to queue
[2026-03-07T21:48:19.294+0000] {logging_mixin.py:188} INFO - [2026-03-07T21:48:19.293+0000] {dagbag.py:545} INFO - Filling up the DagBag from /opt/airflow/dags/etl_users_dag.py
[2026-03-07T21:48:19.316+0000] {processor.py:840} INFO - DAG(s) 'etl_users_pipeline' retrieved from /opt/airflow/dags/etl_users_dag.py
[2026-03-07T21:48:19.388+0000] {logging_mixin.py:188} INFO - [2026-03-07T21:48:19.388+0000] {dag.py:3089} INFO - Sync 1 DAGs
[2026-03-07T21:48:19.404+0000] {logging_mixin.py:188} INFO - [2026-03-07T21:48:19.404+0000] {dag.py:3947} INFO - Setting next_dagrun for etl_users_pipeline to None, run_after=None
[2026-03-07T21:48:19.440+0000] {processor.py:183} INFO - Processing /opt/airflow/dags/etl_users_dag.py took 0.178 seconds
[2026-03-07T21:48:50.040+0000] {processor.py:161} INFO - Started process (PID=2060) to work on /opt/airflow/dags/etl_users_dag.py
[2026-03-07T21:48:50.042+0000] {processor.py:830} INFO - Processing file /opt/airflow/dags/etl_users_dag.py for tasks to queue
[2026-03-07T21:48:50.045+0000] {logging_mixin.py:188} INFO - [2026-03-07T21:48:50.045+0000] {dagbag.py:545} INFO - Filling up the DagBag from /opt/airflow/dags/etl_users_dag.py
[2026-03-07T21:48:50.063+0000] {processor.py:840} INFO - DAG(s) 'etl_users_pipeline' retrieved from /opt/airflow/dags/etl_users_dag.py
[2026-03-07T21:48:50.123+0000] {logging_mixin.py:188} INFO - [2026-03-07T21:48:50.123+0000] {dag.py:3089} INFO - Sync 1 DAGs
[2026-03-07T21:48:50.137+0000] {logging_mixin.py:188} INFO - [2026-03-07T21:48:50.136+0000] {dag.py:3947} INFO - Setting next_dagrun for etl_users_pipeline to None, run_after=None
[2026-03-07T21:48:50.166+0000] {processor.py:183} INFO - Processing /opt/airflow/dags/etl_users_dag.py took 0.148 seconds
[2026-03-07T21:49:20.539+0000] {processor.py:161} INFO - Started process (PID=2070) to work on /opt/airflow/dags/etl_users_dag.py
[2026-03-07T21:49:20.548+0000] {processor.py:830} INFO - Processing file /opt/airflow/dags/etl_users_dag.py for tasks to queue
[2026-03-07T21:49:20.552+0000] {logging_mixin.py:188} INFO - [2026-03-07T21:49:20.552+0000] {dagbag.py:545} INFO - Filling up the DagBag from /opt/airflow/dags/etl_users_dag.py
[2026-03-07T21:49:20.586+0000] {processor.py:840} INFO - DAG(s) 'etl_users_pipeline' retrieved from /opt/airflow/dags/etl_users_dag.py
[2026-03-07T21:49:20.658+0000] {logging_mixin.py:188} INFO - [2026-03-07T21:49:20.658+0000] {dag.py:3089} INFO - Sync 1 DAGs
[2026-03-07T21:49:20.671+0000] {logging_mixin.py:188} INFO - [2026-03-07T21:49:20.671+0000] {dag.py:3947} INFO - Setting next_dagrun for etl_users_pipeline to None, run_after=None
[2026-03-07T21:49:20.708+0000] {processor.py:183} INFO - Processing /opt/airflow/dags/etl_users_dag.py took 0.199 seconds
[2026-03-07T21:49:50.919+0000] {processor.py:161} INFO - Started process (PID=2080) to work on /opt/airflow/dags/etl_users_dag.py
[2026-03-07T21:49:50.921+0000] {processor.py:830} INFO - Processing file /opt/airflow/dags/etl_users_dag.py for tasks to queue
[2026-03-07T21:49:50.925+0000] {logging_mixin.py:188} INFO - [2026-03-07T21:49:50.924+0000] {dagbag.py:545} INFO - Filling up the DagBag from /opt/airflow/dags/etl_users_dag.py
[2026-03-07T21:49:50.943+0000] {processor.py:840} INFO - DAG(s) 'etl_users_pipeline' retrieved from /opt/airflow/dags/etl_users_dag.py
[2026-03-07T21:49:50.983+0000] {logging_mixin.py:188} INFO - [2026-03-07T21:49:50.982+0000] {dag.py:3089} INFO - Sync 1 DAGs
[2026-03-07T21:49:50.995+0000] {logging_mixin.py:188} INFO - [2026-03-07T21:49:50.995+0000] {dag.py:3947} INFO - Setting next_dagrun for etl_users_pipeline to None, run_after=None
[2026-03-07T21:49:51.009+0000] {processor.py:183} INFO - Processing /opt/airflow/dags/etl_users_dag.py took 0.118 seconds
[2026-03-07T21:50:21.332+0000] {processor.py:161} INFO - Started process (PID=2090) to work on /opt/airflow/dags/etl_users_dag.py
[2026-03-07T21:50:21.339+0000] {processor.py:830} INFO - Processing file /opt/airflow/dags/etl_users_dag.py for tasks to queue
[2026-03-07T21:50:21.350+0000] {logging_mixin.py:188} INFO - [2026-03-07T21:50:21.348+0000] {dagbag.py:545} INFO - Filling up the DagBag from /opt/airflow/dags/etl_users_dag.py
[2026-03-07T21:50:21.388+0000] {processor.py:840} INFO - DAG(s) 'etl_users_pipeline' retrieved from /opt/airflow/dags/etl_users_dag.py
[2026-03-07T21:50:21.452+0000] {logging_mixin.py:188} INFO - [2026-03-07T21:50:21.452+0000] {dag.py:3089} INFO - Sync 1 DAGs
[2026-03-07T21:50:21.471+0000] {logging_mixin.py:188} INFO - [2026-03-07T21:50:21.471+0000] {dag.py:3947} INFO - Setting next_dagrun for etl_users_pipeline to None, run_after=None
[2026-03-07T21:50:21.494+0000] {processor.py:183} INFO - Processing /opt/airflow/dags/etl_users_dag.py took 0.176 seconds
[2026-03-07T21:50:51.658+0000] {processor.py:161} INFO - Started process (PID=2100) to work on /opt/airflow/dags/etl_users_dag.py
[2026-03-07T21:50:51.662+0000] {processor.py:830} INFO - Processing file /opt/airflow/dags/etl_users_dag.py for tasks to queue
[2026-03-07T21:50:51.666+0000] {logging_mixin.py:188} INFO - [2026-03-07T21:50:51.666+0000] {dagbag.py:545} INFO - Filling up the DagBag from /opt/airflow/dags/etl_users_dag.py
[2026-03-07T21:50:51.685+0000] {processor.py:840} INFO - DAG(s) 'etl_users_pipeline' retrieved from /opt/airflow/dags/etl_users_dag.py
[2026-03-07T21:50:51.732+0000] {logging_mixin.py:188} INFO - [2026-03-07T21:50:51.732+0000] {dag.py:3089} INFO - Sync 1 DAGs
[2026-03-07T21:50:51.758+0000] {logging_mixin.py:188} INFO - [2026-03-07T21:50:51.758+0000] {dag.py:3947} INFO - Setting next_dagrun for etl_users_pipeline to None, run_after=None
[2026-03-07T21:50:51.773+0000] {processor.py:183} INFO - Processing /opt/airflow/dags/etl_users_dag.py took 0.133 seconds
[2026-03-07T21:51:22.233+0000] {processor.py:161} INFO - Started process (PID=2110) to work on /opt/airflow/dags/etl_users_dag.py
[2026-03-07T21:51:22.236+0000] {processor.py:830} INFO - Processing file /opt/airflow/dags/etl_users_dag.py for tasks to queue
[2026-03-07T21:51:22.239+0000] {logging_mixin.py:188} INFO - [2026-03-07T21:51:22.239+0000] {dagbag.py:545} INFO - Filling up the DagBag from /opt/airflow/dags/etl_users_dag.py
[2026-03-07T21:51:22.256+0000] {processor.py:840} INFO - DAG(s) 'etl_users_pipeline' retrieved from /opt/airflow/dags/etl_users_dag.py
[2026-03-07T21:51:22.302+0000] {logging_mixin.py:188} INFO - [2026-03-07T21:51:22.301+0000] {dag.py:3089} INFO - Sync 1 DAGs
[2026-03-07T21:51:22.314+0000] {logging_mixin.py:188} INFO - [2026-03-07T21:51:22.314+0000] {dag.py:3947} INFO - Setting next_dagrun for etl_users_pipeline to None, run_after=None
[2026-03-07T21:51:22.325+0000] {processor.py:183} INFO - Processing /opt/airflow/dags/etl_users_dag.py took 0.105 seconds
[2026-03-07T21:51:52.697+0000] {processor.py:161} INFO - Started process (PID=2120) to work on /opt/airflow/dags/etl_users_dag.py
[2026-03-07T21:51:52.701+0000] {processor.py:830} INFO - Processing file /opt/airflow/dags/etl_users_dag.py for tasks to queue
[2026-03-07T21:51:52.704+0000] {logging_mixin.py:188} INFO - [2026-03-07T21:51:52.703+0000] {dagbag.py:545} INFO - Filling up the DagBag from /opt/airflow/dags/etl_users_dag.py
[2026-03-07T21:51:52.722+0000] {processor.py:840} INFO - DAG(s) 'etl_users_pipeline' retrieved from /opt/airflow/dags/etl_users_dag.py
[2026-03-07T21:51:52.774+0000] {logging_mixin.py:188} INFO - [2026-03-07T21:51:52.774+0000] {dag.py:3089} INFO - Sync 1 DAGs
[2026-03-07T21:51:52.784+0000] {logging_mixin.py:188} INFO - [2026-03-07T21:51:52.784+0000] {dag.py:3947} INFO - Setting next_dagrun for etl_users_pipeline to None, run_after=None
[2026-03-07T21:51:52.800+0000] {processor.py:183} INFO - Processing /opt/airflow/dags/etl_users_dag.py took 0.129 seconds
[2026-03-07T21:52:23.259+0000] {processor.py:161} INFO - Started process (PID=2130) to work on /opt/airflow/dags/etl_users_dag.py
[2026-03-07T21:52:23.261+0000] {processor.py:830} INFO - Processing file /opt/airflow/dags/etl_users_dag.py for tasks to queue
[2026-03-07T21:52:23.264+0000] {logging_mixin.py:188} INFO - [2026-03-07T21:52:23.264+0000] {dagbag.py:545} INFO - Filling up the DagBag from /opt/airflow/dags/etl_users_dag.py
[2026-03-07T21:52:23.283+0000] {processor.py:840} INFO - DAG(s) 'etl_users_pipeline' retrieved from /opt/airflow/dags/etl_users_dag.py
[2026-03-07T21:52:23.321+0000] {logging_mixin.py:188} INFO - [2026-03-07T21:52:23.321+0000] {dag.py:3089} INFO - Sync 1 DAGs
[2026-03-07T21:52:23.339+0000] {logging_mixin.py:188} INFO - [2026-03-07T21:52:23.339+0000] {dag.py:3947} INFO - Setting next_dagrun for etl_users_pipeline to None, run_after=None
[2026-03-07T21:52:23.365+0000] {processor.py:183} INFO - Processing /opt/airflow/dags/etl_users_dag.py took 0.134 seconds
[2026-03-07T21:52:53.686+0000] {processor.py:161} INFO - Started process (PID=2140) to work on /opt/airflow/dags/etl_users_dag.py
[2026-03-07T21:52:53.689+0000] {processor.py:830} INFO - Processing file /opt/airflow/dags/etl_users_dag.py for tasks to queue
[2026-03-07T21:52:53.693+0000] {logging_mixin.py:188} INFO - [2026-03-07T21:52:53.692+0000] {dagbag.py:545} INFO - Filling up the DagBag from /opt/airflow/dags/etl_users_dag.py
[2026-03-07T21:52:53.726+0000] {processor.py:840} INFO - DAG(s) 'etl_users_pipeline' retrieved from /opt/airflow/dags/etl_users_dag.py
[2026-03-07T21:52:53.793+0000] {logging_mixin.py:188} INFO - [2026-03-07T21:52:53.792+0000] {dag.py:3089} INFO - Sync 1 DAGs
[2026-03-07T21:52:53.804+0000] {logging_mixin.py:188} INFO - [2026-03-07T21:52:53.804+0000] {dag.py:3947} INFO - Setting next_dagrun for etl_users_pipeline to None, run_after=None
[2026-03-07T21:52:53.833+0000] {processor.py:183} INFO - Processing /opt/airflow/dags/etl_users_dag.py took 0.175 seconds
[2026-03-07T21:53:24.254+0000] {processor.py:161} INFO - Started process (PID=2150) to work on /opt/airflow/dags/etl_users_dag.py
[2026-03-07T21:53:24.257+0000] {processor.py:830} INFO - Processing file /opt/airflow/dags/etl_users_dag.py for tasks to queue
[2026-03-07T21:53:24.260+0000] {logging_mixin.py:188} INFO - [2026-03-07T21:53:24.260+0000] {dagbag.py:545} INFO - Filling up the DagBag from /opt/airflow/dags/etl_users_dag.py
[2026-03-07T21:53:24.284+0000] {processor.py:840} INFO - DAG(s) 'etl_users_pipeline' retrieved from /opt/airflow/dags/etl_users_dag.py
[2026-03-07T21:53:24.341+0000] {logging_mixin.py:188} INFO - [2026-03-07T21:53:24.340+0000] {dag.py:3089} INFO - Sync 1 DAGs
[2026-03-07T21:53:24.354+0000] {logging_mixin.py:188} INFO - [2026-03-07T21:53:24.354+0000] {dag.py:3947} INFO - Setting next_dagrun for etl_users_pipeline to None, run_after=None
[2026-03-07T21:53:24.378+0000] {processor.py:183} INFO - Processing /opt/airflow/dags/etl_users_dag.py took 0.140 seconds
[2026-03-07T21:53:55.109+0000] {processor.py:161} INFO - Started process (PID=2160) to work on /opt/airflow/dags/etl_users_dag.py
[2026-03-07T21:53:55.114+0000] {processor.py:830} INFO - Processing file /opt/airflow/dags/etl_users_dag.py for tasks to queue
[2026-03-07T21:53:55.135+0000] {logging_mixin.py:188} INFO - [2026-03-07T21:53:55.133+0000] {dagbag.py:545} INFO - Filling up the DagBag from /opt/airflow/dags/etl_users_dag.py
[2026-03-07T21:53:55.158+0000] {processor.py:840} INFO - DAG(s) 'etl_users_pipeline' retrieved from /opt/airflow/dags/etl_users_dag.py
[2026-03-07T21:53:55.227+0000] {logging_mixin.py:188} INFO - [2026-03-07T21:53:55.227+0000] {dag.py:3089} INFO - Sync 1 DAGs
[2026-03-07T21:53:55.249+0000] {logging_mixin.py:188} INFO - [2026-03-07T21:53:55.249+0000] {dag.py:3947} INFO - Setting next_dagrun for etl_users_pipeline to None, run_after=None
[2026-03-07T21:53:55.284+0000] {processor.py:183} INFO - Processing /opt/airflow/dags/etl_users_dag.py took 0.204 seconds
[2026-03-07T21:54:25.913+0000] {processor.py:161} INFO - Started process (PID=2170) to work on /opt/airflow/dags/etl_users_dag.py
[2026-03-07T21:54:25.916+0000] {processor.py:830} INFO - Processing file /opt/airflow/dags/etl_users_dag.py for tasks to queue
[2026-03-07T21:54:25.919+0000] {logging_mixin.py:188} INFO - [2026-03-07T21:54:25.918+0000] {dagbag.py:545} INFO - Filling up the DagBag from /opt/airflow/dags/etl_users_dag.py
[2026-03-07T21:54:25.938+0000] {processor.py:840} INFO - DAG(s) 'etl_users_pipeline' retrieved from /opt/airflow/dags/etl_users_dag.py
[2026-03-07T21:54:26.000+0000] {logging_mixin.py:188} INFO - [2026-03-07T21:54:26.000+0000] {dag.py:3089} INFO - Sync 1 DAGs
[2026-03-07T21:54:26.012+0000] {logging_mixin.py:188} INFO - [2026-03-07T21:54:26.012+0000] {dag.py:3947} INFO - Setting next_dagrun for etl_users_pipeline to None, run_after=None
[2026-03-07T21:54:26.031+0000] {processor.py:183} INFO - Processing /opt/airflow/dags/etl_users_dag.py took 0.156 seconds
[2026-03-07T21:54:56.529+0000] {processor.py:161} INFO - Started process (PID=2180) to work on /opt/airflow/dags/etl_users_dag.py
[2026-03-07T21:54:56.531+0000] {processor.py:830} INFO - Processing file /opt/airflow/dags/etl_users_dag.py for tasks to queue
[2026-03-07T21:54:56.535+0000] {logging_mixin.py:188} INFO - [2026-03-07T21:54:56.534+0000] {dagbag.py:545} INFO - Filling up the DagBag from /opt/airflow/dags/etl_users_dag.py
[2026-03-07T21:54:56.578+0000] {processor.py:840} INFO - DAG(s) 'etl_users_pipeline' retrieved from /opt/airflow/dags/etl_users_dag.py
[2026-03-07T21:54:56.630+0000] {logging_mixin.py:188} INFO - [2026-03-07T21:54:56.630+0000] {dag.py:3089} INFO - Sync 1 DAGs
[2026-03-07T21:54:56.642+0000] {logging_mixin.py:188} INFO - [2026-03-07T21:54:56.642+0000] {dag.py:3947} INFO - Setting next_dagrun for etl_users_pipeline to None, run_after=None
[2026-03-07T21:54:56.660+0000] {processor.py:183} INFO - Processing /opt/airflow/dags/etl_users_dag.py took 0.147 seconds
[2026-03-07T21:55:26.995+0000] {processor.py:161} INFO - Started process (PID=2190) to work on /opt/airflow/dags/etl_users_dag.py
[2026-03-07T21:55:26.999+0000] {processor.py:830} INFO - Processing file /opt/airflow/dags/etl_users_dag.py for tasks to queue
[2026-03-07T21:55:27.001+0000] {logging_mixin.py:188} INFO - [2026-03-07T21:55:27.000+0000] {dagbag.py:545} INFO - Filling up the DagBag from /opt/airflow/dags/etl_users_dag.py
[2026-03-07T21:55:27.030+0000] {processor.py:840} INFO - DAG(s) 'etl_users_pipeline' retrieved from /opt/airflow/dags/etl_users_dag.py
[2026-03-07T21:55:27.068+0000] {logging_mixin.py:188} INFO - [2026-03-07T21:55:27.068+0000] {dag.py:3089} INFO - Sync 1 DAGs
[2026-03-07T21:55:27.080+0000] {logging_mixin.py:188} INFO - [2026-03-07T21:55:27.080+0000] {dag.py:3947} INFO - Setting next_dagrun for etl_users_pipeline to None, run_after=None
[2026-03-07T21:55:27.110+0000] {processor.py:183} INFO - Processing /opt/airflow/dags/etl_users_dag.py took 0.128 seconds
[2026-03-07T21:55:57.447+0000] {processor.py:161} INFO - Started process (PID=2200) to work on /opt/airflow/dags/etl_users_dag.py
[2026-03-07T21:55:57.451+0000] {processor.py:830} INFO - Processing file /opt/airflow/dags/etl_users_dag.py for tasks to queue
[2026-03-07T21:55:57.455+0000] {logging_mixin.py:188} INFO - [2026-03-07T21:55:57.454+0000] {dagbag.py:545} INFO - Filling up the DagBag from /opt/airflow/dags/etl_users_dag.py
[2026-03-07T21:55:57.479+0000] {processor.py:840} INFO - DAG(s) 'etl_users_pipeline' retrieved from /opt/airflow/dags/etl_users_dag.py
[2026-03-07T21:55:57.533+0000] {logging_mixin.py:188} INFO - [2026-03-07T21:55:57.532+0000] {dag.py:3089} INFO - Sync 1 DAGs
[2026-03-07T21:55:57.557+0000] {logging_mixin.py:188} INFO - [2026-03-07T21:55:57.557+0000] {dag.py:3947} INFO - Setting next_dagrun for etl_users_pipeline to None, run_after=None
[2026-03-07T21:55:57.580+0000] {processor.py:183} INFO - Processing /opt/airflow/dags/etl_users_dag.py took 0.148 seconds
[2026-03-07T21:56:27.762+0000] {processor.py:161} INFO - Started process (PID=2210) to work on /opt/airflow/dags/etl_users_dag.py
[2026-03-07T21:56:27.763+0000] {processor.py:830} INFO - Processing file /opt/airflow/dags/etl_users_dag.py for tasks to queue
[2026-03-07T21:56:27.768+0000] {logging_mixin.py:188} INFO - [2026-03-07T21:56:27.767+0000] {dagbag.py:545} INFO - Filling up the DagBag from /opt/airflow/dags/etl_users_dag.py
[2026-03-07T21:56:27.784+0000] {processor.py:840} INFO - DAG(s) 'etl_users_pipeline' retrieved from /opt/airflow/dags/etl_users_dag.py
[2026-03-07T21:56:27.809+0000] {logging_mixin.py:188} INFO - [2026-03-07T21:56:27.809+0000] {dag.py:3089} INFO - Sync 1 DAGs
[2026-03-07T21:56:27.817+0000] {logging_mixin.py:188} INFO - [2026-03-07T21:56:27.817+0000] {dag.py:3947} INFO - Setting next_dagrun for etl_users_pipeline to None, run_after=None
[2026-03-07T21:56:27.840+0000] {processor.py:183} INFO - Processing /opt/airflow/dags/etl_users_dag.py took 0.093 seconds
[2026-03-07T21:56:58.185+0000] {processor.py:161} INFO - Started process (PID=2220) to work on /opt/airflow/dags/etl_users_dag.py
[2026-03-07T21:56:58.186+0000] {processor.py:830} INFO - Processing file /opt/airflow/dags/etl_users_dag.py for tasks to queue
[2026-03-07T21:56:58.188+0000] {logging_mixin.py:188} INFO - [2026-03-07T21:56:58.188+0000] {dagbag.py:545} INFO - Filling up the DagBag from /opt/airflow/dags/etl_users_dag.py
[2026-03-07T21:56:58.198+0000] {processor.py:840} INFO - DAG(s) 'etl_users_pipeline' retrieved from /opt/airflow/dags/etl_users_dag.py
[2026-03-07T21:56:58.241+0000] {logging_mixin.py:188} INFO - [2026-03-07T21:56:58.241+0000] {dag.py:3089} INFO - Sync 1 DAGs
[2026-03-07T21:56:58.255+0000] {logging_mixin.py:188} INFO - [2026-03-07T21:56:58.254+0000] {dag.py:3947} INFO - Setting next_dagrun for etl_users_pipeline to None, run_after=None
[2026-03-07T21:56:58.271+0000] {processor.py:183} INFO - Processing /opt/airflow/dags/etl_users_dag.py took 0.098 seconds
[2026-03-07T21:57:28.706+0000] {processor.py:161} INFO - Started process (PID=2230) to work on /opt/airflow/dags/etl_users_dag.py
[2026-03-07T21:57:28.708+0000] {processor.py:830} INFO - Processing file /opt/airflow/dags/etl_users_dag.py for tasks to queue
[2026-03-07T21:57:28.713+0000] {logging_mixin.py:188} INFO - [2026-03-07T21:57:28.713+0000] {dagbag.py:545} INFO - Filling up the DagBag from /opt/airflow/dags/etl_users_dag.py
[2026-03-07T21:57:28.729+0000] {processor.py:840} INFO - DAG(s) 'etl_users_pipeline' retrieved from /opt/airflow/dags/etl_users_dag.py
[2026-03-07T21:57:28.779+0000] {logging_mixin.py:188} INFO - [2026-03-07T21:57:28.779+0000] {dag.py:3089} INFO - Sync 1 DAGs
[2026-03-07T21:57:28.795+0000] {logging_mixin.py:188} INFO - [2026-03-07T21:57:28.794+0000] {dag.py:3947} INFO - Setting next_dagrun for etl_users_pipeline to None, run_after=None
[2026-03-07T21:57:28.810+0000] {processor.py:183} INFO - Processing /opt/airflow/dags/etl_users_dag.py took 0.125 seconds
[2026-03-07T21:57:58.992+0000] {processor.py:161} INFO - Started process (PID=2240) to work on /opt/airflow/dags/etl_users_dag.py
[2026-03-07T21:57:58.993+0000] {processor.py:830} INFO - Processing file /opt/airflow/dags/etl_users_dag.py for tasks to queue
[2026-03-07T21:57:58.994+0000] {logging_mixin.py:188} INFO - [2026-03-07T21:57:58.994+0000] {dagbag.py:545} INFO - Filling up the DagBag from /opt/airflow/dags/etl_users_dag.py
[2026-03-07T21:57:59.005+0000] {processor.py:840} INFO - DAG(s) 'etl_users_pipeline' retrieved from /opt/airflow/dags/etl_users_dag.py
[2026-03-07T21:57:59.041+0000] {logging_mixin.py:188} INFO - [2026-03-07T21:57:59.041+0000] {dag.py:3089} INFO - Sync 1 DAGs
[2026-03-07T21:57:59.051+0000] {logging_mixin.py:188} INFO - [2026-03-07T21:57:59.051+0000] {dag.py:3947} INFO - Setting next_dagrun for etl_users_pipeline to None, run_after=None
[2026-03-07T21:57:59.081+0000] {processor.py:183} INFO - Processing /opt/airflow/dags/etl_users_dag.py took 0.097 seconds
[2026-03-07T21:58:29.512+0000] {processor.py:161} INFO - Started process (PID=2250) to work on /opt/airflow/dags/etl_users_dag.py
[2026-03-07T21:58:29.513+0000] {processor.py:830} INFO - Processing file /opt/airflow/dags/etl_users_dag.py for tasks to queue
[2026-03-07T21:58:29.518+0000] {logging_mixin.py:188} INFO - [2026-03-07T21:58:29.517+0000] {dagbag.py:545} INFO - Filling up the DagBag from /opt/airflow/dags/etl_users_dag.py
[2026-03-07T21:58:29.566+0000] {processor.py:840} INFO - DAG(s) 'etl_users_pipeline' retrieved from /opt/airflow/dags/etl_users_dag.py
[2026-03-07T21:58:29.603+0000] {logging_mixin.py:188} INFO - [2026-03-07T21:58:29.603+0000] {dag.py:3089} INFO - Sync 1 DAGs
[2026-03-07T21:58:29.616+0000] {logging_mixin.py:188} INFO - [2026-03-07T21:58:29.616+0000] {dag.py:3947} INFO - Setting next_dagrun for etl_users_pipeline to None, run_after=None
[2026-03-07T21:58:29.630+0000] {processor.py:183} INFO - Processing /opt/airflow/dags/etl_users_dag.py took 0.135 seconds
[2026-03-07T21:58:59.990+0000] {processor.py:161} INFO - Started process (PID=2260) to work on /opt/airflow/dags/etl_users_dag.py
[2026-03-07T21:58:59.992+0000] {processor.py:830} INFO - Processing file /opt/airflow/dags/etl_users_dag.py for tasks to queue
[2026-03-07T21:58:59.997+0000] {logging_mixin.py:188} INFO - [2026-03-07T21:58:59.996+0000] {dagbag.py:545} INFO - Filling up the DagBag from /opt/airflow/dags/etl_users_dag.py
[2026-03-07T21:59:00.021+0000] {processor.py:840} INFO - DAG(s) 'etl_users_pipeline' retrieved from /opt/airflow/dags/etl_users_dag.py
[2026-03-07T21:59:00.062+0000] {logging_mixin.py:188} INFO - [2026-03-07T21:59:00.062+0000] {dag.py:3089} INFO - Sync 1 DAGs
[2026-03-07T21:59:00.074+0000] {logging_mixin.py:188} INFO - [2026-03-07T21:59:00.074+0000] {dag.py:3947} INFO - Setting next_dagrun for etl_users_pipeline to None, run_after=None
[2026-03-07T21:59:00.092+0000] {processor.py:183} INFO - Processing /opt/airflow/dags/etl_users_dag.py took 0.139 seconds
[2026-03-07T21:59:30.588+0000] {processor.py:161} INFO - Started process (PID=2270) to work on /opt/airflow/dags/etl_users_dag.py
[2026-03-07T21:59:30.589+0000] {processor.py:830} INFO - Processing file /opt/airflow/dags/etl_users_dag.py for tasks to queue
[2026-03-07T21:59:30.592+0000] {logging_mixin.py:188} INFO - [2026-03-07T21:59:30.592+0000] {dagbag.py:545} INFO - Filling up the DagBag from /opt/airflow/dags/etl_users_dag.py
[2026-03-07T21:59:30.617+0000] {processor.py:840} INFO - DAG(s) 'etl_users_pipeline' retrieved from /opt/airflow/dags/etl_users_dag.py
[2026-03-07T21:59:30.655+0000] {logging_mixin.py:188} INFO - [2026-03-07T21:59:30.655+0000] {dag.py:3089} INFO - Sync 1 DAGs
[2026-03-07T21:59:30.666+0000] {logging_mixin.py:188} INFO - [2026-03-07T21:59:30.666+0000] {dag.py:3947} INFO - Setting next_dagrun for etl_users_pipeline to None, run_after=None
[2026-03-07T21:59:30.680+0000] {processor.py:183} INFO - Processing /opt/airflow/dags/etl_users_dag.py took 0.105 seconds
[2026-03-07T22:00:01.173+0000] {processor.py:161} INFO - Started process (PID=2280) to work on /opt/airflow/dags/etl_users_dag.py
[2026-03-07T22:00:01.176+0000] {processor.py:830} INFO - Processing file /opt/airflow/dags/etl_users_dag.py for tasks to queue
[2026-03-07T22:00:01.179+0000] {logging_mixin.py:188} INFO - [2026-03-07T22:00:01.178+0000] {dagbag.py:545} INFO - Filling up the DagBag from /opt/airflow/dags/etl_users_dag.py
[2026-03-07T22:00:01.201+0000] {processor.py:840} INFO - DAG(s) 'etl_users_pipeline' retrieved from /opt/airflow/dags/etl_users_dag.py
[2026-03-07T22:00:01.239+0000] {logging_mixin.py:188} INFO - [2026-03-07T22:00:01.239+0000] {dag.py:3089} INFO - Sync 1 DAGs
[2026-03-07T22:00:01.249+0000] {logging_mixin.py:188} INFO - [2026-03-07T22:00:01.249+0000] {dag.py:3947} INFO - Setting next_dagrun for etl_users_pipeline to None, run_after=None
[2026-03-07T22:00:01.267+0000] {processor.py:183} INFO - Processing /opt/airflow/dags/etl_users_dag.py took 0.110 seconds
[2026-03-07T22:00:31.738+0000] {processor.py:161} INFO - Started process (PID=2290) to work on /opt/airflow/dags/etl_users_dag.py
[2026-03-07T22:00:31.740+0000] {processor.py:830} INFO - Processing file /opt/airflow/dags/etl_users_dag.py for tasks to queue
[2026-03-07T22:00:31.743+0000] {logging_mixin.py:188} INFO - [2026-03-07T22:00:31.743+0000] {dagbag.py:545} INFO - Filling up the DagBag from /opt/airflow/dags/etl_users_dag.py
[2026-03-07T22:00:31.760+0000] {processor.py:840} INFO - DAG(s) 'etl_users_pipeline' retrieved from /opt/airflow/dags/etl_users_dag.py
[2026-03-07T22:00:31.791+0000] {logging_mixin.py:188} INFO - [2026-03-07T22:00:31.791+0000] {dag.py:3089} INFO - Sync 1 DAGs
[2026-03-07T22:00:31.803+0000] {logging_mixin.py:188} INFO - [2026-03-07T22:00:31.802+0000] {dag.py:3947} INFO - Setting next_dagrun for etl_users_pipeline to None, run_after=None
[2026-03-07T22:00:31.820+0000] {processor.py:183} INFO - Processing /opt/airflow/dags/etl_users_dag.py took 0.095 seconds
[2026-03-07T22:01:02.187+0000] {processor.py:161} INFO - Started process (PID=2300) to work on /opt/airflow/dags/etl_users_dag.py
[2026-03-07T22:01:02.189+0000] {processor.py:830} INFO - Processing file /opt/airflow/dags/etl_users_dag.py for tasks to queue
[2026-03-07T22:01:02.192+0000] {logging_mixin.py:188} INFO - [2026-03-07T22:01:02.192+0000] {dagbag.py:545} INFO - Filling up the DagBag from /opt/airflow/dags/etl_users_dag.py
[2026-03-07T22:01:02.209+0000] {processor.py:840} INFO - DAG(s) 'etl_users_pipeline' retrieved from /opt/airflow/dags/etl_users_dag.py
[2026-03-07T22:01:02.245+0000] {logging_mixin.py:188} INFO - [2026-03-07T22:01:02.245+0000] {dag.py:3089} INFO - Sync 1 DAGs
[2026-03-07T22:01:02.260+0000] {logging_mixin.py:188} INFO - [2026-03-07T22:01:02.260+0000] {dag.py:3947} INFO - Setting next_dagrun for etl_users_pipeline to None, run_after=None
[2026-03-07T22:01:02.277+0000] {processor.py:183} INFO - Processing /opt/airflow/dags/etl_users_dag.py took 0.103 seconds
[2026-03-07T22:01:32.633+0000] {processor.py:161} INFO - Started process (PID=2310) to work on /opt/airflow/dags/etl_users_dag.py
[2026-03-07T22:01:32.635+0000] {processor.py:830} INFO - Processing file /opt/airflow/dags/etl_users_dag.py for tasks to queue
[2026-03-07T22:01:32.638+0000] {logging_mixin.py:188} INFO - [2026-03-07T22:01:32.637+0000] {dagbag.py:545} INFO - Filling up the DagBag from /opt/airflow/dags/etl_users_dag.py
[2026-03-07T22:01:32.655+0000] {processor.py:840} INFO - DAG(s) 'etl_users_pipeline' retrieved from /opt/airflow/dags/etl_users_dag.py
[2026-03-07T22:01:32.686+0000] {logging_mixin.py:188} INFO - [2026-03-07T22:01:32.686+0000] {dag.py:3089} INFO - Sync 1 DAGs
[2026-03-07T22:01:32.698+0000] {logging_mixin.py:188} INFO - [2026-03-07T22:01:32.698+0000] {dag.py:3947} INFO - Setting next_dagrun for etl_users_pipeline to None, run_after=None
[2026-03-07T22:01:32.715+0000] {processor.py:183} INFO - Processing /opt/airflow/dags/etl_users_dag.py took 0.095 seconds
[2026-03-07T22:02:03.111+0000] {processor.py:161} INFO - Started process (PID=2320) to work on /opt/airflow/dags/etl_users_dag.py
[2026-03-07T22:02:03.114+0000] {processor.py:830} INFO - Processing file /opt/airflow/dags/etl_users_dag.py for tasks to queue
[2026-03-07T22:02:03.117+0000] {logging_mixin.py:188} INFO - [2026-03-07T22:02:03.117+0000] {dagbag.py:545} INFO - Filling up the DagBag from /opt/airflow/dags/etl_users_dag.py
[2026-03-07T22:02:03.139+0000] {processor.py:840} INFO - DAG(s) 'etl_users_pipeline' retrieved from /opt/airflow/dags/etl_users_dag.py
[2026-03-07T22:02:03.178+0000] {logging_mixin.py:188} INFO - [2026-03-07T22:02:03.177+0000] {dag.py:3089} INFO - Sync 1 DAGs
[2026-03-07T22:02:03.196+0000] {logging_mixin.py:188} INFO - [2026-03-07T22:02:03.196+0000] {dag.py:3947} INFO - Setting next_dagrun for etl_users_pipeline to None, run_after=None
[2026-03-07T22:02:03.213+0000] {processor.py:183} INFO - Processing /opt/airflow/dags/etl_users_dag.py took 0.116 seconds
[2026-03-07T22:02:33.719+0000] {processor.py:161} INFO - Started process (PID=2330) to work on /opt/airflow/dags/etl_users_dag.py
[2026-03-07T22:02:33.722+0000] {processor.py:830} INFO - Processing file /opt/airflow/dags/etl_users_dag.py for tasks to queue
[2026-03-07T22:02:33.724+0000] {logging_mixin.py:188} INFO - [2026-03-07T22:02:33.724+0000] {dagbag.py:545} INFO - Filling up the DagBag from /opt/airflow/dags/etl_users_dag.py
[2026-03-07T22:02:33.740+0000] {processor.py:840} INFO - DAG(s) 'etl_users_pipeline' retrieved from /opt/airflow/dags/etl_users_dag.py
[2026-03-07T22:02:33.775+0000] {logging_mixin.py:188} INFO - [2026-03-07T22:02:33.775+0000] {dag.py:3089} INFO - Sync 1 DAGs
[2026-03-07T22:02:33.786+0000] {logging_mixin.py:188} INFO - [2026-03-07T22:02:33.786+0000] {dag.py:3947} INFO - Setting next_dagrun for etl_users_pipeline to None, run_after=None
[2026-03-07T22:02:33.803+0000] {processor.py:183} INFO - Processing /opt/airflow/dags/etl_users_dag.py took 0.095 seconds
[2026-03-07T22:03:04.287+0000] {processor.py:161} INFO - Started process (PID=2340) to work on /opt/airflow/dags/etl_users_dag.py
[2026-03-07T22:03:04.293+0000] {processor.py:830} INFO - Processing file /opt/airflow/dags/etl_users_dag.py for tasks to queue
[2026-03-07T22:03:04.304+0000] {logging_mixin.py:188} INFO - [2026-03-07T22:03:04.301+0000] {dagbag.py:545} INFO - Filling up the DagBag from /opt/airflow/dags/etl_users_dag.py
[2026-03-07T22:03:04.329+0000] {processor.py:840} INFO - DAG(s) 'etl_users_pipeline' retrieved from /opt/airflow/dags/etl_users_dag.py
[2026-03-07T22:03:04.360+0000] {logging_mixin.py:188} INFO - [2026-03-07T22:03:04.360+0000] {dag.py:3089} INFO - Sync 1 DAGs
[2026-03-07T22:03:04.372+0000] {logging_mixin.py:188} INFO - [2026-03-07T22:03:04.372+0000] {dag.py:3947} INFO - Setting next_dagrun for etl_users_pipeline to None, run_after=None
[2026-03-07T22:03:04.389+0000] {processor.py:183} INFO - Processing /opt/airflow/dags/etl_users_dag.py took 0.125 seconds
[2026-03-07T22:03:34.750+0000] {processor.py:161} INFO - Started process (PID=2350) to work on /opt/airflow/dags/etl_users_dag.py
[2026-03-07T22:03:34.753+0000] {processor.py:830} INFO - Processing file /opt/airflow/dags/etl_users_dag.py for tasks to queue
[2026-03-07T22:03:34.757+0000] {logging_mixin.py:188} INFO - [2026-03-07T22:03:34.756+0000] {dagbag.py:545} INFO - Filling up the DagBag from /opt/airflow/dags/etl_users_dag.py
[2026-03-07T22:03:34.778+0000] {processor.py:840} INFO - DAG(s) 'etl_users_pipeline' retrieved from /opt/airflow/dags/etl_users_dag.py
[2026-03-07T22:03:34.815+0000] {logging_mixin.py:188} INFO - [2026-03-07T22:03:34.815+0000] {dag.py:3089} INFO - Sync 1 DAGs
[2026-03-07T22:03:34.826+0000] {logging_mixin.py:188} INFO - [2026-03-07T22:03:34.826+0000] {dag.py:3947} INFO - Setting next_dagrun for etl_users_pipeline to None, run_after=None
[2026-03-07T22:03:34.846+0000] {processor.py:183} INFO - Processing /opt/airflow/dags/etl_users_dag.py took 0.111 seconds
[2026-03-07T22:04:05.131+0000] {processor.py:161} INFO - Started process (PID=2360) to work on /opt/airflow/dags/etl_users_dag.py
[2026-03-07T22:04:05.133+0000] {processor.py:830} INFO - Processing file /opt/airflow/dags/etl_users_dag.py for tasks to queue
[2026-03-07T22:04:05.138+0000] {logging_mixin.py:188} INFO - [2026-03-07T22:04:05.138+0000] {dagbag.py:545} INFO - Filling up the DagBag from /opt/airflow/dags/etl_users_dag.py
[2026-03-07T22:04:05.153+0000] {processor.py:840} INFO - DAG(s) 'etl_users_pipeline' retrieved from /opt/airflow/dags/etl_users_dag.py
[2026-03-07T22:04:05.182+0000] {logging_mixin.py:188} INFO - [2026-03-07T22:04:05.182+0000] {dag.py:3089} INFO - Sync 1 DAGs
[2026-03-07T22:04:05.194+0000] {logging_mixin.py:188} INFO - [2026-03-07T22:04:05.193+0000] {dag.py:3947} INFO - Setting next_dagrun for etl_users_pipeline to None, run_after=None
[2026-03-07T22:04:05.221+0000] {processor.py:183} INFO - Processing /opt/airflow/dags/etl_users_dag.py took 0.103 seconds
[2026-03-07T22:04:35.487+0000] {processor.py:161} INFO - Started process (PID=2370) to work on /opt/airflow/dags/etl_users_dag.py
[2026-03-07T22:04:35.488+0000] {processor.py:830} INFO - Processing file /opt/airflow/dags/etl_users_dag.py for tasks to queue
[2026-03-07T22:04:35.491+0000] {logging_mixin.py:188} INFO - [2026-03-07T22:04:35.491+0000] {dagbag.py:545} INFO - Filling up the DagBag from /opt/airflow/dags/etl_users_dag.py
[2026-03-07T22:04:35.503+0000] {processor.py:840} INFO - DAG(s) 'etl_users_pipeline' retrieved from /opt/airflow/dags/etl_users_dag.py
[2026-03-07T22:04:35.534+0000] {logging_mixin.py:188} INFO - [2026-03-07T22:04:35.534+0000] {dag.py:3089} INFO - Sync 1 DAGs
[2026-03-07T22:04:35.541+0000] {logging_mixin.py:188} INFO - [2026-03-07T22:04:35.541+0000] {dag.py:3947} INFO - Setting next_dagrun for etl_users_pipeline to None, run_after=None
[2026-03-07T22:04:35.555+0000] {processor.py:183} INFO - Processing /opt/airflow/dags/etl_users_dag.py took 0.077 seconds
[2026-03-07T22:05:05.824+0000] {processor.py:161} INFO - Started process (PID=2380) to work on /opt/airflow/dags/etl_users_dag.py
[2026-03-07T22:05:05.826+0000] {processor.py:830} INFO - Processing file /opt/airflow/dags/etl_users_dag.py for tasks to queue
[2026-03-07T22:05:05.830+0000] {logging_mixin.py:188} INFO - [2026-03-07T22:05:05.829+0000] {dagbag.py:545} INFO - Filling up the DagBag from /opt/airflow/dags/etl_users_dag.py
[2026-03-07T22:05:05.848+0000] {processor.py:840} INFO - DAG(s) 'etl_users_pipeline' retrieved from /opt/airflow/dags/etl_users_dag.py
[2026-03-07T22:05:05.881+0000] {logging_mixin.py:188} INFO - [2026-03-07T22:05:05.881+0000] {dag.py:3089} INFO - Sync 1 DAGs
[2026-03-07T22:05:05.893+0000] {logging_mixin.py:188} INFO - [2026-03-07T22:05:05.893+0000] {dag.py:3947} INFO - Setting next_dagrun for etl_users_pipeline to None, run_after=None
[2026-03-07T22:05:05.913+0000] {processor.py:183} INFO - Processing /opt/airflow/dags/etl_users_dag.py took 0.104 seconds
[2026-03-07T22:05:36.092+0000] {processor.py:161} INFO - Started process (PID=2390) to work on /opt/airflow/dags/etl_users_dag.py
[2026-03-07T22:05:36.093+0000] {processor.py:830} INFO - Processing file /opt/airflow/dags/etl_users_dag.py for tasks to queue
[2026-03-07T22:05:36.096+0000] {logging_mixin.py:188} INFO - [2026-03-07T22:05:36.095+0000] {dagbag.py:545} INFO - Filling up the DagBag from /opt/airflow/dags/etl_users_dag.py
[2026-03-07T22:05:36.107+0000] {processor.py:840} INFO - DAG(s) 'etl_users_pipeline' retrieved from /opt/airflow/dags/etl_users_dag.py
[2026-03-07T22:05:36.133+0000] {logging_mixin.py:188} INFO - [2026-03-07T22:05:36.133+0000] {dag.py:3089} INFO - Sync 1 DAGs
[2026-03-07T22:05:36.144+0000] {logging_mixin.py:188} INFO - [2026-03-07T22:05:36.144+0000] {dag.py:3947} INFO - Setting next_dagrun for etl_users_pipeline to None, run_after=None
[2026-03-07T22:05:36.158+0000] {processor.py:183} INFO - Processing /opt/airflow/dags/etl_users_dag.py took 0.074 seconds
[2026-03-07T22:06:06.520+0000] {processor.py:161} INFO - Started process (PID=2400) to work on /opt/airflow/dags/etl_users_dag.py
[2026-03-07T22:06:06.521+0000] {processor.py:830} INFO - Processing file /opt/airflow/dags/etl_users_dag.py for tasks to queue
[2026-03-07T22:06:06.522+0000] {logging_mixin.py:188} INFO - [2026-03-07T22:06:06.522+0000] {dagbag.py:545} INFO - Filling up the DagBag from /opt/airflow/dags/etl_users_dag.py
[2026-03-07T22:06:06.531+0000] {processor.py:840} INFO - DAG(s) 'etl_users_pipeline' retrieved from /opt/airflow/dags/etl_users_dag.py
[2026-03-07T22:06:06.579+0000] {logging_mixin.py:188} INFO - [2026-03-07T22:06:06.579+0000] {dag.py:3089} INFO - Sync 1 DAGs
[2026-03-07T22:06:06.594+0000] {logging_mixin.py:188} INFO - [2026-03-07T22:06:06.594+0000] {dag.py:3947} INFO - Setting next_dagrun for etl_users_pipeline to None, run_after=None
[2026-03-07T22:06:06.614+0000] {processor.py:183} INFO - Processing /opt/airflow/dags/etl_users_dag.py took 0.098 seconds
[2026-03-07T22:06:37.051+0000] {processor.py:161} INFO - Started process (PID=2410) to work on /opt/airflow/dags/etl_users_dag.py
[2026-03-07T22:06:37.054+0000] {processor.py:830} INFO - Processing file /opt/airflow/dags/etl_users_dag.py for tasks to queue
[2026-03-07T22:06:37.057+0000] {logging_mixin.py:188} INFO - [2026-03-07T22:06:37.057+0000] {dagbag.py:545} INFO - Filling up the DagBag from /opt/airflow/dags/etl_users_dag.py
[2026-03-07T22:06:37.090+0000] {processor.py:840} INFO - DAG(s) 'etl_users_pipeline' retrieved from /opt/airflow/dags/etl_users_dag.py
[2026-03-07T22:06:37.137+0000] {logging_mixin.py:188} INFO - [2026-03-07T22:06:37.137+0000] {dag.py:3089} INFO - Sync 1 DAGs
[2026-03-07T22:06:37.151+0000] {logging_mixin.py:188} INFO - [2026-03-07T22:06:37.150+0000] {dag.py:3947} INFO - Setting next_dagrun for etl_users_pipeline to None, run_after=None
[2026-03-07T22:06:37.169+0000] {processor.py:183} INFO - Processing /opt/airflow/dags/etl_users_dag.py took 0.132 seconds
[2026-03-07T22:07:07.406+0000] {processor.py:161} INFO - Started process (PID=2420) to work on /opt/airflow/dags/etl_users_dag.py
[2026-03-07T22:07:07.409+0000] {processor.py:830} INFO - Processing file /opt/airflow/dags/etl_users_dag.py for tasks to queue
[2026-03-07T22:07:07.413+0000] {logging_mixin.py:188} INFO - [2026-03-07T22:07:07.412+0000] {dagbag.py:545} INFO - Filling up the DagBag from /opt/airflow/dags/etl_users_dag.py
[2026-03-07T22:07:07.431+0000] {processor.py:840} INFO - DAG(s) 'etl_users_pipeline' retrieved from /opt/airflow/dags/etl_users_dag.py
[2026-03-07T22:07:07.469+0000] {logging_mixin.py:188} INFO - [2026-03-07T22:07:07.469+0000] {dag.py:3089} INFO - Sync 1 DAGs
[2026-03-07T22:07:07.492+0000] {logging_mixin.py:188} INFO - [2026-03-07T22:07:07.491+0000] {dag.py:3947} INFO - Setting next_dagrun for etl_users_pipeline to None, run_after=None
[2026-03-07T22:07:07.509+0000] {processor.py:183} INFO - Processing /opt/airflow/dags/etl_users_dag.py took 0.129 seconds
[2026-03-07T22:07:37.809+0000] {processor.py:161} INFO - Started process (PID=2430) to work on /opt/airflow/dags/etl_users_dag.py
[2026-03-07T22:07:37.812+0000] {processor.py:830} INFO - Processing file /opt/airflow/dags/etl_users_dag.py for tasks to queue
[2026-03-07T22:07:37.816+0000] {logging_mixin.py:188} INFO - [2026-03-07T22:07:37.816+0000] {dagbag.py:545} INFO - Filling up the DagBag from /opt/airflow/dags/etl_users_dag.py
[2026-03-07T22:07:37.831+0000] {processor.py:840} INFO - DAG(s) 'etl_users_pipeline' retrieved from /opt/airflow/dags/etl_users_dag.py
[2026-03-07T22:07:37.878+0000] {logging_mixin.py:188} INFO - [2026-03-07T22:07:37.878+0000] {dag.py:3089} INFO - Sync 1 DAGs
[2026-03-07T22:07:37.891+0000] {logging_mixin.py:188} INFO - [2026-03-07T22:07:37.891+0000] {dag.py:3947} INFO - Setting next_dagrun for etl_users_pipeline to None, run_after=None
[2026-03-07T22:07:37.911+0000] {processor.py:183} INFO - Processing /opt/airflow/dags/etl_users_dag.py took 0.127 seconds
[2026-03-07T22:08:08.192+0000] {processor.py:161} INFO - Started process (PID=2440) to work on /opt/airflow/dags/etl_users_dag.py
[2026-03-07T22:08:08.195+0000] {processor.py:830} INFO - Processing file /opt/airflow/dags/etl_users_dag.py for tasks to queue
[2026-03-07T22:08:08.197+0000] {logging_mixin.py:188} INFO - [2026-03-07T22:08:08.197+0000] {dagbag.py:545} INFO - Filling up the DagBag from /opt/airflow/dags/etl_users_dag.py
[2026-03-07T22:08:08.212+0000] {processor.py:840} INFO - DAG(s) 'etl_users_pipeline' retrieved from /opt/airflow/dags/etl_users_dag.py
[2026-03-07T22:08:08.259+0000] {logging_mixin.py:188} INFO - [2026-03-07T22:08:08.259+0000] {dag.py:3089} INFO - Sync 1 DAGs
[2026-03-07T22:08:08.272+0000] {logging_mixin.py:188} INFO - [2026-03-07T22:08:08.272+0000] {dag.py:3947} INFO - Setting next_dagrun for etl_users_pipeline to None, run_after=None
[2026-03-07T22:08:08.291+0000] {processor.py:183} INFO - Processing /opt/airflow/dags/etl_users_dag.py took 0.112 seconds
[2026-03-07T22:08:38.689+0000] {processor.py:161} INFO - Started process (PID=2450) to work on /opt/airflow/dags/etl_users_dag.py
[2026-03-07T22:08:38.690+0000] {processor.py:830} INFO - Processing file /opt/airflow/dags/etl_users_dag.py for tasks to queue
[2026-03-07T22:08:38.693+0000] {logging_mixin.py:188} INFO - [2026-03-07T22:08:38.693+0000] {dagbag.py:545} INFO - Filling up the DagBag from /opt/airflow/dags/etl_users_dag.py
[2026-03-07T22:08:38.705+0000] {processor.py:840} INFO - DAG(s) 'etl_users_pipeline' retrieved from /opt/airflow/dags/etl_users_dag.py
[2026-03-07T22:08:38.737+0000] {logging_mixin.py:188} INFO - [2026-03-07T22:08:38.737+0000] {dag.py:3089} INFO - Sync 1 DAGs
[2026-03-07T22:08:38.750+0000] {logging_mixin.py:188} INFO - [2026-03-07T22:08:38.750+0000] {dag.py:3947} INFO - Setting next_dagrun for etl_users_pipeline to None, run_after=None
[2026-03-07T22:08:38.766+0000] {processor.py:183} INFO - Processing /opt/airflow/dags/etl_users_dag.py took 0.088 seconds
[2026-03-07T22:09:09.062+0000] {processor.py:161} INFO - Started process (PID=2460) to work on /opt/airflow/dags/etl_users_dag.py
[2026-03-07T22:09:09.063+0000] {processor.py:830} INFO - Processing file /opt/airflow/dags/etl_users_dag.py for tasks to queue
[2026-03-07T22:09:09.066+0000] {logging_mixin.py:188} INFO - [2026-03-07T22:09:09.065+0000] {dagbag.py:545} INFO - Filling up the DagBag from /opt/airflow/dags/etl_users_dag.py
[2026-03-07T22:09:09.080+0000] {processor.py:840} INFO - DAG(s) 'etl_users_pipeline' retrieved from /opt/airflow/dags/etl_users_dag.py
[2026-03-07T22:09:09.113+0000] {logging_mixin.py:188} INFO - [2026-03-07T22:09:09.113+0000] {dag.py:3089} INFO - Sync 1 DAGs
[2026-03-07T22:09:09.125+0000] {logging_mixin.py:188} INFO - [2026-03-07T22:09:09.125+0000] {dag.py:3947} INFO - Setting next_dagrun for etl_users_pipeline to None, run_after=None
[2026-03-07T22:09:09.144+0000] {processor.py:183} INFO - Processing /opt/airflow/dags/etl_users_dag.py took 0.091 seconds
[2026-03-07T22:09:39.557+0000] {processor.py:161} INFO - Started process (PID=2470) to work on /opt/airflow/dags/etl_users_dag.py
[2026-03-07T22:09:39.558+0000] {processor.py:830} INFO - Processing file /opt/airflow/dags/etl_users_dag.py for tasks to queue
[2026-03-07T22:09:39.560+0000] {logging_mixin.py:188} INFO - [2026-03-07T22:09:39.560+0000] {dagbag.py:545} INFO - Filling up the DagBag from /opt/airflow/dags/etl_users_dag.py
[2026-03-07T22:09:39.570+0000] {processor.py:840} INFO - DAG(s) 'etl_users_pipeline' retrieved from /opt/airflow/dags/etl_users_dag.py
[2026-03-07T22:09:39.600+0000] {logging_mixin.py:188} INFO - [2026-03-07T22:09:39.599+0000] {dag.py:3089} INFO - Sync 1 DAGs
[2026-03-07T22:09:39.612+0000] {logging_mixin.py:188} INFO - [2026-03-07T22:09:39.612+0000] {dag.py:3947} INFO - Setting next_dagrun for etl_users_pipeline to None, run_after=None
[2026-03-07T22:09:39.625+0000] {processor.py:183} INFO - Processing /opt/airflow/dags/etl_users_dag.py took 0.075 seconds
[2026-03-07T22:10:09.978+0000] {processor.py:161} INFO - Started process (PID=2480) to work on /opt/airflow/dags/etl_users_dag.py
[2026-03-07T22:10:09.980+0000] {processor.py:830} INFO - Processing file /opt/airflow/dags/etl_users_dag.py for tasks to queue
[2026-03-07T22:10:09.983+0000] {logging_mixin.py:188} INFO - [2026-03-07T22:10:09.982+0000] {dagbag.py:545} INFO - Filling up the DagBag from /opt/airflow/dags/etl_users_dag.py
[2026-03-07T22:10:09.999+0000] {processor.py:840} INFO - DAG(s) 'etl_users_pipeline' retrieved from /opt/airflow/dags/etl_users_dag.py
[2026-03-07T22:10:10.030+0000] {logging_mixin.py:188} INFO - [2026-03-07T22:10:10.030+0000] {dag.py:3089} INFO - Sync 1 DAGs
[2026-03-07T22:10:10.044+0000] {logging_mixin.py:188} INFO - [2026-03-07T22:10:10.043+0000] {dag.py:3947} INFO - Setting next_dagrun for etl_users_pipeline to None, run_after=None
[2026-03-07T22:10:10.061+0000] {processor.py:183} INFO - Processing /opt/airflow/dags/etl_users_dag.py took 0.104 seconds
[2026-03-07T22:10:40.561+0000] {processor.py:161} INFO - Started process (PID=2490) to work on /opt/airflow/dags/etl_users_dag.py
[2026-03-07T22:10:40.563+0000] {processor.py:830} INFO - Processing file /opt/airflow/dags/etl_users_dag.py for tasks to queue
[2026-03-07T22:10:40.565+0000] {logging_mixin.py:188} INFO - [2026-03-07T22:10:40.565+0000] {dagbag.py:545} INFO - Filling up the DagBag from /opt/airflow/dags/etl_users_dag.py
[2026-03-07T22:10:40.574+0000] {processor.py:840} INFO - DAG(s) 'etl_users_pipeline' retrieved from /opt/airflow/dags/etl_users_dag.py
[2026-03-07T22:10:40.595+0000] {logging_mixin.py:188} INFO - [2026-03-07T22:10:40.595+0000] {dag.py:3089} INFO - Sync 1 DAGs
[2026-03-07T22:10:40.607+0000] {logging_mixin.py:188} INFO - [2026-03-07T22:10:40.606+0000] {dag.py:3947} INFO - Setting next_dagrun for etl_users_pipeline to None, run_after=None
[2026-03-07T22:10:40.623+0000] {processor.py:183} INFO - Processing /opt/airflow/dags/etl_users_dag.py took 0.068 seconds
[2026-03-07T22:11:11.067+0000] {processor.py:161} INFO - Started process (PID=2500) to work on /opt/airflow/dags/etl_users_dag.py
[2026-03-07T22:11:11.069+0000] {processor.py:830} INFO - Processing file /opt/airflow/dags/etl_users_dag.py for tasks to queue
[2026-03-07T22:11:11.077+0000] {logging_mixin.py:188} INFO - [2026-03-07T22:11:11.074+0000] {dagbag.py:545} INFO - Filling up the DagBag from /opt/airflow/dags/etl_users_dag.py
[2026-03-07T22:11:11.095+0000] {processor.py:840} INFO - DAG(s) 'etl_users_pipeline' retrieved from /opt/airflow/dags/etl_users_dag.py
[2026-03-07T22:11:11.130+0000] {logging_mixin.py:188} INFO - [2026-03-07T22:11:11.130+0000] {dag.py:3089} INFO - Sync 1 DAGs
[2026-03-07T22:11:11.144+0000] {logging_mixin.py:188} INFO - [2026-03-07T22:11:11.144+0000] {dag.py:3947} INFO - Setting next_dagrun for etl_users_pipeline to None, run_after=None
[2026-03-07T22:11:11.161+0000] {processor.py:183} INFO - Processing /opt/airflow/dags/etl_users_dag.py took 0.113 seconds
[2026-03-07T22:11:41.455+0000] {processor.py:161} INFO - Started process (PID=2510) to work on /opt/airflow/dags/etl_users_dag.py
[2026-03-07T22:11:41.456+0000] {processor.py:830} INFO - Processing file /opt/airflow/dags/etl_users_dag.py for tasks to queue
[2026-03-07T22:11:41.458+0000] {logging_mixin.py:188} INFO - [2026-03-07T22:11:41.458+0000] {dagbag.py:545} INFO - Filling up the DagBag from /opt/airflow/dags/etl_users_dag.py
[2026-03-07T22:11:41.472+0000] {processor.py:840} INFO - DAG(s) 'etl_users_pipeline' retrieved from /opt/airflow/dags/etl_users_dag.py
[2026-03-07T22:11:41.503+0000] {logging_mixin.py:188} INFO - [2026-03-07T22:11:41.503+0000] {dag.py:3089} INFO - Sync 1 DAGs
[2026-03-07T22:11:41.513+0000] {logging_mixin.py:188} INFO - [2026-03-07T22:11:41.513+0000] {dag.py:3947} INFO - Setting next_dagrun for etl_users_pipeline to None, run_after=None
[2026-03-07T22:11:41.528+0000] {processor.py:183} INFO - Processing /opt/airflow/dags/etl_users_dag.py took 0.081 seconds
[2026-03-07T22:12:11.946+0000] {processor.py:161} INFO - Started process (PID=2520) to work on /opt/airflow/dags/etl_users_dag.py
[2026-03-07T22:12:11.947+0000] {processor.py:830} INFO - Processing file /opt/airflow/dags/etl_users_dag.py for tasks to queue
[2026-03-07T22:12:11.950+0000] {logging_mixin.py:188} INFO - [2026-03-07T22:12:11.950+0000] {dagbag.py:545} INFO - Filling up the DagBag from /opt/airflow/dags/etl_users_dag.py
[2026-03-07T22:12:11.964+0000] {processor.py:840} INFO - DAG(s) 'etl_users_pipeline' retrieved from /opt/airflow/dags/etl_users_dag.py
[2026-03-07T22:12:11.995+0000] {logging_mixin.py:188} INFO - [2026-03-07T22:12:11.995+0000] {dag.py:3089} INFO - Sync 1 DAGs
[2026-03-07T22:12:12.007+0000] {logging_mixin.py:188} INFO - [2026-03-07T22:12:12.006+0000] {dag.py:3947} INFO - Setting next_dagrun for etl_users_pipeline to None, run_after=None
[2026-03-07T22:12:12.024+0000] {processor.py:183} INFO - Processing /opt/airflow/dags/etl_users_dag.py took 0.088 seconds
[2026-03-07T22:12:42.321+0000] {processor.py:161} INFO - Started process (PID=2530) to work on /opt/airflow/dags/etl_users_dag.py
[2026-03-07T22:12:42.322+0000] {processor.py:830} INFO - Processing file /opt/airflow/dags/etl_users_dag.py for tasks to queue
[2026-03-07T22:12:42.323+0000] {logging_mixin.py:188} INFO - [2026-03-07T22:12:42.323+0000] {dagbag.py:545} INFO - Filling up the DagBag from /opt/airflow/dags/etl_users_dag.py
[2026-03-07T22:12:42.334+0000] {processor.py:840} INFO - DAG(s) 'etl_users_pipeline' retrieved from /opt/airflow/dags/etl_users_dag.py
[2026-03-07T22:12:42.359+0000] {logging_mixin.py:188} INFO - [2026-03-07T22:12:42.359+0000] {dag.py:3089} INFO - Sync 1 DAGs
[2026-03-07T22:12:42.372+0000] {logging_mixin.py:188} INFO - [2026-03-07T22:12:42.372+0000] {dag.py:3947} INFO - Setting next_dagrun for etl_users_pipeline to None, run_after=None
[2026-03-07T22:12:42.391+0000] {processor.py:183} INFO - Processing /opt/airflow/dags/etl_users_dag.py took 0.074 seconds
[2026-03-07T22:13:12.809+0000] {processor.py:161} INFO - Started process (PID=2540) to work on /opt/airflow/dags/etl_users_dag.py
[2026-03-07T22:13:12.810+0000] {processor.py:830} INFO - Processing file /opt/airflow/dags/etl_users_dag.py for tasks to queue
[2026-03-07T22:13:12.811+0000] {logging_mixin.py:188} INFO - [2026-03-07T22:13:12.811+0000] {dagbag.py:545} INFO - Filling up the DagBag from /opt/airflow/dags/etl_users_dag.py
[2026-03-07T22:13:12.818+0000] {processor.py:840} INFO - DAG(s) 'etl_users_pipeline' retrieved from /opt/airflow/dags/etl_users_dag.py
[2026-03-07T22:13:12.844+0000] {logging_mixin.py:188} INFO - [2026-03-07T22:13:12.843+0000] {dag.py:3089} INFO - Sync 1 DAGs
[2026-03-07T22:13:12.860+0000] {logging_mixin.py:188} INFO - [2026-03-07T22:13:12.860+0000] {dag.py:3947} INFO - Setting next_dagrun for etl_users_pipeline to None, run_after=None
[2026-03-07T22:13:12.868+0000] {processor.py:183} INFO - Processing /opt/airflow/dags/etl_users_dag.py took 0.063 seconds
[2026-03-07T22:13:43.211+0000] {processor.py:161} INFO - Started process (PID=2550) to work on /opt/airflow/dags/etl_users_dag.py
[2026-03-07T22:13:43.212+0000] {processor.py:830} INFO - Processing file /opt/airflow/dags/etl_users_dag.py for tasks to queue
[2026-03-07T22:13:43.216+0000] {logging_mixin.py:188} INFO - [2026-03-07T22:13:43.216+0000] {dagbag.py:545} INFO - Filling up the DagBag from /opt/airflow/dags/etl_users_dag.py
[2026-03-07T22:13:43.236+0000] {processor.py:840} INFO - DAG(s) 'etl_users_pipeline' retrieved from /opt/airflow/dags/etl_users_dag.py
[2026-03-07T22:13:43.272+0000] {logging_mixin.py:188} INFO - [2026-03-07T22:13:43.272+0000] {dag.py:3089} INFO - Sync 1 DAGs
[2026-03-07T22:13:43.300+0000] {logging_mixin.py:188} INFO - [2026-03-07T22:13:43.300+0000] {dag.py:3947} INFO - Setting next_dagrun for etl_users_pipeline to None, run_after=None
[2026-03-07T22:13:43.334+0000] {processor.py:183} INFO - Processing /opt/airflow/dags/etl_users_dag.py took 0.153 seconds
[2026-03-07T22:14:13.594+0000] {processor.py:161} INFO - Started process (PID=2560) to work on /opt/airflow/dags/etl_users_dag.py
[2026-03-07T22:14:13.596+0000] {processor.py:830} INFO - Processing file /opt/airflow/dags/etl_users_dag.py for tasks to queue
[2026-03-07T22:14:13.600+0000] {logging_mixin.py:188} INFO - [2026-03-07T22:14:13.599+0000] {dagbag.py:545} INFO - Filling up the DagBag from /opt/airflow/dags/etl_users_dag.py
[2026-03-07T22:14:13.617+0000] {processor.py:840} INFO - DAG(s) 'etl_users_pipeline' retrieved from /opt/airflow/dags/etl_users_dag.py
[2026-03-07T22:14:13.643+0000] {logging_mixin.py:188} INFO - [2026-03-07T22:14:13.643+0000] {dag.py:3089} INFO - Sync 1 DAGs
[2026-03-07T22:14:13.653+0000] {logging_mixin.py:188} INFO - [2026-03-07T22:14:13.653+0000] {dag.py:3947} INFO - Setting next_dagrun for etl_users_pipeline to None, run_after=None
[2026-03-07T22:14:13.676+0000] {processor.py:183} INFO - Processing /opt/airflow/dags/etl_users_dag.py took 0.095 seconds
[2026-03-07T22:14:44.043+0000] {processor.py:161} INFO - Started process (PID=2570) to work on /opt/airflow/dags/etl_users_dag.py
[2026-03-07T22:14:44.045+0000] {processor.py:830} INFO - Processing file /opt/airflow/dags/etl_users_dag.py for tasks to queue
[2026-03-07T22:14:44.051+0000] {logging_mixin.py:188} INFO - [2026-03-07T22:14:44.050+0000] {dagbag.py:545} INFO - Filling up the DagBag from /opt/airflow/dags/etl_users_dag.py
[2026-03-07T22:14:44.069+0000] {processor.py:840} INFO - DAG(s) 'etl_users_pipeline' retrieved from /opt/airflow/dags/etl_users_dag.py
[2026-03-07T22:14:44.117+0000] {logging_mixin.py:188} INFO - [2026-03-07T22:14:44.117+0000] {dag.py:3089} INFO - Sync 1 DAGs
[2026-03-07T22:14:44.130+0000] {logging_mixin.py:188} INFO - [2026-03-07T22:14:44.129+0000] {dag.py:3947} INFO - Setting next_dagrun for etl_users_pipeline to None, run_after=None
[2026-03-07T22:14:44.167+0000] {processor.py:183} INFO - Processing /opt/airflow/dags/etl_users_dag.py took 0.147 seconds
[2026-03-07T22:15:14.425+0000] {processor.py:161} INFO - Started process (PID=2580) to work on /opt/airflow/dags/etl_users_dag.py
[2026-03-07T22:15:14.427+0000] {processor.py:830} INFO - Processing file /opt/airflow/dags/etl_users_dag.py for tasks to queue
[2026-03-07T22:15:14.432+0000] {logging_mixin.py:188} INFO - [2026-03-07T22:15:14.432+0000] {dagbag.py:545} INFO - Filling up the DagBag from /opt/airflow/dags/etl_users_dag.py
[2026-03-07T22:15:14.451+0000] {processor.py:840} INFO - DAG(s) 'etl_users_pipeline' retrieved from /opt/airflow/dags/etl_users_dag.py
[2026-03-07T22:15:14.486+0000] {logging_mixin.py:188} INFO - [2026-03-07T22:15:14.485+0000] {dag.py:3089} INFO - Sync 1 DAGs
[2026-03-07T22:15:14.504+0000] {logging_mixin.py:188} INFO - [2026-03-07T22:15:14.504+0000] {dag.py:3947} INFO - Setting next_dagrun for etl_users_pipeline to None, run_after=None
[2026-03-07T22:15:14.524+0000] {processor.py:183} INFO - Processing /opt/airflow/dags/etl_users_dag.py took 0.114 seconds
[2026-03-07T22:15:44.917+0000] {processor.py:161} INFO - Started process (PID=2590) to work on /opt/airflow/dags/etl_users_dag.py
[2026-03-07T22:15:44.919+0000] {processor.py:830} INFO - Processing file /opt/airflow/dags/etl_users_dag.py for tasks to queue
[2026-03-07T22:15:44.923+0000] {logging_mixin.py:188} INFO - [2026-03-07T22:15:44.922+0000] {dagbag.py:545} INFO - Filling up the DagBag from /opt/airflow/dags/etl_users_dag.py
[2026-03-07T22:15:44.939+0000] {processor.py:840} INFO - DAG(s) 'etl_users_pipeline' retrieved from /opt/airflow/dags/etl_users_dag.py
[2026-03-07T22:15:44.988+0000] {logging_mixin.py:188} INFO - [2026-03-07T22:15:44.988+0000] {dag.py:3089} INFO - Sync 1 DAGs
[2026-03-07T22:15:45.004+0000] {logging_mixin.py:188} INFO - [2026-03-07T22:15:45.004+0000] {dag.py:3947} INFO - Setting next_dagrun for etl_users_pipeline to None, run_after=None
[2026-03-07T22:15:45.027+0000] {processor.py:183} INFO - Processing /opt/airflow/dags/etl_users_dag.py took 0.128 seconds
[2026-03-07T22:16:15.232+0000] {processor.py:161} INFO - Started process (PID=2600) to work on /opt/airflow/dags/etl_users_dag.py
[2026-03-07T22:16:15.235+0000] {processor.py:830} INFO - Processing file /opt/airflow/dags/etl_users_dag.py for tasks to queue
[2026-03-07T22:16:15.243+0000] {logging_mixin.py:188} INFO - [2026-03-07T22:16:15.243+0000] {dagbag.py:545} INFO - Filling up the DagBag from /opt/airflow/dags/etl_users_dag.py
[2026-03-07T22:16:15.267+0000] {processor.py:840} INFO - DAG(s) 'etl_users_pipeline' retrieved from /opt/airflow/dags/etl_users_dag.py
[2026-03-07T22:16:15.306+0000] {logging_mixin.py:188} INFO - [2026-03-07T22:16:15.306+0000] {dag.py:3089} INFO - Sync 1 DAGs
[2026-03-07T22:16:15.320+0000] {logging_mixin.py:188} INFO - [2026-03-07T22:16:15.320+0000] {dag.py:3947} INFO - Setting next_dagrun for etl_users_pipeline to None, run_after=None
[2026-03-07T22:16:15.338+0000] {processor.py:183} INFO - Processing /opt/airflow/dags/etl_users_dag.py took 0.124 seconds
[2026-03-07T22:16:45.679+0000] {processor.py:161} INFO - Started process (PID=2610) to work on /opt/airflow/dags/etl_users_dag.py
[2026-03-07T22:16:45.680+0000] {processor.py:830} INFO - Processing file /opt/airflow/dags/etl_users_dag.py for tasks to queue
[2026-03-07T22:16:45.684+0000] {logging_mixin.py:188} INFO - [2026-03-07T22:16:45.684+0000] {dagbag.py:545} INFO - Filling up the DagBag from /opt/airflow/dags/etl_users_dag.py
[2026-03-07T22:16:45.699+0000] {processor.py:840} INFO - DAG(s) 'etl_users_pipeline' retrieved from /opt/airflow/dags/etl_users_dag.py
[2026-03-07T22:16:45.726+0000] {logging_mixin.py:188} INFO - [2026-03-07T22:16:45.726+0000] {dag.py:3089} INFO - Sync 1 DAGs
[2026-03-07T22:16:45.741+0000] {logging_mixin.py:188} INFO - [2026-03-07T22:16:45.741+0000] {dag.py:3947} INFO - Setting next_dagrun for etl_users_pipeline to None, run_after=None
[2026-03-07T22:16:45.760+0000] {processor.py:183} INFO - Processing /opt/airflow/dags/etl_users_dag.py took 0.088 seconds
[2026-03-07T22:17:16.071+0000] {processor.py:161} INFO - Started process (PID=2620) to work on /opt/airflow/dags/etl_users_dag.py
[2026-03-07T22:17:16.073+0000] {processor.py:830} INFO - Processing file /opt/airflow/dags/etl_users_dag.py for tasks to queue
[2026-03-07T22:17:16.079+0000] {logging_mixin.py:188} INFO - [2026-03-07T22:17:16.078+0000] {dagbag.py:545} INFO - Filling up the DagBag from /opt/airflow/dags/etl_users_dag.py
[2026-03-07T22:17:16.107+0000] {processor.py:840} INFO - DAG(s) 'etl_users_pipeline' retrieved from /opt/airflow/dags/etl_users_dag.py
[2026-03-07T22:17:16.152+0000] {logging_mixin.py:188} INFO - [2026-03-07T22:17:16.151+0000] {dag.py:3089} INFO - Sync 1 DAGs
[2026-03-07T22:17:16.165+0000] {logging_mixin.py:188} INFO - [2026-03-07T22:17:16.165+0000] {dag.py:3947} INFO - Setting next_dagrun for etl_users_pipeline to None, run_after=None
[2026-03-07T22:17:16.182+0000] {processor.py:183} INFO - Processing /opt/airflow/dags/etl_users_dag.py took 0.130 seconds
[2026-03-07T22:17:46.396+0000] {processor.py:161} INFO - Started process (PID=2630) to work on /opt/airflow/dags/etl_users_dag.py
[2026-03-07T22:17:46.400+0000] {processor.py:830} INFO - Processing file /opt/airflow/dags/etl_users_dag.py for tasks to queue
[2026-03-07T22:17:46.403+0000] {logging_mixin.py:188} INFO - [2026-03-07T22:17:46.402+0000] {dagbag.py:545} INFO - Filling up the DagBag from /opt/airflow/dags/etl_users_dag.py
[2026-03-07T22:17:46.416+0000] {processor.py:840} INFO - DAG(s) 'etl_users_pipeline' retrieved from /opt/airflow/dags/etl_users_dag.py
[2026-03-07T22:17:46.442+0000] {logging_mixin.py:188} INFO - [2026-03-07T22:17:46.442+0000] {dag.py:3089} INFO - Sync 1 DAGs
[2026-03-07T22:17:46.454+0000] {logging_mixin.py:188} INFO - [2026-03-07T22:17:46.454+0000] {dag.py:3947} INFO - Setting next_dagrun for etl_users_pipeline to None, run_after=None
[2026-03-07T22:17:46.471+0000] {processor.py:183} INFO - Processing /opt/airflow/dags/etl_users_dag.py took 0.085 seconds
[2026-03-07T22:18:16.863+0000] {processor.py:161} INFO - Started process (PID=2640) to work on /opt/airflow/dags/etl_users_dag.py
[2026-03-07T22:18:16.865+0000] {processor.py:830} INFO - Processing file /opt/airflow/dags/etl_users_dag.py for tasks to queue
[2026-03-07T22:18:16.869+0000] {logging_mixin.py:188} INFO - [2026-03-07T22:18:16.869+0000] {dagbag.py:545} INFO - Filling up the DagBag from /opt/airflow/dags/etl_users_dag.py
[2026-03-07T22:18:16.891+0000] {processor.py:840} INFO - DAG(s) 'etl_users_pipeline' retrieved from /opt/airflow/dags/etl_users_dag.py
[2026-03-07T22:18:16.929+0000] {logging_mixin.py:188} INFO - [2026-03-07T22:18:16.929+0000] {dag.py:3089} INFO - Sync 1 DAGs
[2026-03-07T22:18:16.939+0000] {logging_mixin.py:188} INFO - [2026-03-07T22:18:16.939+0000] {dag.py:3947} INFO - Setting next_dagrun for etl_users_pipeline to None, run_after=None
[2026-03-07T22:18:16.958+0000] {processor.py:183} INFO - Processing /opt/airflow/dags/etl_users_dag.py took 0.117 seconds
[2026-03-07T22:18:47.509+0000] {processor.py:161} INFO - Started process (PID=2650) to work on /opt/airflow/dags/etl_users_dag.py
[2026-03-07T22:18:47.511+0000] {processor.py:830} INFO - Processing file /opt/airflow/dags/etl_users_dag.py for tasks to queue
[2026-03-07T22:18:47.518+0000] {logging_mixin.py:188} INFO - [2026-03-07T22:18:47.518+0000] {dagbag.py:545} INFO - Filling up the DagBag from /opt/airflow/dags/etl_users_dag.py
[2026-03-07T22:18:47.534+0000] {processor.py:840} INFO - DAG(s) 'etl_users_pipeline' retrieved from /opt/airflow/dags/etl_users_dag.py
[2026-03-07T22:18:47.574+0000] {logging_mixin.py:188} INFO - [2026-03-07T22:18:47.574+0000] {dag.py:3089} INFO - Sync 1 DAGs
[2026-03-07T22:18:47.587+0000] {logging_mixin.py:188} INFO - [2026-03-07T22:18:47.587+0000] {dag.py:3947} INFO - Setting next_dagrun for etl_users_pipeline to None, run_after=None
[2026-03-07T22:18:47.612+0000] {processor.py:183} INFO - Processing /opt/airflow/dags/etl_users_dag.py took 0.119 seconds
[2026-03-07T22:19:18.182+0000] {processor.py:161} INFO - Started process (PID=2660) to work on /opt/airflow/dags/etl_users_dag.py
[2026-03-07T22:19:18.184+0000] {processor.py:830} INFO - Processing file /opt/airflow/dags/etl_users_dag.py for tasks to queue
[2026-03-07T22:19:18.187+0000] {logging_mixin.py:188} INFO - [2026-03-07T22:19:18.187+0000] {dagbag.py:545} INFO - Filling up the DagBag from /opt/airflow/dags/etl_users_dag.py
[2026-03-07T22:19:18.203+0000] {processor.py:840} INFO - DAG(s) 'etl_users_pipeline' retrieved from /opt/airflow/dags/etl_users_dag.py
[2026-03-07T22:19:18.259+0000] {logging_mixin.py:188} INFO - [2026-03-07T22:19:18.259+0000] {dag.py:3089} INFO - Sync 1 DAGs
[2026-03-07T22:19:18.274+0000] {logging_mixin.py:188} INFO - [2026-03-07T22:19:18.274+0000] {dag.py:3947} INFO - Setting next_dagrun for etl_users_pipeline to None, run_after=None
[2026-03-07T22:19:18.291+0000] {processor.py:183} INFO - Processing /opt/airflow/dags/etl_users_dag.py took 0.134 seconds
[2026-03-07T22:19:48.569+0000] {processor.py:161} INFO - Started process (PID=2670) to work on /opt/airflow/dags/etl_users_dag.py
[2026-03-07T22:19:48.570+0000] {processor.py:830} INFO - Processing file /opt/airflow/dags/etl_users_dag.py for tasks to queue
[2026-03-07T22:19:48.572+0000] {logging_mixin.py:188} INFO - [2026-03-07T22:19:48.572+0000] {dagbag.py:545} INFO - Filling up the DagBag from /opt/airflow/dags/etl_users_dag.py
[2026-03-07T22:19:48.586+0000] {processor.py:840} INFO - DAG(s) 'etl_users_pipeline' retrieved from /opt/airflow/dags/etl_users_dag.py
[2026-03-07T22:19:48.612+0000] {logging_mixin.py:188} INFO - [2026-03-07T22:19:48.612+0000] {dag.py:3089} INFO - Sync 1 DAGs
[2026-03-07T22:19:48.620+0000] {logging_mixin.py:188} INFO - [2026-03-07T22:19:48.620+0000] {dag.py:3947} INFO - Setting next_dagrun for etl_users_pipeline to None, run_after=None
[2026-03-07T22:19:48.631+0000] {processor.py:183} INFO - Processing /opt/airflow/dags/etl_users_dag.py took 0.074 seconds
[2026-03-07T22:20:19.026+0000] {processor.py:161} INFO - Started process (PID=2680) to work on /opt/airflow/dags/etl_users_dag.py
[2026-03-07T22:20:19.029+0000] {processor.py:830} INFO - Processing file /opt/airflow/dags/etl_users_dag.py for tasks to queue
[2026-03-07T22:20:19.033+0000] {logging_mixin.py:188} INFO - [2026-03-07T22:20:19.032+0000] {dagbag.py:545} INFO - Filling up the DagBag from /opt/airflow/dags/etl_users_dag.py
[2026-03-07T22:20:19.056+0000] {processor.py:840} INFO - DAG(s) 'etl_users_pipeline' retrieved from /opt/airflow/dags/etl_users_dag.py
[2026-03-07T22:20:19.112+0000] {logging_mixin.py:188} INFO - [2026-03-07T22:20:19.112+0000] {dag.py:3089} INFO - Sync 1 DAGs
[2026-03-07T22:20:19.127+0000] {logging_mixin.py:188} INFO - [2026-03-07T22:20:19.126+0000] {dag.py:3947} INFO - Setting next_dagrun for etl_users_pipeline to None, run_after=None
[2026-03-07T22:20:19.147+0000] {processor.py:183} INFO - Processing /opt/airflow/dags/etl_users_dag.py took 0.130 seconds
[2026-03-07T22:20:49.508+0000] {processor.py:161} INFO - Started process (PID=2690) to work on /opt/airflow/dags/etl_users_dag.py
[2026-03-07T22:20:49.510+0000] {processor.py:830} INFO - Processing file /opt/airflow/dags/etl_users_dag.py for tasks to queue
[2026-03-07T22:20:49.513+0000] {logging_mixin.py:188} INFO - [2026-03-07T22:20:49.513+0000] {dagbag.py:545} INFO - Filling up the DagBag from /opt/airflow/dags/etl_users_dag.py
[2026-03-07T22:20:49.532+0000] {processor.py:840} INFO - DAG(s) 'etl_users_pipeline' retrieved from /opt/airflow/dags/etl_users_dag.py
[2026-03-07T22:20:49.574+0000] {logging_mixin.py:188} INFO - [2026-03-07T22:20:49.574+0000] {dag.py:3089} INFO - Sync 1 DAGs
[2026-03-07T22:20:49.588+0000] {logging_mixin.py:188} INFO - [2026-03-07T22:20:49.588+0000] {dag.py:3947} INFO - Setting next_dagrun for etl_users_pipeline to None, run_after=None
[2026-03-07T22:20:49.611+0000] {processor.py:183} INFO - Processing /opt/airflow/dags/etl_users_dag.py took 0.143 seconds
[2026-03-07T22:21:20.045+0000] {processor.py:161} INFO - Started process (PID=2700) to work on /opt/airflow/dags/etl_users_dag.py
[2026-03-07T22:21:20.047+0000] {processor.py:830} INFO - Processing file /opt/airflow/dags/etl_users_dag.py for tasks to queue
[2026-03-07T22:21:20.050+0000] {logging_mixin.py:188} INFO - [2026-03-07T22:21:20.050+0000] {dagbag.py:545} INFO - Filling up the DagBag from /opt/airflow/dags/etl_users_dag.py
[2026-03-07T22:21:20.070+0000] {processor.py:840} INFO - DAG(s) 'etl_users_pipeline' retrieved from /opt/airflow/dags/etl_users_dag.py
[2026-03-07T22:21:20.114+0000] {logging_mixin.py:188} INFO - [2026-03-07T22:21:20.113+0000] {dag.py:3089} INFO - Sync 1 DAGs
[2026-03-07T22:21:20.127+0000] {logging_mixin.py:188} INFO - [2026-03-07T22:21:20.127+0000] {dag.py:3947} INFO - Setting next_dagrun for etl_users_pipeline to None, run_after=None
[2026-03-07T22:21:20.147+0000] {processor.py:183} INFO - Processing /opt/airflow/dags/etl_users_dag.py took 0.126 seconds
[2026-03-07T22:21:50.546+0000] {processor.py:161} INFO - Started process (PID=2710) to work on /opt/airflow/dags/etl_users_dag.py
[2026-03-07T22:21:50.547+0000] {processor.py:830} INFO - Processing file /opt/airflow/dags/etl_users_dag.py for tasks to queue
[2026-03-07T22:21:50.549+0000] {logging_mixin.py:188} INFO - [2026-03-07T22:21:50.549+0000] {dagbag.py:545} INFO - Filling up the DagBag from /opt/airflow/dags/etl_users_dag.py
[2026-03-07T22:21:50.562+0000] {processor.py:840} INFO - DAG(s) 'etl_users_pipeline' retrieved from /opt/airflow/dags/etl_users_dag.py
[2026-03-07T22:21:50.593+0000] {logging_mixin.py:188} INFO - [2026-03-07T22:21:50.593+0000] {dag.py:3089} INFO - Sync 1 DAGs
[2026-03-07T22:21:50.603+0000] {logging_mixin.py:188} INFO - [2026-03-07T22:21:50.602+0000] {dag.py:3947} INFO - Setting next_dagrun for etl_users_pipeline to None, run_after=None
[2026-03-07T22:21:50.618+0000] {processor.py:183} INFO - Processing /opt/airflow/dags/etl_users_dag.py took 0.079 seconds
[2026-03-07T22:22:21.052+0000] {processor.py:161} INFO - Started process (PID=2720) to work on /opt/airflow/dags/etl_users_dag.py
[2026-03-07T22:22:21.056+0000] {processor.py:830} INFO - Processing file /opt/airflow/dags/etl_users_dag.py for tasks to queue
[2026-03-07T22:22:21.059+0000] {logging_mixin.py:188} INFO - [2026-03-07T22:22:21.058+0000] {dagbag.py:545} INFO - Filling up the DagBag from /opt/airflow/dags/etl_users_dag.py
[2026-03-07T22:22:21.076+0000] {processor.py:840} INFO - DAG(s) 'etl_users_pipeline' retrieved from /opt/airflow/dags/etl_users_dag.py
[2026-03-07T22:22:21.123+0000] {logging_mixin.py:188} INFO - [2026-03-07T22:22:21.123+0000] {dag.py:3089} INFO - Sync 1 DAGs
[2026-03-07T22:22:21.137+0000] {logging_mixin.py:188} INFO - [2026-03-07T22:22:21.137+0000] {dag.py:3947} INFO - Setting next_dagrun for etl_users_pipeline to None, run_after=None
[2026-03-07T22:22:21.152+0000] {processor.py:183} INFO - Processing /opt/airflow/dags/etl_users_dag.py took 0.114 seconds
[2026-03-07T22:22:51.463+0000] {processor.py:161} INFO - Started process (PID=2730) to work on /opt/airflow/dags/etl_users_dag.py
[2026-03-07T22:22:51.467+0000] {processor.py:830} INFO - Processing file /opt/airflow/dags/etl_users_dag.py for tasks to queue
[2026-03-07T22:22:51.468+0000] {logging_mixin.py:188} INFO - [2026-03-07T22:22:51.468+0000] {dagbag.py:545} INFO - Filling up the DagBag from /opt/airflow/dags/etl_users_dag.py
[2026-03-07T22:22:51.482+0000] {processor.py:840} INFO - DAG(s) 'etl_users_pipeline' retrieved from /opt/airflow/dags/etl_users_dag.py
[2026-03-07T22:22:51.521+0000] {logging_mixin.py:188} INFO - [2026-03-07T22:22:51.521+0000] {dag.py:3089} INFO - Sync 1 DAGs
[2026-03-07T22:22:51.531+0000] {logging_mixin.py:188} INFO - [2026-03-07T22:22:51.531+0000] {dag.py:3947} INFO - Setting next_dagrun for etl_users_pipeline to None, run_after=None
[2026-03-07T22:22:51.555+0000] {processor.py:183} INFO - Processing /opt/airflow/dags/etl_users_dag.py took 0.112 seconds
[2026-03-07T22:23:22.039+0000] {processor.py:161} INFO - Started process (PID=2740) to work on /opt/airflow/dags/etl_users_dag.py
[2026-03-07T22:23:22.041+0000] {processor.py:830} INFO - Processing file /opt/airflow/dags/etl_users_dag.py for tasks to queue
[2026-03-07T22:23:22.044+0000] {logging_mixin.py:188} INFO - [2026-03-07T22:23:22.044+0000] {dagbag.py:545} INFO - Filling up the DagBag from /opt/airflow/dags/etl_users_dag.py
[2026-03-07T22:23:22.059+0000] {processor.py:840} INFO - DAG(s) 'etl_users_pipeline' retrieved from /opt/airflow/dags/etl_users_dag.py
[2026-03-07T22:23:22.088+0000] {logging_mixin.py:188} INFO - [2026-03-07T22:23:22.088+0000] {dag.py:3089} INFO - Sync 1 DAGs
[2026-03-07T22:23:22.098+0000] {logging_mixin.py:188} INFO - [2026-03-07T22:23:22.098+0000] {dag.py:3947} INFO - Setting next_dagrun for etl_users_pipeline to None, run_after=None
[2026-03-07T22:23:22.114+0000] {processor.py:183} INFO - Processing /opt/airflow/dags/etl_users_dag.py took 0.091 seconds
[2026-03-07T22:23:52.526+0000] {processor.py:161} INFO - Started process (PID=2750) to work on /opt/airflow/dags/etl_users_dag.py
[2026-03-07T22:23:52.529+0000] {processor.py:830} INFO - Processing file /opt/airflow/dags/etl_users_dag.py for tasks to queue
[2026-03-07T22:23:52.534+0000] {logging_mixin.py:188} INFO - [2026-03-07T22:23:52.533+0000] {dagbag.py:545} INFO - Filling up the DagBag from /opt/airflow/dags/etl_users_dag.py
[2026-03-07T22:23:52.554+0000] {processor.py:840} INFO - DAG(s) 'etl_users_pipeline' retrieved from /opt/airflow/dags/etl_users_dag.py
[2026-03-07T22:23:52.585+0000] {logging_mixin.py:188} INFO - [2026-03-07T22:23:52.585+0000] {dag.py:3089} INFO - Sync 1 DAGs
[2026-03-07T22:23:52.607+0000] {logging_mixin.py:188} INFO - [2026-03-07T22:23:52.607+0000] {dag.py:3947} INFO - Setting next_dagrun for etl_users_pipeline to None, run_after=None
[2026-03-07T22:23:52.627+0000] {processor.py:183} INFO - Processing /opt/airflow/dags/etl_users_dag.py took 0.133 seconds
[2026-03-07T22:24:32.092+0000] {processor.py:161} INFO - Started process (PID=2760) to work on /opt/airflow/dags/etl_users_dag.py
[2026-03-07T22:24:32.093+0000] {processor.py:830} INFO - Processing file /opt/airflow/dags/etl_users_dag.py for tasks to queue
[2026-03-07T22:24:32.095+0000] {logging_mixin.py:188} INFO - [2026-03-07T22:24:32.095+0000] {dagbag.py:545} INFO - Filling up the DagBag from /opt/airflow/dags/etl_users_dag.py
[2026-03-07T22:24:32.105+0000] {processor.py:840} INFO - DAG(s) 'etl_users_pipeline' retrieved from /opt/airflow/dags/etl_users_dag.py
[2026-03-07T22:24:32.134+0000] {logging_mixin.py:188} INFO - [2026-03-07T22:24:32.134+0000] {dag.py:3089} INFO - Sync 1 DAGs
[2026-03-07T22:24:32.148+0000] {logging_mixin.py:188} INFO - [2026-03-07T22:24:32.148+0000] {dag.py:3947} INFO - Setting next_dagrun for etl_users_pipeline to None, run_after=None
[2026-03-07T22:24:32.172+0000] {processor.py:183} INFO - Processing /opt/airflow/dags/etl_users_dag.py took 0.087 seconds
[2026-03-07T22:26:58.855+0000] {processor.py:161} INFO - Started process (PID=2770) to work on /opt/airflow/dags/etl_users_dag.py
[2026-03-07T22:26:58.856+0000] {processor.py:830} INFO - Processing file /opt/airflow/dags/etl_users_dag.py for tasks to queue
[2026-03-07T22:26:58.860+0000] {logging_mixin.py:188} INFO - [2026-03-07T22:26:58.859+0000] {dagbag.py:545} INFO - Filling up the DagBag from /opt/airflow/dags/etl_users_dag.py
[2026-03-07T22:26:58.876+0000] {processor.py:840} INFO - DAG(s) 'etl_users_pipeline' retrieved from /opt/airflow/dags/etl_users_dag.py
[2026-03-07T22:26:58.911+0000] {logging_mixin.py:188} INFO - [2026-03-07T22:26:58.911+0000] {dag.py:3089} INFO - Sync 1 DAGs
[2026-03-07T22:26:58.922+0000] {logging_mixin.py:188} INFO - [2026-03-07T22:26:58.921+0000] {dag.py:3947} INFO - Setting next_dagrun for etl_users_pipeline to None, run_after=None
[2026-03-07T22:26:58.936+0000] {processor.py:183} INFO - Processing /opt/airflow/dags/etl_users_dag.py took 0.094 seconds
[2026-03-07T22:27:29.267+0000] {processor.py:161} INFO - Started process (PID=2780) to work on /opt/airflow/dags/etl_users_dag.py
[2026-03-07T22:27:29.270+0000] {processor.py:830} INFO - Processing file /opt/airflow/dags/etl_users_dag.py for tasks to queue
[2026-03-07T22:27:29.272+0000] {logging_mixin.py:188} INFO - [2026-03-07T22:27:29.271+0000] {dagbag.py:545} INFO - Filling up the DagBag from /opt/airflow/dags/etl_users_dag.py
[2026-03-07T22:27:29.287+0000] {processor.py:840} INFO - DAG(s) 'etl_users_pipeline' retrieved from /opt/airflow/dags/etl_users_dag.py
[2026-03-07T22:27:29.314+0000] {logging_mixin.py:188} INFO - [2026-03-07T22:27:29.314+0000] {dag.py:3089} INFO - Sync 1 DAGs
[2026-03-07T22:27:29.324+0000] {logging_mixin.py:188} INFO - [2026-03-07T22:27:29.324+0000] {dag.py:3947} INFO - Setting next_dagrun for etl_users_pipeline to None, run_after=None
[2026-03-07T22:27:29.340+0000] {processor.py:183} INFO - Processing /opt/airflow/dags/etl_users_dag.py took 0.082 seconds
[2026-03-07T22:34:47.097+0000] {processor.py:161} INFO - Started process (PID=2790) to work on /opt/airflow/dags/etl_users_dag.py
[2026-03-07T22:34:47.100+0000] {processor.py:830} INFO - Processing file /opt/airflow/dags/etl_users_dag.py for tasks to queue
[2026-03-07T22:34:47.103+0000] {logging_mixin.py:188} INFO - [2026-03-07T22:34:47.102+0000] {dagbag.py:545} INFO - Filling up the DagBag from /opt/airflow/dags/etl_users_dag.py
[2026-03-07T22:34:47.117+0000] {processor.py:840} INFO - DAG(s) 'etl_users_pipeline' retrieved from /opt/airflow/dags/etl_users_dag.py
[2026-03-07T22:34:47.149+0000] {logging_mixin.py:188} INFO - [2026-03-07T22:34:47.149+0000] {dag.py:3089} INFO - Sync 1 DAGs
[2026-03-07T22:34:47.159+0000] {logging_mixin.py:188} INFO - [2026-03-07T22:34:47.159+0000] {dag.py:3947} INFO - Setting next_dagrun for etl_users_pipeline to None, run_after=None
[2026-03-07T22:34:47.181+0000] {processor.py:183} INFO - Processing /opt/airflow/dags/etl_users_dag.py took 0.106 seconds
[2026-03-07T22:50:31.255+0000] {processor.py:161} INFO - Started process (PID=2800) to work on /opt/airflow/dags/etl_users_dag.py
[2026-03-07T22:50:31.257+0000] {processor.py:830} INFO - Processing file /opt/airflow/dags/etl_users_dag.py for tasks to queue
[2026-03-07T22:50:31.259+0000] {logging_mixin.py:188} INFO - [2026-03-07T22:50:31.259+0000] {dagbag.py:545} INFO - Filling up the DagBag from /opt/airflow/dags/etl_users_dag.py
[2026-03-07T22:50:31.276+0000] {processor.py:840} INFO - DAG(s) 'etl_users_pipeline' retrieved from /opt/airflow/dags/etl_users_dag.py
[2026-03-07T22:50:31.315+0000] {logging_mixin.py:188} INFO - [2026-03-07T22:50:31.315+0000] {dag.py:3089} INFO - Sync 1 DAGs
[2026-03-07T22:50:31.326+0000] {logging_mixin.py:188} INFO - [2026-03-07T22:50:31.326+0000] {dag.py:3947} INFO - Setting next_dagrun for etl_users_pipeline to None, run_after=None
[2026-03-07T22:50:31.341+0000] {processor.py:183} INFO - Processing /opt/airflow/dags/etl_users_dag.py took 0.104 seconds
[2026-03-07T22:51:01.643+0000] {processor.py:161} INFO - Started process (PID=2810) to work on /opt/airflow/dags/etl_users_dag.py
[2026-03-07T22:51:01.645+0000] {processor.py:830} INFO - Processing file /opt/airflow/dags/etl_users_dag.py for tasks to queue
[2026-03-07T22:51:01.649+0000] {logging_mixin.py:188} INFO - [2026-03-07T22:51:01.649+0000] {dagbag.py:545} INFO - Filling up the DagBag from /opt/airflow/dags/etl_users_dag.py
[2026-03-07T22:51:01.667+0000] {processor.py:840} INFO - DAG(s) 'etl_users_pipeline' retrieved from /opt/airflow/dags/etl_users_dag.py
[2026-03-07T22:51:01.708+0000] {logging_mixin.py:188} INFO - [2026-03-07T22:51:01.707+0000] {dag.py:3089} INFO - Sync 1 DAGs
[2026-03-07T22:51:01.718+0000] {logging_mixin.py:188} INFO - [2026-03-07T22:51:01.718+0000] {dag.py:3947} INFO - Setting next_dagrun for etl_users_pipeline to None, run_after=None
[2026-03-07T22:51:01.735+0000] {processor.py:183} INFO - Processing /opt/airflow/dags/etl_users_dag.py took 0.127 seconds
[2026-03-07T22:51:39.018+0000] {processor.py:161} INFO - Started process (PID=2820) to work on /opt/airflow/dags/etl_users_dag.py
[2026-03-07T22:51:39.023+0000] {processor.py:830} INFO - Processing file /opt/airflow/dags/etl_users_dag.py for tasks to queue
[2026-03-07T22:51:39.026+0000] {logging_mixin.py:188} INFO - [2026-03-07T22:51:39.025+0000] {dagbag.py:545} INFO - Filling up the DagBag from /opt/airflow/dags/etl_users_dag.py
[2026-03-07T22:51:39.053+0000] {processor.py:840} INFO - DAG(s) 'etl_users_pipeline' retrieved from /opt/airflow/dags/etl_users_dag.py
[2026-03-07T22:51:39.117+0000] {logging_mixin.py:188} INFO - [2026-03-07T22:51:39.117+0000] {dag.py:3089} INFO - Sync 1 DAGs
[2026-03-07T22:51:39.138+0000] {logging_mixin.py:188} INFO - [2026-03-07T22:51:39.138+0000] {dag.py:3947} INFO - Setting next_dagrun for etl_users_pipeline to None, run_after=None
[2026-03-07T22:51:39.158+0000] {processor.py:183} INFO - Processing /opt/airflow/dags/etl_users_dag.py took 0.160 seconds
[2026-03-07T22:52:09.582+0000] {processor.py:161} INFO - Started process (PID=2830) to work on /opt/airflow/dags/etl_users_dag.py
[2026-03-07T22:52:09.584+0000] {processor.py:830} INFO - Processing file /opt/airflow/dags/etl_users_dag.py for tasks to queue
[2026-03-07T22:52:09.588+0000] {logging_mixin.py:188} INFO - [2026-03-07T22:52:09.587+0000] {dagbag.py:545} INFO - Filling up the DagBag from /opt/airflow/dags/etl_users_dag.py
[2026-03-07T22:52:09.607+0000] {processor.py:840} INFO - DAG(s) 'etl_users_pipeline' retrieved from /opt/airflow/dags/etl_users_dag.py
[2026-03-07T22:52:09.652+0000] {logging_mixin.py:188} INFO - [2026-03-07T22:52:09.652+0000] {dag.py:3089} INFO - Sync 1 DAGs
[2026-03-07T22:52:09.680+0000] {logging_mixin.py:188} INFO - [2026-03-07T22:52:09.680+0000] {dag.py:3947} INFO - Setting next_dagrun for etl_users_pipeline to None, run_after=None
[2026-03-07T22:52:09.690+0000] {processor.py:183} INFO - Processing /opt/airflow/dags/etl_users_dag.py took 0.121 seconds
[2026-03-07T22:52:40.078+0000] {processor.py:161} INFO - Started process (PID=2840) to work on /opt/airflow/dags/etl_users_dag.py
[2026-03-07T22:52:40.079+0000] {processor.py:830} INFO - Processing file /opt/airflow/dags/etl_users_dag.py for tasks to queue
[2026-03-07T22:52:40.080+0000] {logging_mixin.py:188} INFO - [2026-03-07T22:52:40.080+0000] {dagbag.py:545} INFO - Filling up the DagBag from /opt/airflow/dags/etl_users_dag.py
[2026-03-07T22:52:40.094+0000] {processor.py:840} INFO - DAG(s) 'etl_users_pipeline' retrieved from /opt/airflow/dags/etl_users_dag.py
[2026-03-07T22:52:40.126+0000] {logging_mixin.py:188} INFO - [2026-03-07T22:52:40.126+0000] {dag.py:3089} INFO - Sync 1 DAGs
[2026-03-07T22:52:40.136+0000] {logging_mixin.py:188} INFO - [2026-03-07T22:52:40.136+0000] {dag.py:3947} INFO - Setting next_dagrun for etl_users_pipeline to None, run_after=None
[2026-03-07T22:52:40.152+0000] {processor.py:183} INFO - Processing /opt/airflow/dags/etl_users_dag.py took 0.082 seconds
[2026-03-07T22:53:38.055+0000] {processor.py:161} INFO - Started process (PID=2850) to work on /opt/airflow/dags/etl_users_dag.py
[2026-03-07T22:53:38.057+0000] {processor.py:830} INFO - Processing file /opt/airflow/dags/etl_users_dag.py for tasks to queue
[2026-03-07T22:53:38.059+0000] {logging_mixin.py:188} INFO - [2026-03-07T22:53:38.059+0000] {dagbag.py:545} INFO - Filling up the DagBag from /opt/airflow/dags/etl_users_dag.py
[2026-03-07T22:53:38.077+0000] {processor.py:840} INFO - DAG(s) 'etl_users_pipeline' retrieved from /opt/airflow/dags/etl_users_dag.py
[2026-03-07T22:53:38.125+0000] {logging_mixin.py:188} INFO - [2026-03-07T22:53:38.125+0000] {dag.py:3089} INFO - Sync 1 DAGs
[2026-03-07T22:53:38.137+0000] {logging_mixin.py:188} INFO - [2026-03-07T22:53:38.137+0000] {dag.py:3947} INFO - Setting next_dagrun for etl_users_pipeline to None, run_after=None
[2026-03-07T22:53:38.169+0000] {processor.py:183} INFO - Processing /opt/airflow/dags/etl_users_dag.py took 0.144 seconds
[2026-03-07T22:54:08.651+0000] {processor.py:161} INFO - Started process (PID=2860) to work on /opt/airflow/dags/etl_users_dag.py
[2026-03-07T22:54:08.658+0000] {processor.py:830} INFO - Processing file /opt/airflow/dags/etl_users_dag.py for tasks to queue
[2026-03-07T22:54:08.663+0000] {logging_mixin.py:188} INFO - [2026-03-07T22:54:08.662+0000] {dagbag.py:545} INFO - Filling up the DagBag from /opt/airflow/dags/etl_users_dag.py
[2026-03-07T22:54:08.683+0000] {processor.py:840} INFO - DAG(s) 'etl_users_pipeline' retrieved from /opt/airflow/dags/etl_users_dag.py
[2026-03-07T22:54:08.734+0000] {logging_mixin.py:188} INFO - [2026-03-07T22:54:08.734+0000] {dag.py:3089} INFO - Sync 1 DAGs
[2026-03-07T22:54:08.748+0000] {logging_mixin.py:188} INFO - [2026-03-07T22:54:08.748+0000] {dag.py:3947} INFO - Setting next_dagrun for etl_users_pipeline to None, run_after=None
[2026-03-07T22:54:08.766+0000] {processor.py:183} INFO - Processing /opt/airflow/dags/etl_users_dag.py took 0.127 seconds
[2026-03-07T23:10:30.389+0000] {processor.py:161} INFO - Started process (PID=2870) to work on /opt/airflow/dags/etl_users_dag.py
[2026-03-07T23:10:30.390+0000] {processor.py:830} INFO - Processing file /opt/airflow/dags/etl_users_dag.py for tasks to queue
[2026-03-07T23:10:30.393+0000] {logging_mixin.py:188} INFO - [2026-03-07T23:10:30.393+0000] {dagbag.py:545} INFO - Filling up the DagBag from /opt/airflow/dags/etl_users_dag.py
[2026-03-07T23:10:30.407+0000] {processor.py:840} INFO - DAG(s) 'etl_users_pipeline' retrieved from /opt/airflow/dags/etl_users_dag.py
[2026-03-07T23:10:30.457+0000] {logging_mixin.py:188} INFO - [2026-03-07T23:10:30.456+0000] {dag.py:3089} INFO - Sync 1 DAGs
[2026-03-07T23:10:30.468+0000] {logging_mixin.py:188} INFO - [2026-03-07T23:10:30.468+0000] {dag.py:3947} INFO - Setting next_dagrun for etl_users_pipeline to None, run_after=None
[2026-03-07T23:10:30.496+0000] {processor.py:183} INFO - Processing /opt/airflow/dags/etl_users_dag.py took 0.130 seconds
[2026-03-07T23:11:00.970+0000] {processor.py:161} INFO - Started process (PID=2880) to work on /opt/airflow/dags/etl_users_dag.py
[2026-03-07T23:11:00.972+0000] {processor.py:830} INFO - Processing file /opt/airflow/dags/etl_users_dag.py for tasks to queue
[2026-03-07T23:11:00.973+0000] {logging_mixin.py:188} INFO - [2026-03-07T23:11:00.973+0000] {dagbag.py:545} INFO - Filling up the DagBag from /opt/airflow/dags/etl_users_dag.py
[2026-03-07T23:11:00.986+0000] {processor.py:840} INFO - DAG(s) 'etl_users_pipeline' retrieved from /opt/airflow/dags/etl_users_dag.py
[2026-03-07T23:11:01.015+0000] {logging_mixin.py:188} INFO - [2026-03-07T23:11:01.014+0000] {dag.py:3089} INFO - Sync 1 DAGs
[2026-03-07T23:11:01.021+0000] {logging_mixin.py:188} INFO - [2026-03-07T23:11:01.021+0000] {dag.py:3947} INFO - Setting next_dagrun for etl_users_pipeline to None, run_after=None
[2026-03-07T23:11:01.032+0000] {processor.py:183} INFO - Processing /opt/airflow/dags/etl_users_dag.py took 0.076 seconds
[2026-03-07T23:11:31.476+0000] {processor.py:161} INFO - Started process (PID=2890) to work on /opt/airflow/dags/etl_users_dag.py
[2026-03-07T23:11:31.478+0000] {processor.py:830} INFO - Processing file /opt/airflow/dags/etl_users_dag.py for tasks to queue
[2026-03-07T23:11:31.481+0000] {logging_mixin.py:188} INFO - [2026-03-07T23:11:31.481+0000] {dagbag.py:545} INFO - Filling up the DagBag from /opt/airflow/dags/etl_users_dag.py
[2026-03-07T23:11:31.497+0000] {processor.py:840} INFO - DAG(s) 'etl_users_pipeline' retrieved from /opt/airflow/dags/etl_users_dag.py
[2026-03-07T23:11:31.544+0000] {logging_mixin.py:188} INFO - [2026-03-07T23:11:31.543+0000] {dag.py:3089} INFO - Sync 1 DAGs
[2026-03-07T23:11:31.554+0000] {logging_mixin.py:188} INFO - [2026-03-07T23:11:31.553+0000] {dag.py:3947} INFO - Setting next_dagrun for etl_users_pipeline to None, run_after=None
[2026-03-07T23:11:31.569+0000] {processor.py:183} INFO - Processing /opt/airflow/dags/etl_users_dag.py took 0.103 seconds
[2026-03-07T23:12:01.959+0000] {processor.py:161} INFO - Started process (PID=2900) to work on /opt/airflow/dags/etl_users_dag.py
[2026-03-07T23:12:01.960+0000] {processor.py:830} INFO - Processing file /opt/airflow/dags/etl_users_dag.py for tasks to queue
[2026-03-07T23:12:01.961+0000] {logging_mixin.py:188} INFO - [2026-03-07T23:12:01.961+0000] {dagbag.py:545} INFO - Filling up the DagBag from /opt/airflow/dags/etl_users_dag.py
[2026-03-07T23:12:01.971+0000] {processor.py:840} INFO - DAG(s) 'etl_users_pipeline' retrieved from /opt/airflow/dags/etl_users_dag.py
[2026-03-07T23:12:02.005+0000] {logging_mixin.py:188} INFO - [2026-03-07T23:12:02.002+0000] {dag.py:3089} INFO - Sync 1 DAGs
[2026-03-07T23:12:02.012+0000] {logging_mixin.py:188} INFO - [2026-03-07T23:12:02.012+0000] {dag.py:3947} INFO - Setting next_dagrun for etl_users_pipeline to None, run_after=None
[2026-03-07T23:12:02.027+0000] {processor.py:183} INFO - Processing /opt/airflow/dags/etl_users_dag.py took 0.076 seconds
[2026-03-07T23:12:32.513+0000] {processor.py:161} INFO - Started process (PID=2910) to work on /opt/airflow/dags/etl_users_dag.py
[2026-03-07T23:12:32.515+0000] {processor.py:830} INFO - Processing file /opt/airflow/dags/etl_users_dag.py for tasks to queue
[2026-03-07T23:12:32.517+0000] {logging_mixin.py:188} INFO - [2026-03-07T23:12:32.516+0000] {dagbag.py:545} INFO - Filling up the DagBag from /opt/airflow/dags/etl_users_dag.py
[2026-03-07T23:12:32.530+0000] {processor.py:840} INFO - DAG(s) 'etl_users_pipeline' retrieved from /opt/airflow/dags/etl_users_dag.py
[2026-03-07T23:12:32.558+0000] {logging_mixin.py:188} INFO - [2026-03-07T23:12:32.558+0000] {dag.py:3089} INFO - Sync 1 DAGs
[2026-03-07T23:12:32.567+0000] {logging_mixin.py:188} INFO - [2026-03-07T23:12:32.567+0000] {dag.py:3947} INFO - Setting next_dagrun for etl_users_pipeline to None, run_after=None
[2026-03-07T23:12:32.583+0000] {processor.py:183} INFO - Processing /opt/airflow/dags/etl_users_dag.py took 0.077 seconds
[2026-03-07T23:13:02.955+0000] {processor.py:161} INFO - Started process (PID=2920) to work on /opt/airflow/dags/etl_users_dag.py
[2026-03-07T23:13:02.958+0000] {processor.py:830} INFO - Processing file /opt/airflow/dags/etl_users_dag.py for tasks to queue
[2026-03-07T23:13:02.961+0000] {logging_mixin.py:188} INFO - [2026-03-07T23:13:02.961+0000] {dagbag.py:545} INFO - Filling up the DagBag from /opt/airflow/dags/etl_users_dag.py
[2026-03-07T23:13:02.996+0000] {processor.py:840} INFO - DAG(s) 'etl_users_pipeline' retrieved from /opt/airflow/dags/etl_users_dag.py
[2026-03-07T23:13:03.038+0000] {logging_mixin.py:188} INFO - [2026-03-07T23:13:03.038+0000] {dag.py:3089} INFO - Sync 1 DAGs
[2026-03-07T23:13:03.050+0000] {logging_mixin.py:188} INFO - [2026-03-07T23:13:03.050+0000] {dag.py:3947} INFO - Setting next_dagrun for etl_users_pipeline to None, run_after=None
[2026-03-07T23:13:03.066+0000] {processor.py:183} INFO - Processing /opt/airflow/dags/etl_users_dag.py took 0.124 seconds
[2026-03-07T23:28:50.735+0000] {processor.py:161} INFO - Started process (PID=2930) to work on /opt/airflow/dags/etl_users_dag.py
[2026-03-07T23:28:50.736+0000] {processor.py:830} INFO - Processing file /opt/airflow/dags/etl_users_dag.py for tasks to queue
[2026-03-07T23:28:50.738+0000] {logging_mixin.py:188} INFO - [2026-03-07T23:28:50.738+0000] {dagbag.py:545} INFO - Filling up the DagBag from /opt/airflow/dags/etl_users_dag.py
[2026-03-07T23:28:50.775+0000] {processor.py:840} INFO - DAG(s) 'etl_users_pipeline' retrieved from /opt/airflow/dags/etl_users_dag.py
[2026-03-07T23:28:50.826+0000] {logging_mixin.py:188} INFO - [2026-03-07T23:28:50.825+0000] {dag.py:3089} INFO - Sync 1 DAGs
[2026-03-07T23:28:50.839+0000] {logging_mixin.py:188} INFO - [2026-03-07T23:28:50.838+0000] {dag.py:3947} INFO - Setting next_dagrun for etl_users_pipeline to None, run_after=None
[2026-03-07T23:28:50.857+0000] {processor.py:183} INFO - Processing /opt/airflow/dags/etl_users_dag.py took 0.131 seconds
[2026-03-07T23:29:21.135+0000] {processor.py:161} INFO - Started process (PID=2940) to work on /opt/airflow/dags/etl_users_dag.py
[2026-03-07T23:29:21.136+0000] {processor.py:830} INFO - Processing file /opt/airflow/dags/etl_users_dag.py for tasks to queue
[2026-03-07T23:29:21.138+0000] {logging_mixin.py:188} INFO - [2026-03-07T23:29:21.138+0000] {dagbag.py:545} INFO - Filling up the DagBag from /opt/airflow/dags/etl_users_dag.py
[2026-03-07T23:29:21.158+0000] {processor.py:840} INFO - DAG(s) 'etl_users_pipeline' retrieved from /opt/airflow/dags/etl_users_dag.py
[2026-03-07T23:29:21.183+0000] {logging_mixin.py:188} INFO - [2026-03-07T23:29:21.183+0000] {dag.py:3089} INFO - Sync 1 DAGs
[2026-03-07T23:29:21.191+0000] {logging_mixin.py:188} INFO - [2026-03-07T23:29:21.191+0000] {dag.py:3947} INFO - Setting next_dagrun for etl_users_pipeline to None, run_after=None
[2026-03-07T23:29:21.203+0000] {processor.py:183} INFO - Processing /opt/airflow/dags/etl_users_dag.py took 0.075 seconds
[2026-03-07T23:29:51.682+0000] {processor.py:161} INFO - Started process (PID=2950) to work on /opt/airflow/dags/etl_users_dag.py
[2026-03-07T23:29:51.684+0000] {processor.py:830} INFO - Processing file /opt/airflow/dags/etl_users_dag.py for tasks to queue
[2026-03-07T23:29:51.689+0000] {logging_mixin.py:188} INFO - [2026-03-07T23:29:51.688+0000] {dagbag.py:545} INFO - Filling up the DagBag from /opt/airflow/dags/etl_users_dag.py
[2026-03-07T23:29:51.713+0000] {processor.py:840} INFO - DAG(s) 'etl_users_pipeline' retrieved from /opt/airflow/dags/etl_users_dag.py
[2026-03-07T23:29:51.760+0000] {logging_mixin.py:188} INFO - [2026-03-07T23:29:51.760+0000] {dag.py:3089} INFO - Sync 1 DAGs
[2026-03-07T23:29:51.792+0000] {logging_mixin.py:188} INFO - [2026-03-07T23:29:51.792+0000] {dag.py:3947} INFO - Setting next_dagrun for etl_users_pipeline to None, run_after=None
[2026-03-07T23:29:51.821+0000] {processor.py:183} INFO - Processing /opt/airflow/dags/etl_users_dag.py took 0.153 seconds
[2026-03-07T23:30:22.299+0000] {processor.py:161} INFO - Started process (PID=2960) to work on /opt/airflow/dags/etl_users_dag.py
[2026-03-07T23:30:22.300+0000] {processor.py:830} INFO - Processing file /opt/airflow/dags/etl_users_dag.py for tasks to queue
[2026-03-07T23:30:22.302+0000] {logging_mixin.py:188} INFO - [2026-03-07T23:30:22.301+0000] {dagbag.py:545} INFO - Filling up the DagBag from /opt/airflow/dags/etl_users_dag.py
[2026-03-07T23:30:22.315+0000] {processor.py:840} INFO - DAG(s) 'etl_users_pipeline' retrieved from /opt/airflow/dags/etl_users_dag.py
[2026-03-07T23:30:22.347+0000] {logging_mixin.py:188} INFO - [2026-03-07T23:30:22.347+0000] {dag.py:3089} INFO - Sync 1 DAGs
[2026-03-07T23:30:22.354+0000] {logging_mixin.py:188} INFO - [2026-03-07T23:30:22.354+0000] {dag.py:3947} INFO - Setting next_dagrun for etl_users_pipeline to None, run_after=None
[2026-03-07T23:30:22.366+0000] {processor.py:183} INFO - Processing /opt/airflow/dags/etl_users_dag.py took 0.075 seconds
[2026-03-07T23:30:52.690+0000] {processor.py:161} INFO - Started process (PID=2970) to work on /opt/airflow/dags/etl_users_dag.py
[2026-03-07T23:30:52.692+0000] {processor.py:830} INFO - Processing file /opt/airflow/dags/etl_users_dag.py for tasks to queue
[2026-03-07T23:30:52.696+0000] {logging_mixin.py:188} INFO - [2026-03-07T23:30:52.696+0000] {dagbag.py:545} INFO - Filling up the DagBag from /opt/airflow/dags/etl_users_dag.py
[2026-03-07T23:30:52.713+0000] {processor.py:840} INFO - DAG(s) 'etl_users_pipeline' retrieved from /opt/airflow/dags/etl_users_dag.py
[2026-03-07T23:30:52.746+0000] {logging_mixin.py:188} INFO - [2026-03-07T23:30:52.745+0000] {dag.py:3089} INFO - Sync 1 DAGs
[2026-03-07T23:30:52.758+0000] {logging_mixin.py:188} INFO - [2026-03-07T23:30:52.758+0000] {dag.py:3947} INFO - Setting next_dagrun for etl_users_pipeline to None, run_after=None
[2026-03-07T23:30:52.774+0000] {processor.py:183} INFO - Processing /opt/airflow/dags/etl_users_dag.py took 0.094 seconds
[2026-03-07T23:31:23.117+0000] {processor.py:161} INFO - Started process (PID=2980) to work on /opt/airflow/dags/etl_users_dag.py
[2026-03-07T23:31:23.119+0000] {processor.py:830} INFO - Processing file /opt/airflow/dags/etl_users_dag.py for tasks to queue
[2026-03-07T23:31:23.121+0000] {logging_mixin.py:188} INFO - [2026-03-07T23:31:23.120+0000] {dagbag.py:545} INFO - Filling up the DagBag from /opt/airflow/dags/etl_users_dag.py
[2026-03-07T23:31:23.134+0000] {processor.py:840} INFO - DAG(s) 'etl_users_pipeline' retrieved from /opt/airflow/dags/etl_users_dag.py
[2026-03-07T23:31:23.174+0000] {logging_mixin.py:188} INFO - [2026-03-07T23:31:23.173+0000] {dag.py:3089} INFO - Sync 1 DAGs
[2026-03-07T23:31:23.185+0000] {logging_mixin.py:188} INFO - [2026-03-07T23:31:23.184+0000] {dag.py:3947} INFO - Setting next_dagrun for etl_users_pipeline to None, run_after=None
[2026-03-07T23:31:23.199+0000] {processor.py:183} INFO - Processing /opt/airflow/dags/etl_users_dag.py took 0.093 seconds
[2026-03-07T23:31:53.674+0000] {processor.py:161} INFO - Started process (PID=2990) to work on /opt/airflow/dags/etl_users_dag.py
[2026-03-07T23:31:53.676+0000] {processor.py:830} INFO - Processing file /opt/airflow/dags/etl_users_dag.py for tasks to queue
[2026-03-07T23:31:53.680+0000] {logging_mixin.py:188} INFO - [2026-03-07T23:31:53.679+0000] {dagbag.py:545} INFO - Filling up the DagBag from /opt/airflow/dags/etl_users_dag.py
[2026-03-07T23:31:53.700+0000] {processor.py:840} INFO - DAG(s) 'etl_users_pipeline' retrieved from /opt/airflow/dags/etl_users_dag.py
[2026-03-07T23:31:53.741+0000] {logging_mixin.py:188} INFO - [2026-03-07T23:31:53.741+0000] {dag.py:3089} INFO - Sync 1 DAGs
[2026-03-07T23:31:53.760+0000] {logging_mixin.py:188} INFO - [2026-03-07T23:31:53.759+0000] {dag.py:3947} INFO - Setting next_dagrun for etl_users_pipeline to None, run_after=None
[2026-03-07T23:31:53.776+0000] {processor.py:183} INFO - Processing /opt/airflow/dags/etl_users_dag.py took 0.119 seconds
[2026-03-07T23:32:24.152+0000] {processor.py:161} INFO - Started process (PID=3000) to work on /opt/airflow/dags/etl_users_dag.py
[2026-03-07T23:32:24.154+0000] {processor.py:830} INFO - Processing file /opt/airflow/dags/etl_users_dag.py for tasks to queue
[2026-03-07T23:32:24.158+0000] {logging_mixin.py:188} INFO - [2026-03-07T23:32:24.157+0000] {dagbag.py:545} INFO - Filling up the DagBag from /opt/airflow/dags/etl_users_dag.py
[2026-03-07T23:32:24.174+0000] {processor.py:840} INFO - DAG(s) 'etl_users_pipeline' retrieved from /opt/airflow/dags/etl_users_dag.py
[2026-03-07T23:32:24.220+0000] {logging_mixin.py:188} INFO - [2026-03-07T23:32:24.220+0000] {dag.py:3089} INFO - Sync 1 DAGs
[2026-03-07T23:32:24.230+0000] {logging_mixin.py:188} INFO - [2026-03-07T23:32:24.230+0000] {dag.py:3947} INFO - Setting next_dagrun for etl_users_pipeline to None, run_after=None
[2026-03-07T23:32:24.247+0000] {processor.py:183} INFO - Processing /opt/airflow/dags/etl_users_dag.py took 0.110 seconds
[2026-03-07T23:32:54.608+0000] {processor.py:161} INFO - Started process (PID=3010) to work on /opt/airflow/dags/etl_users_dag.py
[2026-03-07T23:32:54.610+0000] {processor.py:830} INFO - Processing file /opt/airflow/dags/etl_users_dag.py for tasks to queue
[2026-03-07T23:32:54.613+0000] {logging_mixin.py:188} INFO - [2026-03-07T23:32:54.612+0000] {dagbag.py:545} INFO - Filling up the DagBag from /opt/airflow/dags/etl_users_dag.py
[2026-03-07T23:32:54.625+0000] {processor.py:840} INFO - DAG(s) 'etl_users_pipeline' retrieved from /opt/airflow/dags/etl_users_dag.py
[2026-03-07T23:32:54.656+0000] {logging_mixin.py:188} INFO - [2026-03-07T23:32:54.655+0000] {dag.py:3089} INFO - Sync 1 DAGs
[2026-03-07T23:32:54.666+0000] {logging_mixin.py:188} INFO - [2026-03-07T23:32:54.666+0000] {dag.py:3947} INFO - Setting next_dagrun for etl_users_pipeline to None, run_after=None
[2026-03-07T23:32:54.682+0000] {processor.py:183} INFO - Processing /opt/airflow/dags/etl_users_dag.py took 0.086 seconds
[2026-03-07T23:33:25.097+0000] {processor.py:161} INFO - Started process (PID=3020) to work on /opt/airflow/dags/etl_users_dag.py
[2026-03-07T23:33:25.099+0000] {processor.py:830} INFO - Processing file /opt/airflow/dags/etl_users_dag.py for tasks to queue
[2026-03-07T23:33:25.101+0000] {logging_mixin.py:188} INFO - [2026-03-07T23:33:25.100+0000] {dagbag.py:545} INFO - Filling up the DagBag from /opt/airflow/dags/etl_users_dag.py
[2026-03-07T23:33:25.124+0000] {processor.py:840} INFO - DAG(s) 'etl_users_pipeline' retrieved from /opt/airflow/dags/etl_users_dag.py
[2026-03-07T23:33:25.162+0000] {logging_mixin.py:188} INFO - [2026-03-07T23:33:25.162+0000] {dag.py:3089} INFO - Sync 1 DAGs
[2026-03-07T23:33:25.172+0000] {logging_mixin.py:188} INFO - [2026-03-07T23:33:25.172+0000] {dag.py:3947} INFO - Setting next_dagrun for etl_users_pipeline to None, run_after=None
[2026-03-07T23:33:25.188+0000] {processor.py:183} INFO - Processing /opt/airflow/dags/etl_users_dag.py took 0.099 seconds
[2026-03-07T23:33:55.609+0000] {processor.py:161} INFO - Started process (PID=3030) to work on /opt/airflow/dags/etl_users_dag.py
[2026-03-07T23:33:55.615+0000] {processor.py:830} INFO - Processing file /opt/airflow/dags/etl_users_dag.py for tasks to queue
[2026-03-07T23:33:55.619+0000] {logging_mixin.py:188} INFO - [2026-03-07T23:33:55.619+0000] {dagbag.py:545} INFO - Filling up the DagBag from /opt/airflow/dags/etl_users_dag.py
[2026-03-07T23:33:55.641+0000] {processor.py:840} INFO - DAG(s) 'etl_users_pipeline' retrieved from /opt/airflow/dags/etl_users_dag.py
[2026-03-07T23:33:55.676+0000] {logging_mixin.py:188} INFO - [2026-03-07T23:33:55.676+0000] {dag.py:3089} INFO - Sync 1 DAGs
[2026-03-07T23:33:55.689+0000] {logging_mixin.py:188} INFO - [2026-03-07T23:33:55.689+0000] {dag.py:3947} INFO - Setting next_dagrun for etl_users_pipeline to None, run_after=None
[2026-03-07T23:33:55.705+0000] {processor.py:183} INFO - Processing /opt/airflow/dags/etl_users_dag.py took 0.118 seconds
[2026-03-07T23:34:26.128+0000] {processor.py:161} INFO - Started process (PID=3040) to work on /opt/airflow/dags/etl_users_dag.py
[2026-03-07T23:34:26.129+0000] {processor.py:830} INFO - Processing file /opt/airflow/dags/etl_users_dag.py for tasks to queue
[2026-03-07T23:34:26.131+0000] {logging_mixin.py:188} INFO - [2026-03-07T23:34:26.131+0000] {dagbag.py:545} INFO - Filling up the DagBag from /opt/airflow/dags/etl_users_dag.py
[2026-03-07T23:34:26.150+0000] {processor.py:840} INFO - DAG(s) 'etl_users_pipeline' retrieved from /opt/airflow/dags/etl_users_dag.py
[2026-03-07T23:34:26.185+0000] {logging_mixin.py:188} INFO - [2026-03-07T23:34:26.185+0000] {dag.py:3089} INFO - Sync 1 DAGs
[2026-03-07T23:34:26.196+0000] {logging_mixin.py:188} INFO - [2026-03-07T23:34:26.196+0000] {dag.py:3947} INFO - Setting next_dagrun for etl_users_pipeline to None, run_after=None
[2026-03-07T23:34:26.219+0000] {processor.py:183} INFO - Processing /opt/airflow/dags/etl_users_dag.py took 0.099 seconds
[2026-03-07T23:34:56.731+0000] {processor.py:161} INFO - Started process (PID=3050) to work on /opt/airflow/dags/etl_users_dag.py
[2026-03-07T23:34:56.732+0000] {processor.py:830} INFO - Processing file /opt/airflow/dags/etl_users_dag.py for tasks to queue
[2026-03-07T23:34:56.734+0000] {logging_mixin.py:188} INFO - [2026-03-07T23:34:56.734+0000] {dagbag.py:545} INFO - Filling up the DagBag from /opt/airflow/dags/etl_users_dag.py
[2026-03-07T23:34:56.747+0000] {processor.py:840} INFO - DAG(s) 'etl_users_pipeline' retrieved from /opt/airflow/dags/etl_users_dag.py
[2026-03-07T23:34:56.775+0000] {logging_mixin.py:188} INFO - [2026-03-07T23:34:56.775+0000] {dag.py:3089} INFO - Sync 1 DAGs
[2026-03-07T23:34:56.786+0000] {logging_mixin.py:188} INFO - [2026-03-07T23:34:56.785+0000] {dag.py:3947} INFO - Setting next_dagrun for etl_users_pipeline to None, run_after=None
[2026-03-07T23:34:56.800+0000] {processor.py:183} INFO - Processing /opt/airflow/dags/etl_users_dag.py took 0.078 seconds
[2026-03-07T23:35:27.243+0000] {processor.py:161} INFO - Started process (PID=3060) to work on /opt/airflow/dags/etl_users_dag.py
[2026-03-07T23:35:27.244+0000] {processor.py:830} INFO - Processing file /opt/airflow/dags/etl_users_dag.py for tasks to queue
[2026-03-07T23:35:27.248+0000] {logging_mixin.py:188} INFO - [2026-03-07T23:35:27.248+0000] {dagbag.py:545} INFO - Filling up the DagBag from /opt/airflow/dags/etl_users_dag.py
[2026-03-07T23:35:27.265+0000] {processor.py:840} INFO - DAG(s) 'etl_users_pipeline' retrieved from /opt/airflow/dags/etl_users_dag.py
[2026-03-07T23:35:27.299+0000] {logging_mixin.py:188} INFO - [2026-03-07T23:35:27.299+0000] {dag.py:3089} INFO - Sync 1 DAGs
[2026-03-07T23:35:27.308+0000] {logging_mixin.py:188} INFO - [2026-03-07T23:35:27.308+0000] {dag.py:3947} INFO - Setting next_dagrun for etl_users_pipeline to None, run_after=None
[2026-03-07T23:35:27.323+0000] {processor.py:183} INFO - Processing /opt/airflow/dags/etl_users_dag.py took 0.095 seconds
[2026-03-07T23:35:57.702+0000] {processor.py:161} INFO - Started process (PID=3070) to work on /opt/airflow/dags/etl_users_dag.py
[2026-03-07T23:35:57.703+0000] {processor.py:830} INFO - Processing file /opt/airflow/dags/etl_users_dag.py for tasks to queue
[2026-03-07T23:35:57.705+0000] {logging_mixin.py:188} INFO - [2026-03-07T23:35:57.705+0000] {dagbag.py:545} INFO - Filling up the DagBag from /opt/airflow/dags/etl_users_dag.py
[2026-03-07T23:35:57.717+0000] {processor.py:840} INFO - DAG(s) 'etl_users_pipeline' retrieved from /opt/airflow/dags/etl_users_dag.py
[2026-03-07T23:35:57.756+0000] {logging_mixin.py:188} INFO - [2026-03-07T23:35:57.756+0000] {dag.py:3089} INFO - Sync 1 DAGs
[2026-03-07T23:35:57.772+0000] {logging_mixin.py:188} INFO - [2026-03-07T23:35:57.772+0000] {dag.py:3947} INFO - Setting next_dagrun for etl_users_pipeline to None, run_after=None
[2026-03-07T23:35:57.787+0000] {processor.py:183} INFO - Processing /opt/airflow/dags/etl_users_dag.py took 0.095 seconds
[2026-03-07T23:36:28.168+0000] {processor.py:161} INFO - Started process (PID=3080) to work on /opt/airflow/dags/etl_users_dag.py
[2026-03-07T23:36:28.170+0000] {processor.py:830} INFO - Processing file /opt/airflow/dags/etl_users_dag.py for tasks to queue
[2026-03-07T23:36:28.174+0000] {logging_mixin.py:188} INFO - [2026-03-07T23:36:28.173+0000] {dagbag.py:545} INFO - Filling up the DagBag from /opt/airflow/dags/etl_users_dag.py
[2026-03-07T23:36:28.188+0000] {processor.py:840} INFO - DAG(s) 'etl_users_pipeline' retrieved from /opt/airflow/dags/etl_users_dag.py
[2026-03-07T23:36:28.219+0000] {logging_mixin.py:188} INFO - [2026-03-07T23:36:28.219+0000] {dag.py:3089} INFO - Sync 1 DAGs
[2026-03-07T23:36:28.227+0000] {logging_mixin.py:188} INFO - [2026-03-07T23:36:28.227+0000] {dag.py:3947} INFO - Setting next_dagrun for etl_users_pipeline to None, run_after=None
[2026-03-07T23:36:28.244+0000] {processor.py:183} INFO - Processing /opt/airflow/dags/etl_users_dag.py took 0.084 seconds
[2026-03-07T23:36:58.681+0000] {processor.py:161} INFO - Started process (PID=3090) to work on /opt/airflow/dags/etl_users_dag.py
[2026-03-07T23:36:58.682+0000] {processor.py:830} INFO - Processing file /opt/airflow/dags/etl_users_dag.py for tasks to queue
[2026-03-07T23:36:58.684+0000] {logging_mixin.py:188} INFO - [2026-03-07T23:36:58.684+0000] {dagbag.py:545} INFO - Filling up the DagBag from /opt/airflow/dags/etl_users_dag.py
[2026-03-07T23:36:58.698+0000] {processor.py:840} INFO - DAG(s) 'etl_users_pipeline' retrieved from /opt/airflow/dags/etl_users_dag.py
[2026-03-07T23:36:58.724+0000] {logging_mixin.py:188} INFO - [2026-03-07T23:36:58.724+0000] {dag.py:3089} INFO - Sync 1 DAGs
[2026-03-07T23:36:58.731+0000] {logging_mixin.py:188} INFO - [2026-03-07T23:36:58.731+0000] {dag.py:3947} INFO - Setting next_dagrun for etl_users_pipeline to None, run_after=None
[2026-03-07T23:36:58.747+0000] {processor.py:183} INFO - Processing /opt/airflow/dags/etl_users_dag.py took 0.073 seconds
[2026-03-07T23:37:29.109+0000] {processor.py:161} INFO - Started process (PID=3100) to work on /opt/airflow/dags/etl_users_dag.py
[2026-03-07T23:37:29.110+0000] {processor.py:830} INFO - Processing file /opt/airflow/dags/etl_users_dag.py for tasks to queue
[2026-03-07T23:37:29.112+0000] {logging_mixin.py:188} INFO - [2026-03-07T23:37:29.112+0000] {dagbag.py:545} INFO - Filling up the DagBag from /opt/airflow/dags/etl_users_dag.py
[2026-03-07T23:37:29.122+0000] {processor.py:840} INFO - DAG(s) 'etl_users_pipeline' retrieved from /opt/airflow/dags/etl_users_dag.py
[2026-03-07T23:37:29.152+0000] {logging_mixin.py:188} INFO - [2026-03-07T23:37:29.152+0000] {dag.py:3089} INFO - Sync 1 DAGs
[2026-03-07T23:37:29.160+0000] {logging_mixin.py:188} INFO - [2026-03-07T23:37:29.160+0000] {dag.py:3947} INFO - Setting next_dagrun for etl_users_pipeline to None, run_after=None
[2026-03-07T23:37:29.173+0000] {processor.py:183} INFO - Processing /opt/airflow/dags/etl_users_dag.py took 0.071 seconds
[2026-03-07T23:37:59.672+0000] {processor.py:161} INFO - Started process (PID=3110) to work on /opt/airflow/dags/etl_users_dag.py
[2026-03-07T23:37:59.674+0000] {processor.py:830} INFO - Processing file /opt/airflow/dags/etl_users_dag.py for tasks to queue
[2026-03-07T23:37:59.677+0000] {logging_mixin.py:188} INFO - [2026-03-07T23:37:59.676+0000] {dagbag.py:545} INFO - Filling up the DagBag from /opt/airflow/dags/etl_users_dag.py
[2026-03-07T23:37:59.692+0000] {processor.py:840} INFO - DAG(s) 'etl_users_pipeline' retrieved from /opt/airflow/dags/etl_users_dag.py
[2026-03-07T23:37:59.722+0000] {logging_mixin.py:188} INFO - [2026-03-07T23:37:59.722+0000] {dag.py:3089} INFO - Sync 1 DAGs
[2026-03-07T23:37:59.735+0000] {logging_mixin.py:188} INFO - [2026-03-07T23:37:59.735+0000] {dag.py:3947} INFO - Setting next_dagrun for etl_users_pipeline to None, run_after=None
[2026-03-07T23:37:59.752+0000] {processor.py:183} INFO - Processing /opt/airflow/dags/etl_users_dag.py took 0.092 seconds
[2026-03-07T23:38:30.196+0000] {processor.py:161} INFO - Started process (PID=3120) to work on /opt/airflow/dags/etl_users_dag.py
[2026-03-07T23:38:30.197+0000] {processor.py:830} INFO - Processing file /opt/airflow/dags/etl_users_dag.py for tasks to queue
[2026-03-07T23:38:30.199+0000] {logging_mixin.py:188} INFO - [2026-03-07T23:38:30.198+0000] {dagbag.py:545} INFO - Filling up the DagBag from /opt/airflow/dags/etl_users_dag.py
[2026-03-07T23:38:30.214+0000] {processor.py:840} INFO - DAG(s) 'etl_users_pipeline' retrieved from /opt/airflow/dags/etl_users_dag.py
[2026-03-07T23:38:30.246+0000] {logging_mixin.py:188} INFO - [2026-03-07T23:38:30.246+0000] {dag.py:3089} INFO - Sync 1 DAGs
[2026-03-07T23:38:30.258+0000] {logging_mixin.py:188} INFO - [2026-03-07T23:38:30.258+0000] {dag.py:3947} INFO - Setting next_dagrun for etl_users_pipeline to None, run_after=None
[2026-03-07T23:38:30.273+0000] {processor.py:183} INFO - Processing /opt/airflow/dags/etl_users_dag.py took 0.088 seconds
[2026-03-07T23:39:00.753+0000] {processor.py:161} INFO - Started process (PID=3130) to work on /opt/airflow/dags/etl_users_dag.py
[2026-03-07T23:39:00.755+0000] {processor.py:830} INFO - Processing file /opt/airflow/dags/etl_users_dag.py for tasks to queue
[2026-03-07T23:39:00.756+0000] {logging_mixin.py:188} INFO - [2026-03-07T23:39:00.756+0000] {dagbag.py:545} INFO - Filling up the DagBag from /opt/airflow/dags/etl_users_dag.py
[2026-03-07T23:39:00.770+0000] {processor.py:840} INFO - DAG(s) 'etl_users_pipeline' retrieved from /opt/airflow/dags/etl_users_dag.py
[2026-03-07T23:39:00.799+0000] {logging_mixin.py:188} INFO - [2026-03-07T23:39:00.799+0000] {dag.py:3089} INFO - Sync 1 DAGs
[2026-03-07T23:39:00.807+0000] {logging_mixin.py:188} INFO - [2026-03-07T23:39:00.807+0000] {dag.py:3947} INFO - Setting next_dagrun for etl_users_pipeline to None, run_after=None
[2026-03-07T23:39:00.821+0000] {processor.py:183} INFO - Processing /opt/airflow/dags/etl_users_dag.py took 0.076 seconds
[2026-03-07T23:39:31.226+0000] {processor.py:161} INFO - Started process (PID=3140) to work on /opt/airflow/dags/etl_users_dag.py
[2026-03-07T23:39:31.227+0000] {processor.py:830} INFO - Processing file /opt/airflow/dags/etl_users_dag.py for tasks to queue
[2026-03-07T23:39:31.228+0000] {logging_mixin.py:188} INFO - [2026-03-07T23:39:31.228+0000] {dagbag.py:545} INFO - Filling up the DagBag from /opt/airflow/dags/etl_users_dag.py
[2026-03-07T23:39:31.240+0000] {processor.py:840} INFO - DAG(s) 'etl_users_pipeline' retrieved from /opt/airflow/dags/etl_users_dag.py
[2026-03-07T23:39:31.270+0000] {logging_mixin.py:188} INFO - [2026-03-07T23:39:31.270+0000] {dag.py:3089} INFO - Sync 1 DAGs
[2026-03-07T23:39:31.280+0000] {logging_mixin.py:188} INFO - [2026-03-07T23:39:31.280+0000] {dag.py:3947} INFO - Setting next_dagrun for etl_users_pipeline to None, run_after=None
[2026-03-07T23:39:31.297+0000] {processor.py:183} INFO - Processing /opt/airflow/dags/etl_users_dag.py took 0.079 seconds
[2026-03-07T23:40:01.766+0000] {processor.py:161} INFO - Started process (PID=3150) to work on /opt/airflow/dags/etl_users_dag.py
[2026-03-07T23:40:01.767+0000] {processor.py:830} INFO - Processing file /opt/airflow/dags/etl_users_dag.py for tasks to queue
[2026-03-07T23:40:01.771+0000] {logging_mixin.py:188} INFO - [2026-03-07T23:40:01.771+0000] {dagbag.py:545} INFO - Filling up the DagBag from /opt/airflow/dags/etl_users_dag.py
[2026-03-07T23:40:01.786+0000] {processor.py:840} INFO - DAG(s) 'etl_users_pipeline' retrieved from /opt/airflow/dags/etl_users_dag.py
[2026-03-07T23:40:01.824+0000] {logging_mixin.py:188} INFO - [2026-03-07T23:40:01.824+0000] {dag.py:3089} INFO - Sync 1 DAGs
[2026-03-07T23:40:01.837+0000] {logging_mixin.py:188} INFO - [2026-03-07T23:40:01.837+0000] {dag.py:3947} INFO - Setting next_dagrun for etl_users_pipeline to None, run_after=None
[2026-03-07T23:40:01.850+0000] {processor.py:183} INFO - Processing /opt/airflow/dags/etl_users_dag.py took 0.097 seconds
[2026-03-07T23:40:32.268+0000] {processor.py:161} INFO - Started process (PID=3160) to work on /opt/airflow/dags/etl_users_dag.py
[2026-03-07T23:40:32.269+0000] {processor.py:830} INFO - Processing file /opt/airflow/dags/etl_users_dag.py for tasks to queue
[2026-03-07T23:40:32.272+0000] {logging_mixin.py:188} INFO - [2026-03-07T23:40:32.271+0000] {dagbag.py:545} INFO - Filling up the DagBag from /opt/airflow/dags/etl_users_dag.py
[2026-03-07T23:40:32.287+0000] {processor.py:840} INFO - DAG(s) 'etl_users_pipeline' retrieved from /opt/airflow/dags/etl_users_dag.py
[2026-03-07T23:40:32.324+0000] {logging_mixin.py:188} INFO - [2026-03-07T23:40:32.324+0000] {dag.py:3089} INFO - Sync 1 DAGs
[2026-03-07T23:40:32.335+0000] {logging_mixin.py:188} INFO - [2026-03-07T23:40:32.335+0000] {dag.py:3947} INFO - Setting next_dagrun for etl_users_pipeline to None, run_after=None
[2026-03-07T23:40:32.352+0000] {processor.py:183} INFO - Processing /opt/airflow/dags/etl_users_dag.py took 0.094 seconds
[2026-03-07T23:41:02.831+0000] {processor.py:161} INFO - Started process (PID=3170) to work on /opt/airflow/dags/etl_users_dag.py
[2026-03-07T23:41:02.832+0000] {processor.py:830} INFO - Processing file /opt/airflow/dags/etl_users_dag.py for tasks to queue
[2026-03-07T23:41:02.834+0000] {logging_mixin.py:188} INFO - [2026-03-07T23:41:02.834+0000] {dagbag.py:545} INFO - Filling up the DagBag from /opt/airflow/dags/etl_users_dag.py
[2026-03-07T23:41:02.844+0000] {processor.py:840} INFO - DAG(s) 'etl_users_pipeline' retrieved from /opt/airflow/dags/etl_users_dag.py
[2026-03-07T23:41:02.879+0000] {logging_mixin.py:188} INFO - [2026-03-07T23:41:02.879+0000] {dag.py:3089} INFO - Sync 1 DAGs
[2026-03-07T23:41:02.890+0000] {logging_mixin.py:188} INFO - [2026-03-07T23:41:02.890+0000] {dag.py:3947} INFO - Setting next_dagrun for etl_users_pipeline to None, run_after=None
[2026-03-07T23:41:02.906+0000] {processor.py:183} INFO - Processing /opt/airflow/dags/etl_users_dag.py took 0.085 seconds
[2026-03-07T23:41:33.270+0000] {processor.py:161} INFO - Started process (PID=3180) to work on /opt/airflow/dags/etl_users_dag.py
[2026-03-07T23:41:33.271+0000] {processor.py:830} INFO - Processing file /opt/airflow/dags/etl_users_dag.py for tasks to queue
[2026-03-07T23:41:33.275+0000] {logging_mixin.py:188} INFO - [2026-03-07T23:41:33.274+0000] {dagbag.py:545} INFO - Filling up the DagBag from /opt/airflow/dags/etl_users_dag.py
[2026-03-07T23:41:33.290+0000] {processor.py:840} INFO - DAG(s) 'etl_users_pipeline' retrieved from /opt/airflow/dags/etl_users_dag.py
[2026-03-07T23:41:33.320+0000] {logging_mixin.py:188} INFO - [2026-03-07T23:41:33.320+0000] {dag.py:3089} INFO - Sync 1 DAGs
[2026-03-07T23:41:33.329+0000] {logging_mixin.py:188} INFO - [2026-03-07T23:41:33.329+0000] {dag.py:3947} INFO - Setting next_dagrun for etl_users_pipeline to None, run_after=None
[2026-03-07T23:41:33.343+0000] {processor.py:183} INFO - Processing /opt/airflow/dags/etl_users_dag.py took 0.086 seconds
[2026-03-07T23:42:03.602+0000] {processor.py:161} INFO - Started process (PID=3190) to work on /opt/airflow/dags/etl_users_dag.py
[2026-03-07T23:42:03.604+0000] {processor.py:830} INFO - Processing file /opt/airflow/dags/etl_users_dag.py for tasks to queue
[2026-03-07T23:42:03.606+0000] {logging_mixin.py:188} INFO - [2026-03-07T23:42:03.606+0000] {dagbag.py:545} INFO - Filling up the DagBag from /opt/airflow/dags/etl_users_dag.py
[2026-03-07T23:42:03.618+0000] {processor.py:840} INFO - DAG(s) 'etl_users_pipeline' retrieved from /opt/airflow/dags/etl_users_dag.py
[2026-03-07T23:42:03.664+0000] {logging_mixin.py:188} INFO - [2026-03-07T23:42:03.664+0000] {dag.py:3089} INFO - Sync 1 DAGs
[2026-03-07T23:42:03.674+0000] {logging_mixin.py:188} INFO - [2026-03-07T23:42:03.674+0000] {dag.py:3947} INFO - Setting next_dagrun for etl_users_pipeline to None, run_after=None
[2026-03-07T23:42:03.689+0000] {processor.py:183} INFO - Processing /opt/airflow/dags/etl_users_dag.py took 0.094 seconds
[2026-03-07T23:42:34.071+0000] {processor.py:161} INFO - Started process (PID=3200) to work on /opt/airflow/dags/etl_users_dag.py
[2026-03-07T23:42:34.072+0000] {processor.py:830} INFO - Processing file /opt/airflow/dags/etl_users_dag.py for tasks to queue
[2026-03-07T23:42:34.074+0000] {logging_mixin.py:188} INFO - [2026-03-07T23:42:34.074+0000] {dagbag.py:545} INFO - Filling up the DagBag from /opt/airflow/dags/etl_users_dag.py
[2026-03-07T23:42:34.084+0000] {processor.py:840} INFO - DAG(s) 'etl_users_pipeline' retrieved from /opt/airflow/dags/etl_users_dag.py
[2026-03-07T23:42:34.117+0000] {logging_mixin.py:188} INFO - [2026-03-07T23:42:34.116+0000] {dag.py:3089} INFO - Sync 1 DAGs
[2026-03-07T23:42:34.126+0000] {logging_mixin.py:188} INFO - [2026-03-07T23:42:34.126+0000] {dag.py:3947} INFO - Setting next_dagrun for etl_users_pipeline to None, run_after=None
[2026-03-07T23:42:34.141+0000] {processor.py:183} INFO - Processing /opt/airflow/dags/etl_users_dag.py took 0.084 seconds
[2026-03-07T23:43:04.499+0000] {processor.py:161} INFO - Started process (PID=3210) to work on /opt/airflow/dags/etl_users_dag.py
[2026-03-07T23:43:04.503+0000] {processor.py:830} INFO - Processing file /opt/airflow/dags/etl_users_dag.py for tasks to queue
[2026-03-07T23:43:04.505+0000] {logging_mixin.py:188} INFO - [2026-03-07T23:43:04.505+0000] {dagbag.py:545} INFO - Filling up the DagBag from /opt/airflow/dags/etl_users_dag.py
[2026-03-07T23:43:04.519+0000] {processor.py:840} INFO - DAG(s) 'etl_users_pipeline' retrieved from /opt/airflow/dags/etl_users_dag.py
[2026-03-07T23:43:04.546+0000] {logging_mixin.py:188} INFO - [2026-03-07T23:43:04.546+0000] {dag.py:3089} INFO - Sync 1 DAGs
[2026-03-07T23:43:04.555+0000] {logging_mixin.py:188} INFO - [2026-03-07T23:43:04.555+0000] {dag.py:3947} INFO - Setting next_dagrun for etl_users_pipeline to None, run_after=None
[2026-03-07T23:43:04.569+0000] {processor.py:183} INFO - Processing /opt/airflow/dags/etl_users_dag.py took 0.082 seconds
[2026-03-07T23:43:34.981+0000] {processor.py:161} INFO - Started process (PID=3220) to work on /opt/airflow/dags/etl_users_dag.py
[2026-03-07T23:43:34.982+0000] {processor.py:830} INFO - Processing file /opt/airflow/dags/etl_users_dag.py for tasks to queue
[2026-03-07T23:43:34.984+0000] {logging_mixin.py:188} INFO - [2026-03-07T23:43:34.983+0000] {dagbag.py:545} INFO - Filling up the DagBag from /opt/airflow/dags/etl_users_dag.py
[2026-03-07T23:43:34.994+0000] {processor.py:840} INFO - DAG(s) 'etl_users_pipeline' retrieved from /opt/airflow/dags/etl_users_dag.py
[2026-03-07T23:43:35.040+0000] {logging_mixin.py:188} INFO - [2026-03-07T23:43:35.040+0000] {dag.py:3089} INFO - Sync 1 DAGs
[2026-03-07T23:43:35.053+0000] {logging_mixin.py:188} INFO - [2026-03-07T23:43:35.053+0000] {dag.py:3947} INFO - Setting next_dagrun for etl_users_pipeline to None, run_after=None
[2026-03-07T23:43:35.065+0000] {processor.py:183} INFO - Processing /opt/airflow/dags/etl_users_dag.py took 0.092 seconds
[2026-03-07T23:44:05.562+0000] {processor.py:161} INFO - Started process (PID=3230) to work on /opt/airflow/dags/etl_users_dag.py
[2026-03-07T23:44:05.564+0000] {processor.py:830} INFO - Processing file /opt/airflow/dags/etl_users_dag.py for tasks to queue
[2026-03-07T23:44:05.567+0000] {logging_mixin.py:188} INFO - [2026-03-07T23:44:05.566+0000] {dagbag.py:545} INFO - Filling up the DagBag from /opt/airflow/dags/etl_users_dag.py
[2026-03-07T23:44:05.583+0000] {processor.py:840} INFO - DAG(s) 'etl_users_pipeline' retrieved from /opt/airflow/dags/etl_users_dag.py
[2026-03-07T23:44:05.617+0000] {logging_mixin.py:188} INFO - [2026-03-07T23:44:05.617+0000] {dag.py:3089} INFO - Sync 1 DAGs
[2026-03-07T23:44:05.629+0000] {logging_mixin.py:188} INFO - [2026-03-07T23:44:05.628+0000] {dag.py:3947} INFO - Setting next_dagrun for etl_users_pipeline to None, run_after=None
[2026-03-07T23:44:05.643+0000] {processor.py:183} INFO - Processing /opt/airflow/dags/etl_users_dag.py took 0.090 seconds
[2026-03-07T23:44:36.074+0000] {processor.py:161} INFO - Started process (PID=3240) to work on /opt/airflow/dags/etl_users_dag.py
[2026-03-07T23:44:36.076+0000] {processor.py:830} INFO - Processing file /opt/airflow/dags/etl_users_dag.py for tasks to queue
[2026-03-07T23:44:36.079+0000] {logging_mixin.py:188} INFO - [2026-03-07T23:44:36.078+0000] {dagbag.py:545} INFO - Filling up the DagBag from /opt/airflow/dags/etl_users_dag.py
[2026-03-07T23:44:36.092+0000] {processor.py:840} INFO - DAG(s) 'etl_users_pipeline' retrieved from /opt/airflow/dags/etl_users_dag.py
[2026-03-07T23:44:36.125+0000] {logging_mixin.py:188} INFO - [2026-03-07T23:44:36.124+0000] {dag.py:3089} INFO - Sync 1 DAGs
[2026-03-07T23:44:36.133+0000] {logging_mixin.py:188} INFO - [2026-03-07T23:44:36.133+0000] {dag.py:3947} INFO - Setting next_dagrun for etl_users_pipeline to None, run_after=None
[2026-03-07T23:44:36.146+0000] {processor.py:183} INFO - Processing /opt/airflow/dags/etl_users_dag.py took 0.083 seconds
[2026-03-07T23:45:06.532+0000] {processor.py:161} INFO - Started process (PID=3250) to work on /opt/airflow/dags/etl_users_dag.py
[2026-03-07T23:45:06.534+0000] {processor.py:830} INFO - Processing file /opt/airflow/dags/etl_users_dag.py for tasks to queue
[2026-03-07T23:45:06.538+0000] {logging_mixin.py:188} INFO - [2026-03-07T23:45:06.537+0000] {dagbag.py:545} INFO - Filling up the DagBag from /opt/airflow/dags/etl_users_dag.py
[2026-03-07T23:45:06.561+0000] {processor.py:840} INFO - DAG(s) 'etl_users_pipeline' retrieved from /opt/airflow/dags/etl_users_dag.py
[2026-03-07T23:45:06.595+0000] {logging_mixin.py:188} INFO - [2026-03-07T23:45:06.595+0000] {dag.py:3089} INFO - Sync 1 DAGs
[2026-03-07T23:45:06.605+0000] {logging_mixin.py:188} INFO - [2026-03-07T23:45:06.605+0000] {dag.py:3947} INFO - Setting next_dagrun for etl_users_pipeline to None, run_after=None
[2026-03-07T23:45:06.620+0000] {processor.py:183} INFO - Processing /opt/airflow/dags/etl_users_dag.py took 0.098 seconds
[2026-03-07T23:45:36.908+0000] {processor.py:161} INFO - Started process (PID=3260) to work on /opt/airflow/dags/etl_users_dag.py
[2026-03-07T23:45:36.909+0000] {processor.py:830} INFO - Processing file /opt/airflow/dags/etl_users_dag.py for tasks to queue
[2026-03-07T23:45:36.911+0000] {logging_mixin.py:188} INFO - [2026-03-07T23:45:36.911+0000] {dagbag.py:545} INFO - Filling up the DagBag from /opt/airflow/dags/etl_users_dag.py
[2026-03-07T23:45:36.927+0000] {processor.py:840} INFO - DAG(s) 'etl_users_pipeline' retrieved from /opt/airflow/dags/etl_users_dag.py
[2026-03-07T23:45:36.955+0000] {logging_mixin.py:188} INFO - [2026-03-07T23:45:36.954+0000] {dag.py:3089} INFO - Sync 1 DAGs
[2026-03-07T23:45:36.964+0000] {logging_mixin.py:188} INFO - [2026-03-07T23:45:36.964+0000] {dag.py:3947} INFO - Setting next_dagrun for etl_users_pipeline to None, run_after=None
[2026-03-07T23:45:36.980+0000] {processor.py:183} INFO - Processing /opt/airflow/dags/etl_users_dag.py took 0.081 seconds
[2026-03-07T23:46:07.374+0000] {processor.py:161} INFO - Started process (PID=3270) to work on /opt/airflow/dags/etl_users_dag.py
[2026-03-07T23:46:07.376+0000] {processor.py:830} INFO - Processing file /opt/airflow/dags/etl_users_dag.py for tasks to queue
[2026-03-07T23:46:07.378+0000] {logging_mixin.py:188} INFO - [2026-03-07T23:46:07.378+0000] {dagbag.py:545} INFO - Filling up the DagBag from /opt/airflow/dags/etl_users_dag.py
[2026-03-07T23:46:07.390+0000] {processor.py:840} INFO - DAG(s) 'etl_users_pipeline' retrieved from /opt/airflow/dags/etl_users_dag.py
[2026-03-07T23:46:07.421+0000] {logging_mixin.py:188} INFO - [2026-03-07T23:46:07.421+0000] {dag.py:3089} INFO - Sync 1 DAGs
[2026-03-07T23:46:07.432+0000] {logging_mixin.py:188} INFO - [2026-03-07T23:46:07.432+0000] {dag.py:3947} INFO - Setting next_dagrun for etl_users_pipeline to None, run_after=None
[2026-03-07T23:46:07.451+0000] {processor.py:183} INFO - Processing /opt/airflow/dags/etl_users_dag.py took 0.087 seconds
[2026-03-07T23:46:37.883+0000] {processor.py:161} INFO - Started process (PID=3280) to work on /opt/airflow/dags/etl_users_dag.py
[2026-03-07T23:46:37.886+0000] {processor.py:830} INFO - Processing file /opt/airflow/dags/etl_users_dag.py for tasks to queue
[2026-03-07T23:46:37.887+0000] {logging_mixin.py:188} INFO - [2026-03-07T23:46:37.887+0000] {dagbag.py:545} INFO - Filling up the DagBag from /opt/airflow/dags/etl_users_dag.py
[2026-03-07T23:46:37.898+0000] {processor.py:840} INFO - DAG(s) 'etl_users_pipeline' retrieved from /opt/airflow/dags/etl_users_dag.py
[2026-03-07T23:46:37.924+0000] {logging_mixin.py:188} INFO - [2026-03-07T23:46:37.924+0000] {dag.py:3089} INFO - Sync 1 DAGs
[2026-03-07T23:46:37.934+0000] {logging_mixin.py:188} INFO - [2026-03-07T23:46:37.934+0000] {dag.py:3947} INFO - Setting next_dagrun for etl_users_pipeline to None, run_after=None
[2026-03-07T23:46:37.949+0000] {processor.py:183} INFO - Processing /opt/airflow/dags/etl_users_dag.py took 0.077 seconds
[2026-03-07T23:47:08.411+0000] {processor.py:161} INFO - Started process (PID=3290) to work on /opt/airflow/dags/etl_users_dag.py
[2026-03-07T23:47:08.413+0000] {processor.py:830} INFO - Processing file /opt/airflow/dags/etl_users_dag.py for tasks to queue
[2026-03-07T23:47:08.417+0000] {logging_mixin.py:188} INFO - [2026-03-07T23:47:08.416+0000] {dagbag.py:545} INFO - Filling up the DagBag from /opt/airflow/dags/etl_users_dag.py
[2026-03-07T23:47:08.437+0000] {processor.py:840} INFO - DAG(s) 'etl_users_pipeline' retrieved from /opt/airflow/dags/etl_users_dag.py
[2026-03-07T23:47:08.474+0000] {logging_mixin.py:188} INFO - [2026-03-07T23:47:08.473+0000] {dag.py:3089} INFO - Sync 1 DAGs
[2026-03-07T23:47:08.483+0000] {logging_mixin.py:188} INFO - [2026-03-07T23:47:08.483+0000] {dag.py:3947} INFO - Setting next_dagrun for etl_users_pipeline to None, run_after=None
[2026-03-07T23:47:08.497+0000] {processor.py:183} INFO - Processing /opt/airflow/dags/etl_users_dag.py took 0.096 seconds
[2026-03-07T23:47:38.914+0000] {processor.py:161} INFO - Started process (PID=3300) to work on /opt/airflow/dags/etl_users_dag.py
[2026-03-07T23:47:38.915+0000] {processor.py:830} INFO - Processing file /opt/airflow/dags/etl_users_dag.py for tasks to queue
[2026-03-07T23:47:38.917+0000] {logging_mixin.py:188} INFO - [2026-03-07T23:47:38.917+0000] {dagbag.py:545} INFO - Filling up the DagBag from /opt/airflow/dags/etl_users_dag.py
[2026-03-07T23:47:38.930+0000] {processor.py:840} INFO - DAG(s) 'etl_users_pipeline' retrieved from /opt/airflow/dags/etl_users_dag.py
[2026-03-07T23:47:38.962+0000] {logging_mixin.py:188} INFO - [2026-03-07T23:47:38.962+0000] {dag.py:3089} INFO - Sync 1 DAGs
[2026-03-07T23:47:38.973+0000] {logging_mixin.py:188} INFO - [2026-03-07T23:47:38.973+0000] {dag.py:3947} INFO - Setting next_dagrun for etl_users_pipeline to None, run_after=None
[2026-03-07T23:47:38.989+0000] {processor.py:183} INFO - Processing /opt/airflow/dags/etl_users_dag.py took 0.083 seconds
[2026-03-07T23:48:09.436+0000] {processor.py:161} INFO - Started process (PID=3310) to work on /opt/airflow/dags/etl_users_dag.py
[2026-03-07T23:48:09.437+0000] {processor.py:830} INFO - Processing file /opt/airflow/dags/etl_users_dag.py for tasks to queue
[2026-03-07T23:48:09.439+0000] {logging_mixin.py:188} INFO - [2026-03-07T23:48:09.439+0000] {dagbag.py:545} INFO - Filling up the DagBag from /opt/airflow/dags/etl_users_dag.py
[2026-03-07T23:48:09.452+0000] {processor.py:840} INFO - DAG(s) 'etl_users_pipeline' retrieved from /opt/airflow/dags/etl_users_dag.py
[2026-03-07T23:48:09.483+0000] {logging_mixin.py:188} INFO - [2026-03-07T23:48:09.483+0000] {dag.py:3089} INFO - Sync 1 DAGs
[2026-03-07T23:48:09.492+0000] {logging_mixin.py:188} INFO - [2026-03-07T23:48:09.492+0000] {dag.py:3947} INFO - Setting next_dagrun for etl_users_pipeline to None, run_after=None
[2026-03-07T23:48:09.506+0000] {processor.py:183} INFO - Processing /opt/airflow/dags/etl_users_dag.py took 0.080 seconds
[2026-03-07T23:48:39.810+0000] {processor.py:161} INFO - Started process (PID=3320) to work on /opt/airflow/dags/etl_users_dag.py
[2026-03-07T23:48:39.811+0000] {processor.py:830} INFO - Processing file /opt/airflow/dags/etl_users_dag.py for tasks to queue
[2026-03-07T23:48:39.813+0000] {logging_mixin.py:188} INFO - [2026-03-07T23:48:39.812+0000] {dagbag.py:545} INFO - Filling up the DagBag from /opt/airflow/dags/etl_users_dag.py
[2026-03-07T23:48:39.827+0000] {processor.py:840} INFO - DAG(s) 'etl_users_pipeline' retrieved from /opt/airflow/dags/etl_users_dag.py
[2026-03-07T23:48:39.859+0000] {logging_mixin.py:188} INFO - [2026-03-07T23:48:39.858+0000] {dag.py:3089} INFO - Sync 1 DAGs
[2026-03-07T23:48:39.868+0000] {logging_mixin.py:188} INFO - [2026-03-07T23:48:39.867+0000] {dag.py:3947} INFO - Setting next_dagrun for etl_users_pipeline to None, run_after=None
[2026-03-07T23:48:39.882+0000] {processor.py:183} INFO - Processing /opt/airflow/dags/etl_users_dag.py took 0.080 seconds
[2026-03-07T23:49:10.344+0000] {processor.py:161} INFO - Started process (PID=3330) to work on /opt/airflow/dags/etl_users_dag.py
[2026-03-07T23:49:10.346+0000] {processor.py:830} INFO - Processing file /opt/airflow/dags/etl_users_dag.py for tasks to queue
[2026-03-07T23:49:10.348+0000] {logging_mixin.py:188} INFO - [2026-03-07T23:49:10.347+0000] {dagbag.py:545} INFO - Filling up the DagBag from /opt/airflow/dags/etl_users_dag.py
[2026-03-07T23:49:10.359+0000] {processor.py:840} INFO - DAG(s) 'etl_users_pipeline' retrieved from /opt/airflow/dags/etl_users_dag.py
[2026-03-07T23:49:10.393+0000] {logging_mixin.py:188} INFO - [2026-03-07T23:49:10.392+0000] {dag.py:3089} INFO - Sync 1 DAGs
[2026-03-07T23:49:10.405+0000] {logging_mixin.py:188} INFO - [2026-03-07T23:49:10.404+0000] {dag.py:3947} INFO - Setting next_dagrun for etl_users_pipeline to None, run_after=None
[2026-03-07T23:49:10.416+0000] {processor.py:183} INFO - Processing /opt/airflow/dags/etl_users_dag.py took 0.080 seconds
[2026-03-07T23:49:40.873+0000] {processor.py:161} INFO - Started process (PID=3340) to work on /opt/airflow/dags/etl_users_dag.py
[2026-03-07T23:49:40.874+0000] {processor.py:830} INFO - Processing file /opt/airflow/dags/etl_users_dag.py for tasks to queue
[2026-03-07T23:49:40.877+0000] {logging_mixin.py:188} INFO - [2026-03-07T23:49:40.877+0000] {dagbag.py:545} INFO - Filling up the DagBag from /opt/airflow/dags/etl_users_dag.py
[2026-03-07T23:49:40.893+0000] {processor.py:840} INFO - DAG(s) 'etl_users_pipeline' retrieved from /opt/airflow/dags/etl_users_dag.py
[2026-03-07T23:49:40.924+0000] {logging_mixin.py:188} INFO - [2026-03-07T23:49:40.924+0000] {dag.py:3089} INFO - Sync 1 DAGs
[2026-03-07T23:49:40.933+0000] {logging_mixin.py:188} INFO - [2026-03-07T23:49:40.933+0000] {dag.py:3947} INFO - Setting next_dagrun for etl_users_pipeline to None, run_after=None
[2026-03-07T23:49:40.946+0000] {processor.py:183} INFO - Processing /opt/airflow/dags/etl_users_dag.py took 0.084 seconds
[2026-03-07T23:50:11.357+0000] {processor.py:161} INFO - Started process (PID=3350) to work on /opt/airflow/dags/etl_users_dag.py
[2026-03-07T23:50:11.358+0000] {processor.py:830} INFO - Processing file /opt/airflow/dags/etl_users_dag.py for tasks to queue
[2026-03-07T23:50:11.360+0000] {logging_mixin.py:188} INFO - [2026-03-07T23:50:11.360+0000] {dagbag.py:545} INFO - Filling up the DagBag from /opt/airflow/dags/etl_users_dag.py
[2026-03-07T23:50:11.375+0000] {processor.py:840} INFO - DAG(s) 'etl_users_pipeline' retrieved from /opt/airflow/dags/etl_users_dag.py
[2026-03-07T23:50:11.414+0000] {logging_mixin.py:188} INFO - [2026-03-07T23:50:11.414+0000] {dag.py:3089} INFO - Sync 1 DAGs
[2026-03-07T23:50:11.424+0000] {logging_mixin.py:188} INFO - [2026-03-07T23:50:11.424+0000] {dag.py:3947} INFO - Setting next_dagrun for etl_users_pipeline to None, run_after=None
[2026-03-07T23:50:11.438+0000] {processor.py:183} INFO - Processing /opt/airflow/dags/etl_users_dag.py took 0.089 seconds
[2026-03-07T23:50:41.842+0000] {processor.py:161} INFO - Started process (PID=3360) to work on /opt/airflow/dags/etl_users_dag.py
[2026-03-07T23:50:41.845+0000] {processor.py:830} INFO - Processing file /opt/airflow/dags/etl_users_dag.py for tasks to queue
[2026-03-07T23:50:41.847+0000] {logging_mixin.py:188} INFO - [2026-03-07T23:50:41.846+0000] {dagbag.py:545} INFO - Filling up the DagBag from /opt/airflow/dags/etl_users_dag.py
[2026-03-07T23:50:41.863+0000] {processor.py:840} INFO - DAG(s) 'etl_users_pipeline' retrieved from /opt/airflow/dags/etl_users_dag.py
[2026-03-07T23:50:41.894+0000] {logging_mixin.py:188} INFO - [2026-03-07T23:50:41.894+0000] {dag.py:3089} INFO - Sync 1 DAGs
[2026-03-07T23:50:41.904+0000] {logging_mixin.py:188} INFO - [2026-03-07T23:50:41.904+0000] {dag.py:3947} INFO - Setting next_dagrun for etl_users_pipeline to None, run_after=None
[2026-03-07T23:50:41.922+0000] {processor.py:183} INFO - Processing /opt/airflow/dags/etl_users_dag.py took 0.092 seconds
[2026-03-07T23:51:12.384+0000] {processor.py:161} INFO - Started process (PID=3370) to work on /opt/airflow/dags/etl_users_dag.py
[2026-03-07T23:51:12.386+0000] {processor.py:830} INFO - Processing file /opt/airflow/dags/etl_users_dag.py for tasks to queue
[2026-03-07T23:51:12.390+0000] {logging_mixin.py:188} INFO - [2026-03-07T23:51:12.389+0000] {dagbag.py:545} INFO - Filling up the DagBag from /opt/airflow/dags/etl_users_dag.py
[2026-03-07T23:51:12.439+0000] {processor.py:840} INFO - DAG(s) 'etl_users_pipeline' retrieved from /opt/airflow/dags/etl_users_dag.py
[2026-03-07T23:51:12.481+0000] {logging_mixin.py:188} INFO - [2026-03-07T23:51:12.480+0000] {dag.py:3089} INFO - Sync 1 DAGs
[2026-03-07T23:51:12.494+0000] {logging_mixin.py:188} INFO - [2026-03-07T23:51:12.494+0000] {dag.py:3947} INFO - Setting next_dagrun for etl_users_pipeline to None, run_after=None
[2026-03-07T23:51:12.513+0000] {processor.py:183} INFO - Processing /opt/airflow/dags/etl_users_dag.py took 0.141 seconds
[2026-03-07T23:51:42.977+0000] {processor.py:161} INFO - Started process (PID=3380) to work on /opt/airflow/dags/etl_users_dag.py
[2026-03-07T23:51:42.980+0000] {processor.py:830} INFO - Processing file /opt/airflow/dags/etl_users_dag.py for tasks to queue
[2026-03-07T23:51:42.983+0000] {logging_mixin.py:188} INFO - [2026-03-07T23:51:42.983+0000] {dagbag.py:545} INFO - Filling up the DagBag from /opt/airflow/dags/etl_users_dag.py
[2026-03-07T23:51:42.998+0000] {processor.py:840} INFO - DAG(s) 'etl_users_pipeline' retrieved from /opt/airflow/dags/etl_users_dag.py
[2026-03-07T23:51:43.029+0000] {logging_mixin.py:188} INFO - [2026-03-07T23:51:43.029+0000] {dag.py:3089} INFO - Sync 1 DAGs
[2026-03-07T23:51:43.037+0000] {logging_mixin.py:188} INFO - [2026-03-07T23:51:43.037+0000] {dag.py:3947} INFO - Setting next_dagrun for etl_users_pipeline to None, run_after=None
[2026-03-07T23:51:43.052+0000] {processor.py:183} INFO - Processing /opt/airflow/dags/etl_users_dag.py took 0.085 seconds
[2026-03-07T23:52:13.506+0000] {processor.py:161} INFO - Started process (PID=3390) to work on /opt/airflow/dags/etl_users_dag.py
[2026-03-07T23:52:13.508+0000] {processor.py:830} INFO - Processing file /opt/airflow/dags/etl_users_dag.py for tasks to queue
[2026-03-07T23:52:13.510+0000] {logging_mixin.py:188} INFO - [2026-03-07T23:52:13.510+0000] {dagbag.py:545} INFO - Filling up the DagBag from /opt/airflow/dags/etl_users_dag.py
[2026-03-07T23:52:13.529+0000] {processor.py:840} INFO - DAG(s) 'etl_users_pipeline' retrieved from /opt/airflow/dags/etl_users_dag.py
[2026-03-07T23:52:13.566+0000] {logging_mixin.py:188} INFO - [2026-03-07T23:52:13.566+0000] {dag.py:3089} INFO - Sync 1 DAGs
[2026-03-07T23:52:13.577+0000] {logging_mixin.py:188} INFO - [2026-03-07T23:52:13.577+0000] {dag.py:3947} INFO - Setting next_dagrun for etl_users_pipeline to None, run_after=None
[2026-03-07T23:52:13.592+0000] {processor.py:183} INFO - Processing /opt/airflow/dags/etl_users_dag.py took 0.097 seconds
[2026-03-07T23:52:43.944+0000] {processor.py:161} INFO - Started process (PID=3400) to work on /opt/airflow/dags/etl_users_dag.py
[2026-03-07T23:52:43.945+0000] {processor.py:830} INFO - Processing file /opt/airflow/dags/etl_users_dag.py for tasks to queue
[2026-03-07T23:52:43.947+0000] {logging_mixin.py:188} INFO - [2026-03-07T23:52:43.947+0000] {dagbag.py:545} INFO - Filling up the DagBag from /opt/airflow/dags/etl_users_dag.py
[2026-03-07T23:52:43.958+0000] {processor.py:840} INFO - DAG(s) 'etl_users_pipeline' retrieved from /opt/airflow/dags/etl_users_dag.py
[2026-03-07T23:52:43.996+0000] {logging_mixin.py:188} INFO - [2026-03-07T23:52:43.996+0000] {dag.py:3089} INFO - Sync 1 DAGs
[2026-03-07T23:52:44.006+0000] {logging_mixin.py:188} INFO - [2026-03-07T23:52:44.006+0000] {dag.py:3947} INFO - Setting next_dagrun for etl_users_pipeline to None, run_after=None
[2026-03-07T23:52:44.021+0000] {processor.py:183} INFO - Processing /opt/airflow/dags/etl_users_dag.py took 0.084 seconds
[2026-03-07T23:53:14.473+0000] {processor.py:161} INFO - Started process (PID=3410) to work on /opt/airflow/dags/etl_users_dag.py
[2026-03-07T23:53:14.475+0000] {processor.py:830} INFO - Processing file /opt/airflow/dags/etl_users_dag.py for tasks to queue
[2026-03-07T23:53:14.477+0000] {logging_mixin.py:188} INFO - [2026-03-07T23:53:14.476+0000] {dagbag.py:545} INFO - Filling up the DagBag from /opt/airflow/dags/etl_users_dag.py
[2026-03-07T23:53:14.493+0000] {processor.py:840} INFO - DAG(s) 'etl_users_pipeline' retrieved from /opt/airflow/dags/etl_users_dag.py
[2026-03-07T23:53:14.522+0000] {logging_mixin.py:188} INFO - [2026-03-07T23:53:14.522+0000] {dag.py:3089} INFO - Sync 1 DAGs
[2026-03-07T23:53:14.533+0000] {logging_mixin.py:188} INFO - [2026-03-07T23:53:14.533+0000] {dag.py:3947} INFO - Setting next_dagrun for etl_users_pipeline to None, run_after=None
[2026-03-07T23:53:14.546+0000] {processor.py:183} INFO - Processing /opt/airflow/dags/etl_users_dag.py took 0.084 seconds
[2026-03-07T23:53:44.918+0000] {processor.py:161} INFO - Started process (PID=3420) to work on /opt/airflow/dags/etl_users_dag.py
[2026-03-07T23:53:44.920+0000] {processor.py:830} INFO - Processing file /opt/airflow/dags/etl_users_dag.py for tasks to queue
[2026-03-07T23:53:44.921+0000] {logging_mixin.py:188} INFO - [2026-03-07T23:53:44.921+0000] {dagbag.py:545} INFO - Filling up the DagBag from /opt/airflow/dags/etl_users_dag.py
[2026-03-07T23:53:44.932+0000] {processor.py:840} INFO - DAG(s) 'etl_users_pipeline' retrieved from /opt/airflow/dags/etl_users_dag.py
[2026-03-07T23:53:44.963+0000] {logging_mixin.py:188} INFO - [2026-03-07T23:53:44.962+0000] {dag.py:3089} INFO - Sync 1 DAGs
[2026-03-07T23:53:44.971+0000] {logging_mixin.py:188} INFO - [2026-03-07T23:53:44.971+0000] {dag.py:3947} INFO - Setting next_dagrun for etl_users_pipeline to None, run_after=None
[2026-03-07T23:53:44.986+0000] {processor.py:183} INFO - Processing /opt/airflow/dags/etl_users_dag.py took 0.077 seconds
[2026-03-07T23:54:15.492+0000] {processor.py:161} INFO - Started process (PID=3430) to work on /opt/airflow/dags/etl_users_dag.py
[2026-03-07T23:54:15.494+0000] {processor.py:830} INFO - Processing file /opt/airflow/dags/etl_users_dag.py for tasks to queue
[2026-03-07T23:54:15.498+0000] {logging_mixin.py:188} INFO - [2026-03-07T23:54:15.497+0000] {dagbag.py:545} INFO - Filling up the DagBag from /opt/airflow/dags/etl_users_dag.py
[2026-03-07T23:54:15.519+0000] {processor.py:840} INFO - DAG(s) 'etl_users_pipeline' retrieved from /opt/airflow/dags/etl_users_dag.py
[2026-03-07T23:54:15.551+0000] {logging_mixin.py:188} INFO - [2026-03-07T23:54:15.551+0000] {dag.py:3089} INFO - Sync 1 DAGs
[2026-03-07T23:54:15.562+0000] {logging_mixin.py:188} INFO - [2026-03-07T23:54:15.562+0000] {dag.py:3947} INFO - Setting next_dagrun for etl_users_pipeline to None, run_after=None
[2026-03-07T23:54:15.578+0000] {processor.py:183} INFO - Processing /opt/airflow/dags/etl_users_dag.py took 0.100 seconds
[2026-03-07T23:54:45.970+0000] {processor.py:161} INFO - Started process (PID=3440) to work on /opt/airflow/dags/etl_users_dag.py
[2026-03-07T23:54:45.971+0000] {processor.py:830} INFO - Processing file /opt/airflow/dags/etl_users_dag.py for tasks to queue
[2026-03-07T23:54:45.978+0000] {logging_mixin.py:188} INFO - [2026-03-07T23:54:45.978+0000] {dagbag.py:545} INFO - Filling up the DagBag from /opt/airflow/dags/etl_users_dag.py
[2026-03-07T23:54:45.994+0000] {processor.py:840} INFO - DAG(s) 'etl_users_pipeline' retrieved from /opt/airflow/dags/etl_users_dag.py
[2026-03-07T23:54:46.019+0000] {logging_mixin.py:188} INFO - [2026-03-07T23:54:46.019+0000] {dag.py:3089} INFO - Sync 1 DAGs
[2026-03-07T23:54:46.027+0000] {logging_mixin.py:188} INFO - [2026-03-07T23:54:46.027+0000] {dag.py:3947} INFO - Setting next_dagrun for etl_users_pipeline to None, run_after=None
[2026-03-07T23:54:46.042+0000] {processor.py:183} INFO - Processing /opt/airflow/dags/etl_users_dag.py took 0.083 seconds
[2026-03-07T23:55:16.499+0000] {processor.py:161} INFO - Started process (PID=3450) to work on /opt/airflow/dags/etl_users_dag.py
[2026-03-07T23:55:16.501+0000] {processor.py:830} INFO - Processing file /opt/airflow/dags/etl_users_dag.py for tasks to queue
[2026-03-07T23:55:16.503+0000] {logging_mixin.py:188} INFO - [2026-03-07T23:55:16.503+0000] {dagbag.py:545} INFO - Filling up the DagBag from /opt/airflow/dags/etl_users_dag.py
[2026-03-07T23:55:16.514+0000] {processor.py:840} INFO - DAG(s) 'etl_users_pipeline' retrieved from /opt/airflow/dags/etl_users_dag.py
[2026-03-07T23:55:16.549+0000] {logging_mixin.py:188} INFO - [2026-03-07T23:55:16.549+0000] {dag.py:3089} INFO - Sync 1 DAGs
[2026-03-07T23:55:16.559+0000] {logging_mixin.py:188} INFO - [2026-03-07T23:55:16.558+0000] {dag.py:3947} INFO - Setting next_dagrun for etl_users_pipeline to None, run_after=None
[2026-03-07T23:55:16.575+0000] {processor.py:183} INFO - Processing /opt/airflow/dags/etl_users_dag.py took 0.086 seconds
[2026-03-07T23:55:46.923+0000] {processor.py:161} INFO - Started process (PID=3460) to work on /opt/airflow/dags/etl_users_dag.py
[2026-03-07T23:55:46.925+0000] {processor.py:830} INFO - Processing file /opt/airflow/dags/etl_users_dag.py for tasks to queue
[2026-03-07T23:55:46.926+0000] {logging_mixin.py:188} INFO - [2026-03-07T23:55:46.926+0000] {dagbag.py:545} INFO - Filling up the DagBag from /opt/airflow/dags/etl_users_dag.py
[2026-03-07T23:55:46.939+0000] {processor.py:840} INFO - DAG(s) 'etl_users_pipeline' retrieved from /opt/airflow/dags/etl_users_dag.py
[2026-03-07T23:55:46.967+0000] {logging_mixin.py:188} INFO - [2026-03-07T23:55:46.967+0000] {dag.py:3089} INFO - Sync 1 DAGs
[2026-03-07T23:55:46.976+0000] {logging_mixin.py:188} INFO - [2026-03-07T23:55:46.976+0000] {dag.py:3947} INFO - Setting next_dagrun for etl_users_pipeline to None, run_after=None
[2026-03-07T23:55:46.989+0000] {processor.py:183} INFO - Processing /opt/airflow/dags/etl_users_dag.py took 0.081 seconds
[2026-03-07T23:56:17.276+0000] {processor.py:161} INFO - Started process (PID=3470) to work on /opt/airflow/dags/etl_users_dag.py
[2026-03-07T23:56:17.278+0000] {processor.py:830} INFO - Processing file /opt/airflow/dags/etl_users_dag.py for tasks to queue
[2026-03-07T23:56:17.280+0000] {logging_mixin.py:188} INFO - [2026-03-07T23:56:17.279+0000] {dagbag.py:545} INFO - Filling up the DagBag from /opt/airflow/dags/etl_users_dag.py
[2026-03-07T23:56:17.302+0000] {processor.py:840} INFO - DAG(s) 'etl_users_pipeline' retrieved from /opt/airflow/dags/etl_users_dag.py
[2026-03-07T23:56:17.341+0000] {logging_mixin.py:188} INFO - [2026-03-07T23:56:17.341+0000] {dag.py:3089} INFO - Sync 1 DAGs
[2026-03-07T23:56:17.354+0000] {logging_mixin.py:188} INFO - [2026-03-07T23:56:17.354+0000] {dag.py:3947} INFO - Setting next_dagrun for etl_users_pipeline to None, run_after=None
[2026-03-07T23:56:17.370+0000] {processor.py:183} INFO - Processing /opt/airflow/dags/etl_users_dag.py took 0.102 seconds
[2026-03-07T23:56:47.765+0000] {processor.py:161} INFO - Started process (PID=3480) to work on /opt/airflow/dags/etl_users_dag.py
[2026-03-07T23:56:47.766+0000] {processor.py:830} INFO - Processing file /opt/airflow/dags/etl_users_dag.py for tasks to queue
[2026-03-07T23:56:47.770+0000] {logging_mixin.py:188} INFO - [2026-03-07T23:56:47.769+0000] {dagbag.py:545} INFO - Filling up the DagBag from /opt/airflow/dags/etl_users_dag.py
[2026-03-07T23:56:47.783+0000] {processor.py:840} INFO - DAG(s) 'etl_users_pipeline' retrieved from /opt/airflow/dags/etl_users_dag.py
[2026-03-07T23:56:47.812+0000] {logging_mixin.py:188} INFO - [2026-03-07T23:56:47.812+0000] {dag.py:3089} INFO - Sync 1 DAGs
[2026-03-07T23:56:47.825+0000] {logging_mixin.py:188} INFO - [2026-03-07T23:56:47.825+0000] {dag.py:3947} INFO - Setting next_dagrun for etl_users_pipeline to None, run_after=None
[2026-03-07T23:56:47.843+0000] {processor.py:183} INFO - Processing /opt/airflow/dags/etl_users_dag.py took 0.086 seconds
[2026-03-07T23:57:18.246+0000] {processor.py:161} INFO - Started process (PID=3490) to work on /opt/airflow/dags/etl_users_dag.py
[2026-03-07T23:57:18.250+0000] {processor.py:830} INFO - Processing file /opt/airflow/dags/etl_users_dag.py for tasks to queue
[2026-03-07T23:57:18.252+0000] {logging_mixin.py:188} INFO - [2026-03-07T23:57:18.251+0000] {dagbag.py:545} INFO - Filling up the DagBag from /opt/airflow/dags/etl_users_dag.py
[2026-03-07T23:57:18.266+0000] {processor.py:840} INFO - DAG(s) 'etl_users_pipeline' retrieved from /opt/airflow/dags/etl_users_dag.py
[2026-03-07T23:57:18.296+0000] {logging_mixin.py:188} INFO - [2026-03-07T23:57:18.296+0000] {dag.py:3089} INFO - Sync 1 DAGs
[2026-03-07T23:57:18.308+0000] {logging_mixin.py:188} INFO - [2026-03-07T23:57:18.307+0000] {dag.py:3947} INFO - Setting next_dagrun for etl_users_pipeline to None, run_after=None
[2026-03-07T23:57:18.323+0000] {processor.py:183} INFO - Processing /opt/airflow/dags/etl_users_dag.py took 0.089 seconds
[2026-03-07T23:57:48.703+0000] {processor.py:161} INFO - Started process (PID=3500) to work on /opt/airflow/dags/etl_users_dag.py
[2026-03-07T23:57:48.705+0000] {processor.py:830} INFO - Processing file /opt/airflow/dags/etl_users_dag.py for tasks to queue
[2026-03-07T23:57:48.708+0000] {logging_mixin.py:188} INFO - [2026-03-07T23:57:48.708+0000] {dagbag.py:545} INFO - Filling up the DagBag from /opt/airflow/dags/etl_users_dag.py
[2026-03-07T23:57:48.727+0000] {processor.py:840} INFO - DAG(s) 'etl_users_pipeline' retrieved from /opt/airflow/dags/etl_users_dag.py
[2026-03-07T23:57:48.759+0000] {logging_mixin.py:188} INFO - [2026-03-07T23:57:48.759+0000] {dag.py:3089} INFO - Sync 1 DAGs
[2026-03-07T23:57:48.772+0000] {logging_mixin.py:188} INFO - [2026-03-07T23:57:48.772+0000] {dag.py:3947} INFO - Setting next_dagrun for etl_users_pipeline to None, run_after=None
[2026-03-07T23:57:48.788+0000] {processor.py:183} INFO - Processing /opt/airflow/dags/etl_users_dag.py took 0.098 seconds
[2026-03-07T23:58:19.224+0000] {processor.py:161} INFO - Started process (PID=3510) to work on /opt/airflow/dags/etl_users_dag.py
[2026-03-07T23:58:19.226+0000] {processor.py:830} INFO - Processing file /opt/airflow/dags/etl_users_dag.py for tasks to queue
[2026-03-07T23:58:19.230+0000] {logging_mixin.py:188} INFO - [2026-03-07T23:58:19.229+0000] {dagbag.py:545} INFO - Filling up the DagBag from /opt/airflow/dags/etl_users_dag.py
[2026-03-07T23:58:19.242+0000] {processor.py:840} INFO - DAG(s) 'etl_users_pipeline' retrieved from /opt/airflow/dags/etl_users_dag.py
[2026-03-07T23:58:19.267+0000] {logging_mixin.py:188} INFO - [2026-03-07T23:58:19.267+0000] {dag.py:3089} INFO - Sync 1 DAGs
[2026-03-07T23:58:19.278+0000] {logging_mixin.py:188} INFO - [2026-03-07T23:58:19.277+0000] {dag.py:3947} INFO - Setting next_dagrun for etl_users_pipeline to None, run_after=None
[2026-03-07T23:58:19.291+0000] {processor.py:183} INFO - Processing /opt/airflow/dags/etl_users_dag.py took 0.077 seconds
[2026-03-07T23:58:49.750+0000] {processor.py:161} INFO - Started process (PID=3520) to work on /opt/airflow/dags/etl_users_dag.py
[2026-03-07T23:58:49.752+0000] {processor.py:830} INFO - Processing file /opt/airflow/dags/etl_users_dag.py for tasks to queue
[2026-03-07T23:58:49.755+0000] {logging_mixin.py:188} INFO - [2026-03-07T23:58:49.755+0000] {dagbag.py:545} INFO - Filling up the DagBag from /opt/airflow/dags/etl_users_dag.py
[2026-03-07T23:58:49.774+0000] {processor.py:840} INFO - DAG(s) 'etl_users_pipeline' retrieved from /opt/airflow/dags/etl_users_dag.py
[2026-03-07T23:58:49.810+0000] {logging_mixin.py:188} INFO - [2026-03-07T23:58:49.810+0000] {dag.py:3089} INFO - Sync 1 DAGs
[2026-03-07T23:58:49.822+0000] {logging_mixin.py:188} INFO - [2026-03-07T23:58:49.822+0000] {dag.py:3947} INFO - Setting next_dagrun for etl_users_pipeline to None, run_after=None
[2026-03-07T23:58:49.839+0000] {processor.py:183} INFO - Processing /opt/airflow/dags/etl_users_dag.py took 0.107 seconds
[2026-03-07T23:59:20.192+0000] {processor.py:161} INFO - Started process (PID=3530) to work on /opt/airflow/dags/etl_users_dag.py
[2026-03-07T23:59:20.194+0000] {processor.py:830} INFO - Processing file /opt/airflow/dags/etl_users_dag.py for tasks to queue
[2026-03-07T23:59:20.197+0000] {logging_mixin.py:188} INFO - [2026-03-07T23:59:20.196+0000] {dagbag.py:545} INFO - Filling up the DagBag from /opt/airflow/dags/etl_users_dag.py
[2026-03-07T23:59:20.209+0000] {processor.py:840} INFO - DAG(s) 'etl_users_pipeline' retrieved from /opt/airflow/dags/etl_users_dag.py
[2026-03-07T23:59:20.247+0000] {logging_mixin.py:188} INFO - [2026-03-07T23:59:20.247+0000] {dag.py:3089} INFO - Sync 1 DAGs
[2026-03-07T23:59:20.260+0000] {logging_mixin.py:188} INFO - [2026-03-07T23:59:20.260+0000] {dag.py:3947} INFO - Setting next_dagrun for etl_users_pipeline to None, run_after=None
[2026-03-07T23:59:20.283+0000] {processor.py:183} INFO - Processing /opt/airflow/dags/etl_users_dag.py took 0.101 seconds
[2026-03-07T23:59:50.699+0000] {processor.py:161} INFO - Started process (PID=3540) to work on /opt/airflow/dags/etl_users_dag.py
[2026-03-07T23:59:50.701+0000] {processor.py:830} INFO - Processing file /opt/airflow/dags/etl_users_dag.py for tasks to queue
[2026-03-07T23:59:50.711+0000] {logging_mixin.py:188} INFO - [2026-03-07T23:59:50.711+0000] {dagbag.py:545} INFO - Filling up the DagBag from /opt/airflow/dags/etl_users_dag.py
[2026-03-07T23:59:50.726+0000] {processor.py:840} INFO - DAG(s) 'etl_users_pipeline' retrieved from /opt/airflow/dags/etl_users_dag.py
[2026-03-07T23:59:50.763+0000] {logging_mixin.py:188} INFO - [2026-03-07T23:59:50.763+0000] {dag.py:3089} INFO - Sync 1 DAGs
[2026-03-07T23:59:50.774+0000] {logging_mixin.py:188} INFO - [2026-03-07T23:59:50.774+0000] {dag.py:3947} INFO - Setting next_dagrun for etl_users_pipeline to None, run_after=None
[2026-03-07T23:59:50.790+0000] {processor.py:183} INFO - Processing /opt/airflow/dags/etl_users_dag.py took 0.101 seconds
