[2026-03-08T00:00:21.080+0000] {processor.py:161} INFO - Started process (PID=3550) to work on /opt/airflow/dags/etl_users_dag.py
[2026-03-08T00:00:21.081+0000] {processor.py:830} INFO - Processing file /opt/airflow/dags/etl_users_dag.py for tasks to queue
[2026-03-08T00:00:21.085+0000] {logging_mixin.py:188} INFO - [2026-03-08T00:00:21.085+0000] {dagbag.py:545} INFO - Filling up the DagBag from /opt/airflow/dags/etl_users_dag.py
[2026-03-08T00:00:21.102+0000] {processor.py:840} INFO - DAG(s) 'etl_users_pipeline' retrieved from /opt/airflow/dags/etl_users_dag.py
[2026-03-08T00:00:21.139+0000] {logging_mixin.py:188} INFO - [2026-03-08T00:00:21.139+0000] {dag.py:3089} INFO - Sync 1 DAGs
[2026-03-08T00:00:21.150+0000] {logging_mixin.py:188} INFO - [2026-03-08T00:00:21.150+0000] {dag.py:3947} INFO - Setting next_dagrun for etl_users_pipeline to None, run_after=None
[2026-03-08T00:00:21.183+0000] {processor.py:183} INFO - Processing /opt/airflow/dags/etl_users_dag.py took 0.115 seconds
[2026-03-08T00:00:51.624+0000] {processor.py:161} INFO - Started process (PID=3560) to work on /opt/airflow/dags/etl_users_dag.py
[2026-03-08T00:00:51.626+0000] {processor.py:830} INFO - Processing file /opt/airflow/dags/etl_users_dag.py for tasks to queue
[2026-03-08T00:00:51.628+0000] {logging_mixin.py:188} INFO - [2026-03-08T00:00:51.628+0000] {dagbag.py:545} INFO - Filling up the DagBag from /opt/airflow/dags/etl_users_dag.py
[2026-03-08T00:00:51.639+0000] {processor.py:840} INFO - DAG(s) 'etl_users_pipeline' retrieved from /opt/airflow/dags/etl_users_dag.py
[2026-03-08T00:00:51.670+0000] {logging_mixin.py:188} INFO - [2026-03-08T00:00:51.670+0000] {dag.py:3089} INFO - Sync 1 DAGs
[2026-03-08T00:00:51.684+0000] {logging_mixin.py:188} INFO - [2026-03-08T00:00:51.684+0000] {dag.py:3947} INFO - Setting next_dagrun for etl_users_pipeline to None, run_after=None
[2026-03-08T00:00:51.697+0000] {processor.py:183} INFO - Processing /opt/airflow/dags/etl_users_dag.py took 0.081 seconds
[2026-03-08T00:01:22.177+0000] {processor.py:161} INFO - Started process (PID=3570) to work on /opt/airflow/dags/etl_users_dag.py
[2026-03-08T00:01:22.179+0000] {processor.py:830} INFO - Processing file /opt/airflow/dags/etl_users_dag.py for tasks to queue
[2026-03-08T00:01:22.186+0000] {logging_mixin.py:188} INFO - [2026-03-08T00:01:22.183+0000] {dagbag.py:545} INFO - Filling up the DagBag from /opt/airflow/dags/etl_users_dag.py
[2026-03-08T00:01:22.204+0000] {processor.py:840} INFO - DAG(s) 'etl_users_pipeline' retrieved from /opt/airflow/dags/etl_users_dag.py
[2026-03-08T00:01:22.233+0000] {logging_mixin.py:188} INFO - [2026-03-08T00:01:22.233+0000] {dag.py:3089} INFO - Sync 1 DAGs
[2026-03-08T00:01:22.243+0000] {logging_mixin.py:188} INFO - [2026-03-08T00:01:22.243+0000] {dag.py:3947} INFO - Setting next_dagrun for etl_users_pipeline to None, run_after=None
[2026-03-08T00:01:22.257+0000] {processor.py:183} INFO - Processing /opt/airflow/dags/etl_users_dag.py took 0.090 seconds
[2026-03-08T00:01:52.699+0000] {processor.py:161} INFO - Started process (PID=3580) to work on /opt/airflow/dags/etl_users_dag.py
[2026-03-08T00:01:52.701+0000] {processor.py:830} INFO - Processing file /opt/airflow/dags/etl_users_dag.py for tasks to queue
[2026-03-08T00:01:52.704+0000] {logging_mixin.py:188} INFO - [2026-03-08T00:01:52.703+0000] {dagbag.py:545} INFO - Filling up the DagBag from /opt/airflow/dags/etl_users_dag.py
[2026-03-08T00:01:52.731+0000] {processor.py:840} INFO - DAG(s) 'etl_users_pipeline' retrieved from /opt/airflow/dags/etl_users_dag.py
[2026-03-08T00:01:52.789+0000] {logging_mixin.py:188} INFO - [2026-03-08T00:01:52.789+0000] {dag.py:3089} INFO - Sync 1 DAGs
[2026-03-08T00:01:52.802+0000] {logging_mixin.py:188} INFO - [2026-03-08T00:01:52.802+0000] {dag.py:3947} INFO - Setting next_dagrun for etl_users_pipeline to None, run_after=None
[2026-03-08T00:01:52.817+0000] {processor.py:183} INFO - Processing /opt/airflow/dags/etl_users_dag.py took 0.129 seconds
[2026-03-08T00:02:23.160+0000] {processor.py:161} INFO - Started process (PID=3590) to work on /opt/airflow/dags/etl_users_dag.py
[2026-03-08T00:02:23.162+0000] {processor.py:830} INFO - Processing file /opt/airflow/dags/etl_users_dag.py for tasks to queue
[2026-03-08T00:02:23.175+0000] {logging_mixin.py:188} INFO - [2026-03-08T00:02:23.172+0000] {dagbag.py:545} INFO - Filling up the DagBag from /opt/airflow/dags/etl_users_dag.py
[2026-03-08T00:02:23.197+0000] {processor.py:840} INFO - DAG(s) 'etl_users_pipeline' retrieved from /opt/airflow/dags/etl_users_dag.py
[2026-03-08T00:02:23.237+0000] {logging_mixin.py:188} INFO - [2026-03-08T00:02:23.237+0000] {dag.py:3089} INFO - Sync 1 DAGs
[2026-03-08T00:02:23.247+0000] {logging_mixin.py:188} INFO - [2026-03-08T00:02:23.247+0000] {dag.py:3947} INFO - Setting next_dagrun for etl_users_pipeline to None, run_after=None
[2026-03-08T00:02:23.265+0000] {processor.py:183} INFO - Processing /opt/airflow/dags/etl_users_dag.py took 0.119 seconds
[2026-03-08T00:02:53.639+0000] {processor.py:161} INFO - Started process (PID=3600) to work on /opt/airflow/dags/etl_users_dag.py
[2026-03-08T00:02:53.642+0000] {processor.py:830} INFO - Processing file /opt/airflow/dags/etl_users_dag.py for tasks to queue
[2026-03-08T00:02:53.645+0000] {logging_mixin.py:188} INFO - [2026-03-08T00:02:53.644+0000] {dagbag.py:545} INFO - Filling up the DagBag from /opt/airflow/dags/etl_users_dag.py
[2026-03-08T00:02:53.661+0000] {processor.py:840} INFO - DAG(s) 'etl_users_pipeline' retrieved from /opt/airflow/dags/etl_users_dag.py
[2026-03-08T00:02:53.702+0000] {logging_mixin.py:188} INFO - [2026-03-08T00:02:53.702+0000] {dag.py:3089} INFO - Sync 1 DAGs
[2026-03-08T00:02:53.714+0000] {logging_mixin.py:188} INFO - [2026-03-08T00:02:53.714+0000] {dag.py:3947} INFO - Setting next_dagrun for etl_users_pipeline to None, run_after=None
[2026-03-08T00:02:53.730+0000] {processor.py:183} INFO - Processing /opt/airflow/dags/etl_users_dag.py took 0.105 seconds
[2026-03-08T00:03:24.074+0000] {processor.py:161} INFO - Started process (PID=3610) to work on /opt/airflow/dags/etl_users_dag.py
[2026-03-08T00:03:24.075+0000] {processor.py:830} INFO - Processing file /opt/airflow/dags/etl_users_dag.py for tasks to queue
[2026-03-08T00:03:24.078+0000] {logging_mixin.py:188} INFO - [2026-03-08T00:03:24.078+0000] {dagbag.py:545} INFO - Filling up the DagBag from /opt/airflow/dags/etl_users_dag.py
[2026-03-08T00:03:24.099+0000] {processor.py:840} INFO - DAG(s) 'etl_users_pipeline' retrieved from /opt/airflow/dags/etl_users_dag.py
[2026-03-08T00:03:24.133+0000] {logging_mixin.py:188} INFO - [2026-03-08T00:03:24.133+0000] {dag.py:3089} INFO - Sync 1 DAGs
[2026-03-08T00:03:24.144+0000] {logging_mixin.py:188} INFO - [2026-03-08T00:03:24.144+0000] {dag.py:3947} INFO - Setting next_dagrun for etl_users_pipeline to None, run_after=None
[2026-03-08T00:03:24.160+0000] {processor.py:183} INFO - Processing /opt/airflow/dags/etl_users_dag.py took 0.098 seconds
[2026-03-08T00:03:54.520+0000] {processor.py:161} INFO - Started process (PID=3620) to work on /opt/airflow/dags/etl_users_dag.py
[2026-03-08T00:03:54.522+0000] {processor.py:830} INFO - Processing file /opt/airflow/dags/etl_users_dag.py for tasks to queue
[2026-03-08T00:03:54.525+0000] {logging_mixin.py:188} INFO - [2026-03-08T00:03:54.525+0000] {dagbag.py:545} INFO - Filling up the DagBag from /opt/airflow/dags/etl_users_dag.py
[2026-03-08T00:03:54.539+0000] {processor.py:840} INFO - DAG(s) 'etl_users_pipeline' retrieved from /opt/airflow/dags/etl_users_dag.py
[2026-03-08T00:03:54.564+0000] {logging_mixin.py:188} INFO - [2026-03-08T00:03:54.564+0000] {dag.py:3089} INFO - Sync 1 DAGs
[2026-03-08T00:03:54.576+0000] {logging_mixin.py:188} INFO - [2026-03-08T00:03:54.576+0000] {dag.py:3947} INFO - Setting next_dagrun for etl_users_pipeline to None, run_after=None
[2026-03-08T00:03:54.587+0000] {processor.py:183} INFO - Processing /opt/airflow/dags/etl_users_dag.py took 0.075 seconds
[2026-03-08T00:04:24.994+0000] {processor.py:161} INFO - Started process (PID=3630) to work on /opt/airflow/dags/etl_users_dag.py
[2026-03-08T00:04:24.995+0000] {processor.py:830} INFO - Processing file /opt/airflow/dags/etl_users_dag.py for tasks to queue
[2026-03-08T00:04:24.997+0000] {logging_mixin.py:188} INFO - [2026-03-08T00:04:24.997+0000] {dagbag.py:545} INFO - Filling up the DagBag from /opt/airflow/dags/etl_users_dag.py
[2026-03-08T00:04:25.010+0000] {processor.py:840} INFO - DAG(s) 'etl_users_pipeline' retrieved from /opt/airflow/dags/etl_users_dag.py
[2026-03-08T00:04:25.037+0000] {logging_mixin.py:188} INFO - [2026-03-08T00:04:25.037+0000] {dag.py:3089} INFO - Sync 1 DAGs
[2026-03-08T00:04:25.045+0000] {logging_mixin.py:188} INFO - [2026-03-08T00:04:25.045+0000] {dag.py:3947} INFO - Setting next_dagrun for etl_users_pipeline to None, run_after=None
[2026-03-08T00:04:25.057+0000] {processor.py:183} INFO - Processing /opt/airflow/dags/etl_users_dag.py took 0.072 seconds
[2026-03-08T00:04:55.509+0000] {processor.py:161} INFO - Started process (PID=3640) to work on /opt/airflow/dags/etl_users_dag.py
[2026-03-08T00:04:55.511+0000] {processor.py:830} INFO - Processing file /opt/airflow/dags/etl_users_dag.py for tasks to queue
[2026-03-08T00:04:55.514+0000] {logging_mixin.py:188} INFO - [2026-03-08T00:04:55.513+0000] {dagbag.py:545} INFO - Filling up the DagBag from /opt/airflow/dags/etl_users_dag.py
[2026-03-08T00:04:55.545+0000] {processor.py:840} INFO - DAG(s) 'etl_users_pipeline' retrieved from /opt/airflow/dags/etl_users_dag.py
[2026-03-08T00:04:55.600+0000] {logging_mixin.py:188} INFO - [2026-03-08T00:04:55.600+0000] {dag.py:3089} INFO - Sync 1 DAGs
[2026-03-08T00:04:55.612+0000] {logging_mixin.py:188} INFO - [2026-03-08T00:04:55.612+0000] {dag.py:3947} INFO - Setting next_dagrun for etl_users_pipeline to None, run_after=None
[2026-03-08T00:04:55.632+0000] {processor.py:183} INFO - Processing /opt/airflow/dags/etl_users_dag.py took 0.136 seconds
[2026-03-08T00:05:25.838+0000] {processor.py:161} INFO - Started process (PID=3650) to work on /opt/airflow/dags/etl_users_dag.py
[2026-03-08T00:05:25.840+0000] {processor.py:830} INFO - Processing file /opt/airflow/dags/etl_users_dag.py for tasks to queue
[2026-03-08T00:05:25.845+0000] {logging_mixin.py:188} INFO - [2026-03-08T00:05:25.844+0000] {dagbag.py:545} INFO - Filling up the DagBag from /opt/airflow/dags/etl_users_dag.py
[2026-03-08T00:05:25.859+0000] {processor.py:840} INFO - DAG(s) 'etl_users_pipeline' retrieved from /opt/airflow/dags/etl_users_dag.py
[2026-03-08T00:05:25.887+0000] {logging_mixin.py:188} INFO - [2026-03-08T00:05:25.887+0000] {dag.py:3089} INFO - Sync 1 DAGs
[2026-03-08T00:05:25.897+0000] {logging_mixin.py:188} INFO - [2026-03-08T00:05:25.897+0000] {dag.py:3947} INFO - Setting next_dagrun for etl_users_pipeline to None, run_after=None
[2026-03-08T00:05:25.908+0000] {processor.py:183} INFO - Processing /opt/airflow/dags/etl_users_dag.py took 0.079 seconds
[2026-03-08T00:05:56.389+0000] {processor.py:161} INFO - Started process (PID=3660) to work on /opt/airflow/dags/etl_users_dag.py
[2026-03-08T00:05:56.390+0000] {processor.py:830} INFO - Processing file /opt/airflow/dags/etl_users_dag.py for tasks to queue
[2026-03-08T00:05:56.393+0000] {logging_mixin.py:188} INFO - [2026-03-08T00:05:56.392+0000] {dagbag.py:545} INFO - Filling up the DagBag from /opt/airflow/dags/etl_users_dag.py
[2026-03-08T00:05:56.428+0000] {processor.py:840} INFO - DAG(s) 'etl_users_pipeline' retrieved from /opt/airflow/dags/etl_users_dag.py
[2026-03-08T00:05:56.483+0000] {logging_mixin.py:188} INFO - [2026-03-08T00:05:56.483+0000] {dag.py:3089} INFO - Sync 1 DAGs
[2026-03-08T00:05:56.495+0000] {logging_mixin.py:188} INFO - [2026-03-08T00:05:56.495+0000] {dag.py:3947} INFO - Setting next_dagrun for etl_users_pipeline to None, run_after=None
[2026-03-08T00:05:56.512+0000] {processor.py:183} INFO - Processing /opt/airflow/dags/etl_users_dag.py took 0.135 seconds
[2026-03-08T00:06:26.812+0000] {processor.py:161} INFO - Started process (PID=3670) to work on /opt/airflow/dags/etl_users_dag.py
[2026-03-08T00:06:26.813+0000] {processor.py:830} INFO - Processing file /opt/airflow/dags/etl_users_dag.py for tasks to queue
[2026-03-08T00:06:26.815+0000] {logging_mixin.py:188} INFO - [2026-03-08T00:06:26.814+0000] {dagbag.py:545} INFO - Filling up the DagBag from /opt/airflow/dags/etl_users_dag.py
[2026-03-08T00:06:26.828+0000] {processor.py:840} INFO - DAG(s) 'etl_users_pipeline' retrieved from /opt/airflow/dags/etl_users_dag.py
[2026-03-08T00:06:26.858+0000] {logging_mixin.py:188} INFO - [2026-03-08T00:06:26.858+0000] {dag.py:3089} INFO - Sync 1 DAGs
[2026-03-08T00:06:26.870+0000] {logging_mixin.py:188} INFO - [2026-03-08T00:06:26.870+0000] {dag.py:3947} INFO - Setting next_dagrun for etl_users_pipeline to None, run_after=None
[2026-03-08T00:06:26.886+0000] {processor.py:183} INFO - Processing /opt/airflow/dags/etl_users_dag.py took 0.082 seconds
[2026-03-08T00:06:57.363+0000] {processor.py:161} INFO - Started process (PID=3680) to work on /opt/airflow/dags/etl_users_dag.py
[2026-03-08T00:06:57.365+0000] {processor.py:830} INFO - Processing file /opt/airflow/dags/etl_users_dag.py for tasks to queue
[2026-03-08T00:06:57.369+0000] {logging_mixin.py:188} INFO - [2026-03-08T00:06:57.369+0000] {dagbag.py:545} INFO - Filling up the DagBag from /opt/airflow/dags/etl_users_dag.py
[2026-03-08T00:06:57.385+0000] {processor.py:840} INFO - DAG(s) 'etl_users_pipeline' retrieved from /opt/airflow/dags/etl_users_dag.py
[2026-03-08T00:06:57.409+0000] {logging_mixin.py:188} INFO - [2026-03-08T00:06:57.409+0000] {dag.py:3089} INFO - Sync 1 DAGs
[2026-03-08T00:06:57.419+0000] {logging_mixin.py:188} INFO - [2026-03-08T00:06:57.418+0000] {dag.py:3947} INFO - Setting next_dagrun for etl_users_pipeline to None, run_after=None
[2026-03-08T00:06:57.434+0000] {processor.py:183} INFO - Processing /opt/airflow/dags/etl_users_dag.py took 0.084 seconds
[2026-03-08T00:07:27.752+0000] {processor.py:161} INFO - Started process (PID=3690) to work on /opt/airflow/dags/etl_users_dag.py
[2026-03-08T00:07:27.753+0000] {processor.py:830} INFO - Processing file /opt/airflow/dags/etl_users_dag.py for tasks to queue
[2026-03-08T00:07:27.755+0000] {logging_mixin.py:188} INFO - [2026-03-08T00:07:27.755+0000] {dagbag.py:545} INFO - Filling up the DagBag from /opt/airflow/dags/etl_users_dag.py
[2026-03-08T00:07:27.767+0000] {processor.py:840} INFO - DAG(s) 'etl_users_pipeline' retrieved from /opt/airflow/dags/etl_users_dag.py
[2026-03-08T00:07:27.809+0000] {logging_mixin.py:188} INFO - [2026-03-08T00:07:27.809+0000] {dag.py:3089} INFO - Sync 1 DAGs
[2026-03-08T00:07:27.823+0000] {logging_mixin.py:188} INFO - [2026-03-08T00:07:27.823+0000] {dag.py:3947} INFO - Setting next_dagrun for etl_users_pipeline to None, run_after=None
[2026-03-08T00:07:27.836+0000] {processor.py:183} INFO - Processing /opt/airflow/dags/etl_users_dag.py took 0.098 seconds
[2026-03-08T00:07:58.340+0000] {processor.py:161} INFO - Started process (PID=3700) to work on /opt/airflow/dags/etl_users_dag.py
[2026-03-08T00:07:58.342+0000] {processor.py:830} INFO - Processing file /opt/airflow/dags/etl_users_dag.py for tasks to queue
[2026-03-08T00:07:58.344+0000] {logging_mixin.py:188} INFO - [2026-03-08T00:07:58.343+0000] {dagbag.py:545} INFO - Filling up the DagBag from /opt/airflow/dags/etl_users_dag.py
[2026-03-08T00:07:58.355+0000] {processor.py:840} INFO - DAG(s) 'etl_users_pipeline' retrieved from /opt/airflow/dags/etl_users_dag.py
[2026-03-08T00:07:58.384+0000] {logging_mixin.py:188} INFO - [2026-03-08T00:07:58.384+0000] {dag.py:3089} INFO - Sync 1 DAGs
[2026-03-08T00:07:58.392+0000] {logging_mixin.py:188} INFO - [2026-03-08T00:07:58.392+0000] {dag.py:3947} INFO - Setting next_dagrun for etl_users_pipeline to None, run_after=None
[2026-03-08T00:07:58.409+0000] {processor.py:183} INFO - Processing /opt/airflow/dags/etl_users_dag.py took 0.079 seconds
[2026-03-08T00:08:28.889+0000] {processor.py:161} INFO - Started process (PID=3710) to work on /opt/airflow/dags/etl_users_dag.py
[2026-03-08T00:08:28.890+0000] {processor.py:830} INFO - Processing file /opt/airflow/dags/etl_users_dag.py for tasks to queue
[2026-03-08T00:08:28.894+0000] {logging_mixin.py:188} INFO - [2026-03-08T00:08:28.893+0000] {dagbag.py:545} INFO - Filling up the DagBag from /opt/airflow/dags/etl_users_dag.py
[2026-03-08T00:08:28.913+0000] {processor.py:840} INFO - DAG(s) 'etl_users_pipeline' retrieved from /opt/airflow/dags/etl_users_dag.py
[2026-03-08T00:08:28.941+0000] {logging_mixin.py:188} INFO - [2026-03-08T00:08:28.941+0000] {dag.py:3089} INFO - Sync 1 DAGs
[2026-03-08T00:08:28.951+0000] {logging_mixin.py:188} INFO - [2026-03-08T00:08:28.951+0000] {dag.py:3947} INFO - Setting next_dagrun for etl_users_pipeline to None, run_after=None
[2026-03-08T00:08:28.966+0000] {processor.py:183} INFO - Processing /opt/airflow/dags/etl_users_dag.py took 0.090 seconds
[2026-03-08T00:08:59.345+0000] {processor.py:161} INFO - Started process (PID=3720) to work on /opt/airflow/dags/etl_users_dag.py
[2026-03-08T00:08:59.347+0000] {processor.py:830} INFO - Processing file /opt/airflow/dags/etl_users_dag.py for tasks to queue
[2026-03-08T00:08:59.350+0000] {logging_mixin.py:188} INFO - [2026-03-08T00:08:59.349+0000] {dagbag.py:545} INFO - Filling up the DagBag from /opt/airflow/dags/etl_users_dag.py
[2026-03-08T00:08:59.366+0000] {processor.py:840} INFO - DAG(s) 'etl_users_pipeline' retrieved from /opt/airflow/dags/etl_users_dag.py
[2026-03-08T00:08:59.410+0000] {logging_mixin.py:188} INFO - [2026-03-08T00:08:59.410+0000] {dag.py:3089} INFO - Sync 1 DAGs
[2026-03-08T00:08:59.420+0000] {logging_mixin.py:188} INFO - [2026-03-08T00:08:59.419+0000] {dag.py:3947} INFO - Setting next_dagrun for etl_users_pipeline to None, run_after=None
[2026-03-08T00:08:59.436+0000] {processor.py:183} INFO - Processing /opt/airflow/dags/etl_users_dag.py took 0.102 seconds
[2026-03-08T00:09:29.690+0000] {processor.py:161} INFO - Started process (PID=3730) to work on /opt/airflow/dags/etl_users_dag.py
[2026-03-08T00:09:29.693+0000] {processor.py:830} INFO - Processing file /opt/airflow/dags/etl_users_dag.py for tasks to queue
[2026-03-08T00:09:29.697+0000] {logging_mixin.py:188} INFO - [2026-03-08T00:09:29.696+0000] {dagbag.py:545} INFO - Filling up the DagBag from /opt/airflow/dags/etl_users_dag.py
[2026-03-08T00:09:29.705+0000] {processor.py:840} INFO - DAG(s) 'etl_users_pipeline' retrieved from /opt/airflow/dags/etl_users_dag.py
[2026-03-08T00:09:29.740+0000] {logging_mixin.py:188} INFO - [2026-03-08T00:09:29.740+0000] {dag.py:3089} INFO - Sync 1 DAGs
[2026-03-08T00:09:29.752+0000] {logging_mixin.py:188} INFO - [2026-03-08T00:09:29.751+0000] {dag.py:3947} INFO - Setting next_dagrun for etl_users_pipeline to None, run_after=None
[2026-03-08T00:09:29.766+0000] {processor.py:183} INFO - Processing /opt/airflow/dags/etl_users_dag.py took 0.081 seconds
[2026-03-08T00:10:00.145+0000] {processor.py:161} INFO - Started process (PID=3740) to work on /opt/airflow/dags/etl_users_dag.py
[2026-03-08T00:10:00.147+0000] {processor.py:830} INFO - Processing file /opt/airflow/dags/etl_users_dag.py for tasks to queue
[2026-03-08T00:10:00.150+0000] {logging_mixin.py:188} INFO - [2026-03-08T00:10:00.149+0000] {dagbag.py:545} INFO - Filling up the DagBag from /opt/airflow/dags/etl_users_dag.py
[2026-03-08T00:10:00.163+0000] {processor.py:840} INFO - DAG(s) 'etl_users_pipeline' retrieved from /opt/airflow/dags/etl_users_dag.py
[2026-03-08T00:10:00.192+0000] {logging_mixin.py:188} INFO - [2026-03-08T00:10:00.192+0000] {dag.py:3089} INFO - Sync 1 DAGs
[2026-03-08T00:10:00.200+0000] {logging_mixin.py:188} INFO - [2026-03-08T00:10:00.200+0000] {dag.py:3947} INFO - Setting next_dagrun for etl_users_pipeline to None, run_after=None
[2026-03-08T00:10:00.214+0000] {processor.py:183} INFO - Processing /opt/airflow/dags/etl_users_dag.py took 0.080 seconds
[2026-03-08T00:10:30.697+0000] {processor.py:161} INFO - Started process (PID=3750) to work on /opt/airflow/dags/etl_users_dag.py
[2026-03-08T00:10:30.699+0000] {processor.py:830} INFO - Processing file /opt/airflow/dags/etl_users_dag.py for tasks to queue
[2026-03-08T00:10:30.701+0000] {logging_mixin.py:188} INFO - [2026-03-08T00:10:30.701+0000] {dagbag.py:545} INFO - Filling up the DagBag from /opt/airflow/dags/etl_users_dag.py
[2026-03-08T00:10:30.723+0000] {processor.py:840} INFO - DAG(s) 'etl_users_pipeline' retrieved from /opt/airflow/dags/etl_users_dag.py
[2026-03-08T00:10:30.774+0000] {logging_mixin.py:188} INFO - [2026-03-08T00:10:30.774+0000] {dag.py:3089} INFO - Sync 1 DAGs
[2026-03-08T00:10:30.787+0000] {logging_mixin.py:188} INFO - [2026-03-08T00:10:30.787+0000] {dag.py:3947} INFO - Setting next_dagrun for etl_users_pipeline to None, run_after=None
[2026-03-08T00:10:30.804+0000] {processor.py:183} INFO - Processing /opt/airflow/dags/etl_users_dag.py took 0.119 seconds
[2026-03-08T00:11:01.173+0000] {processor.py:161} INFO - Started process (PID=3760) to work on /opt/airflow/dags/etl_users_dag.py
[2026-03-08T00:11:01.175+0000] {processor.py:830} INFO - Processing file /opt/airflow/dags/etl_users_dag.py for tasks to queue
[2026-03-08T00:11:01.178+0000] {logging_mixin.py:188} INFO - [2026-03-08T00:11:01.178+0000] {dagbag.py:545} INFO - Filling up the DagBag from /opt/airflow/dags/etl_users_dag.py
[2026-03-08T00:11:01.196+0000] {processor.py:840} INFO - DAG(s) 'etl_users_pipeline' retrieved from /opt/airflow/dags/etl_users_dag.py
[2026-03-08T00:11:01.224+0000] {logging_mixin.py:188} INFO - [2026-03-08T00:11:01.224+0000] {dag.py:3089} INFO - Sync 1 DAGs
[2026-03-08T00:11:01.234+0000] {logging_mixin.py:188} INFO - [2026-03-08T00:11:01.233+0000] {dag.py:3947} INFO - Setting next_dagrun for etl_users_pipeline to None, run_after=None
[2026-03-08T00:11:01.245+0000] {processor.py:183} INFO - Processing /opt/airflow/dags/etl_users_dag.py took 0.083 seconds
[2026-03-08T00:11:31.674+0000] {processor.py:161} INFO - Started process (PID=3770) to work on /opt/airflow/dags/etl_users_dag.py
[2026-03-08T00:11:31.675+0000] {processor.py:830} INFO - Processing file /opt/airflow/dags/etl_users_dag.py for tasks to queue
[2026-03-08T00:11:31.678+0000] {logging_mixin.py:188} INFO - [2026-03-08T00:11:31.677+0000] {dagbag.py:545} INFO - Filling up the DagBag from /opt/airflow/dags/etl_users_dag.py
[2026-03-08T00:11:31.691+0000] {processor.py:840} INFO - DAG(s) 'etl_users_pipeline' retrieved from /opt/airflow/dags/etl_users_dag.py
[2026-03-08T00:11:31.724+0000] {logging_mixin.py:188} INFO - [2026-03-08T00:11:31.724+0000] {dag.py:3089} INFO - Sync 1 DAGs
[2026-03-08T00:11:31.736+0000] {logging_mixin.py:188} INFO - [2026-03-08T00:11:31.736+0000] {dag.py:3947} INFO - Setting next_dagrun for etl_users_pipeline to None, run_after=None
[2026-03-08T00:11:31.753+0000] {processor.py:183} INFO - Processing /opt/airflow/dags/etl_users_dag.py took 0.090 seconds
[2026-03-08T00:12:02.167+0000] {processor.py:161} INFO - Started process (PID=3780) to work on /opt/airflow/dags/etl_users_dag.py
[2026-03-08T00:12:02.168+0000] {processor.py:830} INFO - Processing file /opt/airflow/dags/etl_users_dag.py for tasks to queue
[2026-03-08T00:12:02.173+0000] {logging_mixin.py:188} INFO - [2026-03-08T00:12:02.173+0000] {dagbag.py:545} INFO - Filling up the DagBag from /opt/airflow/dags/etl_users_dag.py
[2026-03-08T00:12:02.189+0000] {processor.py:840} INFO - DAG(s) 'etl_users_pipeline' retrieved from /opt/airflow/dags/etl_users_dag.py
[2026-03-08T00:12:02.217+0000] {logging_mixin.py:188} INFO - [2026-03-08T00:12:02.217+0000] {dag.py:3089} INFO - Sync 1 DAGs
[2026-03-08T00:12:02.226+0000] {logging_mixin.py:188} INFO - [2026-03-08T00:12:02.225+0000] {dag.py:3947} INFO - Setting next_dagrun for etl_users_pipeline to None, run_after=None
[2026-03-08T00:12:02.240+0000] {processor.py:183} INFO - Processing /opt/airflow/dags/etl_users_dag.py took 0.086 seconds
[2026-03-08T00:12:32.616+0000] {processor.py:161} INFO - Started process (PID=3790) to work on /opt/airflow/dags/etl_users_dag.py
[2026-03-08T00:12:32.618+0000] {processor.py:830} INFO - Processing file /opt/airflow/dags/etl_users_dag.py for tasks to queue
[2026-03-08T00:12:32.620+0000] {logging_mixin.py:188} INFO - [2026-03-08T00:12:32.620+0000] {dagbag.py:545} INFO - Filling up the DagBag from /opt/airflow/dags/etl_users_dag.py
[2026-03-08T00:12:32.637+0000] {processor.py:840} INFO - DAG(s) 'etl_users_pipeline' retrieved from /opt/airflow/dags/etl_users_dag.py
[2026-03-08T00:12:32.674+0000] {logging_mixin.py:188} INFO - [2026-03-08T00:12:32.674+0000] {dag.py:3089} INFO - Sync 1 DAGs
[2026-03-08T00:12:32.687+0000] {logging_mixin.py:188} INFO - [2026-03-08T00:12:32.687+0000] {dag.py:3947} INFO - Setting next_dagrun for etl_users_pipeline to None, run_after=None
[2026-03-08T00:12:32.705+0000] {processor.py:183} INFO - Processing /opt/airflow/dags/etl_users_dag.py took 0.099 seconds
[2026-03-08T00:13:03.005+0000] {processor.py:161} INFO - Started process (PID=3800) to work on /opt/airflow/dags/etl_users_dag.py
[2026-03-08T00:13:03.007+0000] {processor.py:830} INFO - Processing file /opt/airflow/dags/etl_users_dag.py for tasks to queue
[2026-03-08T00:13:03.010+0000] {logging_mixin.py:188} INFO - [2026-03-08T00:13:03.010+0000] {dagbag.py:545} INFO - Filling up the DagBag from /opt/airflow/dags/etl_users_dag.py
[2026-03-08T00:13:03.024+0000] {processor.py:840} INFO - DAG(s) 'etl_users_pipeline' retrieved from /opt/airflow/dags/etl_users_dag.py
[2026-03-08T00:13:03.052+0000] {logging_mixin.py:188} INFO - [2026-03-08T00:13:03.051+0000] {dag.py:3089} INFO - Sync 1 DAGs
[2026-03-08T00:13:03.064+0000] {logging_mixin.py:188} INFO - [2026-03-08T00:13:03.064+0000] {dag.py:3947} INFO - Setting next_dagrun for etl_users_pipeline to None, run_after=None
[2026-03-08T00:13:03.078+0000] {processor.py:183} INFO - Processing /opt/airflow/dags/etl_users_dag.py took 0.086 seconds
[2026-03-08T00:13:33.497+0000] {processor.py:161} INFO - Started process (PID=3810) to work on /opt/airflow/dags/etl_users_dag.py
[2026-03-08T00:13:33.499+0000] {processor.py:830} INFO - Processing file /opt/airflow/dags/etl_users_dag.py for tasks to queue
[2026-03-08T00:13:33.501+0000] {logging_mixin.py:188} INFO - [2026-03-08T00:13:33.501+0000] {dagbag.py:545} INFO - Filling up the DagBag from /opt/airflow/dags/etl_users_dag.py
[2026-03-08T00:13:33.511+0000] {processor.py:840} INFO - DAG(s) 'etl_users_pipeline' retrieved from /opt/airflow/dags/etl_users_dag.py
[2026-03-08T00:13:33.545+0000] {logging_mixin.py:188} INFO - [2026-03-08T00:13:33.544+0000] {dag.py:3089} INFO - Sync 1 DAGs
[2026-03-08T00:13:33.551+0000] {logging_mixin.py:188} INFO - [2026-03-08T00:13:33.551+0000] {dag.py:3947} INFO - Setting next_dagrun for etl_users_pipeline to None, run_after=None
[2026-03-08T00:13:33.569+0000] {processor.py:183} INFO - Processing /opt/airflow/dags/etl_users_dag.py took 0.080 seconds
[2026-03-08T00:14:04.069+0000] {processor.py:161} INFO - Started process (PID=3820) to work on /opt/airflow/dags/etl_users_dag.py
[2026-03-08T00:14:04.071+0000] {processor.py:830} INFO - Processing file /opt/airflow/dags/etl_users_dag.py for tasks to queue
[2026-03-08T00:14:04.073+0000] {logging_mixin.py:188} INFO - [2026-03-08T00:14:04.072+0000] {dagbag.py:545} INFO - Filling up the DagBag from /opt/airflow/dags/etl_users_dag.py
[2026-03-08T00:14:04.096+0000] {processor.py:840} INFO - DAG(s) 'etl_users_pipeline' retrieved from /opt/airflow/dags/etl_users_dag.py
[2026-03-08T00:14:04.150+0000] {logging_mixin.py:188} INFO - [2026-03-08T00:14:04.150+0000] {dag.py:3089} INFO - Sync 1 DAGs
[2026-03-08T00:14:04.159+0000] {logging_mixin.py:188} INFO - [2026-03-08T00:14:04.159+0000] {dag.py:3947} INFO - Setting next_dagrun for etl_users_pipeline to None, run_after=None
[2026-03-08T00:14:04.173+0000] {processor.py:183} INFO - Processing /opt/airflow/dags/etl_users_dag.py took 0.115 seconds
[2026-03-08T00:14:34.503+0000] {processor.py:161} INFO - Started process (PID=3830) to work on /opt/airflow/dags/etl_users_dag.py
[2026-03-08T00:14:34.505+0000] {processor.py:830} INFO - Processing file /opt/airflow/dags/etl_users_dag.py for tasks to queue
[2026-03-08T00:14:34.510+0000] {logging_mixin.py:188} INFO - [2026-03-08T00:14:34.510+0000] {dagbag.py:545} INFO - Filling up the DagBag from /opt/airflow/dags/etl_users_dag.py
[2026-03-08T00:14:34.520+0000] {processor.py:840} INFO - DAG(s) 'etl_users_pipeline' retrieved from /opt/airflow/dags/etl_users_dag.py
[2026-03-08T00:14:34.554+0000] {logging_mixin.py:188} INFO - [2026-03-08T00:14:34.553+0000] {dag.py:3089} INFO - Sync 1 DAGs
[2026-03-08T00:14:34.565+0000] {logging_mixin.py:188} INFO - [2026-03-08T00:14:34.565+0000] {dag.py:3947} INFO - Setting next_dagrun for etl_users_pipeline to None, run_after=None
[2026-03-08T00:14:34.588+0000] {processor.py:183} INFO - Processing /opt/airflow/dags/etl_users_dag.py took 0.094 seconds
[2026-03-08T00:15:05.056+0000] {processor.py:161} INFO - Started process (PID=3840) to work on /opt/airflow/dags/etl_users_dag.py
[2026-03-08T00:15:05.057+0000] {processor.py:830} INFO - Processing file /opt/airflow/dags/etl_users_dag.py for tasks to queue
[2026-03-08T00:15:05.061+0000] {logging_mixin.py:188} INFO - [2026-03-08T00:15:05.060+0000] {dagbag.py:545} INFO - Filling up the DagBag from /opt/airflow/dags/etl_users_dag.py
[2026-03-08T00:15:05.077+0000] {processor.py:840} INFO - DAG(s) 'etl_users_pipeline' retrieved from /opt/airflow/dags/etl_users_dag.py
[2026-03-08T00:15:05.119+0000] {logging_mixin.py:188} INFO - [2026-03-08T00:15:05.119+0000] {dag.py:3089} INFO - Sync 1 DAGs
[2026-03-08T00:15:05.132+0000] {logging_mixin.py:188} INFO - [2026-03-08T00:15:05.131+0000] {dag.py:3947} INFO - Setting next_dagrun for etl_users_pipeline to None, run_after=None
[2026-03-08T00:15:05.147+0000] {processor.py:183} INFO - Processing /opt/airflow/dags/etl_users_dag.py took 0.106 seconds
[2026-03-08T00:15:35.522+0000] {processor.py:161} INFO - Started process (PID=3850) to work on /opt/airflow/dags/etl_users_dag.py
[2026-03-08T00:15:35.524+0000] {processor.py:830} INFO - Processing file /opt/airflow/dags/etl_users_dag.py for tasks to queue
[2026-03-08T00:15:35.527+0000] {logging_mixin.py:188} INFO - [2026-03-08T00:15:35.527+0000] {dagbag.py:545} INFO - Filling up the DagBag from /opt/airflow/dags/etl_users_dag.py
[2026-03-08T00:15:35.541+0000] {processor.py:840} INFO - DAG(s) 'etl_users_pipeline' retrieved from /opt/airflow/dags/etl_users_dag.py
[2026-03-08T00:15:35.564+0000] {logging_mixin.py:188} INFO - [2026-03-08T00:15:35.564+0000] {dag.py:3089} INFO - Sync 1 DAGs
[2026-03-08T00:15:35.573+0000] {logging_mixin.py:188} INFO - [2026-03-08T00:15:35.572+0000] {dag.py:3947} INFO - Setting next_dagrun for etl_users_pipeline to None, run_after=None
[2026-03-08T00:15:35.584+0000] {processor.py:183} INFO - Processing /opt/airflow/dags/etl_users_dag.py took 0.076 seconds
[2026-03-08T00:16:06.057+0000] {processor.py:161} INFO - Started process (PID=3860) to work on /opt/airflow/dags/etl_users_dag.py
[2026-03-08T00:16:06.059+0000] {processor.py:830} INFO - Processing file /opt/airflow/dags/etl_users_dag.py for tasks to queue
[2026-03-08T00:16:06.064+0000] {logging_mixin.py:188} INFO - [2026-03-08T00:16:06.064+0000] {dagbag.py:545} INFO - Filling up the DagBag from /opt/airflow/dags/etl_users_dag.py
[2026-03-08T00:16:06.090+0000] {processor.py:840} INFO - DAG(s) 'etl_users_pipeline' retrieved from /opt/airflow/dags/etl_users_dag.py
[2026-03-08T00:16:06.142+0000] {logging_mixin.py:188} INFO - [2026-03-08T00:16:06.141+0000] {dag.py:3089} INFO - Sync 1 DAGs
[2026-03-08T00:16:06.156+0000] {logging_mixin.py:188} INFO - [2026-03-08T00:16:06.156+0000] {dag.py:3947} INFO - Setting next_dagrun for etl_users_pipeline to None, run_after=None
[2026-03-08T00:16:06.172+0000] {processor.py:183} INFO - Processing /opt/airflow/dags/etl_users_dag.py took 0.142 seconds
[2026-03-08T00:16:36.449+0000] {processor.py:161} INFO - Started process (PID=3870) to work on /opt/airflow/dags/etl_users_dag.py
[2026-03-08T00:16:36.452+0000] {processor.py:830} INFO - Processing file /opt/airflow/dags/etl_users_dag.py for tasks to queue
[2026-03-08T00:16:36.459+0000] {logging_mixin.py:188} INFO - [2026-03-08T00:16:36.458+0000] {dagbag.py:545} INFO - Filling up the DagBag from /opt/airflow/dags/etl_users_dag.py
[2026-03-08T00:16:36.474+0000] {processor.py:840} INFO - DAG(s) 'etl_users_pipeline' retrieved from /opt/airflow/dags/etl_users_dag.py
[2026-03-08T00:16:36.507+0000] {logging_mixin.py:188} INFO - [2026-03-08T00:16:36.507+0000] {dag.py:3089} INFO - Sync 1 DAGs
[2026-03-08T00:16:36.517+0000] {logging_mixin.py:188} INFO - [2026-03-08T00:16:36.517+0000] {dag.py:3947} INFO - Setting next_dagrun for etl_users_pipeline to None, run_after=None
[2026-03-08T00:16:36.530+0000] {processor.py:183} INFO - Processing /opt/airflow/dags/etl_users_dag.py took 0.092 seconds
[2026-03-08T00:17:06.853+0000] {processor.py:161} INFO - Started process (PID=3880) to work on /opt/airflow/dags/etl_users_dag.py
[2026-03-08T00:17:06.854+0000] {processor.py:830} INFO - Processing file /opt/airflow/dags/etl_users_dag.py for tasks to queue
[2026-03-08T00:17:06.866+0000] {logging_mixin.py:188} INFO - [2026-03-08T00:17:06.863+0000] {dagbag.py:545} INFO - Filling up the DagBag from /opt/airflow/dags/etl_users_dag.py
[2026-03-08T00:17:06.887+0000] {processor.py:840} INFO - DAG(s) 'etl_users_pipeline' retrieved from /opt/airflow/dags/etl_users_dag.py
[2026-03-08T00:17:06.942+0000] {logging_mixin.py:188} INFO - [2026-03-08T00:17:06.942+0000] {dag.py:3089} INFO - Sync 1 DAGs
[2026-03-08T00:17:06.955+0000] {logging_mixin.py:188} INFO - [2026-03-08T00:17:06.955+0000] {dag.py:3947} INFO - Setting next_dagrun for etl_users_pipeline to None, run_after=None
[2026-03-08T00:17:06.972+0000] {processor.py:183} INFO - Processing /opt/airflow/dags/etl_users_dag.py took 0.134 seconds
[2026-03-08T00:17:37.366+0000] {processor.py:161} INFO - Started process (PID=3890) to work on /opt/airflow/dags/etl_users_dag.py
[2026-03-08T00:17:37.367+0000] {processor.py:830} INFO - Processing file /opt/airflow/dags/etl_users_dag.py for tasks to queue
[2026-03-08T00:17:37.370+0000] {logging_mixin.py:188} INFO - [2026-03-08T00:17:37.369+0000] {dagbag.py:545} INFO - Filling up the DagBag from /opt/airflow/dags/etl_users_dag.py
[2026-03-08T00:17:37.382+0000] {processor.py:840} INFO - DAG(s) 'etl_users_pipeline' retrieved from /opt/airflow/dags/etl_users_dag.py
[2026-03-08T00:17:37.412+0000] {logging_mixin.py:188} INFO - [2026-03-08T00:17:37.412+0000] {dag.py:3089} INFO - Sync 1 DAGs
[2026-03-08T00:17:37.427+0000] {logging_mixin.py:188} INFO - [2026-03-08T00:17:37.427+0000] {dag.py:3947} INFO - Setting next_dagrun for etl_users_pipeline to None, run_after=None
[2026-03-08T00:17:37.446+0000] {processor.py:183} INFO - Processing /opt/airflow/dags/etl_users_dag.py took 0.091 seconds
[2026-03-08T00:18:07.936+0000] {processor.py:161} INFO - Started process (PID=3900) to work on /opt/airflow/dags/etl_users_dag.py
[2026-03-08T00:18:07.938+0000] {processor.py:830} INFO - Processing file /opt/airflow/dags/etl_users_dag.py for tasks to queue
[2026-03-08T00:18:07.943+0000] {logging_mixin.py:188} INFO - [2026-03-08T00:18:07.942+0000] {dagbag.py:545} INFO - Filling up the DagBag from /opt/airflow/dags/etl_users_dag.py
[2026-03-08T00:18:07.966+0000] {processor.py:840} INFO - DAG(s) 'etl_users_pipeline' retrieved from /opt/airflow/dags/etl_users_dag.py
[2026-03-08T00:18:08.016+0000] {logging_mixin.py:188} INFO - [2026-03-08T00:18:08.016+0000] {dag.py:3089} INFO - Sync 1 DAGs
[2026-03-08T00:18:08.028+0000] {logging_mixin.py:188} INFO - [2026-03-08T00:18:08.027+0000] {dag.py:3947} INFO - Setting next_dagrun for etl_users_pipeline to None, run_after=None
[2026-03-08T00:18:08.053+0000] {processor.py:183} INFO - Processing /opt/airflow/dags/etl_users_dag.py took 0.144 seconds
[2026-03-08T00:18:38.413+0000] {processor.py:161} INFO - Started process (PID=3910) to work on /opt/airflow/dags/etl_users_dag.py
[2026-03-08T00:18:38.415+0000] {processor.py:830} INFO - Processing file /opt/airflow/dags/etl_users_dag.py for tasks to queue
[2026-03-08T00:18:38.419+0000] {logging_mixin.py:188} INFO - [2026-03-08T00:18:38.418+0000] {dagbag.py:545} INFO - Filling up the DagBag from /opt/airflow/dags/etl_users_dag.py
[2026-03-08T00:18:38.438+0000] {processor.py:840} INFO - DAG(s) 'etl_users_pipeline' retrieved from /opt/airflow/dags/etl_users_dag.py
[2026-03-08T00:18:38.472+0000] {logging_mixin.py:188} INFO - [2026-03-08T00:18:38.472+0000] {dag.py:3089} INFO - Sync 1 DAGs
[2026-03-08T00:18:38.485+0000] {logging_mixin.py:188} INFO - [2026-03-08T00:18:38.485+0000] {dag.py:3947} INFO - Setting next_dagrun for etl_users_pipeline to None, run_after=None
[2026-03-08T00:18:38.499+0000] {processor.py:183} INFO - Processing /opt/airflow/dags/etl_users_dag.py took 0.103 seconds
[2026-03-08T00:19:08.781+0000] {processor.py:161} INFO - Started process (PID=3920) to work on /opt/airflow/dags/etl_users_dag.py
[2026-03-08T00:19:08.786+0000] {processor.py:830} INFO - Processing file /opt/airflow/dags/etl_users_dag.py for tasks to queue
[2026-03-08T00:19:08.788+0000] {logging_mixin.py:188} INFO - [2026-03-08T00:19:08.788+0000] {dagbag.py:545} INFO - Filling up the DagBag from /opt/airflow/dags/etl_users_dag.py
[2026-03-08T00:19:08.800+0000] {processor.py:840} INFO - DAG(s) 'etl_users_pipeline' retrieved from /opt/airflow/dags/etl_users_dag.py
[2026-03-08T00:19:08.832+0000] {logging_mixin.py:188} INFO - [2026-03-08T00:19:08.831+0000] {dag.py:3089} INFO - Sync 1 DAGs
[2026-03-08T00:19:08.843+0000] {logging_mixin.py:188} INFO - [2026-03-08T00:19:08.843+0000] {dag.py:3947} INFO - Setting next_dagrun for etl_users_pipeline to None, run_after=None
[2026-03-08T00:19:08.855+0000] {processor.py:183} INFO - Processing /opt/airflow/dags/etl_users_dag.py took 0.081 seconds
[2026-03-08T00:19:39.287+0000] {processor.py:161} INFO - Started process (PID=3930) to work on /opt/airflow/dags/etl_users_dag.py
[2026-03-08T00:19:39.289+0000] {processor.py:830} INFO - Processing file /opt/airflow/dags/etl_users_dag.py for tasks to queue
[2026-03-08T00:19:39.293+0000] {logging_mixin.py:188} INFO - [2026-03-08T00:19:39.293+0000] {dagbag.py:545} INFO - Filling up the DagBag from /opt/airflow/dags/etl_users_dag.py
[2026-03-08T00:19:39.314+0000] {processor.py:840} INFO - DAG(s) 'etl_users_pipeline' retrieved from /opt/airflow/dags/etl_users_dag.py
[2026-03-08T00:19:39.345+0000] {logging_mixin.py:188} INFO - [2026-03-08T00:19:39.345+0000] {dag.py:3089} INFO - Sync 1 DAGs
[2026-03-08T00:19:39.353+0000] {logging_mixin.py:188} INFO - [2026-03-08T00:19:39.353+0000] {dag.py:3947} INFO - Setting next_dagrun for etl_users_pipeline to None, run_after=None
[2026-03-08T00:19:39.368+0000] {processor.py:183} INFO - Processing /opt/airflow/dags/etl_users_dag.py took 0.096 seconds
[2026-03-08T00:20:09.853+0000] {processor.py:161} INFO - Started process (PID=3940) to work on /opt/airflow/dags/etl_users_dag.py
[2026-03-08T00:20:09.854+0000] {processor.py:830} INFO - Processing file /opt/airflow/dags/etl_users_dag.py for tasks to queue
[2026-03-08T00:20:09.857+0000] {logging_mixin.py:188} INFO - [2026-03-08T00:20:09.856+0000] {dagbag.py:545} INFO - Filling up the DagBag from /opt/airflow/dags/etl_users_dag.py
[2026-03-08T00:20:09.876+0000] {processor.py:840} INFO - DAG(s) 'etl_users_pipeline' retrieved from /opt/airflow/dags/etl_users_dag.py
[2026-03-08T00:20:09.912+0000] {logging_mixin.py:188} INFO - [2026-03-08T00:20:09.912+0000] {dag.py:3089} INFO - Sync 1 DAGs
[2026-03-08T00:20:09.922+0000] {logging_mixin.py:188} INFO - [2026-03-08T00:20:09.922+0000] {dag.py:3947} INFO - Setting next_dagrun for etl_users_pipeline to None, run_after=None
[2026-03-08T00:20:09.938+0000] {processor.py:183} INFO - Processing /opt/airflow/dags/etl_users_dag.py took 0.094 seconds
[2026-03-08T00:20:40.356+0000] {processor.py:161} INFO - Started process (PID=3950) to work on /opt/airflow/dags/etl_users_dag.py
[2026-03-08T00:20:40.358+0000] {processor.py:830} INFO - Processing file /opt/airflow/dags/etl_users_dag.py for tasks to queue
[2026-03-08T00:20:40.361+0000] {logging_mixin.py:188} INFO - [2026-03-08T00:20:40.361+0000] {dagbag.py:545} INFO - Filling up the DagBag from /opt/airflow/dags/etl_users_dag.py
[2026-03-08T00:20:40.369+0000] {processor.py:840} INFO - DAG(s) 'etl_users_pipeline' retrieved from /opt/airflow/dags/etl_users_dag.py
[2026-03-08T00:20:40.396+0000] {logging_mixin.py:188} INFO - [2026-03-08T00:20:40.396+0000] {dag.py:3089} INFO - Sync 1 DAGs
[2026-03-08T00:20:40.404+0000] {logging_mixin.py:188} INFO - [2026-03-08T00:20:40.404+0000] {dag.py:3947} INFO - Setting next_dagrun for etl_users_pipeline to None, run_after=None
[2026-03-08T00:20:40.418+0000] {processor.py:183} INFO - Processing /opt/airflow/dags/etl_users_dag.py took 0.068 seconds
[2026-03-08T00:21:10.878+0000] {processor.py:161} INFO - Started process (PID=3960) to work on /opt/airflow/dags/etl_users_dag.py
[2026-03-08T00:21:10.881+0000] {processor.py:830} INFO - Processing file /opt/airflow/dags/etl_users_dag.py for tasks to queue
[2026-03-08T00:21:10.884+0000] {logging_mixin.py:188} INFO - [2026-03-08T00:21:10.884+0000] {dagbag.py:545} INFO - Filling up the DagBag from /opt/airflow/dags/etl_users_dag.py
[2026-03-08T00:21:10.906+0000] {processor.py:840} INFO - DAG(s) 'etl_users_pipeline' retrieved from /opt/airflow/dags/etl_users_dag.py
[2026-03-08T00:21:10.939+0000] {logging_mixin.py:188} INFO - [2026-03-08T00:21:10.938+0000] {dag.py:3089} INFO - Sync 1 DAGs
[2026-03-08T00:21:10.950+0000] {logging_mixin.py:188} INFO - [2026-03-08T00:21:10.949+0000] {dag.py:3947} INFO - Setting next_dagrun for etl_users_pipeline to None, run_after=None
[2026-03-08T00:21:10.962+0000] {processor.py:183} INFO - Processing /opt/airflow/dags/etl_users_dag.py took 0.102 seconds
[2026-03-08T00:21:41.394+0000] {processor.py:161} INFO - Started process (PID=3970) to work on /opt/airflow/dags/etl_users_dag.py
[2026-03-08T00:21:41.395+0000] {processor.py:830} INFO - Processing file /opt/airflow/dags/etl_users_dag.py for tasks to queue
[2026-03-08T00:21:41.397+0000] {logging_mixin.py:188} INFO - [2026-03-08T00:21:41.396+0000] {dagbag.py:545} INFO - Filling up the DagBag from /opt/airflow/dags/etl_users_dag.py
[2026-03-08T00:21:41.406+0000] {processor.py:840} INFO - DAG(s) 'etl_users_pipeline' retrieved from /opt/airflow/dags/etl_users_dag.py
[2026-03-08T00:21:41.444+0000] {logging_mixin.py:188} INFO - [2026-03-08T00:21:41.443+0000] {dag.py:3089} INFO - Sync 1 DAGs
[2026-03-08T00:21:41.456+0000] {logging_mixin.py:188} INFO - [2026-03-08T00:21:41.455+0000] {dag.py:3947} INFO - Setting next_dagrun for etl_users_pipeline to None, run_after=None
[2026-03-08T00:21:41.470+0000] {processor.py:183} INFO - Processing /opt/airflow/dags/etl_users_dag.py took 0.086 seconds
[2026-03-08T00:22:11.933+0000] {processor.py:161} INFO - Started process (PID=3980) to work on /opt/airflow/dags/etl_users_dag.py
[2026-03-08T00:22:11.935+0000] {processor.py:830} INFO - Processing file /opt/airflow/dags/etl_users_dag.py for tasks to queue
[2026-03-08T00:22:11.938+0000] {logging_mixin.py:188} INFO - [2026-03-08T00:22:11.938+0000] {dagbag.py:545} INFO - Filling up the DagBag from /opt/airflow/dags/etl_users_dag.py
[2026-03-08T00:22:11.956+0000] {processor.py:840} INFO - DAG(s) 'etl_users_pipeline' retrieved from /opt/airflow/dags/etl_users_dag.py
[2026-03-08T00:22:11.988+0000] {logging_mixin.py:188} INFO - [2026-03-08T00:22:11.988+0000] {dag.py:3089} INFO - Sync 1 DAGs
[2026-03-08T00:22:11.998+0000] {logging_mixin.py:188} INFO - [2026-03-08T00:22:11.998+0000] {dag.py:3947} INFO - Setting next_dagrun for etl_users_pipeline to None, run_after=None
[2026-03-08T00:22:12.010+0000] {processor.py:183} INFO - Processing /opt/airflow/dags/etl_users_dag.py took 0.093 seconds
[2026-03-08T00:22:42.534+0000] {processor.py:161} INFO - Started process (PID=3990) to work on /opt/airflow/dags/etl_users_dag.py
[2026-03-08T00:22:42.536+0000] {processor.py:830} INFO - Processing file /opt/airflow/dags/etl_users_dag.py for tasks to queue
[2026-03-08T00:22:42.540+0000] {logging_mixin.py:188} INFO - [2026-03-08T00:22:42.540+0000] {dagbag.py:545} INFO - Filling up the DagBag from /opt/airflow/dags/etl_users_dag.py
[2026-03-08T00:22:42.558+0000] {processor.py:840} INFO - DAG(s) 'etl_users_pipeline' retrieved from /opt/airflow/dags/etl_users_dag.py
[2026-03-08T00:22:42.593+0000] {logging_mixin.py:188} INFO - [2026-03-08T00:22:42.593+0000] {dag.py:3089} INFO - Sync 1 DAGs
[2026-03-08T00:22:42.604+0000] {logging_mixin.py:188} INFO - [2026-03-08T00:22:42.604+0000] {dag.py:3947} INFO - Setting next_dagrun for etl_users_pipeline to None, run_after=None
[2026-03-08T00:22:42.621+0000] {processor.py:183} INFO - Processing /opt/airflow/dags/etl_users_dag.py took 0.102 seconds
[2026-03-08T00:23:13.066+0000] {processor.py:161} INFO - Started process (PID=4000) to work on /opt/airflow/dags/etl_users_dag.py
[2026-03-08T00:23:13.068+0000] {processor.py:830} INFO - Processing file /opt/airflow/dags/etl_users_dag.py for tasks to queue
[2026-03-08T00:23:13.071+0000] {logging_mixin.py:188} INFO - [2026-03-08T00:23:13.071+0000] {dagbag.py:545} INFO - Filling up the DagBag from /opt/airflow/dags/etl_users_dag.py
[2026-03-08T00:23:13.082+0000] {processor.py:840} INFO - DAG(s) 'etl_users_pipeline' retrieved from /opt/airflow/dags/etl_users_dag.py
[2026-03-08T00:23:13.109+0000] {logging_mixin.py:188} INFO - [2026-03-08T00:23:13.109+0000] {dag.py:3089} INFO - Sync 1 DAGs
[2026-03-08T00:23:13.121+0000] {logging_mixin.py:188} INFO - [2026-03-08T00:23:13.120+0000] {dag.py:3947} INFO - Setting next_dagrun for etl_users_pipeline to None, run_after=None
[2026-03-08T00:23:13.133+0000] {processor.py:183} INFO - Processing /opt/airflow/dags/etl_users_dag.py took 0.075 seconds
[2026-03-08T00:23:43.579+0000] {processor.py:161} INFO - Started process (PID=4010) to work on /opt/airflow/dags/etl_users_dag.py
[2026-03-08T00:23:43.583+0000] {processor.py:830} INFO - Processing file /opt/airflow/dags/etl_users_dag.py for tasks to queue
[2026-03-08T00:23:43.587+0000] {logging_mixin.py:188} INFO - [2026-03-08T00:23:43.587+0000] {dagbag.py:545} INFO - Filling up the DagBag from /opt/airflow/dags/etl_users_dag.py
[2026-03-08T00:23:43.606+0000] {processor.py:840} INFO - DAG(s) 'etl_users_pipeline' retrieved from /opt/airflow/dags/etl_users_dag.py
[2026-03-08T00:23:43.641+0000] {logging_mixin.py:188} INFO - [2026-03-08T00:23:43.641+0000] {dag.py:3089} INFO - Sync 1 DAGs
[2026-03-08T00:23:43.654+0000] {logging_mixin.py:188} INFO - [2026-03-08T00:23:43.654+0000] {dag.py:3947} INFO - Setting next_dagrun for etl_users_pipeline to None, run_after=None
[2026-03-08T00:23:43.669+0000] {processor.py:183} INFO - Processing /opt/airflow/dags/etl_users_dag.py took 0.102 seconds
[2026-03-08T00:24:14.162+0000] {processor.py:161} INFO - Started process (PID=4020) to work on /opt/airflow/dags/etl_users_dag.py
[2026-03-08T00:24:14.164+0000] {processor.py:830} INFO - Processing file /opt/airflow/dags/etl_users_dag.py for tasks to queue
[2026-03-08T00:24:14.166+0000] {logging_mixin.py:188} INFO - [2026-03-08T00:24:14.165+0000] {dagbag.py:545} INFO - Filling up the DagBag from /opt/airflow/dags/etl_users_dag.py
[2026-03-08T00:24:14.178+0000] {processor.py:840} INFO - DAG(s) 'etl_users_pipeline' retrieved from /opt/airflow/dags/etl_users_dag.py
[2026-03-08T00:24:14.206+0000] {logging_mixin.py:188} INFO - [2026-03-08T00:24:14.206+0000] {dag.py:3089} INFO - Sync 1 DAGs
[2026-03-08T00:24:14.215+0000] {logging_mixin.py:188} INFO - [2026-03-08T00:24:14.215+0000] {dag.py:3947} INFO - Setting next_dagrun for etl_users_pipeline to None, run_after=None
[2026-03-08T00:24:14.227+0000] {processor.py:183} INFO - Processing /opt/airflow/dags/etl_users_dag.py took 0.077 seconds
[2026-03-08T00:24:44.729+0000] {processor.py:161} INFO - Started process (PID=4030) to work on /opt/airflow/dags/etl_users_dag.py
[2026-03-08T00:24:44.731+0000] {processor.py:830} INFO - Processing file /opt/airflow/dags/etl_users_dag.py for tasks to queue
[2026-03-08T00:24:44.732+0000] {logging_mixin.py:188} INFO - [2026-03-08T00:24:44.732+0000] {dagbag.py:545} INFO - Filling up the DagBag from /opt/airflow/dags/etl_users_dag.py
[2026-03-08T00:24:44.743+0000] {processor.py:840} INFO - DAG(s) 'etl_users_pipeline' retrieved from /opt/airflow/dags/etl_users_dag.py
[2026-03-08T00:24:44.775+0000] {logging_mixin.py:188} INFO - [2026-03-08T00:24:44.775+0000] {dag.py:3089} INFO - Sync 1 DAGs
[2026-03-08T00:24:44.785+0000] {logging_mixin.py:188} INFO - [2026-03-08T00:24:44.784+0000] {dag.py:3947} INFO - Setting next_dagrun for etl_users_pipeline to None, run_after=None
[2026-03-08T00:24:44.798+0000] {processor.py:183} INFO - Processing /opt/airflow/dags/etl_users_dag.py took 0.077 seconds
[2026-03-08T00:25:15.266+0000] {processor.py:161} INFO - Started process (PID=4040) to work on /opt/airflow/dags/etl_users_dag.py
[2026-03-08T00:25:15.268+0000] {processor.py:830} INFO - Processing file /opt/airflow/dags/etl_users_dag.py for tasks to queue
[2026-03-08T00:25:15.271+0000] {logging_mixin.py:188} INFO - [2026-03-08T00:25:15.270+0000] {dagbag.py:545} INFO - Filling up the DagBag from /opt/airflow/dags/etl_users_dag.py
[2026-03-08T00:25:15.287+0000] {processor.py:840} INFO - DAG(s) 'etl_users_pipeline' retrieved from /opt/airflow/dags/etl_users_dag.py
[2026-03-08T00:25:15.317+0000] {logging_mixin.py:188} INFO - [2026-03-08T00:25:15.317+0000] {dag.py:3089} INFO - Sync 1 DAGs
[2026-03-08T00:25:15.339+0000] {logging_mixin.py:188} INFO - [2026-03-08T00:25:15.339+0000] {dag.py:3947} INFO - Setting next_dagrun for etl_users_pipeline to None, run_after=None
[2026-03-08T00:25:15.347+0000] {processor.py:183} INFO - Processing /opt/airflow/dags/etl_users_dag.py took 0.094 seconds
[2026-03-08T00:25:45.747+0000] {processor.py:161} INFO - Started process (PID=4050) to work on /opt/airflow/dags/etl_users_dag.py
[2026-03-08T00:25:45.748+0000] {processor.py:830} INFO - Processing file /opt/airflow/dags/etl_users_dag.py for tasks to queue
[2026-03-08T00:25:45.750+0000] {logging_mixin.py:188} INFO - [2026-03-08T00:25:45.750+0000] {dagbag.py:545} INFO - Filling up the DagBag from /opt/airflow/dags/etl_users_dag.py
[2026-03-08T00:25:45.764+0000] {processor.py:840} INFO - DAG(s) 'etl_users_pipeline' retrieved from /opt/airflow/dags/etl_users_dag.py
[2026-03-08T00:25:45.794+0000] {logging_mixin.py:188} INFO - [2026-03-08T00:25:45.794+0000] {dag.py:3089} INFO - Sync 1 DAGs
[2026-03-08T00:25:45.801+0000] {logging_mixin.py:188} INFO - [2026-03-08T00:25:45.801+0000] {dag.py:3947} INFO - Setting next_dagrun for etl_users_pipeline to None, run_after=None
[2026-03-08T00:25:45.813+0000] {processor.py:183} INFO - Processing /opt/airflow/dags/etl_users_dag.py took 0.073 seconds
[2026-03-08T00:26:16.208+0000] {processor.py:161} INFO - Started process (PID=4060) to work on /opt/airflow/dags/etl_users_dag.py
[2026-03-08T00:26:16.209+0000] {processor.py:830} INFO - Processing file /opt/airflow/dags/etl_users_dag.py for tasks to queue
[2026-03-08T00:26:16.211+0000] {logging_mixin.py:188} INFO - [2026-03-08T00:26:16.211+0000] {dagbag.py:545} INFO - Filling up the DagBag from /opt/airflow/dags/etl_users_dag.py
[2026-03-08T00:26:16.223+0000] {processor.py:840} INFO - DAG(s) 'etl_users_pipeline' retrieved from /opt/airflow/dags/etl_users_dag.py
[2026-03-08T00:26:16.251+0000] {logging_mixin.py:188} INFO - [2026-03-08T00:26:16.251+0000] {dag.py:3089} INFO - Sync 1 DAGs
[2026-03-08T00:26:16.260+0000] {logging_mixin.py:188} INFO - [2026-03-08T00:26:16.260+0000] {dag.py:3947} INFO - Setting next_dagrun for etl_users_pipeline to None, run_after=None
[2026-03-08T00:26:16.273+0000] {processor.py:183} INFO - Processing /opt/airflow/dags/etl_users_dag.py took 0.076 seconds
[2026-03-08T00:26:46.632+0000] {processor.py:161} INFO - Started process (PID=4070) to work on /opt/airflow/dags/etl_users_dag.py
[2026-03-08T00:26:46.634+0000] {processor.py:830} INFO - Processing file /opt/airflow/dags/etl_users_dag.py for tasks to queue
[2026-03-08T00:26:46.637+0000] {logging_mixin.py:188} INFO - [2026-03-08T00:26:46.637+0000] {dagbag.py:545} INFO - Filling up the DagBag from /opt/airflow/dags/etl_users_dag.py
[2026-03-08T00:26:46.650+0000] {processor.py:840} INFO - DAG(s) 'etl_users_pipeline' retrieved from /opt/airflow/dags/etl_users_dag.py
[2026-03-08T00:26:46.678+0000] {logging_mixin.py:188} INFO - [2026-03-08T00:26:46.678+0000] {dag.py:3089} INFO - Sync 1 DAGs
[2026-03-08T00:26:46.686+0000] {logging_mixin.py:188} INFO - [2026-03-08T00:26:46.686+0000] {dag.py:3947} INFO - Setting next_dagrun for etl_users_pipeline to None, run_after=None
[2026-03-08T00:26:46.699+0000] {processor.py:183} INFO - Processing /opt/airflow/dags/etl_users_dag.py took 0.074 seconds
[2026-03-08T00:27:17.124+0000] {processor.py:161} INFO - Started process (PID=4080) to work on /opt/airflow/dags/etl_users_dag.py
[2026-03-08T00:27:17.126+0000] {processor.py:830} INFO - Processing file /opt/airflow/dags/etl_users_dag.py for tasks to queue
[2026-03-08T00:27:17.130+0000] {logging_mixin.py:188} INFO - [2026-03-08T00:27:17.129+0000] {dagbag.py:545} INFO - Filling up the DagBag from /opt/airflow/dags/etl_users_dag.py
[2026-03-08T00:27:17.151+0000] {processor.py:840} INFO - DAG(s) 'etl_users_pipeline' retrieved from /opt/airflow/dags/etl_users_dag.py
[2026-03-08T00:27:17.190+0000] {logging_mixin.py:188} INFO - [2026-03-08T00:27:17.190+0000] {dag.py:3089} INFO - Sync 1 DAGs
[2026-03-08T00:27:17.202+0000] {logging_mixin.py:188} INFO - [2026-03-08T00:27:17.202+0000] {dag.py:3947} INFO - Setting next_dagrun for etl_users_pipeline to None, run_after=None
[2026-03-08T00:27:17.219+0000] {processor.py:183} INFO - Processing /opt/airflow/dags/etl_users_dag.py took 0.108 seconds
[2026-03-08T00:27:47.696+0000] {processor.py:161} INFO - Started process (PID=4090) to work on /opt/airflow/dags/etl_users_dag.py
[2026-03-08T00:27:47.698+0000] {processor.py:830} INFO - Processing file /opt/airflow/dags/etl_users_dag.py for tasks to queue
[2026-03-08T00:27:47.700+0000] {logging_mixin.py:188} INFO - [2026-03-08T00:27:47.700+0000] {dagbag.py:545} INFO - Filling up the DagBag from /opt/airflow/dags/etl_users_dag.py
[2026-03-08T00:27:47.711+0000] {processor.py:840} INFO - DAG(s) 'etl_users_pipeline' retrieved from /opt/airflow/dags/etl_users_dag.py
[2026-03-08T00:27:47.742+0000] {logging_mixin.py:188} INFO - [2026-03-08T00:27:47.742+0000] {dag.py:3089} INFO - Sync 1 DAGs
[2026-03-08T00:27:47.753+0000] {logging_mixin.py:188} INFO - [2026-03-08T00:27:47.753+0000] {dag.py:3947} INFO - Setting next_dagrun for etl_users_pipeline to None, run_after=None
[2026-03-08T00:27:47.767+0000] {processor.py:183} INFO - Processing /opt/airflow/dags/etl_users_dag.py took 0.082 seconds
[2026-03-08T00:28:18.233+0000] {processor.py:161} INFO - Started process (PID=4100) to work on /opt/airflow/dags/etl_users_dag.py
[2026-03-08T00:28:18.234+0000] {processor.py:830} INFO - Processing file /opt/airflow/dags/etl_users_dag.py for tasks to queue
[2026-03-08T00:28:18.237+0000] {logging_mixin.py:188} INFO - [2026-03-08T00:28:18.237+0000] {dagbag.py:545} INFO - Filling up the DagBag from /opt/airflow/dags/etl_users_dag.py
[2026-03-08T00:28:18.252+0000] {processor.py:840} INFO - DAG(s) 'etl_users_pipeline' retrieved from /opt/airflow/dags/etl_users_dag.py
[2026-03-08T00:28:18.276+0000] {logging_mixin.py:188} INFO - [2026-03-08T00:28:18.276+0000] {dag.py:3089} INFO - Sync 1 DAGs
[2026-03-08T00:28:18.286+0000] {logging_mixin.py:188} INFO - [2026-03-08T00:28:18.286+0000] {dag.py:3947} INFO - Setting next_dagrun for etl_users_pipeline to None, run_after=None
[2026-03-08T00:28:18.298+0000] {processor.py:183} INFO - Processing /opt/airflow/dags/etl_users_dag.py took 0.077 seconds
[2026-03-08T00:28:48.763+0000] {processor.py:161} INFO - Started process (PID=4110) to work on /opt/airflow/dags/etl_users_dag.py
[2026-03-08T00:28:48.765+0000] {processor.py:830} INFO - Processing file /opt/airflow/dags/etl_users_dag.py for tasks to queue
[2026-03-08T00:28:48.767+0000] {logging_mixin.py:188} INFO - [2026-03-08T00:28:48.767+0000] {dagbag.py:545} INFO - Filling up the DagBag from /opt/airflow/dags/etl_users_dag.py
[2026-03-08T00:28:48.787+0000] {processor.py:840} INFO - DAG(s) 'etl_users_pipeline' retrieved from /opt/airflow/dags/etl_users_dag.py
[2026-03-08T00:28:48.828+0000] {logging_mixin.py:188} INFO - [2026-03-08T00:28:48.828+0000] {dag.py:3089} INFO - Sync 1 DAGs
[2026-03-08T00:28:48.840+0000] {logging_mixin.py:188} INFO - [2026-03-08T00:28:48.840+0000] {dag.py:3947} INFO - Setting next_dagrun for etl_users_pipeline to None, run_after=None
[2026-03-08T00:28:48.856+0000] {processor.py:183} INFO - Processing /opt/airflow/dags/etl_users_dag.py took 0.115 seconds
[2026-03-08T00:29:19.217+0000] {processor.py:161} INFO - Started process (PID=4120) to work on /opt/airflow/dags/etl_users_dag.py
[2026-03-08T00:29:19.219+0000] {processor.py:830} INFO - Processing file /opt/airflow/dags/etl_users_dag.py for tasks to queue
[2026-03-08T00:29:19.221+0000] {logging_mixin.py:188} INFO - [2026-03-08T00:29:19.220+0000] {dagbag.py:545} INFO - Filling up the DagBag from /opt/airflow/dags/etl_users_dag.py
[2026-03-08T00:29:19.231+0000] {processor.py:840} INFO - DAG(s) 'etl_users_pipeline' retrieved from /opt/airflow/dags/etl_users_dag.py
[2026-03-08T00:29:19.255+0000] {logging_mixin.py:188} INFO - [2026-03-08T00:29:19.255+0000] {dag.py:3089} INFO - Sync 1 DAGs
[2026-03-08T00:29:19.267+0000] {logging_mixin.py:188} INFO - [2026-03-08T00:29:19.267+0000] {dag.py:3947} INFO - Setting next_dagrun for etl_users_pipeline to None, run_after=None
[2026-03-08T00:29:19.280+0000] {processor.py:183} INFO - Processing /opt/airflow/dags/etl_users_dag.py took 0.083 seconds
[2026-03-08T00:29:49.759+0000] {processor.py:161} INFO - Started process (PID=4130) to work on /opt/airflow/dags/etl_users_dag.py
[2026-03-08T00:29:49.762+0000] {processor.py:830} INFO - Processing file /opt/airflow/dags/etl_users_dag.py for tasks to queue
[2026-03-08T00:29:49.766+0000] {logging_mixin.py:188} INFO - [2026-03-08T00:29:49.765+0000] {dagbag.py:545} INFO - Filling up the DagBag from /opt/airflow/dags/etl_users_dag.py
[2026-03-08T00:29:49.788+0000] {processor.py:840} INFO - DAG(s) 'etl_users_pipeline' retrieved from /opt/airflow/dags/etl_users_dag.py
[2026-03-08T00:29:49.830+0000] {logging_mixin.py:188} INFO - [2026-03-08T00:29:49.830+0000] {dag.py:3089} INFO - Sync 1 DAGs
[2026-03-08T00:29:49.843+0000] {logging_mixin.py:188} INFO - [2026-03-08T00:29:49.843+0000] {dag.py:3947} INFO - Setting next_dagrun for etl_users_pipeline to None, run_after=None
[2026-03-08T00:29:49.859+0000] {processor.py:183} INFO - Processing /opt/airflow/dags/etl_users_dag.py took 0.131 seconds
[2026-03-08T00:30:20.319+0000] {processor.py:161} INFO - Started process (PID=4140) to work on /opt/airflow/dags/etl_users_dag.py
[2026-03-08T00:30:20.321+0000] {processor.py:830} INFO - Processing file /opt/airflow/dags/etl_users_dag.py for tasks to queue
[2026-03-08T00:30:20.330+0000] {logging_mixin.py:188} INFO - [2026-03-08T00:30:20.329+0000] {dagbag.py:545} INFO - Filling up the DagBag from /opt/airflow/dags/etl_users_dag.py
[2026-03-08T00:30:20.352+0000] {processor.py:840} INFO - DAG(s) 'etl_users_pipeline' retrieved from /opt/airflow/dags/etl_users_dag.py
[2026-03-08T00:30:20.386+0000] {logging_mixin.py:188} INFO - [2026-03-08T00:30:20.386+0000] {dag.py:3089} INFO - Sync 1 DAGs
[2026-03-08T00:30:20.396+0000] {logging_mixin.py:188} INFO - [2026-03-08T00:30:20.396+0000] {dag.py:3947} INFO - Setting next_dagrun for etl_users_pipeline to None, run_after=None
[2026-03-08T00:30:20.411+0000] {processor.py:183} INFO - Processing /opt/airflow/dags/etl_users_dag.py took 0.103 seconds
[2026-03-08T00:30:50.781+0000] {processor.py:161} INFO - Started process (PID=4150) to work on /opt/airflow/dags/etl_users_dag.py
[2026-03-08T00:30:50.783+0000] {processor.py:830} INFO - Processing file /opt/airflow/dags/etl_users_dag.py for tasks to queue
[2026-03-08T00:30:50.787+0000] {logging_mixin.py:188} INFO - [2026-03-08T00:30:50.786+0000] {dagbag.py:545} INFO - Filling up the DagBag from /opt/airflow/dags/etl_users_dag.py
[2026-03-08T00:30:50.808+0000] {processor.py:840} INFO - DAG(s) 'etl_users_pipeline' retrieved from /opt/airflow/dags/etl_users_dag.py
[2026-03-08T00:30:50.848+0000] {logging_mixin.py:188} INFO - [2026-03-08T00:30:50.848+0000] {dag.py:3089} INFO - Sync 1 DAGs
[2026-03-08T00:30:50.860+0000] {logging_mixin.py:188} INFO - [2026-03-08T00:30:50.860+0000] {dag.py:3947} INFO - Setting next_dagrun for etl_users_pipeline to None, run_after=None
[2026-03-08T00:30:50.879+0000] {processor.py:183} INFO - Processing /opt/airflow/dags/etl_users_dag.py took 0.111 seconds
[2026-03-08T00:31:21.192+0000] {processor.py:161} INFO - Started process (PID=4160) to work on /opt/airflow/dags/etl_users_dag.py
[2026-03-08T00:31:21.194+0000] {processor.py:830} INFO - Processing file /opt/airflow/dags/etl_users_dag.py for tasks to queue
[2026-03-08T00:31:21.197+0000] {logging_mixin.py:188} INFO - [2026-03-08T00:31:21.197+0000] {dagbag.py:545} INFO - Filling up the DagBag from /opt/airflow/dags/etl_users_dag.py
[2026-03-08T00:31:21.213+0000] {processor.py:840} INFO - DAG(s) 'etl_users_pipeline' retrieved from /opt/airflow/dags/etl_users_dag.py
[2026-03-08T00:31:21.256+0000] {logging_mixin.py:188} INFO - [2026-03-08T00:31:21.255+0000] {dag.py:3089} INFO - Sync 1 DAGs
[2026-03-08T00:31:21.270+0000] {logging_mixin.py:188} INFO - [2026-03-08T00:31:21.269+0000] {dag.py:3947} INFO - Setting next_dagrun for etl_users_pipeline to None, run_after=None
[2026-03-08T00:31:21.294+0000] {processor.py:183} INFO - Processing /opt/airflow/dags/etl_users_dag.py took 0.114 seconds
[2026-03-08T00:31:51.682+0000] {processor.py:161} INFO - Started process (PID=4170) to work on /opt/airflow/dags/etl_users_dag.py
[2026-03-08T00:31:51.684+0000] {processor.py:830} INFO - Processing file /opt/airflow/dags/etl_users_dag.py for tasks to queue
[2026-03-08T00:31:51.690+0000] {logging_mixin.py:188} INFO - [2026-03-08T00:31:51.689+0000] {dagbag.py:545} INFO - Filling up the DagBag from /opt/airflow/dags/etl_users_dag.py
[2026-03-08T00:31:51.709+0000] {processor.py:840} INFO - DAG(s) 'etl_users_pipeline' retrieved from /opt/airflow/dags/etl_users_dag.py
[2026-03-08T00:31:51.754+0000] {logging_mixin.py:188} INFO - [2026-03-08T00:31:51.754+0000] {dag.py:3089} INFO - Sync 1 DAGs
[2026-03-08T00:31:51.765+0000] {logging_mixin.py:188} INFO - [2026-03-08T00:31:51.765+0000] {dag.py:3947} INFO - Setting next_dagrun for etl_users_pipeline to None, run_after=None
[2026-03-08T00:31:51.783+0000] {processor.py:183} INFO - Processing /opt/airflow/dags/etl_users_dag.py took 0.116 seconds
[2026-03-08T00:32:22.146+0000] {processor.py:161} INFO - Started process (PID=4180) to work on /opt/airflow/dags/etl_users_dag.py
[2026-03-08T00:32:22.151+0000] {processor.py:830} INFO - Processing file /opt/airflow/dags/etl_users_dag.py for tasks to queue
[2026-03-08T00:32:22.155+0000] {logging_mixin.py:188} INFO - [2026-03-08T00:32:22.154+0000] {dagbag.py:545} INFO - Filling up the DagBag from /opt/airflow/dags/etl_users_dag.py
[2026-03-08T00:32:22.171+0000] {processor.py:840} INFO - DAG(s) 'etl_users_pipeline' retrieved from /opt/airflow/dags/etl_users_dag.py
[2026-03-08T00:32:22.234+0000] {logging_mixin.py:188} INFO - [2026-03-08T00:32:22.233+0000] {dag.py:3089} INFO - Sync 1 DAGs
[2026-03-08T00:32:22.249+0000] {logging_mixin.py:188} INFO - [2026-03-08T00:32:22.248+0000] {dag.py:3947} INFO - Setting next_dagrun for etl_users_pipeline to None, run_after=None
[2026-03-08T00:32:22.267+0000] {processor.py:183} INFO - Processing /opt/airflow/dags/etl_users_dag.py took 0.141 seconds
[2026-03-08T00:32:52.681+0000] {processor.py:161} INFO - Started process (PID=4190) to work on /opt/airflow/dags/etl_users_dag.py
[2026-03-08T00:32:52.683+0000] {processor.py:830} INFO - Processing file /opt/airflow/dags/etl_users_dag.py for tasks to queue
[2026-03-08T00:32:52.687+0000] {logging_mixin.py:188} INFO - [2026-03-08T00:32:52.686+0000] {dagbag.py:545} INFO - Filling up the DagBag from /opt/airflow/dags/etl_users_dag.py
[2026-03-08T00:32:52.714+0000] {processor.py:840} INFO - DAG(s) 'etl_users_pipeline' retrieved from /opt/airflow/dags/etl_users_dag.py
[2026-03-08T00:32:52.764+0000] {logging_mixin.py:188} INFO - [2026-03-08T00:32:52.763+0000] {dag.py:3089} INFO - Sync 1 DAGs
[2026-03-08T00:32:52.779+0000] {logging_mixin.py:188} INFO - [2026-03-08T00:32:52.779+0000] {dag.py:3947} INFO - Setting next_dagrun for etl_users_pipeline to None, run_after=None
[2026-03-08T00:32:52.795+0000] {processor.py:183} INFO - Processing /opt/airflow/dags/etl_users_dag.py took 0.128 seconds
[2026-03-08T00:33:23.151+0000] {processor.py:161} INFO - Started process (PID=4200) to work on /opt/airflow/dags/etl_users_dag.py
[2026-03-08T00:33:23.154+0000] {processor.py:830} INFO - Processing file /opt/airflow/dags/etl_users_dag.py for tasks to queue
[2026-03-08T00:33:23.157+0000] {logging_mixin.py:188} INFO - [2026-03-08T00:33:23.157+0000] {dagbag.py:545} INFO - Filling up the DagBag from /opt/airflow/dags/etl_users_dag.py
[2026-03-08T00:33:23.172+0000] {processor.py:840} INFO - DAG(s) 'etl_users_pipeline' retrieved from /opt/airflow/dags/etl_users_dag.py
[2026-03-08T00:33:23.195+0000] {logging_mixin.py:188} INFO - [2026-03-08T00:33:23.195+0000] {dag.py:3089} INFO - Sync 1 DAGs
[2026-03-08T00:33:23.202+0000] {logging_mixin.py:188} INFO - [2026-03-08T00:33:23.202+0000] {dag.py:3947} INFO - Setting next_dagrun for etl_users_pipeline to None, run_after=None
[2026-03-08T00:33:23.227+0000] {processor.py:183} INFO - Processing /opt/airflow/dags/etl_users_dag.py took 0.086 seconds
[2026-03-08T00:33:53.650+0000] {processor.py:161} INFO - Started process (PID=4210) to work on /opt/airflow/dags/etl_users_dag.py
[2026-03-08T00:33:53.651+0000] {processor.py:830} INFO - Processing file /opt/airflow/dags/etl_users_dag.py for tasks to queue
[2026-03-08T00:33:53.654+0000] {logging_mixin.py:188} INFO - [2026-03-08T00:33:53.653+0000] {dagbag.py:545} INFO - Filling up the DagBag from /opt/airflow/dags/etl_users_dag.py
[2026-03-08T00:33:53.671+0000] {processor.py:840} INFO - DAG(s) 'etl_users_pipeline' retrieved from /opt/airflow/dags/etl_users_dag.py
[2026-03-08T00:33:53.714+0000] {logging_mixin.py:188} INFO - [2026-03-08T00:33:53.713+0000] {dag.py:3089} INFO - Sync 1 DAGs
[2026-03-08T00:33:53.725+0000] {logging_mixin.py:188} INFO - [2026-03-08T00:33:53.725+0000] {dag.py:3947} INFO - Setting next_dagrun for etl_users_pipeline to None, run_after=None
[2026-03-08T00:33:53.744+0000] {processor.py:183} INFO - Processing /opt/airflow/dags/etl_users_dag.py took 0.102 seconds
[2026-03-08T00:34:24.058+0000] {processor.py:161} INFO - Started process (PID=4220) to work on /opt/airflow/dags/etl_users_dag.py
[2026-03-08T00:34:24.060+0000] {processor.py:830} INFO - Processing file /opt/airflow/dags/etl_users_dag.py for tasks to queue
[2026-03-08T00:34:24.062+0000] {logging_mixin.py:188} INFO - [2026-03-08T00:34:24.062+0000] {dagbag.py:545} INFO - Filling up the DagBag from /opt/airflow/dags/etl_users_dag.py
[2026-03-08T00:34:24.076+0000] {processor.py:840} INFO - DAG(s) 'etl_users_pipeline' retrieved from /opt/airflow/dags/etl_users_dag.py
[2026-03-08T00:34:24.107+0000] {logging_mixin.py:188} INFO - [2026-03-08T00:34:24.107+0000] {dag.py:3089} INFO - Sync 1 DAGs
[2026-03-08T00:34:24.117+0000] {logging_mixin.py:188} INFO - [2026-03-08T00:34:24.117+0000] {dag.py:3947} INFO - Setting next_dagrun for etl_users_pipeline to None, run_after=None
[2026-03-08T00:34:24.133+0000] {processor.py:183} INFO - Processing /opt/airflow/dags/etl_users_dag.py took 0.091 seconds
[2026-03-08T00:51:56.188+0000] {processor.py:161} INFO - Started process (PID=4230) to work on /opt/airflow/dags/etl_users_dag.py
[2026-03-08T00:51:56.189+0000] {processor.py:830} INFO - Processing file /opt/airflow/dags/etl_users_dag.py for tasks to queue
[2026-03-08T00:51:56.192+0000] {logging_mixin.py:188} INFO - [2026-03-08T00:51:56.191+0000] {dagbag.py:545} INFO - Filling up the DagBag from /opt/airflow/dags/etl_users_dag.py
[2026-03-08T00:51:56.209+0000] {processor.py:840} INFO - DAG(s) 'etl_users_pipeline' retrieved from /opt/airflow/dags/etl_users_dag.py
[2026-03-08T00:51:56.255+0000] {logging_mixin.py:188} INFO - [2026-03-08T00:51:56.255+0000] {dag.py:3089} INFO - Sync 1 DAGs
[2026-03-08T00:51:56.271+0000] {logging_mixin.py:188} INFO - [2026-03-08T00:51:56.271+0000] {dag.py:3947} INFO - Setting next_dagrun for etl_users_pipeline to None, run_after=None
[2026-03-08T00:51:56.288+0000] {processor.py:183} INFO - Processing /opt/airflow/dags/etl_users_dag.py took 0.114 seconds
[2026-03-08T00:52:26.577+0000] {processor.py:161} INFO - Started process (PID=4240) to work on /opt/airflow/dags/etl_users_dag.py
[2026-03-08T00:52:26.578+0000] {processor.py:830} INFO - Processing file /opt/airflow/dags/etl_users_dag.py for tasks to queue
[2026-03-08T00:52:26.580+0000] {logging_mixin.py:188} INFO - [2026-03-08T00:52:26.579+0000] {dagbag.py:545} INFO - Filling up the DagBag from /opt/airflow/dags/etl_users_dag.py
[2026-03-08T00:52:26.592+0000] {processor.py:840} INFO - DAG(s) 'etl_users_pipeline' retrieved from /opt/airflow/dags/etl_users_dag.py
[2026-03-08T00:52:26.623+0000] {logging_mixin.py:188} INFO - [2026-03-08T00:52:26.623+0000] {dag.py:3089} INFO - Sync 1 DAGs
[2026-03-08T00:52:26.632+0000] {logging_mixin.py:188} INFO - [2026-03-08T00:52:26.632+0000] {dag.py:3947} INFO - Setting next_dagrun for etl_users_pipeline to None, run_after=None
[2026-03-08T00:52:26.645+0000] {processor.py:183} INFO - Processing /opt/airflow/dags/etl_users_dag.py took 0.075 seconds
[2026-03-08T00:52:57.095+0000] {processor.py:161} INFO - Started process (PID=4250) to work on /opt/airflow/dags/etl_users_dag.py
[2026-03-08T00:52:57.097+0000] {processor.py:830} INFO - Processing file /opt/airflow/dags/etl_users_dag.py for tasks to queue
[2026-03-08T00:52:57.099+0000] {logging_mixin.py:188} INFO - [2026-03-08T00:52:57.099+0000] {dagbag.py:545} INFO - Filling up the DagBag from /opt/airflow/dags/etl_users_dag.py
[2026-03-08T00:52:57.116+0000] {processor.py:840} INFO - DAG(s) 'etl_users_pipeline' retrieved from /opt/airflow/dags/etl_users_dag.py
[2026-03-08T00:52:57.152+0000] {logging_mixin.py:188} INFO - [2026-03-08T00:52:57.151+0000] {dag.py:3089} INFO - Sync 1 DAGs
[2026-03-08T00:52:57.165+0000] {logging_mixin.py:188} INFO - [2026-03-08T00:52:57.165+0000] {dag.py:3947} INFO - Setting next_dagrun for etl_users_pipeline to None, run_after=None
[2026-03-08T00:52:57.180+0000] {processor.py:183} INFO - Processing /opt/airflow/dags/etl_users_dag.py took 0.097 seconds
[2026-03-08T00:53:27.517+0000] {processor.py:161} INFO - Started process (PID=4260) to work on /opt/airflow/dags/etl_users_dag.py
[2026-03-08T00:53:27.518+0000] {processor.py:830} INFO - Processing file /opt/airflow/dags/etl_users_dag.py for tasks to queue
[2026-03-08T00:53:27.520+0000] {logging_mixin.py:188} INFO - [2026-03-08T00:53:27.520+0000] {dagbag.py:545} INFO - Filling up the DagBag from /opt/airflow/dags/etl_users_dag.py
[2026-03-08T00:53:27.534+0000] {processor.py:840} INFO - DAG(s) 'etl_users_pipeline' retrieved from /opt/airflow/dags/etl_users_dag.py
[2026-03-08T00:53:27.573+0000] {logging_mixin.py:188} INFO - [2026-03-08T00:53:27.572+0000] {dag.py:3089} INFO - Sync 1 DAGs
[2026-03-08T00:53:27.581+0000] {logging_mixin.py:188} INFO - [2026-03-08T00:53:27.581+0000] {dag.py:3947} INFO - Setting next_dagrun for etl_users_pipeline to None, run_after=None
[2026-03-08T00:53:27.595+0000] {processor.py:183} INFO - Processing /opt/airflow/dags/etl_users_dag.py took 0.086 seconds
[2026-03-08T00:53:57.978+0000] {processor.py:161} INFO - Started process (PID=4270) to work on /opt/airflow/dags/etl_users_dag.py
[2026-03-08T00:53:57.979+0000] {processor.py:830} INFO - Processing file /opt/airflow/dags/etl_users_dag.py for tasks to queue
[2026-03-08T00:53:57.981+0000] {logging_mixin.py:188} INFO - [2026-03-08T00:53:57.981+0000] {dagbag.py:545} INFO - Filling up the DagBag from /opt/airflow/dags/etl_users_dag.py
[2026-03-08T00:53:57.995+0000] {processor.py:840} INFO - DAG(s) 'etl_users_pipeline' retrieved from /opt/airflow/dags/etl_users_dag.py
[2026-03-08T00:53:58.024+0000] {logging_mixin.py:188} INFO - [2026-03-08T00:53:58.024+0000] {dag.py:3089} INFO - Sync 1 DAGs
[2026-03-08T00:53:58.035+0000] {logging_mixin.py:188} INFO - [2026-03-08T00:53:58.035+0000] {dag.py:3947} INFO - Setting next_dagrun for etl_users_pipeline to None, run_after=None
[2026-03-08T00:53:58.049+0000] {processor.py:183} INFO - Processing /opt/airflow/dags/etl_users_dag.py took 0.078 seconds
[2026-03-08T00:54:28.462+0000] {processor.py:161} INFO - Started process (PID=4280) to work on /opt/airflow/dags/etl_users_dag.py
[2026-03-08T00:54:28.463+0000] {processor.py:830} INFO - Processing file /opt/airflow/dags/etl_users_dag.py for tasks to queue
[2026-03-08T00:54:28.464+0000] {logging_mixin.py:188} INFO - [2026-03-08T00:54:28.464+0000] {dagbag.py:545} INFO - Filling up the DagBag from /opt/airflow/dags/etl_users_dag.py
[2026-03-08T00:54:28.480+0000] {processor.py:840} INFO - DAG(s) 'etl_users_pipeline' retrieved from /opt/airflow/dags/etl_users_dag.py
[2026-03-08T00:54:28.508+0000] {logging_mixin.py:188} INFO - [2026-03-08T00:54:28.508+0000] {dag.py:3089} INFO - Sync 1 DAGs
[2026-03-08T00:54:28.516+0000] {logging_mixin.py:188} INFO - [2026-03-08T00:54:28.516+0000] {dag.py:3947} INFO - Setting next_dagrun for etl_users_pipeline to None, run_after=None
[2026-03-08T00:54:28.529+0000] {processor.py:183} INFO - Processing /opt/airflow/dags/etl_users_dag.py took 0.075 seconds
[2026-03-08T00:54:58.985+0000] {processor.py:161} INFO - Started process (PID=4290) to work on /opt/airflow/dags/etl_users_dag.py
[2026-03-08T00:54:58.986+0000] {processor.py:830} INFO - Processing file /opt/airflow/dags/etl_users_dag.py for tasks to queue
[2026-03-08T00:54:58.988+0000] {logging_mixin.py:188} INFO - [2026-03-08T00:54:58.988+0000] {dagbag.py:545} INFO - Filling up the DagBag from /opt/airflow/dags/etl_users_dag.py
[2026-03-08T00:54:58.999+0000] {processor.py:840} INFO - DAG(s) 'etl_users_pipeline' retrieved from /opt/airflow/dags/etl_users_dag.py
[2026-03-08T00:54:59.032+0000] {logging_mixin.py:188} INFO - [2026-03-08T00:54:59.031+0000] {dag.py:3089} INFO - Sync 1 DAGs
[2026-03-08T00:54:59.040+0000] {logging_mixin.py:188} INFO - [2026-03-08T00:54:59.040+0000] {dag.py:3947} INFO - Setting next_dagrun for etl_users_pipeline to None, run_after=None
[2026-03-08T00:54:59.054+0000] {processor.py:183} INFO - Processing /opt/airflow/dags/etl_users_dag.py took 0.076 seconds
[2026-03-08T01:02:55.626+0000] {processor.py:161} INFO - Started process (PID=4300) to work on /opt/airflow/dags/etl_users_dag.py
[2026-03-08T01:02:55.627+0000] {processor.py:830} INFO - Processing file /opt/airflow/dags/etl_users_dag.py for tasks to queue
[2026-03-08T01:02:55.628+0000] {logging_mixin.py:188} INFO - [2026-03-08T01:02:55.628+0000] {dagbag.py:545} INFO - Filling up the DagBag from /opt/airflow/dags/etl_users_dag.py
[2026-03-08T01:02:55.637+0000] {processor.py:840} INFO - DAG(s) 'etl_users_pipeline' retrieved from /opt/airflow/dags/etl_users_dag.py
[2026-03-08T01:02:55.661+0000] {logging_mixin.py:188} INFO - [2026-03-08T01:02:55.661+0000] {dag.py:3089} INFO - Sync 1 DAGs
[2026-03-08T01:02:55.670+0000] {logging_mixin.py:188} INFO - [2026-03-08T01:02:55.670+0000] {dag.py:3947} INFO - Setting next_dagrun for etl_users_pipeline to None, run_after=None
[2026-03-08T01:02:55.682+0000] {processor.py:183} INFO - Processing /opt/airflow/dags/etl_users_dag.py took 0.062 seconds
[2026-03-08T01:15:56.907+0000] {processor.py:161} INFO - Started process (PID=4310) to work on /opt/airflow/dags/etl_users_dag.py
[2026-03-08T01:15:56.908+0000] {processor.py:830} INFO - Processing file /opt/airflow/dags/etl_users_dag.py for tasks to queue
[2026-03-08T01:15:56.910+0000] {logging_mixin.py:188} INFO - [2026-03-08T01:15:56.909+0000] {dagbag.py:545} INFO - Filling up the DagBag from /opt/airflow/dags/etl_users_dag.py
[2026-03-08T01:15:56.923+0000] {processor.py:840} INFO - DAG(s) 'etl_users_pipeline' retrieved from /opt/airflow/dags/etl_users_dag.py
[2026-03-08T01:15:56.960+0000] {logging_mixin.py:188} INFO - [2026-03-08T01:15:56.960+0000] {dag.py:3089} INFO - Sync 1 DAGs
[2026-03-08T01:15:56.968+0000] {logging_mixin.py:188} INFO - [2026-03-08T01:15:56.968+0000] {dag.py:3947} INFO - Setting next_dagrun for etl_users_pipeline to None, run_after=None
[2026-03-08T01:15:56.983+0000] {processor.py:183} INFO - Processing /opt/airflow/dags/etl_users_dag.py took 0.083 seconds
[2026-03-08T01:16:27.341+0000] {processor.py:161} INFO - Started process (PID=4320) to work on /opt/airflow/dags/etl_users_dag.py
[2026-03-08T01:16:27.344+0000] {processor.py:830} INFO - Processing file /opt/airflow/dags/etl_users_dag.py for tasks to queue
[2026-03-08T01:16:27.346+0000] {logging_mixin.py:188} INFO - [2026-03-08T01:16:27.346+0000] {dagbag.py:545} INFO - Filling up the DagBag from /opt/airflow/dags/etl_users_dag.py
[2026-03-08T01:16:27.363+0000] {processor.py:840} INFO - DAG(s) 'etl_users_pipeline' retrieved from /opt/airflow/dags/etl_users_dag.py
[2026-03-08T01:16:27.396+0000] {logging_mixin.py:188} INFO - [2026-03-08T01:16:27.396+0000] {dag.py:3089} INFO - Sync 1 DAGs
[2026-03-08T01:16:27.408+0000] {logging_mixin.py:188} INFO - [2026-03-08T01:16:27.408+0000] {dag.py:3947} INFO - Setting next_dagrun for etl_users_pipeline to None, run_after=None
[2026-03-08T01:16:27.433+0000] {processor.py:183} INFO - Processing /opt/airflow/dags/etl_users_dag.py took 0.105 seconds
[2026-03-08T01:16:57.829+0000] {processor.py:161} INFO - Started process (PID=4330) to work on /opt/airflow/dags/etl_users_dag.py
[2026-03-08T01:16:57.830+0000] {processor.py:830} INFO - Processing file /opt/airflow/dags/etl_users_dag.py for tasks to queue
[2026-03-08T01:16:57.831+0000] {logging_mixin.py:188} INFO - [2026-03-08T01:16:57.831+0000] {dagbag.py:545} INFO - Filling up the DagBag from /opt/airflow/dags/etl_users_dag.py
[2026-03-08T01:16:57.837+0000] {processor.py:840} INFO - DAG(s) 'etl_users_pipeline' retrieved from /opt/airflow/dags/etl_users_dag.py
[2026-03-08T01:16:57.880+0000] {logging_mixin.py:188} INFO - [2026-03-08T01:16:57.880+0000] {dag.py:3089} INFO - Sync 1 DAGs
[2026-03-08T01:16:57.888+0000] {logging_mixin.py:188} INFO - [2026-03-08T01:16:57.888+0000] {dag.py:3947} INFO - Setting next_dagrun for etl_users_pipeline to None, run_after=None
[2026-03-08T01:16:57.901+0000] {processor.py:183} INFO - Processing /opt/airflow/dags/etl_users_dag.py took 0.077 seconds
[2026-03-08T01:33:34.749+0000] {processor.py:161} INFO - Started process (PID=4340) to work on /opt/airflow/dags/etl_users_dag.py
[2026-03-08T01:33:34.750+0000] {processor.py:830} INFO - Processing file /opt/airflow/dags/etl_users_dag.py for tasks to queue
[2026-03-08T01:33:34.753+0000] {logging_mixin.py:188} INFO - [2026-03-08T01:33:34.752+0000] {dagbag.py:545} INFO - Filling up the DagBag from /opt/airflow/dags/etl_users_dag.py
[2026-03-08T01:33:34.771+0000] {processor.py:840} INFO - DAG(s) 'etl_users_pipeline' retrieved from /opt/airflow/dags/etl_users_dag.py
[2026-03-08T01:33:34.810+0000] {logging_mixin.py:188} INFO - [2026-03-08T01:33:34.810+0000] {dag.py:3089} INFO - Sync 1 DAGs
[2026-03-08T01:33:34.821+0000] {logging_mixin.py:188} INFO - [2026-03-08T01:33:34.821+0000] {dag.py:3947} INFO - Setting next_dagrun for etl_users_pipeline to None, run_after=None
[2026-03-08T01:33:34.838+0000] {processor.py:183} INFO - Processing /opt/airflow/dags/etl_users_dag.py took 0.098 seconds
[2026-03-08T01:34:05.271+0000] {processor.py:161} INFO - Started process (PID=4350) to work on /opt/airflow/dags/etl_users_dag.py
[2026-03-08T01:34:05.272+0000] {processor.py:830} INFO - Processing file /opt/airflow/dags/etl_users_dag.py for tasks to queue
[2026-03-08T01:34:05.274+0000] {logging_mixin.py:188} INFO - [2026-03-08T01:34:05.274+0000] {dagbag.py:545} INFO - Filling up the DagBag from /opt/airflow/dags/etl_users_dag.py
[2026-03-08T01:34:05.285+0000] {processor.py:840} INFO - DAG(s) 'etl_users_pipeline' retrieved from /opt/airflow/dags/etl_users_dag.py
[2026-03-08T01:34:05.317+0000] {logging_mixin.py:188} INFO - [2026-03-08T01:34:05.317+0000] {dag.py:3089} INFO - Sync 1 DAGs
[2026-03-08T01:34:05.326+0000] {logging_mixin.py:188} INFO - [2026-03-08T01:34:05.326+0000] {dag.py:3947} INFO - Setting next_dagrun for etl_users_pipeline to None, run_after=None
[2026-03-08T01:34:05.344+0000] {processor.py:183} INFO - Processing /opt/airflow/dags/etl_users_dag.py took 0.080 seconds
[2026-03-08T01:34:35.786+0000] {processor.py:161} INFO - Started process (PID=4360) to work on /opt/airflow/dags/etl_users_dag.py
[2026-03-08T01:34:35.787+0000] {processor.py:830} INFO - Processing file /opt/airflow/dags/etl_users_dag.py for tasks to queue
[2026-03-08T01:34:35.790+0000] {logging_mixin.py:188} INFO - [2026-03-08T01:34:35.790+0000] {dagbag.py:545} INFO - Filling up the DagBag from /opt/airflow/dags/etl_users_dag.py
[2026-03-08T01:34:35.807+0000] {processor.py:840} INFO - DAG(s) 'etl_users_pipeline' retrieved from /opt/airflow/dags/etl_users_dag.py
[2026-03-08T01:34:35.839+0000] {logging_mixin.py:188} INFO - [2026-03-08T01:34:35.839+0000] {dag.py:3089} INFO - Sync 1 DAGs
[2026-03-08T01:34:35.850+0000] {logging_mixin.py:188} INFO - [2026-03-08T01:34:35.850+0000] {dag.py:3947} INFO - Setting next_dagrun for etl_users_pipeline to None, run_after=None
[2026-03-08T01:34:35.870+0000] {processor.py:183} INFO - Processing /opt/airflow/dags/etl_users_dag.py took 0.095 seconds
[2026-03-08T01:35:06.197+0000] {processor.py:161} INFO - Started process (PID=4370) to work on /opt/airflow/dags/etl_users_dag.py
[2026-03-08T01:35:06.198+0000] {processor.py:830} INFO - Processing file /opt/airflow/dags/etl_users_dag.py for tasks to queue
[2026-03-08T01:35:06.202+0000] {logging_mixin.py:188} INFO - [2026-03-08T01:35:06.201+0000] {dagbag.py:545} INFO - Filling up the DagBag from /opt/airflow/dags/etl_users_dag.py
[2026-03-08T01:35:06.219+0000] {processor.py:840} INFO - DAG(s) 'etl_users_pipeline' retrieved from /opt/airflow/dags/etl_users_dag.py
[2026-03-08T01:35:06.253+0000] {logging_mixin.py:188} INFO - [2026-03-08T01:35:06.253+0000] {dag.py:3089} INFO - Sync 1 DAGs
[2026-03-08T01:35:06.264+0000] {logging_mixin.py:188} INFO - [2026-03-08T01:35:06.264+0000] {dag.py:3947} INFO - Setting next_dagrun for etl_users_pipeline to None, run_after=None
[2026-03-08T01:35:06.283+0000] {processor.py:183} INFO - Processing /opt/airflow/dags/etl_users_dag.py took 0.098 seconds
[2026-03-08T01:35:36.681+0000] {processor.py:161} INFO - Started process (PID=4380) to work on /opt/airflow/dags/etl_users_dag.py
[2026-03-08T01:35:36.683+0000] {processor.py:830} INFO - Processing file /opt/airflow/dags/etl_users_dag.py for tasks to queue
[2026-03-08T01:35:36.688+0000] {logging_mixin.py:188} INFO - [2026-03-08T01:35:36.687+0000] {dagbag.py:545} INFO - Filling up the DagBag from /opt/airflow/dags/etl_users_dag.py
[2026-03-08T01:35:36.703+0000] {processor.py:840} INFO - DAG(s) 'etl_users_pipeline' retrieved from /opt/airflow/dags/etl_users_dag.py
[2026-03-08T01:35:36.728+0000] {logging_mixin.py:188} INFO - [2026-03-08T01:35:36.728+0000] {dag.py:3089} INFO - Sync 1 DAGs
[2026-03-08T01:35:36.736+0000] {logging_mixin.py:188} INFO - [2026-03-08T01:35:36.736+0000] {dag.py:3947} INFO - Setting next_dagrun for etl_users_pipeline to None, run_after=None
[2026-03-08T01:35:36.749+0000] {processor.py:183} INFO - Processing /opt/airflow/dags/etl_users_dag.py took 0.082 seconds
[2026-03-08T01:36:07.176+0000] {processor.py:161} INFO - Started process (PID=4390) to work on /opt/airflow/dags/etl_users_dag.py
[2026-03-08T01:36:07.178+0000] {processor.py:830} INFO - Processing file /opt/airflow/dags/etl_users_dag.py for tasks to queue
[2026-03-08T01:36:07.180+0000] {logging_mixin.py:188} INFO - [2026-03-08T01:36:07.179+0000] {dagbag.py:545} INFO - Filling up the DagBag from /opt/airflow/dags/etl_users_dag.py
[2026-03-08T01:36:07.193+0000] {processor.py:840} INFO - DAG(s) 'etl_users_pipeline' retrieved from /opt/airflow/dags/etl_users_dag.py
[2026-03-08T01:36:07.222+0000] {logging_mixin.py:188} INFO - [2026-03-08T01:36:07.222+0000] {dag.py:3089} INFO - Sync 1 DAGs
[2026-03-08T01:36:07.232+0000] {logging_mixin.py:188} INFO - [2026-03-08T01:36:07.232+0000] {dag.py:3947} INFO - Setting next_dagrun for etl_users_pipeline to None, run_after=None
[2026-03-08T01:36:07.246+0000] {processor.py:183} INFO - Processing /opt/airflow/dags/etl_users_dag.py took 0.077 seconds
[2026-03-08T01:36:37.570+0000] {processor.py:161} INFO - Started process (PID=4400) to work on /opt/airflow/dags/etl_users_dag.py
[2026-03-08T01:36:37.571+0000] {processor.py:830} INFO - Processing file /opt/airflow/dags/etl_users_dag.py for tasks to queue
[2026-03-08T01:36:37.573+0000] {logging_mixin.py:188} INFO - [2026-03-08T01:36:37.573+0000] {dagbag.py:545} INFO - Filling up the DagBag from /opt/airflow/dags/etl_users_dag.py
[2026-03-08T01:36:37.586+0000] {processor.py:840} INFO - DAG(s) 'etl_users_pipeline' retrieved from /opt/airflow/dags/etl_users_dag.py
[2026-03-08T01:36:37.615+0000] {logging_mixin.py:188} INFO - [2026-03-08T01:36:37.615+0000] {dag.py:3089} INFO - Sync 1 DAGs
[2026-03-08T01:36:37.624+0000] {logging_mixin.py:188} INFO - [2026-03-08T01:36:37.624+0000] {dag.py:3947} INFO - Setting next_dagrun for etl_users_pipeline to None, run_after=None
[2026-03-08T01:36:37.642+0000] {processor.py:183} INFO - Processing /opt/airflow/dags/etl_users_dag.py took 0.079 seconds
[2026-03-08T01:53:18.865+0000] {processor.py:161} INFO - Started process (PID=4410) to work on /opt/airflow/dags/etl_users_dag.py
[2026-03-08T01:53:18.866+0000] {processor.py:830} INFO - Processing file /opt/airflow/dags/etl_users_dag.py for tasks to queue
[2026-03-08T01:53:18.870+0000] {logging_mixin.py:188} INFO - [2026-03-08T01:53:18.869+0000] {dagbag.py:545} INFO - Filling up the DagBag from /opt/airflow/dags/etl_users_dag.py
[2026-03-08T01:53:18.883+0000] {processor.py:840} INFO - DAG(s) 'etl_users_pipeline' retrieved from /opt/airflow/dags/etl_users_dag.py
[2026-03-08T01:53:18.924+0000] {logging_mixin.py:188} INFO - [2026-03-08T01:53:18.924+0000] {dag.py:3089} INFO - Sync 1 DAGs
[2026-03-08T01:53:18.936+0000] {logging_mixin.py:188} INFO - [2026-03-08T01:53:18.936+0000] {dag.py:3947} INFO - Setting next_dagrun for etl_users_pipeline to None, run_after=None
[2026-03-08T01:53:18.959+0000] {processor.py:183} INFO - Processing /opt/airflow/dags/etl_users_dag.py took 0.102 seconds
[2026-03-08T01:53:49.377+0000] {processor.py:161} INFO - Started process (PID=4420) to work on /opt/airflow/dags/etl_users_dag.py
[2026-03-08T01:53:49.379+0000] {processor.py:830} INFO - Processing file /opt/airflow/dags/etl_users_dag.py for tasks to queue
[2026-03-08T01:53:49.386+0000] {logging_mixin.py:188} INFO - [2026-03-08T01:53:49.386+0000] {dagbag.py:545} INFO - Filling up the DagBag from /opt/airflow/dags/etl_users_dag.py
[2026-03-08T01:53:49.395+0000] {processor.py:840} INFO - DAG(s) 'etl_users_pipeline' retrieved from /opt/airflow/dags/etl_users_dag.py
[2026-03-08T01:53:49.421+0000] {logging_mixin.py:188} INFO - [2026-03-08T01:53:49.421+0000] {dag.py:3089} INFO - Sync 1 DAGs
[2026-03-08T01:53:49.428+0000] {logging_mixin.py:188} INFO - [2026-03-08T01:53:49.428+0000] {dag.py:3947} INFO - Setting next_dagrun for etl_users_pipeline to None, run_after=None
[2026-03-08T01:53:49.440+0000] {processor.py:183} INFO - Processing /opt/airflow/dags/etl_users_dag.py took 0.081 seconds
[2026-03-08T01:54:19.753+0000] {processor.py:161} INFO - Started process (PID=4430) to work on /opt/airflow/dags/etl_users_dag.py
[2026-03-08T01:54:19.754+0000] {processor.py:830} INFO - Processing file /opt/airflow/dags/etl_users_dag.py for tasks to queue
[2026-03-08T01:54:19.756+0000] {logging_mixin.py:188} INFO - [2026-03-08T01:54:19.756+0000] {dagbag.py:545} INFO - Filling up the DagBag from /opt/airflow/dags/etl_users_dag.py
[2026-03-08T01:54:19.770+0000] {processor.py:840} INFO - DAG(s) 'etl_users_pipeline' retrieved from /opt/airflow/dags/etl_users_dag.py
[2026-03-08T01:54:19.799+0000] {logging_mixin.py:188} INFO - [2026-03-08T01:54:19.799+0000] {dag.py:3089} INFO - Sync 1 DAGs
[2026-03-08T01:54:19.808+0000] {logging_mixin.py:188} INFO - [2026-03-08T01:54:19.808+0000] {dag.py:3947} INFO - Setting next_dagrun for etl_users_pipeline to None, run_after=None
[2026-03-08T01:54:19.823+0000] {processor.py:183} INFO - Processing /opt/airflow/dags/etl_users_dag.py took 0.079 seconds
[2026-03-08T01:54:50.203+0000] {processor.py:161} INFO - Started process (PID=4440) to work on /opt/airflow/dags/etl_users_dag.py
[2026-03-08T01:54:50.207+0000] {processor.py:830} INFO - Processing file /opt/airflow/dags/etl_users_dag.py for tasks to queue
[2026-03-08T01:54:50.211+0000] {logging_mixin.py:188} INFO - [2026-03-08T01:54:50.210+0000] {dagbag.py:545} INFO - Filling up the DagBag from /opt/airflow/dags/etl_users_dag.py
[2026-03-08T01:54:50.228+0000] {processor.py:840} INFO - DAG(s) 'etl_users_pipeline' retrieved from /opt/airflow/dags/etl_users_dag.py
[2026-03-08T01:54:50.263+0000] {logging_mixin.py:188} INFO - [2026-03-08T01:54:50.263+0000] {dag.py:3089} INFO - Sync 1 DAGs
[2026-03-08T01:54:50.276+0000] {logging_mixin.py:188} INFO - [2026-03-08T01:54:50.276+0000] {dag.py:3947} INFO - Setting next_dagrun for etl_users_pipeline to None, run_after=None
[2026-03-08T01:54:50.292+0000] {processor.py:183} INFO - Processing /opt/airflow/dags/etl_users_dag.py took 0.103 seconds
[2026-03-08T01:55:20.734+0000] {processor.py:161} INFO - Started process (PID=4450) to work on /opt/airflow/dags/etl_users_dag.py
[2026-03-08T01:55:20.735+0000] {processor.py:830} INFO - Processing file /opt/airflow/dags/etl_users_dag.py for tasks to queue
[2026-03-08T01:55:20.737+0000] {logging_mixin.py:188} INFO - [2026-03-08T01:55:20.737+0000] {dagbag.py:545} INFO - Filling up the DagBag from /opt/airflow/dags/etl_users_dag.py
[2026-03-08T01:55:20.748+0000] {processor.py:840} INFO - DAG(s) 'etl_users_pipeline' retrieved from /opt/airflow/dags/etl_users_dag.py
[2026-03-08T01:55:20.778+0000] {logging_mixin.py:188} INFO - [2026-03-08T01:55:20.778+0000] {dag.py:3089} INFO - Sync 1 DAGs
[2026-03-08T01:55:20.788+0000] {logging_mixin.py:188} INFO - [2026-03-08T01:55:20.788+0000] {dag.py:3947} INFO - Setting next_dagrun for etl_users_pipeline to None, run_after=None
[2026-03-08T01:55:20.801+0000] {processor.py:183} INFO - Processing /opt/airflow/dags/etl_users_dag.py took 0.076 seconds
[2026-03-08T01:55:51.194+0000] {processor.py:161} INFO - Started process (PID=4460) to work on /opt/airflow/dags/etl_users_dag.py
[2026-03-08T01:55:51.196+0000] {processor.py:830} INFO - Processing file /opt/airflow/dags/etl_users_dag.py for tasks to queue
[2026-03-08T01:55:51.199+0000] {logging_mixin.py:188} INFO - [2026-03-08T01:55:51.198+0000] {dagbag.py:545} INFO - Filling up the DagBag from /opt/airflow/dags/etl_users_dag.py
[2026-03-08T01:55:51.217+0000] {processor.py:840} INFO - DAG(s) 'etl_users_pipeline' retrieved from /opt/airflow/dags/etl_users_dag.py
[2026-03-08T01:55:51.248+0000] {logging_mixin.py:188} INFO - [2026-03-08T01:55:51.248+0000] {dag.py:3089} INFO - Sync 1 DAGs
[2026-03-08T01:55:51.257+0000] {logging_mixin.py:188} INFO - [2026-03-08T01:55:51.257+0000] {dag.py:3947} INFO - Setting next_dagrun for etl_users_pipeline to None, run_after=None
[2026-03-08T01:55:51.271+0000] {processor.py:183} INFO - Processing /opt/airflow/dags/etl_users_dag.py took 0.099 seconds
[2026-03-08T02:12:28.673+0000] {processor.py:161} INFO - Started process (PID=4470) to work on /opt/airflow/dags/etl_users_dag.py
[2026-03-08T02:12:28.674+0000] {processor.py:830} INFO - Processing file /opt/airflow/dags/etl_users_dag.py for tasks to queue
[2026-03-08T02:12:28.676+0000] {logging_mixin.py:188} INFO - [2026-03-08T02:12:28.675+0000] {dagbag.py:545} INFO - Filling up the DagBag from /opt/airflow/dags/etl_users_dag.py
[2026-03-08T02:12:28.687+0000] {processor.py:840} INFO - DAG(s) 'etl_users_pipeline' retrieved from /opt/airflow/dags/etl_users_dag.py
[2026-03-08T02:12:28.717+0000] {logging_mixin.py:188} INFO - [2026-03-08T02:12:28.717+0000] {dag.py:3089} INFO - Sync 1 DAGs
[2026-03-08T02:12:28.744+0000] {logging_mixin.py:188} INFO - [2026-03-08T02:12:28.744+0000] {dag.py:3947} INFO - Setting next_dagrun for etl_users_pipeline to None, run_after=None
[2026-03-08T02:12:28.760+0000] {processor.py:183} INFO - Processing /opt/airflow/dags/etl_users_dag.py took 0.097 seconds
[2026-03-08T02:12:59.107+0000] {processor.py:161} INFO - Started process (PID=4480) to work on /opt/airflow/dags/etl_users_dag.py
[2026-03-08T02:12:59.108+0000] {processor.py:830} INFO - Processing file /opt/airflow/dags/etl_users_dag.py for tasks to queue
[2026-03-08T02:12:59.112+0000] {logging_mixin.py:188} INFO - [2026-03-08T02:12:59.111+0000] {dagbag.py:545} INFO - Filling up the DagBag from /opt/airflow/dags/etl_users_dag.py
[2026-03-08T02:12:59.129+0000] {processor.py:840} INFO - DAG(s) 'etl_users_pipeline' retrieved from /opt/airflow/dags/etl_users_dag.py
[2026-03-08T02:12:59.157+0000] {logging_mixin.py:188} INFO - [2026-03-08T02:12:59.157+0000] {dag.py:3089} INFO - Sync 1 DAGs
[2026-03-08T02:12:59.164+0000] {logging_mixin.py:188} INFO - [2026-03-08T02:12:59.164+0000] {dag.py:3947} INFO - Setting next_dagrun for etl_users_pipeline to None, run_after=None
[2026-03-08T02:12:59.179+0000] {processor.py:183} INFO - Processing /opt/airflow/dags/etl_users_dag.py took 0.084 seconds
[2026-03-08T02:13:29.674+0000] {processor.py:161} INFO - Started process (PID=4490) to work on /opt/airflow/dags/etl_users_dag.py
[2026-03-08T02:13:29.676+0000] {processor.py:830} INFO - Processing file /opt/airflow/dags/etl_users_dag.py for tasks to queue
[2026-03-08T02:13:29.678+0000] {logging_mixin.py:188} INFO - [2026-03-08T02:13:29.678+0000] {dagbag.py:545} INFO - Filling up the DagBag from /opt/airflow/dags/etl_users_dag.py
[2026-03-08T02:13:29.693+0000] {processor.py:840} INFO - DAG(s) 'etl_users_pipeline' retrieved from /opt/airflow/dags/etl_users_dag.py
[2026-03-08T02:13:29.736+0000] {logging_mixin.py:188} INFO - [2026-03-08T02:13:29.736+0000] {dag.py:3089} INFO - Sync 1 DAGs
[2026-03-08T02:13:29.747+0000] {logging_mixin.py:188} INFO - [2026-03-08T02:13:29.747+0000] {dag.py:3947} INFO - Setting next_dagrun for etl_users_pipeline to None, run_after=None
[2026-03-08T02:13:29.764+0000] {processor.py:183} INFO - Processing /opt/airflow/dags/etl_users_dag.py took 0.101 seconds
[2026-03-08T02:29:01.797+0000] {processor.py:161} INFO - Started process (PID=4500) to work on /opt/airflow/dags/etl_users_dag.py
[2026-03-08T02:29:01.800+0000] {processor.py:830} INFO - Processing file /opt/airflow/dags/etl_users_dag.py for tasks to queue
[2026-03-08T02:29:01.803+0000] {logging_mixin.py:188} INFO - [2026-03-08T02:29:01.802+0000] {dagbag.py:545} INFO - Filling up the DagBag from /opt/airflow/dags/etl_users_dag.py
[2026-03-08T02:29:01.830+0000] {processor.py:840} INFO - DAG(s) 'etl_users_pipeline' retrieved from /opt/airflow/dags/etl_users_dag.py
[2026-03-08T02:29:01.857+0000] {logging_mixin.py:188} INFO - [2026-03-08T02:29:01.857+0000] {dag.py:3089} INFO - Sync 1 DAGs
[2026-03-08T02:29:01.870+0000] {logging_mixin.py:188} INFO - [2026-03-08T02:29:01.870+0000] {dag.py:3947} INFO - Setting next_dagrun for etl_users_pipeline to None, run_after=None
[2026-03-08T02:29:01.884+0000] {processor.py:183} INFO - Processing /opt/airflow/dags/etl_users_dag.py took 0.098 seconds
[2026-03-08T02:29:32.292+0000] {processor.py:161} INFO - Started process (PID=4510) to work on /opt/airflow/dags/etl_users_dag.py
[2026-03-08T02:29:32.293+0000] {processor.py:830} INFO - Processing file /opt/airflow/dags/etl_users_dag.py for tasks to queue
[2026-03-08T02:29:32.295+0000] {logging_mixin.py:188} INFO - [2026-03-08T02:29:32.295+0000] {dagbag.py:545} INFO - Filling up the DagBag from /opt/airflow/dags/etl_users_dag.py
[2026-03-08T02:29:32.310+0000] {processor.py:840} INFO - DAG(s) 'etl_users_pipeline' retrieved from /opt/airflow/dags/etl_users_dag.py
[2026-03-08T02:29:32.345+0000] {logging_mixin.py:188} INFO - [2026-03-08T02:29:32.345+0000] {dag.py:3089} INFO - Sync 1 DAGs
[2026-03-08T02:29:32.354+0000] {logging_mixin.py:188} INFO - [2026-03-08T02:29:32.354+0000] {dag.py:3947} INFO - Setting next_dagrun for etl_users_pipeline to None, run_after=None
[2026-03-08T02:29:32.368+0000] {processor.py:183} INFO - Processing /opt/airflow/dags/etl_users_dag.py took 0.085 seconds
[2026-03-08T02:30:02.806+0000] {processor.py:161} INFO - Started process (PID=4520) to work on /opt/airflow/dags/etl_users_dag.py
[2026-03-08T02:30:02.808+0000] {processor.py:830} INFO - Processing file /opt/airflow/dags/etl_users_dag.py for tasks to queue
[2026-03-08T02:30:02.809+0000] {logging_mixin.py:188} INFO - [2026-03-08T02:30:02.809+0000] {dagbag.py:545} INFO - Filling up the DagBag from /opt/airflow/dags/etl_users_dag.py
[2026-03-08T02:30:02.824+0000] {processor.py:840} INFO - DAG(s) 'etl_users_pipeline' retrieved from /opt/airflow/dags/etl_users_dag.py
[2026-03-08T02:30:02.855+0000] {logging_mixin.py:188} INFO - [2026-03-08T02:30:02.855+0000] {dag.py:3089} INFO - Sync 1 DAGs
[2026-03-08T02:30:02.863+0000] {logging_mixin.py:188} INFO - [2026-03-08T02:30:02.863+0000] {dag.py:3947} INFO - Setting next_dagrun for etl_users_pipeline to None, run_after=None
[2026-03-08T02:30:02.879+0000] {processor.py:183} INFO - Processing /opt/airflow/dags/etl_users_dag.py took 0.079 seconds
[2026-03-08T02:30:33.296+0000] {processor.py:161} INFO - Started process (PID=4530) to work on /opt/airflow/dags/etl_users_dag.py
[2026-03-08T02:30:33.297+0000] {processor.py:830} INFO - Processing file /opt/airflow/dags/etl_users_dag.py for tasks to queue
[2026-03-08T02:30:33.299+0000] {logging_mixin.py:188} INFO - [2026-03-08T02:30:33.299+0000] {dagbag.py:545} INFO - Filling up the DagBag from /opt/airflow/dags/etl_users_dag.py
[2026-03-08T02:30:33.316+0000] {processor.py:840} INFO - DAG(s) 'etl_users_pipeline' retrieved from /opt/airflow/dags/etl_users_dag.py
[2026-03-08T02:30:33.341+0000] {logging_mixin.py:188} INFO - [2026-03-08T02:30:33.341+0000] {dag.py:3089} INFO - Sync 1 DAGs
[2026-03-08T02:30:33.348+0000] {logging_mixin.py:188} INFO - [2026-03-08T02:30:33.348+0000] {dag.py:3947} INFO - Setting next_dagrun for etl_users_pipeline to None, run_after=None
[2026-03-08T02:30:33.361+0000] {processor.py:183} INFO - Processing /opt/airflow/dags/etl_users_dag.py took 0.073 seconds
[2026-03-08T02:46:04.739+0000] {processor.py:161} INFO - Started process (PID=4540) to work on /opt/airflow/dags/etl_users_dag.py
[2026-03-08T02:46:04.741+0000] {processor.py:830} INFO - Processing file /opt/airflow/dags/etl_users_dag.py for tasks to queue
[2026-03-08T02:46:04.744+0000] {logging_mixin.py:188} INFO - [2026-03-08T02:46:04.744+0000] {dagbag.py:545} INFO - Filling up the DagBag from /opt/airflow/dags/etl_users_dag.py
[2026-03-08T02:46:04.759+0000] {processor.py:840} INFO - DAG(s) 'etl_users_pipeline' retrieved from /opt/airflow/dags/etl_users_dag.py
[2026-03-08T02:46:04.799+0000] {logging_mixin.py:188} INFO - [2026-03-08T02:46:04.799+0000] {dag.py:3089} INFO - Sync 1 DAGs
[2026-03-08T02:46:04.812+0000] {logging_mixin.py:188} INFO - [2026-03-08T02:46:04.812+0000] {dag.py:3947} INFO - Setting next_dagrun for etl_users_pipeline to None, run_after=None
[2026-03-08T02:46:04.827+0000] {processor.py:183} INFO - Processing /opt/airflow/dags/etl_users_dag.py took 0.106 seconds
[2026-03-08T02:46:35.091+0000] {processor.py:161} INFO - Started process (PID=4550) to work on /opt/airflow/dags/etl_users_dag.py
[2026-03-08T02:46:35.093+0000] {processor.py:830} INFO - Processing file /opt/airflow/dags/etl_users_dag.py for tasks to queue
[2026-03-08T02:46:35.096+0000] {logging_mixin.py:188} INFO - [2026-03-08T02:46:35.096+0000] {dagbag.py:545} INFO - Filling up the DagBag from /opt/airflow/dags/etl_users_dag.py
[2026-03-08T02:46:35.115+0000] {processor.py:840} INFO - DAG(s) 'etl_users_pipeline' retrieved from /opt/airflow/dags/etl_users_dag.py
[2026-03-08T02:46:35.162+0000] {logging_mixin.py:188} INFO - [2026-03-08T02:46:35.161+0000] {dag.py:3089} INFO - Sync 1 DAGs
[2026-03-08T02:46:35.172+0000] {logging_mixin.py:188} INFO - [2026-03-08T02:46:35.172+0000] {dag.py:3947} INFO - Setting next_dagrun for etl_users_pipeline to None, run_after=None
[2026-03-08T02:46:35.191+0000] {processor.py:183} INFO - Processing /opt/airflow/dags/etl_users_dag.py took 0.113 seconds
[2026-03-08T03:02:25.439+0000] {processor.py:161} INFO - Started process (PID=4560) to work on /opt/airflow/dags/etl_users_dag.py
[2026-03-08T03:02:25.440+0000] {processor.py:830} INFO - Processing file /opt/airflow/dags/etl_users_dag.py for tasks to queue
[2026-03-08T03:02:25.447+0000] {logging_mixin.py:188} INFO - [2026-03-08T03:02:25.447+0000] {dagbag.py:545} INFO - Filling up the DagBag from /opt/airflow/dags/etl_users_dag.py
[2026-03-08T03:02:25.459+0000] {processor.py:840} INFO - DAG(s) 'etl_users_pipeline' retrieved from /opt/airflow/dags/etl_users_dag.py
[2026-03-08T03:02:25.505+0000] {logging_mixin.py:188} INFO - [2026-03-08T03:02:25.504+0000] {dag.py:3089} INFO - Sync 1 DAGs
[2026-03-08T03:02:25.520+0000] {logging_mixin.py:188} INFO - [2026-03-08T03:02:25.520+0000] {dag.py:3947} INFO - Setting next_dagrun for etl_users_pipeline to None, run_after=None
[2026-03-08T03:02:25.537+0000] {processor.py:183} INFO - Processing /opt/airflow/dags/etl_users_dag.py took 0.106 seconds
[2026-03-08T03:02:55.985+0000] {processor.py:161} INFO - Started process (PID=4570) to work on /opt/airflow/dags/etl_users_dag.py
[2026-03-08T03:02:55.988+0000] {processor.py:830} INFO - Processing file /opt/airflow/dags/etl_users_dag.py for tasks to queue
[2026-03-08T03:02:55.992+0000] {logging_mixin.py:188} INFO - [2026-03-08T03:02:55.991+0000] {dagbag.py:545} INFO - Filling up the DagBag from /opt/airflow/dags/etl_users_dag.py
[2026-03-08T03:02:56.009+0000] {processor.py:840} INFO - DAG(s) 'etl_users_pipeline' retrieved from /opt/airflow/dags/etl_users_dag.py
[2026-03-08T03:02:56.046+0000] {logging_mixin.py:188} INFO - [2026-03-08T03:02:56.046+0000] {dag.py:3089} INFO - Sync 1 DAGs
[2026-03-08T03:02:56.060+0000] {logging_mixin.py:188} INFO - [2026-03-08T03:02:56.060+0000] {dag.py:3947} INFO - Setting next_dagrun for etl_users_pipeline to None, run_after=None
[2026-03-08T03:02:56.080+0000] {processor.py:183} INFO - Processing /opt/airflow/dags/etl_users_dag.py took 0.111 seconds
[2026-03-08T03:03:26.352+0000] {processor.py:161} INFO - Started process (PID=4580) to work on /opt/airflow/dags/etl_users_dag.py
[2026-03-08T03:03:26.354+0000] {processor.py:830} INFO - Processing file /opt/airflow/dags/etl_users_dag.py for tasks to queue
[2026-03-08T03:03:26.358+0000] {logging_mixin.py:188} INFO - [2026-03-08T03:03:26.358+0000] {dagbag.py:545} INFO - Filling up the DagBag from /opt/airflow/dags/etl_users_dag.py
[2026-03-08T03:03:26.369+0000] {processor.py:840} INFO - DAG(s) 'etl_users_pipeline' retrieved from /opt/airflow/dags/etl_users_dag.py
[2026-03-08T03:03:26.396+0000] {logging_mixin.py:188} INFO - [2026-03-08T03:03:26.396+0000] {dag.py:3089} INFO - Sync 1 DAGs
[2026-03-08T03:03:26.403+0000] {logging_mixin.py:188} INFO - [2026-03-08T03:03:26.403+0000] {dag.py:3947} INFO - Setting next_dagrun for etl_users_pipeline to None, run_after=None
[2026-03-08T03:03:26.418+0000] {processor.py:183} INFO - Processing /opt/airflow/dags/etl_users_dag.py took 0.080 seconds
[2026-03-08T03:03:56.813+0000] {processor.py:161} INFO - Started process (PID=4590) to work on /opt/airflow/dags/etl_users_dag.py
[2026-03-08T03:03:56.815+0000] {processor.py:830} INFO - Processing file /opt/airflow/dags/etl_users_dag.py for tasks to queue
[2026-03-08T03:03:56.818+0000] {logging_mixin.py:188} INFO - [2026-03-08T03:03:56.817+0000] {dagbag.py:545} INFO - Filling up the DagBag from /opt/airflow/dags/etl_users_dag.py
[2026-03-08T03:03:56.832+0000] {processor.py:840} INFO - DAG(s) 'etl_users_pipeline' retrieved from /opt/airflow/dags/etl_users_dag.py
[2026-03-08T03:03:56.866+0000] {logging_mixin.py:188} INFO - [2026-03-08T03:03:56.866+0000] {dag.py:3089} INFO - Sync 1 DAGs
[2026-03-08T03:03:56.876+0000] {logging_mixin.py:188} INFO - [2026-03-08T03:03:56.876+0000] {dag.py:3947} INFO - Setting next_dagrun for etl_users_pipeline to None, run_after=None
[2026-03-08T03:03:56.891+0000] {processor.py:183} INFO - Processing /opt/airflow/dags/etl_users_dag.py took 0.089 seconds
[2026-03-08T03:04:27.327+0000] {processor.py:161} INFO - Started process (PID=4600) to work on /opt/airflow/dags/etl_users_dag.py
[2026-03-08T03:04:27.329+0000] {processor.py:830} INFO - Processing file /opt/airflow/dags/etl_users_dag.py for tasks to queue
[2026-03-08T03:04:27.331+0000] {logging_mixin.py:188} INFO - [2026-03-08T03:04:27.331+0000] {dagbag.py:545} INFO - Filling up the DagBag from /opt/airflow/dags/etl_users_dag.py
[2026-03-08T03:04:27.345+0000] {processor.py:840} INFO - DAG(s) 'etl_users_pipeline' retrieved from /opt/airflow/dags/etl_users_dag.py
[2026-03-08T03:04:27.374+0000] {logging_mixin.py:188} INFO - [2026-03-08T03:04:27.374+0000] {dag.py:3089} INFO - Sync 1 DAGs
[2026-03-08T03:04:27.383+0000] {logging_mixin.py:188} INFO - [2026-03-08T03:04:27.383+0000] {dag.py:3947} INFO - Setting next_dagrun for etl_users_pipeline to None, run_after=None
[2026-03-08T03:04:27.396+0000] {processor.py:183} INFO - Processing /opt/airflow/dags/etl_users_dag.py took 0.077 seconds
[2026-03-08T03:20:50.219+0000] {processor.py:161} INFO - Started process (PID=4610) to work on /opt/airflow/dags/etl_users_dag.py
[2026-03-08T03:20:50.220+0000] {processor.py:830} INFO - Processing file /opt/airflow/dags/etl_users_dag.py for tasks to queue
[2026-03-08T03:20:50.223+0000] {logging_mixin.py:188} INFO - [2026-03-08T03:20:50.223+0000] {dagbag.py:545} INFO - Filling up the DagBag from /opt/airflow/dags/etl_users_dag.py
[2026-03-08T03:20:50.235+0000] {processor.py:840} INFO - DAG(s) 'etl_users_pipeline' retrieved from /opt/airflow/dags/etl_users_dag.py
[2026-03-08T03:20:50.271+0000] {logging_mixin.py:188} INFO - [2026-03-08T03:20:50.271+0000] {dag.py:3089} INFO - Sync 1 DAGs
[2026-03-08T03:20:50.281+0000] {logging_mixin.py:188} INFO - [2026-03-08T03:20:50.281+0000] {dag.py:3947} INFO - Setting next_dagrun for etl_users_pipeline to None, run_after=None
[2026-03-08T03:20:50.298+0000] {processor.py:183} INFO - Processing /opt/airflow/dags/etl_users_dag.py took 0.090 seconds
[2026-03-08T03:21:20.766+0000] {processor.py:161} INFO - Started process (PID=4620) to work on /opt/airflow/dags/etl_users_dag.py
[2026-03-08T03:21:20.769+0000] {processor.py:830} INFO - Processing file /opt/airflow/dags/etl_users_dag.py for tasks to queue
[2026-03-08T03:21:20.771+0000] {logging_mixin.py:188} INFO - [2026-03-08T03:21:20.771+0000] {dagbag.py:545} INFO - Filling up the DagBag from /opt/airflow/dags/etl_users_dag.py
[2026-03-08T03:21:20.795+0000] {processor.py:840} INFO - DAG(s) 'etl_users_pipeline' retrieved from /opt/airflow/dags/etl_users_dag.py
[2026-03-08T03:21:20.827+0000] {logging_mixin.py:188} INFO - [2026-03-08T03:21:20.827+0000] {dag.py:3089} INFO - Sync 1 DAGs
[2026-03-08T03:21:20.839+0000] {logging_mixin.py:188} INFO - [2026-03-08T03:21:20.839+0000] {dag.py:3947} INFO - Setting next_dagrun for etl_users_pipeline to None, run_after=None
[2026-03-08T03:21:20.865+0000] {processor.py:183} INFO - Processing /opt/airflow/dags/etl_users_dag.py took 0.110 seconds
[2026-03-08T03:21:51.250+0000] {processor.py:161} INFO - Started process (PID=4630) to work on /opt/airflow/dags/etl_users_dag.py
[2026-03-08T03:21:51.251+0000] {processor.py:830} INFO - Processing file /opt/airflow/dags/etl_users_dag.py for tasks to queue
[2026-03-08T03:21:51.254+0000] {logging_mixin.py:188} INFO - [2026-03-08T03:21:51.254+0000] {dagbag.py:545} INFO - Filling up the DagBag from /opt/airflow/dags/etl_users_dag.py
[2026-03-08T03:21:51.283+0000] {processor.py:840} INFO - DAG(s) 'etl_users_pipeline' retrieved from /opt/airflow/dags/etl_users_dag.py
[2026-03-08T03:21:51.322+0000] {logging_mixin.py:188} INFO - [2026-03-08T03:21:51.322+0000] {dag.py:3089} INFO - Sync 1 DAGs
[2026-03-08T03:21:51.334+0000] {logging_mixin.py:188} INFO - [2026-03-08T03:21:51.334+0000] {dag.py:3947} INFO - Setting next_dagrun for etl_users_pipeline to None, run_after=None
[2026-03-08T03:21:51.351+0000] {processor.py:183} INFO - Processing /opt/airflow/dags/etl_users_dag.py took 0.123 seconds
[2026-03-08T03:22:21.745+0000] {processor.py:161} INFO - Started process (PID=4640) to work on /opt/airflow/dags/etl_users_dag.py
[2026-03-08T03:22:21.747+0000] {processor.py:830} INFO - Processing file /opt/airflow/dags/etl_users_dag.py for tasks to queue
[2026-03-08T03:22:21.751+0000] {logging_mixin.py:188} INFO - [2026-03-08T03:22:21.750+0000] {dagbag.py:545} INFO - Filling up the DagBag from /opt/airflow/dags/etl_users_dag.py
[2026-03-08T03:22:21.774+0000] {processor.py:840} INFO - DAG(s) 'etl_users_pipeline' retrieved from /opt/airflow/dags/etl_users_dag.py
[2026-03-08T03:22:21.824+0000] {logging_mixin.py:188} INFO - [2026-03-08T03:22:21.824+0000] {dag.py:3089} INFO - Sync 1 DAGs
[2026-03-08T03:22:21.846+0000] {logging_mixin.py:188} INFO - [2026-03-08T03:22:21.846+0000] {dag.py:3947} INFO - Setting next_dagrun for etl_users_pipeline to None, run_after=None
[2026-03-08T03:22:21.864+0000] {processor.py:183} INFO - Processing /opt/airflow/dags/etl_users_dag.py took 0.132 seconds
[2026-03-08T03:39:49.320+0000] {processor.py:161} INFO - Started process (PID=4650) to work on /opt/airflow/dags/etl_users_dag.py
[2026-03-08T03:39:49.321+0000] {processor.py:830} INFO - Processing file /opt/airflow/dags/etl_users_dag.py for tasks to queue
[2026-03-08T03:39:49.325+0000] {logging_mixin.py:188} INFO - [2026-03-08T03:39:49.325+0000] {dagbag.py:545} INFO - Filling up the DagBag from /opt/airflow/dags/etl_users_dag.py
[2026-03-08T03:39:49.354+0000] {processor.py:840} INFO - DAG(s) 'etl_users_pipeline' retrieved from /opt/airflow/dags/etl_users_dag.py
[2026-03-08T03:39:49.408+0000] {logging_mixin.py:188} INFO - [2026-03-08T03:39:49.408+0000] {dag.py:3089} INFO - Sync 1 DAGs
[2026-03-08T03:39:49.420+0000] {logging_mixin.py:188} INFO - [2026-03-08T03:39:49.420+0000] {dag.py:3947} INFO - Setting next_dagrun for etl_users_pipeline to None, run_after=None
[2026-03-08T03:39:49.440+0000] {processor.py:183} INFO - Processing /opt/airflow/dags/etl_users_dag.py took 0.147 seconds
[2026-03-08T03:40:19.890+0000] {processor.py:161} INFO - Started process (PID=4660) to work on /opt/airflow/dags/etl_users_dag.py
[2026-03-08T03:40:19.892+0000] {processor.py:830} INFO - Processing file /opt/airflow/dags/etl_users_dag.py for tasks to queue
[2026-03-08T03:40:19.894+0000] {logging_mixin.py:188} INFO - [2026-03-08T03:40:19.893+0000] {dagbag.py:545} INFO - Filling up the DagBag from /opt/airflow/dags/etl_users_dag.py
[2026-03-08T03:40:19.909+0000] {processor.py:840} INFO - DAG(s) 'etl_users_pipeline' retrieved from /opt/airflow/dags/etl_users_dag.py
[2026-03-08T03:40:19.940+0000] {logging_mixin.py:188} INFO - [2026-03-08T03:40:19.940+0000] {dag.py:3089} INFO - Sync 1 DAGs
[2026-03-08T03:40:19.950+0000] {logging_mixin.py:188} INFO - [2026-03-08T03:40:19.950+0000] {dag.py:3947} INFO - Setting next_dagrun for etl_users_pipeline to None, run_after=None
[2026-03-08T03:40:19.963+0000] {processor.py:183} INFO - Processing /opt/airflow/dags/etl_users_dag.py took 0.083 seconds
[2026-03-08T03:40:50.396+0000] {processor.py:161} INFO - Started process (PID=4670) to work on /opt/airflow/dags/etl_users_dag.py
[2026-03-08T03:40:50.398+0000] {processor.py:830} INFO - Processing file /opt/airflow/dags/etl_users_dag.py for tasks to queue
[2026-03-08T03:40:50.399+0000] {logging_mixin.py:188} INFO - [2026-03-08T03:40:50.399+0000] {dagbag.py:545} INFO - Filling up the DagBag from /opt/airflow/dags/etl_users_dag.py
[2026-03-08T03:40:50.408+0000] {processor.py:840} INFO - DAG(s) 'etl_users_pipeline' retrieved from /opt/airflow/dags/etl_users_dag.py
[2026-03-08T03:40:50.442+0000] {logging_mixin.py:188} INFO - [2026-03-08T03:40:50.442+0000] {dag.py:3089} INFO - Sync 1 DAGs
[2026-03-08T03:40:50.450+0000] {logging_mixin.py:188} INFO - [2026-03-08T03:40:50.450+0000] {dag.py:3947} INFO - Setting next_dagrun for etl_users_pipeline to None, run_after=None
[2026-03-08T03:40:50.475+0000] {processor.py:183} INFO - Processing /opt/airflow/dags/etl_users_dag.py took 0.086 seconds
[2026-03-08T03:41:20.944+0000] {processor.py:161} INFO - Started process (PID=4680) to work on /opt/airflow/dags/etl_users_dag.py
[2026-03-08T03:41:20.946+0000] {processor.py:830} INFO - Processing file /opt/airflow/dags/etl_users_dag.py for tasks to queue
[2026-03-08T03:41:20.949+0000] {logging_mixin.py:188} INFO - [2026-03-08T03:41:20.948+0000] {dagbag.py:545} INFO - Filling up the DagBag from /opt/airflow/dags/etl_users_dag.py
[2026-03-08T03:41:20.968+0000] {processor.py:840} INFO - DAG(s) 'etl_users_pipeline' retrieved from /opt/airflow/dags/etl_users_dag.py
[2026-03-08T03:41:20.998+0000] {logging_mixin.py:188} INFO - [2026-03-08T03:41:20.998+0000] {dag.py:3089} INFO - Sync 1 DAGs
[2026-03-08T03:41:21.005+0000] {logging_mixin.py:188} INFO - [2026-03-08T03:41:21.005+0000] {dag.py:3947} INFO - Setting next_dagrun for etl_users_pipeline to None, run_after=None
[2026-03-08T03:41:21.017+0000] {processor.py:183} INFO - Processing /opt/airflow/dags/etl_users_dag.py took 0.085 seconds
[2026-03-08T03:59:09.480+0000] {processor.py:161} INFO - Started process (PID=4690) to work on /opt/airflow/dags/etl_users_dag.py
[2026-03-08T03:59:09.481+0000] {processor.py:830} INFO - Processing file /opt/airflow/dags/etl_users_dag.py for tasks to queue
[2026-03-08T03:59:09.483+0000] {logging_mixin.py:188} INFO - [2026-03-08T03:59:09.483+0000] {dagbag.py:545} INFO - Filling up the DagBag from /opt/airflow/dags/etl_users_dag.py
[2026-03-08T03:59:09.497+0000] {processor.py:840} INFO - DAG(s) 'etl_users_pipeline' retrieved from /opt/airflow/dags/etl_users_dag.py
[2026-03-08T03:59:09.535+0000] {logging_mixin.py:188} INFO - [2026-03-08T03:59:09.534+0000] {dag.py:3089} INFO - Sync 1 DAGs
[2026-03-08T03:59:09.547+0000] {logging_mixin.py:188} INFO - [2026-03-08T03:59:09.546+0000] {dag.py:3947} INFO - Setting next_dagrun for etl_users_pipeline to None, run_after=None
[2026-03-08T03:59:09.569+0000] {processor.py:183} INFO - Processing /opt/airflow/dags/etl_users_dag.py took 0.098 seconds
[2026-03-08T04:15:16.852+0000] {processor.py:161} INFO - Started process (PID=4700) to work on /opt/airflow/dags/etl_users_dag.py
[2026-03-08T04:15:16.856+0000] {processor.py:830} INFO - Processing file /opt/airflow/dags/etl_users_dag.py for tasks to queue
[2026-03-08T04:15:16.867+0000] {logging_mixin.py:188} INFO - [2026-03-08T04:15:16.865+0000] {dagbag.py:545} INFO - Filling up the DagBag from /opt/airflow/dags/etl_users_dag.py
[2026-03-08T04:15:16.895+0000] {processor.py:840} INFO - DAG(s) 'etl_users_pipeline' retrieved from /opt/airflow/dags/etl_users_dag.py
[2026-03-08T04:15:16.929+0000] {logging_mixin.py:188} INFO - [2026-03-08T04:15:16.929+0000] {dag.py:3089} INFO - Sync 1 DAGs
[2026-03-08T04:15:16.941+0000] {logging_mixin.py:188} INFO - [2026-03-08T04:15:16.941+0000] {dag.py:3947} INFO - Setting next_dagrun for etl_users_pipeline to None, run_after=None
[2026-03-08T04:15:16.958+0000] {processor.py:183} INFO - Processing /opt/airflow/dags/etl_users_dag.py took 0.121 seconds
[2026-03-08T04:15:47.329+0000] {processor.py:161} INFO - Started process (PID=4710) to work on /opt/airflow/dags/etl_users_dag.py
[2026-03-08T04:15:47.332+0000] {processor.py:830} INFO - Processing file /opt/airflow/dags/etl_users_dag.py for tasks to queue
[2026-03-08T04:15:47.335+0000] {logging_mixin.py:188} INFO - [2026-03-08T04:15:47.334+0000] {dagbag.py:545} INFO - Filling up the DagBag from /opt/airflow/dags/etl_users_dag.py
[2026-03-08T04:15:47.349+0000] {processor.py:840} INFO - DAG(s) 'etl_users_pipeline' retrieved from /opt/airflow/dags/etl_users_dag.py
[2026-03-08T04:15:47.396+0000] {logging_mixin.py:188} INFO - [2026-03-08T04:15:47.396+0000] {dag.py:3089} INFO - Sync 1 DAGs
[2026-03-08T04:15:47.408+0000] {logging_mixin.py:188} INFO - [2026-03-08T04:15:47.408+0000] {dag.py:3947} INFO - Setting next_dagrun for etl_users_pipeline to None, run_after=None
[2026-03-08T04:15:47.430+0000] {processor.py:183} INFO - Processing /opt/airflow/dags/etl_users_dag.py took 0.114 seconds
[2026-03-08T04:16:17.787+0000] {processor.py:161} INFO - Started process (PID=4720) to work on /opt/airflow/dags/etl_users_dag.py
[2026-03-08T04:16:17.789+0000] {processor.py:830} INFO - Processing file /opt/airflow/dags/etl_users_dag.py for tasks to queue
[2026-03-08T04:16:17.793+0000] {logging_mixin.py:188} INFO - [2026-03-08T04:16:17.792+0000] {dagbag.py:545} INFO - Filling up the DagBag from /opt/airflow/dags/etl_users_dag.py
[2026-03-08T04:16:17.808+0000] {processor.py:840} INFO - DAG(s) 'etl_users_pipeline' retrieved from /opt/airflow/dags/etl_users_dag.py
[2026-03-08T04:16:17.839+0000] {logging_mixin.py:188} INFO - [2026-03-08T04:16:17.838+0000] {dag.py:3089} INFO - Sync 1 DAGs
[2026-03-08T04:16:17.848+0000] {logging_mixin.py:188} INFO - [2026-03-08T04:16:17.847+0000] {dag.py:3947} INFO - Setting next_dagrun for etl_users_pipeline to None, run_after=None
[2026-03-08T04:16:17.861+0000] {processor.py:183} INFO - Processing /opt/airflow/dags/etl_users_dag.py took 0.087 seconds
[2026-03-08T04:16:48.185+0000] {processor.py:161} INFO - Started process (PID=4730) to work on /opt/airflow/dags/etl_users_dag.py
[2026-03-08T04:16:48.186+0000] {processor.py:830} INFO - Processing file /opt/airflow/dags/etl_users_dag.py for tasks to queue
[2026-03-08T04:16:48.188+0000] {logging_mixin.py:188} INFO - [2026-03-08T04:16:48.188+0000] {dagbag.py:545} INFO - Filling up the DagBag from /opt/airflow/dags/etl_users_dag.py
[2026-03-08T04:16:48.202+0000] {processor.py:840} INFO - DAG(s) 'etl_users_pipeline' retrieved from /opt/airflow/dags/etl_users_dag.py
[2026-03-08T04:16:48.229+0000] {logging_mixin.py:188} INFO - [2026-03-08T04:16:48.229+0000] {dag.py:3089} INFO - Sync 1 DAGs
[2026-03-08T04:16:48.237+0000] {logging_mixin.py:188} INFO - [2026-03-08T04:16:48.237+0000] {dag.py:3947} INFO - Setting next_dagrun for etl_users_pipeline to None, run_after=None
[2026-03-08T04:16:48.250+0000] {processor.py:183} INFO - Processing /opt/airflow/dags/etl_users_dag.py took 0.073 seconds
[2026-03-08T04:17:18.672+0000] {processor.py:161} INFO - Started process (PID=4740) to work on /opt/airflow/dags/etl_users_dag.py
[2026-03-08T04:17:18.673+0000] {processor.py:830} INFO - Processing file /opt/airflow/dags/etl_users_dag.py for tasks to queue
[2026-03-08T04:17:18.675+0000] {logging_mixin.py:188} INFO - [2026-03-08T04:17:18.675+0000] {dagbag.py:545} INFO - Filling up the DagBag from /opt/airflow/dags/etl_users_dag.py
[2026-03-08T04:17:18.688+0000] {processor.py:840} INFO - DAG(s) 'etl_users_pipeline' retrieved from /opt/airflow/dags/etl_users_dag.py
[2026-03-08T04:17:18.716+0000] {logging_mixin.py:188} INFO - [2026-03-08T04:17:18.716+0000] {dag.py:3089} INFO - Sync 1 DAGs
[2026-03-08T04:17:18.723+0000] {logging_mixin.py:188} INFO - [2026-03-08T04:17:18.723+0000] {dag.py:3947} INFO - Setting next_dagrun for etl_users_pipeline to None, run_after=None
[2026-03-08T04:17:18.737+0000] {processor.py:183} INFO - Processing /opt/airflow/dags/etl_users_dag.py took 0.073 seconds
[2026-03-08T04:17:49.167+0000] {processor.py:161} INFO - Started process (PID=4750) to work on /opt/airflow/dags/etl_users_dag.py
[2026-03-08T04:17:49.168+0000] {processor.py:830} INFO - Processing file /opt/airflow/dags/etl_users_dag.py for tasks to queue
[2026-03-08T04:17:49.171+0000] {logging_mixin.py:188} INFO - [2026-03-08T04:17:49.171+0000] {dagbag.py:545} INFO - Filling up the DagBag from /opt/airflow/dags/etl_users_dag.py
[2026-03-08T04:17:49.187+0000] {processor.py:840} INFO - DAG(s) 'etl_users_pipeline' retrieved from /opt/airflow/dags/etl_users_dag.py
[2026-03-08T04:17:49.215+0000] {logging_mixin.py:188} INFO - [2026-03-08T04:17:49.215+0000] {dag.py:3089} INFO - Sync 1 DAGs
[2026-03-08T04:17:49.225+0000] {logging_mixin.py:188} INFO - [2026-03-08T04:17:49.225+0000] {dag.py:3947} INFO - Setting next_dagrun for etl_users_pipeline to None, run_after=None
[2026-03-08T04:17:49.237+0000] {processor.py:183} INFO - Processing /opt/airflow/dags/etl_users_dag.py took 0.079 seconds
[2026-03-08T04:18:19.722+0000] {processor.py:161} INFO - Started process (PID=4760) to work on /opt/airflow/dags/etl_users_dag.py
[2026-03-08T04:18:19.723+0000] {processor.py:830} INFO - Processing file /opt/airflow/dags/etl_users_dag.py for tasks to queue
[2026-03-08T04:18:19.728+0000] {logging_mixin.py:188} INFO - [2026-03-08T04:18:19.727+0000] {dagbag.py:545} INFO - Filling up the DagBag from /opt/airflow/dags/etl_users_dag.py
[2026-03-08T04:18:19.744+0000] {processor.py:840} INFO - DAG(s) 'etl_users_pipeline' retrieved from /opt/airflow/dags/etl_users_dag.py
[2026-03-08T04:18:19.785+0000] {logging_mixin.py:188} INFO - [2026-03-08T04:18:19.785+0000] {dag.py:3089} INFO - Sync 1 DAGs
[2026-03-08T04:18:19.801+0000] {logging_mixin.py:188} INFO - [2026-03-08T04:18:19.801+0000] {dag.py:3947} INFO - Setting next_dagrun for etl_users_pipeline to None, run_after=None
[2026-03-08T04:18:19.818+0000] {processor.py:183} INFO - Processing /opt/airflow/dags/etl_users_dag.py took 0.110 seconds
[2026-03-08T04:34:17.759+0000] {processor.py:161} INFO - Started process (PID=4770) to work on /opt/airflow/dags/etl_users_dag.py
[2026-03-08T04:34:17.760+0000] {processor.py:830} INFO - Processing file /opt/airflow/dags/etl_users_dag.py for tasks to queue
[2026-03-08T04:34:17.762+0000] {logging_mixin.py:188} INFO - [2026-03-08T04:34:17.762+0000] {dagbag.py:545} INFO - Filling up the DagBag from /opt/airflow/dags/etl_users_dag.py
[2026-03-08T04:34:17.770+0000] {processor.py:840} INFO - DAG(s) 'etl_users_pipeline' retrieved from /opt/airflow/dags/etl_users_dag.py
[2026-03-08T04:34:17.795+0000] {logging_mixin.py:188} INFO - [2026-03-08T04:34:17.795+0000] {dag.py:3089} INFO - Sync 1 DAGs
[2026-03-08T04:34:17.802+0000] {logging_mixin.py:188} INFO - [2026-03-08T04:34:17.802+0000] {dag.py:3947} INFO - Setting next_dagrun for etl_users_pipeline to None, run_after=None
[2026-03-08T04:34:17.816+0000] {processor.py:183} INFO - Processing /opt/airflow/dags/etl_users_dag.py took 0.063 seconds
[2026-03-08T04:34:48.244+0000] {processor.py:161} INFO - Started process (PID=4780) to work on /opt/airflow/dags/etl_users_dag.py
[2026-03-08T04:34:48.245+0000] {processor.py:830} INFO - Processing file /opt/airflow/dags/etl_users_dag.py for tasks to queue
[2026-03-08T04:34:48.247+0000] {logging_mixin.py:188} INFO - [2026-03-08T04:34:48.247+0000] {dagbag.py:545} INFO - Filling up the DagBag from /opt/airflow/dags/etl_users_dag.py
[2026-03-08T04:34:48.259+0000] {processor.py:840} INFO - DAG(s) 'etl_users_pipeline' retrieved from /opt/airflow/dags/etl_users_dag.py
[2026-03-08T04:34:48.289+0000] {logging_mixin.py:188} INFO - [2026-03-08T04:34:48.289+0000] {dag.py:3089} INFO - Sync 1 DAGs
[2026-03-08T04:34:48.302+0000] {logging_mixin.py:188} INFO - [2026-03-08T04:34:48.302+0000] {dag.py:3947} INFO - Setting next_dagrun for etl_users_pipeline to None, run_after=None
[2026-03-08T04:34:48.318+0000] {processor.py:183} INFO - Processing /opt/airflow/dags/etl_users_dag.py took 0.080 seconds
[2026-03-08T04:35:18.771+0000] {processor.py:161} INFO - Started process (PID=4790) to work on /opt/airflow/dags/etl_users_dag.py
[2026-03-08T04:35:18.773+0000] {processor.py:830} INFO - Processing file /opt/airflow/dags/etl_users_dag.py for tasks to queue
[2026-03-08T04:35:18.776+0000] {logging_mixin.py:188} INFO - [2026-03-08T04:35:18.776+0000] {dagbag.py:545} INFO - Filling up the DagBag from /opt/airflow/dags/etl_users_dag.py
[2026-03-08T04:35:18.790+0000] {processor.py:840} INFO - DAG(s) 'etl_users_pipeline' retrieved from /opt/airflow/dags/etl_users_dag.py
[2026-03-08T04:35:18.835+0000] {logging_mixin.py:188} INFO - [2026-03-08T04:35:18.835+0000] {dag.py:3089} INFO - Sync 1 DAGs
[2026-03-08T04:35:18.845+0000] {logging_mixin.py:188} INFO - [2026-03-08T04:35:18.845+0000] {dag.py:3947} INFO - Setting next_dagrun for etl_users_pipeline to None, run_after=None
[2026-03-08T04:35:18.860+0000] {processor.py:183} INFO - Processing /opt/airflow/dags/etl_users_dag.py took 0.099 seconds
[2026-03-08T04:35:49.312+0000] {processor.py:161} INFO - Started process (PID=4800) to work on /opt/airflow/dags/etl_users_dag.py
[2026-03-08T04:35:49.313+0000] {processor.py:830} INFO - Processing file /opt/airflow/dags/etl_users_dag.py for tasks to queue
[2026-03-08T04:35:49.315+0000] {logging_mixin.py:188} INFO - [2026-03-08T04:35:49.315+0000] {dagbag.py:545} INFO - Filling up the DagBag from /opt/airflow/dags/etl_users_dag.py
[2026-03-08T04:35:49.334+0000] {processor.py:840} INFO - DAG(s) 'etl_users_pipeline' retrieved from /opt/airflow/dags/etl_users_dag.py
[2026-03-08T04:35:49.364+0000] {logging_mixin.py:188} INFO - [2026-03-08T04:35:49.364+0000] {dag.py:3089} INFO - Sync 1 DAGs
[2026-03-08T04:35:49.373+0000] {logging_mixin.py:188} INFO - [2026-03-08T04:35:49.373+0000] {dag.py:3947} INFO - Setting next_dagrun for etl_users_pipeline to None, run_after=None
[2026-03-08T04:35:49.395+0000] {processor.py:183} INFO - Processing /opt/airflow/dags/etl_users_dag.py took 0.090 seconds
[2026-03-08T04:36:19.884+0000] {processor.py:161} INFO - Started process (PID=4810) to work on /opt/airflow/dags/etl_users_dag.py
[2026-03-08T04:36:19.885+0000] {processor.py:830} INFO - Processing file /opt/airflow/dags/etl_users_dag.py for tasks to queue
[2026-03-08T04:36:19.888+0000] {logging_mixin.py:188} INFO - [2026-03-08T04:36:19.888+0000] {dagbag.py:545} INFO - Filling up the DagBag from /opt/airflow/dags/etl_users_dag.py
[2026-03-08T04:36:19.907+0000] {processor.py:840} INFO - DAG(s) 'etl_users_pipeline' retrieved from /opt/airflow/dags/etl_users_dag.py
[2026-03-08T04:36:19.938+0000] {logging_mixin.py:188} INFO - [2026-03-08T04:36:19.938+0000] {dag.py:3089} INFO - Sync 1 DAGs
[2026-03-08T04:36:19.950+0000] {logging_mixin.py:188} INFO - [2026-03-08T04:36:19.950+0000] {dag.py:3947} INFO - Setting next_dagrun for etl_users_pipeline to None, run_after=None
[2026-03-08T04:36:19.963+0000] {processor.py:183} INFO - Processing /opt/airflow/dags/etl_users_dag.py took 0.093 seconds
[2026-03-08T04:36:50.398+0000] {processor.py:161} INFO - Started process (PID=4820) to work on /opt/airflow/dags/etl_users_dag.py
[2026-03-08T04:36:50.399+0000] {processor.py:830} INFO - Processing file /opt/airflow/dags/etl_users_dag.py for tasks to queue
[2026-03-08T04:36:50.401+0000] {logging_mixin.py:188} INFO - [2026-03-08T04:36:50.400+0000] {dagbag.py:545} INFO - Filling up the DagBag from /opt/airflow/dags/etl_users_dag.py
[2026-03-08T04:36:50.415+0000] {processor.py:840} INFO - DAG(s) 'etl_users_pipeline' retrieved from /opt/airflow/dags/etl_users_dag.py
[2026-03-08T04:36:50.442+0000] {logging_mixin.py:188} INFO - [2026-03-08T04:36:50.442+0000] {dag.py:3089} INFO - Sync 1 DAGs
[2026-03-08T04:36:50.452+0000] {logging_mixin.py:188} INFO - [2026-03-08T04:36:50.452+0000] {dag.py:3947} INFO - Setting next_dagrun for etl_users_pipeline to None, run_after=None
[2026-03-08T04:36:50.464+0000] {processor.py:183} INFO - Processing /opt/airflow/dags/etl_users_dag.py took 0.074 seconds
[2026-03-08T04:37:20.905+0000] {processor.py:161} INFO - Started process (PID=4830) to work on /opt/airflow/dags/etl_users_dag.py
[2026-03-08T04:37:20.906+0000] {processor.py:830} INFO - Processing file /opt/airflow/dags/etl_users_dag.py for tasks to queue
[2026-03-08T04:37:20.908+0000] {logging_mixin.py:188} INFO - [2026-03-08T04:37:20.908+0000] {dagbag.py:545} INFO - Filling up the DagBag from /opt/airflow/dags/etl_users_dag.py
[2026-03-08T04:37:20.931+0000] {processor.py:840} INFO - DAG(s) 'etl_users_pipeline' retrieved from /opt/airflow/dags/etl_users_dag.py
[2026-03-08T04:37:20.957+0000] {logging_mixin.py:188} INFO - [2026-03-08T04:37:20.957+0000] {dag.py:3089} INFO - Sync 1 DAGs
[2026-03-08T04:37:20.964+0000] {logging_mixin.py:188} INFO - [2026-03-08T04:37:20.964+0000] {dag.py:3947} INFO - Setting next_dagrun for etl_users_pipeline to None, run_after=None
[2026-03-08T04:37:20.976+0000] {processor.py:183} INFO - Processing /opt/airflow/dags/etl_users_dag.py took 0.082 seconds
[2026-03-08T04:37:51.445+0000] {processor.py:161} INFO - Started process (PID=4840) to work on /opt/airflow/dags/etl_users_dag.py
[2026-03-08T04:37:51.446+0000] {processor.py:830} INFO - Processing file /opt/airflow/dags/etl_users_dag.py for tasks to queue
[2026-03-08T04:37:51.448+0000] {logging_mixin.py:188} INFO - [2026-03-08T04:37:51.448+0000] {dagbag.py:545} INFO - Filling up the DagBag from /opt/airflow/dags/etl_users_dag.py
[2026-03-08T04:37:51.461+0000] {processor.py:840} INFO - DAG(s) 'etl_users_pipeline' retrieved from /opt/airflow/dags/etl_users_dag.py
[2026-03-08T04:37:51.493+0000] {logging_mixin.py:188} INFO - [2026-03-08T04:37:51.493+0000] {dag.py:3089} INFO - Sync 1 DAGs
[2026-03-08T04:37:51.504+0000] {logging_mixin.py:188} INFO - [2026-03-08T04:37:51.504+0000] {dag.py:3947} INFO - Setting next_dagrun for etl_users_pipeline to None, run_after=None
[2026-03-08T04:37:51.519+0000] {processor.py:183} INFO - Processing /opt/airflow/dags/etl_users_dag.py took 0.083 seconds
[2026-03-08T04:38:21.983+0000] {processor.py:161} INFO - Started process (PID=4850) to work on /opt/airflow/dags/etl_users_dag.py
[2026-03-08T04:38:21.984+0000] {processor.py:830} INFO - Processing file /opt/airflow/dags/etl_users_dag.py for tasks to queue
[2026-03-08T04:38:21.986+0000] {logging_mixin.py:188} INFO - [2026-03-08T04:38:21.986+0000] {dagbag.py:545} INFO - Filling up the DagBag from /opt/airflow/dags/etl_users_dag.py
[2026-03-08T04:38:21.999+0000] {processor.py:840} INFO - DAG(s) 'etl_users_pipeline' retrieved from /opt/airflow/dags/etl_users_dag.py
[2026-03-08T04:38:22.028+0000] {logging_mixin.py:188} INFO - [2026-03-08T04:38:22.028+0000] {dag.py:3089} INFO - Sync 1 DAGs
[2026-03-08T04:38:22.039+0000] {logging_mixin.py:188} INFO - [2026-03-08T04:38:22.038+0000] {dag.py:3947} INFO - Setting next_dagrun for etl_users_pipeline to None, run_after=None
[2026-03-08T04:38:22.056+0000] {processor.py:183} INFO - Processing /opt/airflow/dags/etl_users_dag.py took 0.085 seconds
[2026-03-08T04:47:10.565+0000] {processor.py:161} INFO - Started process (PID=4860) to work on /opt/airflow/dags/etl_users_dag.py
[2026-03-08T04:47:10.566+0000] {processor.py:830} INFO - Processing file /opt/airflow/dags/etl_users_dag.py for tasks to queue
[2026-03-08T04:47:10.567+0000] {logging_mixin.py:188} INFO - [2026-03-08T04:47:10.567+0000] {dagbag.py:545} INFO - Filling up the DagBag from /opt/airflow/dags/etl_users_dag.py
[2026-03-08T04:47:10.581+0000] {processor.py:840} INFO - DAG(s) 'etl_users_pipeline' retrieved from /opt/airflow/dags/etl_users_dag.py
[2026-03-08T04:47:10.611+0000] {logging_mixin.py:188} INFO - [2026-03-08T04:47:10.610+0000] {dag.py:3089} INFO - Sync 1 DAGs
[2026-03-08T04:47:10.624+0000] {logging_mixin.py:188} INFO - [2026-03-08T04:47:10.624+0000] {dag.py:3947} INFO - Setting next_dagrun for etl_users_pipeline to None, run_after=None
[2026-03-08T04:47:10.640+0000] {processor.py:183} INFO - Processing /opt/airflow/dags/etl_users_dag.py took 0.083 seconds
[2026-03-08T05:03:57.813+0000] {processor.py:161} INFO - Started process (PID=4870) to work on /opt/airflow/dags/etl_users_dag.py
[2026-03-08T05:03:57.814+0000] {processor.py:830} INFO - Processing file /opt/airflow/dags/etl_users_dag.py for tasks to queue
[2026-03-08T05:03:57.816+0000] {logging_mixin.py:188} INFO - [2026-03-08T05:03:57.816+0000] {dagbag.py:545} INFO - Filling up the DagBag from /opt/airflow/dags/etl_users_dag.py
[2026-03-08T05:03:57.826+0000] {processor.py:840} INFO - DAG(s) 'etl_users_pipeline' retrieved from /opt/airflow/dags/etl_users_dag.py
[2026-03-08T05:03:57.865+0000] {logging_mixin.py:188} INFO - [2026-03-08T05:03:57.864+0000] {dag.py:3089} INFO - Sync 1 DAGs
[2026-03-08T05:03:57.876+0000] {logging_mixin.py:188} INFO - [2026-03-08T05:03:57.876+0000] {dag.py:3947} INFO - Setting next_dagrun for etl_users_pipeline to None, run_after=None
[2026-03-08T05:03:57.889+0000] {processor.py:183} INFO - Processing /opt/airflow/dags/etl_users_dag.py took 0.084 seconds
[2026-03-08T05:04:28.286+0000] {processor.py:161} INFO - Started process (PID=4880) to work on /opt/airflow/dags/etl_users_dag.py
[2026-03-08T05:04:28.287+0000] {processor.py:830} INFO - Processing file /opt/airflow/dags/etl_users_dag.py for tasks to queue
[2026-03-08T05:04:28.289+0000] {logging_mixin.py:188} INFO - [2026-03-08T05:04:28.288+0000] {dagbag.py:545} INFO - Filling up the DagBag from /opt/airflow/dags/etl_users_dag.py
[2026-03-08T05:04:28.301+0000] {processor.py:840} INFO - DAG(s) 'etl_users_pipeline' retrieved from /opt/airflow/dags/etl_users_dag.py
[2026-03-08T05:04:28.326+0000] {logging_mixin.py:188} INFO - [2026-03-08T05:04:28.326+0000] {dag.py:3089} INFO - Sync 1 DAGs
[2026-03-08T05:04:28.334+0000] {logging_mixin.py:188} INFO - [2026-03-08T05:04:28.334+0000] {dag.py:3947} INFO - Setting next_dagrun for etl_users_pipeline to None, run_after=None
[2026-03-08T05:04:28.347+0000] {processor.py:183} INFO - Processing /opt/airflow/dags/etl_users_dag.py took 0.070 seconds
[2026-03-08T05:20:00.502+0000] {processor.py:161} INFO - Started process (PID=4890) to work on /opt/airflow/dags/etl_users_dag.py
[2026-03-08T05:20:00.503+0000] {processor.py:830} INFO - Processing file /opt/airflow/dags/etl_users_dag.py for tasks to queue
[2026-03-08T05:20:00.505+0000] {logging_mixin.py:188} INFO - [2026-03-08T05:20:00.505+0000] {dagbag.py:545} INFO - Filling up the DagBag from /opt/airflow/dags/etl_users_dag.py
[2026-03-08T05:20:00.522+0000] {processor.py:840} INFO - DAG(s) 'etl_users_pipeline' retrieved from /opt/airflow/dags/etl_users_dag.py
[2026-03-08T05:20:00.567+0000] {logging_mixin.py:188} INFO - [2026-03-08T05:20:00.567+0000] {dag.py:3089} INFO - Sync 1 DAGs
[2026-03-08T05:20:00.579+0000] {logging_mixin.py:188} INFO - [2026-03-08T05:20:00.578+0000] {dag.py:3947} INFO - Setting next_dagrun for etl_users_pipeline to None, run_after=None
[2026-03-08T05:20:00.594+0000] {processor.py:183} INFO - Processing /opt/airflow/dags/etl_users_dag.py took 0.102 seconds
[2026-03-08T05:20:31.075+0000] {processor.py:161} INFO - Started process (PID=4900) to work on /opt/airflow/dags/etl_users_dag.py
[2026-03-08T05:20:31.077+0000] {processor.py:830} INFO - Processing file /opt/airflow/dags/etl_users_dag.py for tasks to queue
[2026-03-08T05:20:31.079+0000] {logging_mixin.py:188} INFO - [2026-03-08T05:20:31.078+0000] {dagbag.py:545} INFO - Filling up the DagBag from /opt/airflow/dags/etl_users_dag.py
[2026-03-08T05:20:31.090+0000] {processor.py:840} INFO - DAG(s) 'etl_users_pipeline' retrieved from /opt/airflow/dags/etl_users_dag.py
[2026-03-08T05:20:31.126+0000] {logging_mixin.py:188} INFO - [2026-03-08T05:20:31.126+0000] {dag.py:3089} INFO - Sync 1 DAGs
[2026-03-08T05:20:31.132+0000] {logging_mixin.py:188} INFO - [2026-03-08T05:20:31.132+0000] {dag.py:3947} INFO - Setting next_dagrun for etl_users_pipeline to None, run_after=None
[2026-03-08T05:20:31.145+0000] {processor.py:183} INFO - Processing /opt/airflow/dags/etl_users_dag.py took 0.077 seconds
[2026-03-08T05:21:01.565+0000] {processor.py:161} INFO - Started process (PID=4910) to work on /opt/airflow/dags/etl_users_dag.py
[2026-03-08T05:21:01.566+0000] {processor.py:830} INFO - Processing file /opt/airflow/dags/etl_users_dag.py for tasks to queue
[2026-03-08T05:21:01.568+0000] {logging_mixin.py:188} INFO - [2026-03-08T05:21:01.568+0000] {dagbag.py:545} INFO - Filling up the DagBag from /opt/airflow/dags/etl_users_dag.py
[2026-03-08T05:21:01.580+0000] {processor.py:840} INFO - DAG(s) 'etl_users_pipeline' retrieved from /opt/airflow/dags/etl_users_dag.py
[2026-03-08T05:21:01.606+0000] {logging_mixin.py:188} INFO - [2026-03-08T05:21:01.606+0000] {dag.py:3089} INFO - Sync 1 DAGs
[2026-03-08T05:21:01.615+0000] {logging_mixin.py:188} INFO - [2026-03-08T05:21:01.615+0000] {dag.py:3947} INFO - Setting next_dagrun for etl_users_pipeline to None, run_after=None
[2026-03-08T05:21:01.628+0000] {processor.py:183} INFO - Processing /opt/airflow/dags/etl_users_dag.py took 0.072 seconds
[2026-03-08T05:21:32.002+0000] {processor.py:161} INFO - Started process (PID=4920) to work on /opt/airflow/dags/etl_users_dag.py
[2026-03-08T05:21:32.003+0000] {processor.py:830} INFO - Processing file /opt/airflow/dags/etl_users_dag.py for tasks to queue
[2026-03-08T05:21:32.006+0000] {logging_mixin.py:188} INFO - [2026-03-08T05:21:32.005+0000] {dagbag.py:545} INFO - Filling up the DagBag from /opt/airflow/dags/etl_users_dag.py
[2026-03-08T05:21:32.021+0000] {processor.py:840} INFO - DAG(s) 'etl_users_pipeline' retrieved from /opt/airflow/dags/etl_users_dag.py
[2026-03-08T05:21:32.055+0000] {logging_mixin.py:188} INFO - [2026-03-08T05:21:32.055+0000] {dag.py:3089} INFO - Sync 1 DAGs
[2026-03-08T05:21:32.065+0000] {logging_mixin.py:188} INFO - [2026-03-08T05:21:32.065+0000] {dag.py:3947} INFO - Setting next_dagrun for etl_users_pipeline to None, run_after=None
[2026-03-08T05:21:32.080+0000] {processor.py:183} INFO - Processing /opt/airflow/dags/etl_users_dag.py took 0.087 seconds
[2026-03-08T05:22:02.543+0000] {processor.py:161} INFO - Started process (PID=4930) to work on /opt/airflow/dags/etl_users_dag.py
[2026-03-08T05:22:02.544+0000] {processor.py:830} INFO - Processing file /opt/airflow/dags/etl_users_dag.py for tasks to queue
[2026-03-08T05:22:02.545+0000] {logging_mixin.py:188} INFO - [2026-03-08T05:22:02.545+0000] {dagbag.py:545} INFO - Filling up the DagBag from /opt/airflow/dags/etl_users_dag.py
[2026-03-08T05:22:02.558+0000] {processor.py:840} INFO - DAG(s) 'etl_users_pipeline' retrieved from /opt/airflow/dags/etl_users_dag.py
[2026-03-08T05:22:02.587+0000] {logging_mixin.py:188} INFO - [2026-03-08T05:22:02.586+0000] {dag.py:3089} INFO - Sync 1 DAGs
[2026-03-08T05:22:02.597+0000] {logging_mixin.py:188} INFO - [2026-03-08T05:22:02.597+0000] {dag.py:3947} INFO - Setting next_dagrun for etl_users_pipeline to None, run_after=None
[2026-03-08T05:22:02.609+0000] {processor.py:183} INFO - Processing /opt/airflow/dags/etl_users_dag.py took 0.077 seconds
[2026-03-08T05:22:32.899+0000] {processor.py:161} INFO - Started process (PID=4940) to work on /opt/airflow/dags/etl_users_dag.py
[2026-03-08T05:22:32.900+0000] {processor.py:830} INFO - Processing file /opt/airflow/dags/etl_users_dag.py for tasks to queue
[2026-03-08T05:22:32.902+0000] {logging_mixin.py:188} INFO - [2026-03-08T05:22:32.902+0000] {dagbag.py:545} INFO - Filling up the DagBag from /opt/airflow/dags/etl_users_dag.py
[2026-03-08T05:22:32.917+0000] {processor.py:840} INFO - DAG(s) 'etl_users_pipeline' retrieved from /opt/airflow/dags/etl_users_dag.py
[2026-03-08T05:22:32.945+0000] {logging_mixin.py:188} INFO - [2026-03-08T05:22:32.945+0000] {dag.py:3089} INFO - Sync 1 DAGs
[2026-03-08T05:22:32.955+0000] {logging_mixin.py:188} INFO - [2026-03-08T05:22:32.955+0000] {dag.py:3947} INFO - Setting next_dagrun for etl_users_pipeline to None, run_after=None
[2026-03-08T05:22:32.968+0000] {processor.py:183} INFO - Processing /opt/airflow/dags/etl_users_dag.py took 0.075 seconds
[2026-03-08T05:23:03.453+0000] {processor.py:161} INFO - Started process (PID=4950) to work on /opt/airflow/dags/etl_users_dag.py
[2026-03-08T05:23:03.454+0000] {processor.py:830} INFO - Processing file /opt/airflow/dags/etl_users_dag.py for tasks to queue
[2026-03-08T05:23:03.456+0000] {logging_mixin.py:188} INFO - [2026-03-08T05:23:03.456+0000] {dagbag.py:545} INFO - Filling up the DagBag from /opt/airflow/dags/etl_users_dag.py
[2026-03-08T05:23:03.467+0000] {processor.py:840} INFO - DAG(s) 'etl_users_pipeline' retrieved from /opt/airflow/dags/etl_users_dag.py
[2026-03-08T05:23:03.498+0000] {logging_mixin.py:188} INFO - [2026-03-08T05:23:03.498+0000] {dag.py:3089} INFO - Sync 1 DAGs
[2026-03-08T05:23:03.510+0000] {logging_mixin.py:188} INFO - [2026-03-08T05:23:03.510+0000] {dag.py:3947} INFO - Setting next_dagrun for etl_users_pipeline to None, run_after=None
[2026-03-08T05:23:03.522+0000] {processor.py:183} INFO - Processing /opt/airflow/dags/etl_users_dag.py took 0.075 seconds
[2026-03-08T05:23:34.000+0000] {processor.py:161} INFO - Started process (PID=4960) to work on /opt/airflow/dags/etl_users_dag.py
[2026-03-08T05:23:34.001+0000] {processor.py:830} INFO - Processing file /opt/airflow/dags/etl_users_dag.py for tasks to queue
[2026-03-08T05:23:34.003+0000] {logging_mixin.py:188} INFO - [2026-03-08T05:23:34.003+0000] {dagbag.py:545} INFO - Filling up the DagBag from /opt/airflow/dags/etl_users_dag.py
[2026-03-08T05:23:34.016+0000] {processor.py:840} INFO - DAG(s) 'etl_users_pipeline' retrieved from /opt/airflow/dags/etl_users_dag.py
[2026-03-08T05:23:34.045+0000] {logging_mixin.py:188} INFO - [2026-03-08T05:23:34.045+0000] {dag.py:3089} INFO - Sync 1 DAGs
[2026-03-08T05:23:34.052+0000] {logging_mixin.py:188} INFO - [2026-03-08T05:23:34.052+0000] {dag.py:3947} INFO - Setting next_dagrun for etl_users_pipeline to None, run_after=None
[2026-03-08T05:23:34.066+0000] {processor.py:183} INFO - Processing /opt/airflow/dags/etl_users_dag.py took 0.072 seconds
[2026-03-08T05:24:04.437+0000] {processor.py:161} INFO - Started process (PID=4970) to work on /opt/airflow/dags/etl_users_dag.py
[2026-03-08T05:24:04.438+0000] {processor.py:830} INFO - Processing file /opt/airflow/dags/etl_users_dag.py for tasks to queue
[2026-03-08T05:24:04.439+0000] {logging_mixin.py:188} INFO - [2026-03-08T05:24:04.439+0000] {dagbag.py:545} INFO - Filling up the DagBag from /opt/airflow/dags/etl_users_dag.py
[2026-03-08T05:24:04.448+0000] {processor.py:840} INFO - DAG(s) 'etl_users_pipeline' retrieved from /opt/airflow/dags/etl_users_dag.py
[2026-03-08T05:24:04.483+0000] {logging_mixin.py:188} INFO - [2026-03-08T05:24:04.483+0000] {dag.py:3089} INFO - Sync 1 DAGs
[2026-03-08T05:24:04.493+0000] {logging_mixin.py:188} INFO - [2026-03-08T05:24:04.493+0000] {dag.py:3947} INFO - Setting next_dagrun for etl_users_pipeline to None, run_after=None
[2026-03-08T05:24:04.505+0000] {processor.py:183} INFO - Processing /opt/airflow/dags/etl_users_dag.py took 0.076 seconds
[2026-03-08T05:24:34.988+0000] {processor.py:161} INFO - Started process (PID=4980) to work on /opt/airflow/dags/etl_users_dag.py
[2026-03-08T05:24:34.992+0000] {processor.py:830} INFO - Processing file /opt/airflow/dags/etl_users_dag.py for tasks to queue
[2026-03-08T05:24:34.994+0000] {logging_mixin.py:188} INFO - [2026-03-08T05:24:34.993+0000] {dagbag.py:545} INFO - Filling up the DagBag from /opt/airflow/dags/etl_users_dag.py
[2026-03-08T05:24:35.005+0000] {processor.py:840} INFO - DAG(s) 'etl_users_pipeline' retrieved from /opt/airflow/dags/etl_users_dag.py
[2026-03-08T05:24:35.033+0000] {logging_mixin.py:188} INFO - [2026-03-08T05:24:35.032+0000] {dag.py:3089} INFO - Sync 1 DAGs
[2026-03-08T05:24:35.043+0000] {logging_mixin.py:188} INFO - [2026-03-08T05:24:35.043+0000] {dag.py:3947} INFO - Setting next_dagrun for etl_users_pipeline to None, run_after=None
[2026-03-08T05:24:35.056+0000] {processor.py:183} INFO - Processing /opt/airflow/dags/etl_users_dag.py took 0.079 seconds
[2026-03-08T05:25:05.437+0000] {processor.py:161} INFO - Started process (PID=4990) to work on /opt/airflow/dags/etl_users_dag.py
[2026-03-08T05:25:05.438+0000] {processor.py:830} INFO - Processing file /opt/airflow/dags/etl_users_dag.py for tasks to queue
[2026-03-08T05:25:05.440+0000] {logging_mixin.py:188} INFO - [2026-03-08T05:25:05.439+0000] {dagbag.py:545} INFO - Filling up the DagBag from /opt/airflow/dags/etl_users_dag.py
[2026-03-08T05:25:05.453+0000] {processor.py:840} INFO - DAG(s) 'etl_users_pipeline' retrieved from /opt/airflow/dags/etl_users_dag.py
[2026-03-08T05:25:05.479+0000] {logging_mixin.py:188} INFO - [2026-03-08T05:25:05.478+0000] {dag.py:3089} INFO - Sync 1 DAGs
[2026-03-08T05:25:05.489+0000] {logging_mixin.py:188} INFO - [2026-03-08T05:25:05.489+0000] {dag.py:3947} INFO - Setting next_dagrun for etl_users_pipeline to None, run_after=None
[2026-03-08T05:25:05.501+0000] {processor.py:183} INFO - Processing /opt/airflow/dags/etl_users_dag.py took 0.075 seconds
[2026-03-08T05:25:35.818+0000] {processor.py:161} INFO - Started process (PID=5000) to work on /opt/airflow/dags/etl_users_dag.py
[2026-03-08T05:25:35.819+0000] {processor.py:830} INFO - Processing file /opt/airflow/dags/etl_users_dag.py for tasks to queue
[2026-03-08T05:25:35.825+0000] {logging_mixin.py:188} INFO - [2026-03-08T05:25:35.825+0000] {dagbag.py:545} INFO - Filling up the DagBag from /opt/airflow/dags/etl_users_dag.py
[2026-03-08T05:25:35.839+0000] {processor.py:840} INFO - DAG(s) 'etl_users_pipeline' retrieved from /opt/airflow/dags/etl_users_dag.py
[2026-03-08T05:25:35.868+0000] {logging_mixin.py:188} INFO - [2026-03-08T05:25:35.868+0000] {dag.py:3089} INFO - Sync 1 DAGs
[2026-03-08T05:25:35.877+0000] {logging_mixin.py:188} INFO - [2026-03-08T05:25:35.876+0000] {dag.py:3947} INFO - Setting next_dagrun for etl_users_pipeline to None, run_after=None
[2026-03-08T05:25:35.889+0000] {processor.py:183} INFO - Processing /opt/airflow/dags/etl_users_dag.py took 0.085 seconds
[2026-03-08T05:26:06.364+0000] {processor.py:161} INFO - Started process (PID=5010) to work on /opt/airflow/dags/etl_users_dag.py
[2026-03-08T05:26:06.365+0000] {processor.py:830} INFO - Processing file /opt/airflow/dags/etl_users_dag.py for tasks to queue
[2026-03-08T05:26:06.367+0000] {logging_mixin.py:188} INFO - [2026-03-08T05:26:06.367+0000] {dagbag.py:545} INFO - Filling up the DagBag from /opt/airflow/dags/etl_users_dag.py
[2026-03-08T05:26:06.377+0000] {processor.py:840} INFO - DAG(s) 'etl_users_pipeline' retrieved from /opt/airflow/dags/etl_users_dag.py
[2026-03-08T05:26:06.411+0000] {logging_mixin.py:188} INFO - [2026-03-08T05:26:06.411+0000] {dag.py:3089} INFO - Sync 1 DAGs
[2026-03-08T05:26:06.423+0000] {logging_mixin.py:188} INFO - [2026-03-08T05:26:06.423+0000] {dag.py:3947} INFO - Setting next_dagrun for etl_users_pipeline to None, run_after=None
[2026-03-08T05:26:06.438+0000] {processor.py:183} INFO - Processing /opt/airflow/dags/etl_users_dag.py took 0.084 seconds
[2026-03-08T05:26:36.895+0000] {processor.py:161} INFO - Started process (PID=5020) to work on /opt/airflow/dags/etl_users_dag.py
[2026-03-08T05:26:36.897+0000] {processor.py:830} INFO - Processing file /opt/airflow/dags/etl_users_dag.py for tasks to queue
[2026-03-08T05:26:36.898+0000] {logging_mixin.py:188} INFO - [2026-03-08T05:26:36.898+0000] {dagbag.py:545} INFO - Filling up the DagBag from /opt/airflow/dags/etl_users_dag.py
[2026-03-08T05:26:36.916+0000] {processor.py:840} INFO - DAG(s) 'etl_users_pipeline' retrieved from /opt/airflow/dags/etl_users_dag.py
[2026-03-08T05:26:36.944+0000] {logging_mixin.py:188} INFO - [2026-03-08T05:26:36.944+0000] {dag.py:3089} INFO - Sync 1 DAGs
[2026-03-08T05:26:36.951+0000] {logging_mixin.py:188} INFO - [2026-03-08T05:26:36.951+0000] {dag.py:3947} INFO - Setting next_dagrun for etl_users_pipeline to None, run_after=None
[2026-03-08T05:26:36.963+0000] {processor.py:183} INFO - Processing /opt/airflow/dags/etl_users_dag.py took 0.076 seconds
[2026-03-08T05:27:07.428+0000] {processor.py:161} INFO - Started process (PID=5030) to work on /opt/airflow/dags/etl_users_dag.py
[2026-03-08T05:27:07.429+0000] {processor.py:830} INFO - Processing file /opt/airflow/dags/etl_users_dag.py for tasks to queue
[2026-03-08T05:27:07.431+0000] {logging_mixin.py:188} INFO - [2026-03-08T05:27:07.431+0000] {dagbag.py:545} INFO - Filling up the DagBag from /opt/airflow/dags/etl_users_dag.py
[2026-03-08T05:27:07.445+0000] {processor.py:840} INFO - DAG(s) 'etl_users_pipeline' retrieved from /opt/airflow/dags/etl_users_dag.py
[2026-03-08T05:27:07.476+0000] {logging_mixin.py:188} INFO - [2026-03-08T05:27:07.476+0000] {dag.py:3089} INFO - Sync 1 DAGs
[2026-03-08T05:27:07.488+0000] {logging_mixin.py:188} INFO - [2026-03-08T05:27:07.488+0000] {dag.py:3947} INFO - Setting next_dagrun for etl_users_pipeline to None, run_after=None
[2026-03-08T05:27:07.502+0000] {processor.py:183} INFO - Processing /opt/airflow/dags/etl_users_dag.py took 0.081 seconds
[2026-03-08T05:27:37.946+0000] {processor.py:161} INFO - Started process (PID=5040) to work on /opt/airflow/dags/etl_users_dag.py
[2026-03-08T05:27:37.947+0000] {processor.py:830} INFO - Processing file /opt/airflow/dags/etl_users_dag.py for tasks to queue
[2026-03-08T05:27:37.949+0000] {logging_mixin.py:188} INFO - [2026-03-08T05:27:37.948+0000] {dagbag.py:545} INFO - Filling up the DagBag from /opt/airflow/dags/etl_users_dag.py
[2026-03-08T05:27:37.960+0000] {processor.py:840} INFO - DAG(s) 'etl_users_pipeline' retrieved from /opt/airflow/dags/etl_users_dag.py
[2026-03-08T05:27:37.986+0000] {logging_mixin.py:188} INFO - [2026-03-08T05:27:37.986+0000] {dag.py:3089} INFO - Sync 1 DAGs
[2026-03-08T05:27:37.996+0000] {logging_mixin.py:188} INFO - [2026-03-08T05:27:37.996+0000] {dag.py:3947} INFO - Setting next_dagrun for etl_users_pipeline to None, run_after=None
[2026-03-08T05:27:38.008+0000] {processor.py:183} INFO - Processing /opt/airflow/dags/etl_users_dag.py took 0.071 seconds
[2026-03-08T05:28:08.457+0000] {processor.py:161} INFO - Started process (PID=5050) to work on /opt/airflow/dags/etl_users_dag.py
[2026-03-08T05:28:08.458+0000] {processor.py:830} INFO - Processing file /opt/airflow/dags/etl_users_dag.py for tasks to queue
[2026-03-08T05:28:08.460+0000] {logging_mixin.py:188} INFO - [2026-03-08T05:28:08.460+0000] {dagbag.py:545} INFO - Filling up the DagBag from /opt/airflow/dags/etl_users_dag.py
[2026-03-08T05:28:08.471+0000] {processor.py:840} INFO - DAG(s) 'etl_users_pipeline' retrieved from /opt/airflow/dags/etl_users_dag.py
[2026-03-08T05:28:08.504+0000] {logging_mixin.py:188} INFO - [2026-03-08T05:28:08.504+0000] {dag.py:3089} INFO - Sync 1 DAGs
[2026-03-08T05:28:08.515+0000] {logging_mixin.py:188} INFO - [2026-03-08T05:28:08.515+0000] {dag.py:3947} INFO - Setting next_dagrun for etl_users_pipeline to None, run_after=None
[2026-03-08T05:28:08.526+0000] {processor.py:183} INFO - Processing /opt/airflow/dags/etl_users_dag.py took 0.077 seconds
[2026-03-08T05:28:38.941+0000] {processor.py:161} INFO - Started process (PID=5060) to work on /opt/airflow/dags/etl_users_dag.py
[2026-03-08T05:28:38.942+0000] {processor.py:830} INFO - Processing file /opt/airflow/dags/etl_users_dag.py for tasks to queue
[2026-03-08T05:28:38.944+0000] {logging_mixin.py:188} INFO - [2026-03-08T05:28:38.943+0000] {dagbag.py:545} INFO - Filling up the DagBag from /opt/airflow/dags/etl_users_dag.py
[2026-03-08T05:28:38.958+0000] {processor.py:840} INFO - DAG(s) 'etl_users_pipeline' retrieved from /opt/airflow/dags/etl_users_dag.py
[2026-03-08T05:28:38.984+0000] {logging_mixin.py:188} INFO - [2026-03-08T05:28:38.984+0000] {dag.py:3089} INFO - Sync 1 DAGs
[2026-03-08T05:28:38.992+0000] {logging_mixin.py:188} INFO - [2026-03-08T05:28:38.992+0000] {dag.py:3947} INFO - Setting next_dagrun for etl_users_pipeline to None, run_after=None
[2026-03-08T05:28:39.004+0000] {processor.py:183} INFO - Processing /opt/airflow/dags/etl_users_dag.py took 0.070 seconds
[2026-03-08T05:29:09.463+0000] {processor.py:161} INFO - Started process (PID=5070) to work on /opt/airflow/dags/etl_users_dag.py
[2026-03-08T05:29:09.464+0000] {processor.py:830} INFO - Processing file /opt/airflow/dags/etl_users_dag.py for tasks to queue
[2026-03-08T05:29:09.466+0000] {logging_mixin.py:188} INFO - [2026-03-08T05:29:09.465+0000] {dagbag.py:545} INFO - Filling up the DagBag from /opt/airflow/dags/etl_users_dag.py
[2026-03-08T05:29:09.475+0000] {processor.py:840} INFO - DAG(s) 'etl_users_pipeline' retrieved from /opt/airflow/dags/etl_users_dag.py
[2026-03-08T05:29:09.508+0000] {logging_mixin.py:188} INFO - [2026-03-08T05:29:09.507+0000] {dag.py:3089} INFO - Sync 1 DAGs
[2026-03-08T05:29:09.518+0000] {logging_mixin.py:188} INFO - [2026-03-08T05:29:09.518+0000] {dag.py:3947} INFO - Setting next_dagrun for etl_users_pipeline to None, run_after=None
[2026-03-08T05:29:09.533+0000] {processor.py:183} INFO - Processing /opt/airflow/dags/etl_users_dag.py took 0.077 seconds
[2026-03-08T05:29:39.929+0000] {processor.py:161} INFO - Started process (PID=5080) to work on /opt/airflow/dags/etl_users_dag.py
[2026-03-08T05:29:39.930+0000] {processor.py:830} INFO - Processing file /opt/airflow/dags/etl_users_dag.py for tasks to queue
[2026-03-08T05:29:39.932+0000] {logging_mixin.py:188} INFO - [2026-03-08T05:29:39.932+0000] {dagbag.py:545} INFO - Filling up the DagBag from /opt/airflow/dags/etl_users_dag.py
[2026-03-08T05:29:39.947+0000] {processor.py:840} INFO - DAG(s) 'etl_users_pipeline' retrieved from /opt/airflow/dags/etl_users_dag.py
[2026-03-08T05:29:39.979+0000] {logging_mixin.py:188} INFO - [2026-03-08T05:29:39.979+0000] {dag.py:3089} INFO - Sync 1 DAGs
[2026-03-08T05:29:39.988+0000] {logging_mixin.py:188} INFO - [2026-03-08T05:29:39.988+0000] {dag.py:3947} INFO - Setting next_dagrun for etl_users_pipeline to None, run_after=None
[2026-03-08T05:29:40.000+0000] {processor.py:183} INFO - Processing /opt/airflow/dags/etl_users_dag.py took 0.080 seconds
[2026-03-08T05:30:10.407+0000] {processor.py:161} INFO - Started process (PID=5090) to work on /opt/airflow/dags/etl_users_dag.py
[2026-03-08T05:30:10.408+0000] {processor.py:830} INFO - Processing file /opt/airflow/dags/etl_users_dag.py for tasks to queue
[2026-03-08T05:30:10.410+0000] {logging_mixin.py:188} INFO - [2026-03-08T05:30:10.410+0000] {dagbag.py:545} INFO - Filling up the DagBag from /opt/airflow/dags/etl_users_dag.py
[2026-03-08T05:30:10.423+0000] {processor.py:840} INFO - DAG(s) 'etl_users_pipeline' retrieved from /opt/airflow/dags/etl_users_dag.py
[2026-03-08T05:30:10.451+0000] {logging_mixin.py:188} INFO - [2026-03-08T05:30:10.451+0000] {dag.py:3089} INFO - Sync 1 DAGs
[2026-03-08T05:30:10.460+0000] {logging_mixin.py:188} INFO - [2026-03-08T05:30:10.460+0000] {dag.py:3947} INFO - Setting next_dagrun for etl_users_pipeline to None, run_after=None
[2026-03-08T05:30:10.472+0000] {processor.py:183} INFO - Processing /opt/airflow/dags/etl_users_dag.py took 0.074 seconds
[2026-03-08T05:30:40.827+0000] {processor.py:161} INFO - Started process (PID=5100) to work on /opt/airflow/dags/etl_users_dag.py
[2026-03-08T05:30:40.830+0000] {processor.py:830} INFO - Processing file /opt/airflow/dags/etl_users_dag.py for tasks to queue
[2026-03-08T05:30:40.831+0000] {logging_mixin.py:188} INFO - [2026-03-08T05:30:40.831+0000] {dagbag.py:545} INFO - Filling up the DagBag from /opt/airflow/dags/etl_users_dag.py
[2026-03-08T05:30:40.841+0000] {processor.py:840} INFO - DAG(s) 'etl_users_pipeline' retrieved from /opt/airflow/dags/etl_users_dag.py
[2026-03-08T05:30:40.868+0000] {logging_mixin.py:188} INFO - [2026-03-08T05:30:40.868+0000] {dag.py:3089} INFO - Sync 1 DAGs
[2026-03-08T05:30:40.877+0000] {logging_mixin.py:188} INFO - [2026-03-08T05:30:40.877+0000] {dag.py:3947} INFO - Setting next_dagrun for etl_users_pipeline to None, run_after=None
[2026-03-08T05:30:40.892+0000] {processor.py:183} INFO - Processing /opt/airflow/dags/etl_users_dag.py took 0.077 seconds
[2026-03-08T05:31:11.336+0000] {processor.py:161} INFO - Started process (PID=5110) to work on /opt/airflow/dags/etl_users_dag.py
[2026-03-08T05:31:11.337+0000] {processor.py:830} INFO - Processing file /opt/airflow/dags/etl_users_dag.py for tasks to queue
[2026-03-08T05:31:11.338+0000] {logging_mixin.py:188} INFO - [2026-03-08T05:31:11.338+0000] {dagbag.py:545} INFO - Filling up the DagBag from /opt/airflow/dags/etl_users_dag.py
[2026-03-08T05:31:11.351+0000] {processor.py:840} INFO - DAG(s) 'etl_users_pipeline' retrieved from /opt/airflow/dags/etl_users_dag.py
[2026-03-08T05:31:11.382+0000] {logging_mixin.py:188} INFO - [2026-03-08T05:31:11.382+0000] {dag.py:3089} INFO - Sync 1 DAGs
[2026-03-08T05:31:11.391+0000] {logging_mixin.py:188} INFO - [2026-03-08T05:31:11.391+0000] {dag.py:3947} INFO - Setting next_dagrun for etl_users_pipeline to None, run_after=None
[2026-03-08T05:31:11.403+0000] {processor.py:183} INFO - Processing /opt/airflow/dags/etl_users_dag.py took 0.074 seconds
[2026-03-08T05:31:41.801+0000] {processor.py:161} INFO - Started process (PID=5120) to work on /opt/airflow/dags/etl_users_dag.py
[2026-03-08T05:31:41.802+0000] {processor.py:830} INFO - Processing file /opt/airflow/dags/etl_users_dag.py for tasks to queue
[2026-03-08T05:31:41.804+0000] {logging_mixin.py:188} INFO - [2026-03-08T05:31:41.804+0000] {dagbag.py:545} INFO - Filling up the DagBag from /opt/airflow/dags/etl_users_dag.py
[2026-03-08T05:31:41.823+0000] {processor.py:840} INFO - DAG(s) 'etl_users_pipeline' retrieved from /opt/airflow/dags/etl_users_dag.py
[2026-03-08T05:31:41.854+0000] {logging_mixin.py:188} INFO - [2026-03-08T05:31:41.854+0000] {dag.py:3089} INFO - Sync 1 DAGs
[2026-03-08T05:31:41.864+0000] {logging_mixin.py:188} INFO - [2026-03-08T05:31:41.864+0000] {dag.py:3947} INFO - Setting next_dagrun for etl_users_pipeline to None, run_after=None
[2026-03-08T05:31:41.878+0000] {processor.py:183} INFO - Processing /opt/airflow/dags/etl_users_dag.py took 0.088 seconds
[2026-03-08T05:32:12.288+0000] {processor.py:161} INFO - Started process (PID=5130) to work on /opt/airflow/dags/etl_users_dag.py
[2026-03-08T05:32:12.290+0000] {processor.py:830} INFO - Processing file /opt/airflow/dags/etl_users_dag.py for tasks to queue
[2026-03-08T05:32:12.291+0000] {logging_mixin.py:188} INFO - [2026-03-08T05:32:12.291+0000] {dagbag.py:545} INFO - Filling up the DagBag from /opt/airflow/dags/etl_users_dag.py
[2026-03-08T05:32:12.306+0000] {processor.py:840} INFO - DAG(s) 'etl_users_pipeline' retrieved from /opt/airflow/dags/etl_users_dag.py
[2026-03-08T05:32:12.338+0000] {logging_mixin.py:188} INFO - [2026-03-08T05:32:12.338+0000] {dag.py:3089} INFO - Sync 1 DAGs
[2026-03-08T05:32:12.345+0000] {logging_mixin.py:188} INFO - [2026-03-08T05:32:12.345+0000] {dag.py:3947} INFO - Setting next_dagrun for etl_users_pipeline to None, run_after=None
[2026-03-08T05:32:12.361+0000] {processor.py:183} INFO - Processing /opt/airflow/dags/etl_users_dag.py took 0.080 seconds
[2026-03-08T05:32:42.754+0000] {processor.py:161} INFO - Started process (PID=5140) to work on /opt/airflow/dags/etl_users_dag.py
[2026-03-08T05:32:42.756+0000] {processor.py:830} INFO - Processing file /opt/airflow/dags/etl_users_dag.py for tasks to queue
[2026-03-08T05:32:42.760+0000] {logging_mixin.py:188} INFO - [2026-03-08T05:32:42.759+0000] {dagbag.py:545} INFO - Filling up the DagBag from /opt/airflow/dags/etl_users_dag.py
[2026-03-08T05:32:42.778+0000] {processor.py:840} INFO - DAG(s) 'etl_users_pipeline' retrieved from /opt/airflow/dags/etl_users_dag.py
[2026-03-08T05:32:42.811+0000] {logging_mixin.py:188} INFO - [2026-03-08T05:32:42.811+0000] {dag.py:3089} INFO - Sync 1 DAGs
[2026-03-08T05:32:42.820+0000] {logging_mixin.py:188} INFO - [2026-03-08T05:32:42.819+0000] {dag.py:3947} INFO - Setting next_dagrun for etl_users_pipeline to None, run_after=None
[2026-03-08T05:32:42.833+0000] {processor.py:183} INFO - Processing /opt/airflow/dags/etl_users_dag.py took 0.086 seconds
[2026-03-08T05:33:13.304+0000] {processor.py:161} INFO - Started process (PID=5150) to work on /opt/airflow/dags/etl_users_dag.py
[2026-03-08T05:33:13.305+0000] {processor.py:830} INFO - Processing file /opt/airflow/dags/etl_users_dag.py for tasks to queue
[2026-03-08T05:33:13.308+0000] {logging_mixin.py:188} INFO - [2026-03-08T05:33:13.308+0000] {dagbag.py:545} INFO - Filling up the DagBag from /opt/airflow/dags/etl_users_dag.py
[2026-03-08T05:33:13.318+0000] {processor.py:840} INFO - DAG(s) 'etl_users_pipeline' retrieved from /opt/airflow/dags/etl_users_dag.py
[2026-03-08T05:33:13.352+0000] {logging_mixin.py:188} INFO - [2026-03-08T05:33:13.352+0000] {dag.py:3089} INFO - Sync 1 DAGs
[2026-03-08T05:33:13.363+0000] {logging_mixin.py:188} INFO - [2026-03-08T05:33:13.363+0000] {dag.py:3947} INFO - Setting next_dagrun for etl_users_pipeline to None, run_after=None
[2026-03-08T05:33:13.378+0000] {processor.py:183} INFO - Processing /opt/airflow/dags/etl_users_dag.py took 0.085 seconds
[2026-03-08T05:33:43.745+0000] {processor.py:161} INFO - Started process (PID=5160) to work on /opt/airflow/dags/etl_users_dag.py
[2026-03-08T05:33:43.748+0000] {processor.py:830} INFO - Processing file /opt/airflow/dags/etl_users_dag.py for tasks to queue
[2026-03-08T05:33:43.751+0000] {logging_mixin.py:188} INFO - [2026-03-08T05:33:43.751+0000] {dagbag.py:545} INFO - Filling up the DagBag from /opt/airflow/dags/etl_users_dag.py
[2026-03-08T05:33:43.766+0000] {processor.py:840} INFO - DAG(s) 'etl_users_pipeline' retrieved from /opt/airflow/dags/etl_users_dag.py
[2026-03-08T05:33:43.795+0000] {logging_mixin.py:188} INFO - [2026-03-08T05:33:43.795+0000] {dag.py:3089} INFO - Sync 1 DAGs
[2026-03-08T05:33:43.807+0000] {logging_mixin.py:188} INFO - [2026-03-08T05:33:43.806+0000] {dag.py:3947} INFO - Setting next_dagrun for etl_users_pipeline to None, run_after=None
[2026-03-08T05:33:43.819+0000] {processor.py:183} INFO - Processing /opt/airflow/dags/etl_users_dag.py took 0.086 seconds
[2026-03-08T05:34:14.123+0000] {processor.py:161} INFO - Started process (PID=5170) to work on /opt/airflow/dags/etl_users_dag.py
[2026-03-08T05:34:14.126+0000] {processor.py:830} INFO - Processing file /opt/airflow/dags/etl_users_dag.py for tasks to queue
[2026-03-08T05:34:14.129+0000] {logging_mixin.py:188} INFO - [2026-03-08T05:34:14.128+0000] {dagbag.py:545} INFO - Filling up the DagBag from /opt/airflow/dags/etl_users_dag.py
[2026-03-08T05:34:14.145+0000] {processor.py:840} INFO - DAG(s) 'etl_users_pipeline' retrieved from /opt/airflow/dags/etl_users_dag.py
[2026-03-08T05:34:14.176+0000] {logging_mixin.py:188} INFO - [2026-03-08T05:34:14.176+0000] {dag.py:3089} INFO - Sync 1 DAGs
[2026-03-08T05:34:14.188+0000] {logging_mixin.py:188} INFO - [2026-03-08T05:34:14.188+0000] {dag.py:3947} INFO - Setting next_dagrun for etl_users_pipeline to None, run_after=None
[2026-03-08T05:34:14.206+0000] {processor.py:183} INFO - Processing /opt/airflow/dags/etl_users_dag.py took 0.090 seconds
[2026-03-08T05:34:44.615+0000] {processor.py:161} INFO - Started process (PID=5180) to work on /opt/airflow/dags/etl_users_dag.py
[2026-03-08T05:34:44.616+0000] {processor.py:830} INFO - Processing file /opt/airflow/dags/etl_users_dag.py for tasks to queue
[2026-03-08T05:34:44.618+0000] {logging_mixin.py:188} INFO - [2026-03-08T05:34:44.618+0000] {dagbag.py:545} INFO - Filling up the DagBag from /opt/airflow/dags/etl_users_dag.py
[2026-03-08T05:34:44.636+0000] {processor.py:840} INFO - DAG(s) 'etl_users_pipeline' retrieved from /opt/airflow/dags/etl_users_dag.py
[2026-03-08T05:34:44.668+0000] {logging_mixin.py:188} INFO - [2026-03-08T05:34:44.668+0000] {dag.py:3089} INFO - Sync 1 DAGs
[2026-03-08T05:34:44.678+0000] {logging_mixin.py:188} INFO - [2026-03-08T05:34:44.677+0000] {dag.py:3947} INFO - Setting next_dagrun for etl_users_pipeline to None, run_after=None
[2026-03-08T05:34:44.692+0000] {processor.py:183} INFO - Processing /opt/airflow/dags/etl_users_dag.py took 0.085 seconds
[2026-03-08T05:35:15.178+0000] {processor.py:161} INFO - Started process (PID=5190) to work on /opt/airflow/dags/etl_users_dag.py
[2026-03-08T05:35:15.180+0000] {processor.py:830} INFO - Processing file /opt/airflow/dags/etl_users_dag.py for tasks to queue
[2026-03-08T05:35:15.182+0000] {logging_mixin.py:188} INFO - [2026-03-08T05:35:15.182+0000] {dagbag.py:545} INFO - Filling up the DagBag from /opt/airflow/dags/etl_users_dag.py
[2026-03-08T05:35:15.196+0000] {processor.py:840} INFO - DAG(s) 'etl_users_pipeline' retrieved from /opt/airflow/dags/etl_users_dag.py
[2026-03-08T05:35:15.233+0000] {logging_mixin.py:188} INFO - [2026-03-08T05:35:15.233+0000] {dag.py:3089} INFO - Sync 1 DAGs
[2026-03-08T05:35:15.241+0000] {logging_mixin.py:188} INFO - [2026-03-08T05:35:15.241+0000] {dag.py:3947} INFO - Setting next_dagrun for etl_users_pipeline to None, run_after=None
[2026-03-08T05:35:15.253+0000] {processor.py:183} INFO - Processing /opt/airflow/dags/etl_users_dag.py took 0.085 seconds
[2026-03-08T05:35:45.705+0000] {processor.py:161} INFO - Started process (PID=5200) to work on /opt/airflow/dags/etl_users_dag.py
[2026-03-08T05:35:45.707+0000] {processor.py:830} INFO - Processing file /opt/airflow/dags/etl_users_dag.py for tasks to queue
[2026-03-08T05:35:45.709+0000] {logging_mixin.py:188} INFO - [2026-03-08T05:35:45.709+0000] {dagbag.py:545} INFO - Filling up the DagBag from /opt/airflow/dags/etl_users_dag.py
[2026-03-08T05:35:45.723+0000] {processor.py:840} INFO - DAG(s) 'etl_users_pipeline' retrieved from /opt/airflow/dags/etl_users_dag.py
[2026-03-08T05:35:45.752+0000] {logging_mixin.py:188} INFO - [2026-03-08T05:35:45.752+0000] {dag.py:3089} INFO - Sync 1 DAGs
[2026-03-08T05:35:45.766+0000] {logging_mixin.py:188} INFO - [2026-03-08T05:35:45.765+0000] {dag.py:3947} INFO - Setting next_dagrun for etl_users_pipeline to None, run_after=None
[2026-03-08T05:35:45.778+0000] {processor.py:183} INFO - Processing /opt/airflow/dags/etl_users_dag.py took 0.084 seconds
[2026-03-08T05:36:16.229+0000] {processor.py:161} INFO - Started process (PID=5210) to work on /opt/airflow/dags/etl_users_dag.py
[2026-03-08T05:36:16.231+0000] {processor.py:830} INFO - Processing file /opt/airflow/dags/etl_users_dag.py for tasks to queue
[2026-03-08T05:36:16.234+0000] {logging_mixin.py:188} INFO - [2026-03-08T05:36:16.233+0000] {dagbag.py:545} INFO - Filling up the DagBag from /opt/airflow/dags/etl_users_dag.py
[2026-03-08T05:36:16.255+0000] {processor.py:840} INFO - DAG(s) 'etl_users_pipeline' retrieved from /opt/airflow/dags/etl_users_dag.py
[2026-03-08T05:36:16.287+0000] {logging_mixin.py:188} INFO - [2026-03-08T05:36:16.287+0000] {dag.py:3089} INFO - Sync 1 DAGs
[2026-03-08T05:36:16.296+0000] {logging_mixin.py:188} INFO - [2026-03-08T05:36:16.295+0000] {dag.py:3947} INFO - Setting next_dagrun for etl_users_pipeline to None, run_after=None
[2026-03-08T05:36:16.309+0000] {processor.py:183} INFO - Processing /opt/airflow/dags/etl_users_dag.py took 0.093 seconds
[2026-03-08T05:36:46.644+0000] {processor.py:161} INFO - Started process (PID=5220) to work on /opt/airflow/dags/etl_users_dag.py
[2026-03-08T05:36:46.645+0000] {processor.py:830} INFO - Processing file /opt/airflow/dags/etl_users_dag.py for tasks to queue
[2026-03-08T05:36:46.647+0000] {logging_mixin.py:188} INFO - [2026-03-08T05:36:46.647+0000] {dagbag.py:545} INFO - Filling up the DagBag from /opt/airflow/dags/etl_users_dag.py
[2026-03-08T05:36:46.668+0000] {processor.py:840} INFO - DAG(s) 'etl_users_pipeline' retrieved from /opt/airflow/dags/etl_users_dag.py
[2026-03-08T05:36:46.694+0000] {logging_mixin.py:188} INFO - [2026-03-08T05:36:46.694+0000] {dag.py:3089} INFO - Sync 1 DAGs
[2026-03-08T05:36:46.702+0000] {logging_mixin.py:188} INFO - [2026-03-08T05:36:46.702+0000] {dag.py:3947} INFO - Setting next_dagrun for etl_users_pipeline to None, run_after=None
[2026-03-08T05:36:46.713+0000] {processor.py:183} INFO - Processing /opt/airflow/dags/etl_users_dag.py took 0.079 seconds
[2026-03-08T05:37:17.064+0000] {processor.py:161} INFO - Started process (PID=5230) to work on /opt/airflow/dags/etl_users_dag.py
[2026-03-08T05:37:17.065+0000] {processor.py:830} INFO - Processing file /opt/airflow/dags/etl_users_dag.py for tasks to queue
[2026-03-08T05:37:17.067+0000] {logging_mixin.py:188} INFO - [2026-03-08T05:37:17.067+0000] {dagbag.py:545} INFO - Filling up the DagBag from /opt/airflow/dags/etl_users_dag.py
[2026-03-08T05:37:17.081+0000] {processor.py:840} INFO - DAG(s) 'etl_users_pipeline' retrieved from /opt/airflow/dags/etl_users_dag.py
[2026-03-08T05:37:17.114+0000] {logging_mixin.py:188} INFO - [2026-03-08T05:37:17.114+0000] {dag.py:3089} INFO - Sync 1 DAGs
[2026-03-08T05:37:17.126+0000] {logging_mixin.py:188} INFO - [2026-03-08T05:37:17.126+0000] {dag.py:3947} INFO - Setting next_dagrun for etl_users_pipeline to None, run_after=None
[2026-03-08T05:37:17.139+0000] {processor.py:183} INFO - Processing /opt/airflow/dags/etl_users_dag.py took 0.083 seconds
[2026-03-08T05:37:47.594+0000] {processor.py:161} INFO - Started process (PID=5240) to work on /opt/airflow/dags/etl_users_dag.py
[2026-03-08T05:37:47.595+0000] {processor.py:830} INFO - Processing file /opt/airflow/dags/etl_users_dag.py for tasks to queue
[2026-03-08T05:37:47.596+0000] {logging_mixin.py:188} INFO - [2026-03-08T05:37:47.596+0000] {dagbag.py:545} INFO - Filling up the DagBag from /opt/airflow/dags/etl_users_dag.py
[2026-03-08T05:37:47.608+0000] {processor.py:840} INFO - DAG(s) 'etl_users_pipeline' retrieved from /opt/airflow/dags/etl_users_dag.py
[2026-03-08T05:37:47.636+0000] {logging_mixin.py:188} INFO - [2026-03-08T05:37:47.635+0000] {dag.py:3089} INFO - Sync 1 DAGs
[2026-03-08T05:37:47.644+0000] {logging_mixin.py:188} INFO - [2026-03-08T05:37:47.644+0000] {dag.py:3947} INFO - Setting next_dagrun for etl_users_pipeline to None, run_after=None
[2026-03-08T05:37:47.657+0000] {processor.py:183} INFO - Processing /opt/airflow/dags/etl_users_dag.py took 0.071 seconds
[2026-03-08T05:38:18.133+0000] {processor.py:161} INFO - Started process (PID=5250) to work on /opt/airflow/dags/etl_users_dag.py
[2026-03-08T05:38:18.134+0000] {processor.py:830} INFO - Processing file /opt/airflow/dags/etl_users_dag.py for tasks to queue
[2026-03-08T05:38:18.136+0000] {logging_mixin.py:188} INFO - [2026-03-08T05:38:18.135+0000] {dagbag.py:545} INFO - Filling up the DagBag from /opt/airflow/dags/etl_users_dag.py
[2026-03-08T05:38:18.147+0000] {processor.py:840} INFO - DAG(s) 'etl_users_pipeline' retrieved from /opt/airflow/dags/etl_users_dag.py
[2026-03-08T05:38:18.179+0000] {logging_mixin.py:188} INFO - [2026-03-08T05:38:18.179+0000] {dag.py:3089} INFO - Sync 1 DAGs
[2026-03-08T05:38:18.188+0000] {logging_mixin.py:188} INFO - [2026-03-08T05:38:18.187+0000] {dag.py:3947} INFO - Setting next_dagrun for etl_users_pipeline to None, run_after=None
[2026-03-08T05:38:18.201+0000] {processor.py:183} INFO - Processing /opt/airflow/dags/etl_users_dag.py took 0.076 seconds
[2026-03-08T05:38:48.598+0000] {processor.py:161} INFO - Started process (PID=5260) to work on /opt/airflow/dags/etl_users_dag.py
[2026-03-08T05:38:48.599+0000] {processor.py:830} INFO - Processing file /opt/airflow/dags/etl_users_dag.py for tasks to queue
[2026-03-08T05:38:48.604+0000] {logging_mixin.py:188} INFO - [2026-03-08T05:38:48.603+0000] {dagbag.py:545} INFO - Filling up the DagBag from /opt/airflow/dags/etl_users_dag.py
[2026-03-08T05:38:48.618+0000] {processor.py:840} INFO - DAG(s) 'etl_users_pipeline' retrieved from /opt/airflow/dags/etl_users_dag.py
[2026-03-08T05:38:48.646+0000] {logging_mixin.py:188} INFO - [2026-03-08T05:38:48.646+0000] {dag.py:3089} INFO - Sync 1 DAGs
[2026-03-08T05:38:48.657+0000] {logging_mixin.py:188} INFO - [2026-03-08T05:38:48.657+0000] {dag.py:3947} INFO - Setting next_dagrun for etl_users_pipeline to None, run_after=None
[2026-03-08T05:38:48.671+0000] {processor.py:183} INFO - Processing /opt/airflow/dags/etl_users_dag.py took 0.082 seconds
[2026-03-08T05:39:19.137+0000] {processor.py:161} INFO - Started process (PID=5270) to work on /opt/airflow/dags/etl_users_dag.py
[2026-03-08T05:39:19.138+0000] {processor.py:830} INFO - Processing file /opt/airflow/dags/etl_users_dag.py for tasks to queue
[2026-03-08T05:39:19.140+0000] {logging_mixin.py:188} INFO - [2026-03-08T05:39:19.140+0000] {dagbag.py:545} INFO - Filling up the DagBag from /opt/airflow/dags/etl_users_dag.py
[2026-03-08T05:39:19.150+0000] {processor.py:840} INFO - DAG(s) 'etl_users_pipeline' retrieved from /opt/airflow/dags/etl_users_dag.py
[2026-03-08T05:39:19.181+0000] {logging_mixin.py:188} INFO - [2026-03-08T05:39:19.181+0000] {dag.py:3089} INFO - Sync 1 DAGs
[2026-03-08T05:39:19.190+0000] {logging_mixin.py:188} INFO - [2026-03-08T05:39:19.190+0000] {dag.py:3947} INFO - Setting next_dagrun for etl_users_pipeline to None, run_after=None
[2026-03-08T05:39:19.205+0000] {processor.py:183} INFO - Processing /opt/airflow/dags/etl_users_dag.py took 0.076 seconds
[2026-03-08T05:39:49.587+0000] {processor.py:161} INFO - Started process (PID=5280) to work on /opt/airflow/dags/etl_users_dag.py
[2026-03-08T05:39:49.589+0000] {processor.py:830} INFO - Processing file /opt/airflow/dags/etl_users_dag.py for tasks to queue
[2026-03-08T05:39:49.592+0000] {logging_mixin.py:188} INFO - [2026-03-08T05:39:49.591+0000] {dagbag.py:545} INFO - Filling up the DagBag from /opt/airflow/dags/etl_users_dag.py
[2026-03-08T05:39:49.604+0000] {processor.py:840} INFO - DAG(s) 'etl_users_pipeline' retrieved from /opt/airflow/dags/etl_users_dag.py
[2026-03-08T05:39:49.632+0000] {logging_mixin.py:188} INFO - [2026-03-08T05:39:49.631+0000] {dag.py:3089} INFO - Sync 1 DAGs
[2026-03-08T05:39:49.640+0000] {logging_mixin.py:188} INFO - [2026-03-08T05:39:49.640+0000] {dag.py:3947} INFO - Setting next_dagrun for etl_users_pipeline to None, run_after=None
[2026-03-08T05:39:49.652+0000] {processor.py:183} INFO - Processing /opt/airflow/dags/etl_users_dag.py took 0.077 seconds
[2026-03-08T05:40:19.950+0000] {processor.py:161} INFO - Started process (PID=5290) to work on /opt/airflow/dags/etl_users_dag.py
[2026-03-08T05:40:19.951+0000] {processor.py:830} INFO - Processing file /opt/airflow/dags/etl_users_dag.py for tasks to queue
[2026-03-08T05:40:19.953+0000] {logging_mixin.py:188} INFO - [2026-03-08T05:40:19.952+0000] {dagbag.py:545} INFO - Filling up the DagBag from /opt/airflow/dags/etl_users_dag.py
[2026-03-08T05:40:19.963+0000] {processor.py:840} INFO - DAG(s) 'etl_users_pipeline' retrieved from /opt/airflow/dags/etl_users_dag.py
[2026-03-08T05:40:19.992+0000] {logging_mixin.py:188} INFO - [2026-03-08T05:40:19.992+0000] {dag.py:3089} INFO - Sync 1 DAGs
[2026-03-08T05:40:20.006+0000] {logging_mixin.py:188} INFO - [2026-03-08T05:40:20.006+0000] {dag.py:3947} INFO - Setting next_dagrun for etl_users_pipeline to None, run_after=None
[2026-03-08T05:40:20.022+0000] {processor.py:183} INFO - Processing /opt/airflow/dags/etl_users_dag.py took 0.078 seconds
[2026-03-08T05:40:50.409+0000] {processor.py:161} INFO - Started process (PID=5300) to work on /opt/airflow/dags/etl_users_dag.py
[2026-03-08T05:40:50.410+0000] {processor.py:830} INFO - Processing file /opt/airflow/dags/etl_users_dag.py for tasks to queue
[2026-03-08T05:40:50.413+0000] {logging_mixin.py:188} INFO - [2026-03-08T05:40:50.412+0000] {dagbag.py:545} INFO - Filling up the DagBag from /opt/airflow/dags/etl_users_dag.py
[2026-03-08T05:40:50.431+0000] {processor.py:840} INFO - DAG(s) 'etl_users_pipeline' retrieved from /opt/airflow/dags/etl_users_dag.py
[2026-03-08T05:40:50.462+0000] {logging_mixin.py:188} INFO - [2026-03-08T05:40:50.462+0000] {dag.py:3089} INFO - Sync 1 DAGs
[2026-03-08T05:40:50.471+0000] {logging_mixin.py:188} INFO - [2026-03-08T05:40:50.470+0000] {dag.py:3947} INFO - Setting next_dagrun for etl_users_pipeline to None, run_after=None
[2026-03-08T05:40:50.485+0000] {processor.py:183} INFO - Processing /opt/airflow/dags/etl_users_dag.py took 0.088 seconds
[2026-03-08T05:41:20.862+0000] {processor.py:161} INFO - Started process (PID=5310) to work on /opt/airflow/dags/etl_users_dag.py
[2026-03-08T05:41:20.863+0000] {processor.py:830} INFO - Processing file /opt/airflow/dags/etl_users_dag.py for tasks to queue
[2026-03-08T05:41:20.866+0000] {logging_mixin.py:188} INFO - [2026-03-08T05:41:20.865+0000] {dagbag.py:545} INFO - Filling up the DagBag from /opt/airflow/dags/etl_users_dag.py
[2026-03-08T05:41:20.880+0000] {processor.py:840} INFO - DAG(s) 'etl_users_pipeline' retrieved from /opt/airflow/dags/etl_users_dag.py
[2026-03-08T05:41:20.910+0000] {logging_mixin.py:188} INFO - [2026-03-08T05:41:20.910+0000] {dag.py:3089} INFO - Sync 1 DAGs
[2026-03-08T05:41:20.922+0000] {logging_mixin.py:188} INFO - [2026-03-08T05:41:20.921+0000] {dag.py:3947} INFO - Setting next_dagrun for etl_users_pipeline to None, run_after=None
[2026-03-08T05:41:20.936+0000] {processor.py:183} INFO - Processing /opt/airflow/dags/etl_users_dag.py took 0.083 seconds
[2026-03-08T05:41:51.392+0000] {processor.py:161} INFO - Started process (PID=5320) to work on /opt/airflow/dags/etl_users_dag.py
[2026-03-08T05:41:51.393+0000] {processor.py:830} INFO - Processing file /opt/airflow/dags/etl_users_dag.py for tasks to queue
[2026-03-08T05:41:51.396+0000] {logging_mixin.py:188} INFO - [2026-03-08T05:41:51.395+0000] {dagbag.py:545} INFO - Filling up the DagBag from /opt/airflow/dags/etl_users_dag.py
[2026-03-08T05:41:51.404+0000] {processor.py:840} INFO - DAG(s) 'etl_users_pipeline' retrieved from /opt/airflow/dags/etl_users_dag.py
[2026-03-08T05:41:51.439+0000] {logging_mixin.py:188} INFO - [2026-03-08T05:41:51.439+0000] {dag.py:3089} INFO - Sync 1 DAGs
[2026-03-08T05:41:51.450+0000] {logging_mixin.py:188} INFO - [2026-03-08T05:41:51.450+0000] {dag.py:3947} INFO - Setting next_dagrun for etl_users_pipeline to None, run_after=None
[2026-03-08T05:41:51.461+0000] {processor.py:183} INFO - Processing /opt/airflow/dags/etl_users_dag.py took 0.079 seconds
[2026-03-08T05:42:21.882+0000] {processor.py:161} INFO - Started process (PID=5330) to work on /opt/airflow/dags/etl_users_dag.py
[2026-03-08T05:42:21.883+0000] {processor.py:830} INFO - Processing file /opt/airflow/dags/etl_users_dag.py for tasks to queue
[2026-03-08T05:42:21.885+0000] {logging_mixin.py:188} INFO - [2026-03-08T05:42:21.884+0000] {dagbag.py:545} INFO - Filling up the DagBag from /opt/airflow/dags/etl_users_dag.py
[2026-03-08T05:42:21.893+0000] {processor.py:840} INFO - DAG(s) 'etl_users_pipeline' retrieved from /opt/airflow/dags/etl_users_dag.py
[2026-03-08T05:42:21.929+0000] {logging_mixin.py:188} INFO - [2026-03-08T05:42:21.929+0000] {dag.py:3089} INFO - Sync 1 DAGs
[2026-03-08T05:42:21.940+0000] {logging_mixin.py:188} INFO - [2026-03-08T05:42:21.940+0000] {dag.py:3947} INFO - Setting next_dagrun for etl_users_pipeline to None, run_after=None
[2026-03-08T05:42:21.953+0000] {processor.py:183} INFO - Processing /opt/airflow/dags/etl_users_dag.py took 0.079 seconds
[2026-03-08T05:42:52.401+0000] {processor.py:161} INFO - Started process (PID=5340) to work on /opt/airflow/dags/etl_users_dag.py
[2026-03-08T05:42:52.403+0000] {processor.py:830} INFO - Processing file /opt/airflow/dags/etl_users_dag.py for tasks to queue
[2026-03-08T05:42:52.405+0000] {logging_mixin.py:188} INFO - [2026-03-08T05:42:52.405+0000] {dagbag.py:545} INFO - Filling up the DagBag from /opt/airflow/dags/etl_users_dag.py
[2026-03-08T05:42:52.415+0000] {processor.py:840} INFO - DAG(s) 'etl_users_pipeline' retrieved from /opt/airflow/dags/etl_users_dag.py
[2026-03-08T05:42:52.443+0000] {logging_mixin.py:188} INFO - [2026-03-08T05:42:52.442+0000] {dag.py:3089} INFO - Sync 1 DAGs
[2026-03-08T05:42:52.450+0000] {logging_mixin.py:188} INFO - [2026-03-08T05:42:52.450+0000] {dag.py:3947} INFO - Setting next_dagrun for etl_users_pipeline to None, run_after=None
[2026-03-08T05:42:52.464+0000] {processor.py:183} INFO - Processing /opt/airflow/dags/etl_users_dag.py took 0.072 seconds
[2026-03-08T05:43:22.827+0000] {processor.py:161} INFO - Started process (PID=5350) to work on /opt/airflow/dags/etl_users_dag.py
[2026-03-08T05:43:22.830+0000] {processor.py:830} INFO - Processing file /opt/airflow/dags/etl_users_dag.py for tasks to queue
[2026-03-08T05:43:22.834+0000] {logging_mixin.py:188} INFO - [2026-03-08T05:43:22.833+0000] {dagbag.py:545} INFO - Filling up the DagBag from /opt/airflow/dags/etl_users_dag.py
[2026-03-08T05:43:22.863+0000] {processor.py:840} INFO - DAG(s) 'etl_users_pipeline' retrieved from /opt/airflow/dags/etl_users_dag.py
[2026-03-08T05:43:22.894+0000] {logging_mixin.py:188} INFO - [2026-03-08T05:43:22.894+0000] {dag.py:3089} INFO - Sync 1 DAGs
[2026-03-08T05:43:22.905+0000] {logging_mixin.py:188} INFO - [2026-03-08T05:43:22.905+0000] {dag.py:3947} INFO - Setting next_dagrun for etl_users_pipeline to None, run_after=None
[2026-03-08T05:43:22.919+0000] {processor.py:183} INFO - Processing /opt/airflow/dags/etl_users_dag.py took 0.104 seconds
[2026-03-08T05:43:53.403+0000] {processor.py:161} INFO - Started process (PID=5360) to work on /opt/airflow/dags/etl_users_dag.py
[2026-03-08T05:43:53.412+0000] {processor.py:830} INFO - Processing file /opt/airflow/dags/etl_users_dag.py for tasks to queue
[2026-03-08T05:43:53.416+0000] {logging_mixin.py:188} INFO - [2026-03-08T05:43:53.415+0000] {dagbag.py:545} INFO - Filling up the DagBag from /opt/airflow/dags/etl_users_dag.py
[2026-03-08T05:43:53.434+0000] {processor.py:840} INFO - DAG(s) 'etl_users_pipeline' retrieved from /opt/airflow/dags/etl_users_dag.py
[2026-03-08T05:43:53.467+0000] {logging_mixin.py:188} INFO - [2026-03-08T05:43:53.467+0000] {dag.py:3089} INFO - Sync 1 DAGs
[2026-03-08T05:43:53.475+0000] {logging_mixin.py:188} INFO - [2026-03-08T05:43:53.475+0000] {dag.py:3947} INFO - Setting next_dagrun for etl_users_pipeline to None, run_after=None
[2026-03-08T05:43:53.491+0000] {processor.py:183} INFO - Processing /opt/airflow/dags/etl_users_dag.py took 0.103 seconds
[2026-03-08T05:44:23.904+0000] {processor.py:161} INFO - Started process (PID=5370) to work on /opt/airflow/dags/etl_users_dag.py
[2026-03-08T05:44:23.905+0000] {processor.py:830} INFO - Processing file /opt/airflow/dags/etl_users_dag.py for tasks to queue
[2026-03-08T05:44:23.909+0000] {logging_mixin.py:188} INFO - [2026-03-08T05:44:23.908+0000] {dagbag.py:545} INFO - Filling up the DagBag from /opt/airflow/dags/etl_users_dag.py
[2026-03-08T05:44:23.926+0000] {processor.py:840} INFO - DAG(s) 'etl_users_pipeline' retrieved from /opt/airflow/dags/etl_users_dag.py
[2026-03-08T05:44:23.957+0000] {logging_mixin.py:188} INFO - [2026-03-08T05:44:23.957+0000] {dag.py:3089} INFO - Sync 1 DAGs
[2026-03-08T05:44:23.969+0000] {logging_mixin.py:188} INFO - [2026-03-08T05:44:23.969+0000] {dag.py:3947} INFO - Setting next_dagrun for etl_users_pipeline to None, run_after=None
[2026-03-08T05:44:23.986+0000] {processor.py:183} INFO - Processing /opt/airflow/dags/etl_users_dag.py took 0.096 seconds
[2026-03-08T05:44:54.343+0000] {processor.py:161} INFO - Started process (PID=5380) to work on /opt/airflow/dags/etl_users_dag.py
[2026-03-08T05:44:54.344+0000] {processor.py:830} INFO - Processing file /opt/airflow/dags/etl_users_dag.py for tasks to queue
[2026-03-08T05:44:54.347+0000] {logging_mixin.py:188} INFO - [2026-03-08T05:44:54.347+0000] {dagbag.py:545} INFO - Filling up the DagBag from /opt/airflow/dags/etl_users_dag.py
[2026-03-08T05:44:54.358+0000] {processor.py:840} INFO - DAG(s) 'etl_users_pipeline' retrieved from /opt/airflow/dags/etl_users_dag.py
[2026-03-08T05:44:54.400+0000] {logging_mixin.py:188} INFO - [2026-03-08T05:44:54.400+0000] {dag.py:3089} INFO - Sync 1 DAGs
[2026-03-08T05:44:54.412+0000] {logging_mixin.py:188} INFO - [2026-03-08T05:44:54.412+0000] {dag.py:3947} INFO - Setting next_dagrun for etl_users_pipeline to None, run_after=None
[2026-03-08T05:44:54.432+0000] {processor.py:183} INFO - Processing /opt/airflow/dags/etl_users_dag.py took 0.100 seconds
[2026-03-08T05:45:24.928+0000] {processor.py:161} INFO - Started process (PID=5390) to work on /opt/airflow/dags/etl_users_dag.py
[2026-03-08T05:45:24.930+0000] {processor.py:830} INFO - Processing file /opt/airflow/dags/etl_users_dag.py for tasks to queue
[2026-03-08T05:45:24.934+0000] {logging_mixin.py:188} INFO - [2026-03-08T05:45:24.934+0000] {dagbag.py:545} INFO - Filling up the DagBag from /opt/airflow/dags/etl_users_dag.py
[2026-03-08T05:45:24.954+0000] {processor.py:840} INFO - DAG(s) 'etl_users_pipeline' retrieved from /opt/airflow/dags/etl_users_dag.py
[2026-03-08T05:45:24.996+0000] {logging_mixin.py:188} INFO - [2026-03-08T05:45:24.996+0000] {dag.py:3089} INFO - Sync 1 DAGs
[2026-03-08T05:45:25.010+0000] {logging_mixin.py:188} INFO - [2026-03-08T05:45:25.010+0000] {dag.py:3947} INFO - Setting next_dagrun for etl_users_pipeline to None, run_after=None
[2026-03-08T05:45:25.032+0000] {processor.py:183} INFO - Processing /opt/airflow/dags/etl_users_dag.py took 0.122 seconds
[2026-03-08T05:45:55.268+0000] {processor.py:161} INFO - Started process (PID=5400) to work on /opt/airflow/dags/etl_users_dag.py
[2026-03-08T05:45:55.269+0000] {processor.py:830} INFO - Processing file /opt/airflow/dags/etl_users_dag.py for tasks to queue
[2026-03-08T05:45:55.271+0000] {logging_mixin.py:188} INFO - [2026-03-08T05:45:55.271+0000] {dagbag.py:545} INFO - Filling up the DagBag from /opt/airflow/dags/etl_users_dag.py
[2026-03-08T05:45:55.283+0000] {processor.py:840} INFO - DAG(s) 'etl_users_pipeline' retrieved from /opt/airflow/dags/etl_users_dag.py
[2026-03-08T05:45:55.316+0000] {logging_mixin.py:188} INFO - [2026-03-08T05:45:55.316+0000] {dag.py:3089} INFO - Sync 1 DAGs
[2026-03-08T05:45:55.329+0000] {logging_mixin.py:188} INFO - [2026-03-08T05:45:55.328+0000] {dag.py:3947} INFO - Setting next_dagrun for etl_users_pipeline to None, run_after=None
[2026-03-08T05:45:55.355+0000] {processor.py:183} INFO - Processing /opt/airflow/dags/etl_users_dag.py took 0.095 seconds
[2026-03-08T05:46:25.824+0000] {processor.py:161} INFO - Started process (PID=5410) to work on /opt/airflow/dags/etl_users_dag.py
[2026-03-08T05:46:25.825+0000] {processor.py:830} INFO - Processing file /opt/airflow/dags/etl_users_dag.py for tasks to queue
[2026-03-08T05:46:25.827+0000] {logging_mixin.py:188} INFO - [2026-03-08T05:46:25.826+0000] {dagbag.py:545} INFO - Filling up the DagBag from /opt/airflow/dags/etl_users_dag.py
[2026-03-08T05:46:25.838+0000] {processor.py:840} INFO - DAG(s) 'etl_users_pipeline' retrieved from /opt/airflow/dags/etl_users_dag.py
[2026-03-08T05:46:25.871+0000] {logging_mixin.py:188} INFO - [2026-03-08T05:46:25.871+0000] {dag.py:3089} INFO - Sync 1 DAGs
[2026-03-08T05:46:25.879+0000] {logging_mixin.py:188} INFO - [2026-03-08T05:46:25.878+0000] {dag.py:3947} INFO - Setting next_dagrun for etl_users_pipeline to None, run_after=None
[2026-03-08T05:46:25.891+0000] {processor.py:183} INFO - Processing /opt/airflow/dags/etl_users_dag.py took 0.075 seconds
[2026-03-08T05:46:56.336+0000] {processor.py:161} INFO - Started process (PID=5420) to work on /opt/airflow/dags/etl_users_dag.py
[2026-03-08T05:46:56.338+0000] {processor.py:830} INFO - Processing file /opt/airflow/dags/etl_users_dag.py for tasks to queue
[2026-03-08T05:46:56.340+0000] {logging_mixin.py:188} INFO - [2026-03-08T05:46:56.339+0000] {dagbag.py:545} INFO - Filling up the DagBag from /opt/airflow/dags/etl_users_dag.py
[2026-03-08T05:46:56.352+0000] {processor.py:840} INFO - DAG(s) 'etl_users_pipeline' retrieved from /opt/airflow/dags/etl_users_dag.py
[2026-03-08T05:46:56.379+0000] {logging_mixin.py:188} INFO - [2026-03-08T05:46:56.379+0000] {dag.py:3089} INFO - Sync 1 DAGs
[2026-03-08T05:46:56.386+0000] {logging_mixin.py:188} INFO - [2026-03-08T05:46:56.386+0000] {dag.py:3947} INFO - Setting next_dagrun for etl_users_pipeline to None, run_after=None
[2026-03-08T05:46:56.399+0000] {processor.py:183} INFO - Processing /opt/airflow/dags/etl_users_dag.py took 0.072 seconds
[2026-03-08T05:47:26.843+0000] {processor.py:161} INFO - Started process (PID=5430) to work on /opt/airflow/dags/etl_users_dag.py
[2026-03-08T05:47:26.846+0000] {processor.py:830} INFO - Processing file /opt/airflow/dags/etl_users_dag.py for tasks to queue
[2026-03-08T05:47:26.848+0000] {logging_mixin.py:188} INFO - [2026-03-08T05:47:26.848+0000] {dagbag.py:545} INFO - Filling up the DagBag from /opt/airflow/dags/etl_users_dag.py
[2026-03-08T05:47:26.865+0000] {processor.py:840} INFO - DAG(s) 'etl_users_pipeline' retrieved from /opt/airflow/dags/etl_users_dag.py
[2026-03-08T05:47:26.897+0000] {logging_mixin.py:188} INFO - [2026-03-08T05:47:26.897+0000] {dag.py:3089} INFO - Sync 1 DAGs
[2026-03-08T05:47:26.904+0000] {logging_mixin.py:188} INFO - [2026-03-08T05:47:26.904+0000] {dag.py:3947} INFO - Setting next_dagrun for etl_users_pipeline to None, run_after=None
[2026-03-08T05:47:26.915+0000] {processor.py:183} INFO - Processing /opt/airflow/dags/etl_users_dag.py took 0.084 seconds
[2026-03-08T05:47:57.343+0000] {processor.py:161} INFO - Started process (PID=5440) to work on /opt/airflow/dags/etl_users_dag.py
[2026-03-08T05:47:57.346+0000] {processor.py:830} INFO - Processing file /opt/airflow/dags/etl_users_dag.py for tasks to queue
[2026-03-08T05:47:57.348+0000] {logging_mixin.py:188} INFO - [2026-03-08T05:47:57.348+0000] {dagbag.py:545} INFO - Filling up the DagBag from /opt/airflow/dags/etl_users_dag.py
[2026-03-08T05:47:57.361+0000] {processor.py:840} INFO - DAG(s) 'etl_users_pipeline' retrieved from /opt/airflow/dags/etl_users_dag.py
[2026-03-08T05:47:57.398+0000] {logging_mixin.py:188} INFO - [2026-03-08T05:47:57.398+0000] {dag.py:3089} INFO - Sync 1 DAGs
[2026-03-08T05:47:57.424+0000] {logging_mixin.py:188} INFO - [2026-03-08T05:47:57.424+0000] {dag.py:3947} INFO - Setting next_dagrun for etl_users_pipeline to None, run_after=None
[2026-03-08T05:47:57.442+0000] {processor.py:183} INFO - Processing /opt/airflow/dags/etl_users_dag.py took 0.115 seconds
[2026-03-08T06:03:50.842+0000] {processor.py:161} INFO - Started process (PID=5450) to work on /opt/airflow/dags/etl_users_dag.py
[2026-03-08T06:03:50.843+0000] {processor.py:830} INFO - Processing file /opt/airflow/dags/etl_users_dag.py for tasks to queue
[2026-03-08T06:03:50.851+0000] {logging_mixin.py:188} INFO - [2026-03-08T06:03:50.850+0000] {dagbag.py:545} INFO - Filling up the DagBag from /opt/airflow/dags/etl_users_dag.py
[2026-03-08T06:03:50.865+0000] {processor.py:840} INFO - DAG(s) 'etl_users_pipeline' retrieved from /opt/airflow/dags/etl_users_dag.py
[2026-03-08T06:03:50.893+0000] {logging_mixin.py:188} INFO - [2026-03-08T06:03:50.893+0000] {dag.py:3089} INFO - Sync 1 DAGs
[2026-03-08T06:03:50.904+0000] {logging_mixin.py:188} INFO - [2026-03-08T06:03:50.904+0000] {dag.py:3947} INFO - Setting next_dagrun for etl_users_pipeline to None, run_after=None
[2026-03-08T06:03:50.921+0000] {processor.py:183} INFO - Processing /opt/airflow/dags/etl_users_dag.py took 0.089 seconds
[2026-03-08T06:04:21.283+0000] {processor.py:161} INFO - Started process (PID=5460) to work on /opt/airflow/dags/etl_users_dag.py
[2026-03-08T06:04:21.284+0000] {processor.py:830} INFO - Processing file /opt/airflow/dags/etl_users_dag.py for tasks to queue
[2026-03-08T06:04:21.287+0000] {logging_mixin.py:188} INFO - [2026-03-08T06:04:21.286+0000] {dagbag.py:545} INFO - Filling up the DagBag from /opt/airflow/dags/etl_users_dag.py
[2026-03-08T06:04:21.298+0000] {processor.py:840} INFO - DAG(s) 'etl_users_pipeline' retrieved from /opt/airflow/dags/etl_users_dag.py
[2026-03-08T06:04:21.333+0000] {logging_mixin.py:188} INFO - [2026-03-08T06:04:21.333+0000] {dag.py:3089} INFO - Sync 1 DAGs
[2026-03-08T06:04:21.342+0000] {logging_mixin.py:188} INFO - [2026-03-08T06:04:21.342+0000] {dag.py:3947} INFO - Setting next_dagrun for etl_users_pipeline to None, run_after=None
[2026-03-08T06:04:21.358+0000] {processor.py:183} INFO - Processing /opt/airflow/dags/etl_users_dag.py took 0.092 seconds
[2026-03-08T06:04:51.847+0000] {processor.py:161} INFO - Started process (PID=5470) to work on /opt/airflow/dags/etl_users_dag.py
[2026-03-08T06:04:51.850+0000] {processor.py:830} INFO - Processing file /opt/airflow/dags/etl_users_dag.py for tasks to queue
[2026-03-08T06:04:51.852+0000] {logging_mixin.py:188} INFO - [2026-03-08T06:04:51.852+0000] {dagbag.py:545} INFO - Filling up the DagBag from /opt/airflow/dags/etl_users_dag.py
[2026-03-08T06:04:51.863+0000] {processor.py:840} INFO - DAG(s) 'etl_users_pipeline' retrieved from /opt/airflow/dags/etl_users_dag.py
[2026-03-08T06:04:51.891+0000] {logging_mixin.py:188} INFO - [2026-03-08T06:04:51.891+0000] {dag.py:3089} INFO - Sync 1 DAGs
[2026-03-08T06:04:51.900+0000] {logging_mixin.py:188} INFO - [2026-03-08T06:04:51.899+0000] {dag.py:3947} INFO - Setting next_dagrun for etl_users_pipeline to None, run_after=None
[2026-03-08T06:04:51.912+0000] {processor.py:183} INFO - Processing /opt/airflow/dags/etl_users_dag.py took 0.080 seconds
[2026-03-08T06:05:22.370+0000] {processor.py:161} INFO - Started process (PID=5480) to work on /opt/airflow/dags/etl_users_dag.py
[2026-03-08T06:05:22.372+0000] {processor.py:830} INFO - Processing file /opt/airflow/dags/etl_users_dag.py for tasks to queue
[2026-03-08T06:05:22.374+0000] {logging_mixin.py:188} INFO - [2026-03-08T06:05:22.374+0000] {dagbag.py:545} INFO - Filling up the DagBag from /opt/airflow/dags/etl_users_dag.py
[2026-03-08T06:05:22.390+0000] {processor.py:840} INFO - DAG(s) 'etl_users_pipeline' retrieved from /opt/airflow/dags/etl_users_dag.py
[2026-03-08T06:05:22.420+0000] {logging_mixin.py:188} INFO - [2026-03-08T06:05:22.420+0000] {dag.py:3089} INFO - Sync 1 DAGs
[2026-03-08T06:05:22.430+0000] {logging_mixin.py:188} INFO - [2026-03-08T06:05:22.430+0000] {dag.py:3947} INFO - Setting next_dagrun for etl_users_pipeline to None, run_after=None
[2026-03-08T06:05:22.441+0000] {processor.py:183} INFO - Processing /opt/airflow/dags/etl_users_dag.py took 0.084 seconds
[2026-03-08T06:05:52.896+0000] {processor.py:161} INFO - Started process (PID=5490) to work on /opt/airflow/dags/etl_users_dag.py
[2026-03-08T06:05:52.898+0000] {processor.py:830} INFO - Processing file /opt/airflow/dags/etl_users_dag.py for tasks to queue
[2026-03-08T06:05:52.903+0000] {logging_mixin.py:188} INFO - [2026-03-08T06:05:52.903+0000] {dagbag.py:545} INFO - Filling up the DagBag from /opt/airflow/dags/etl_users_dag.py
[2026-03-08T06:05:52.917+0000] {processor.py:840} INFO - DAG(s) 'etl_users_pipeline' retrieved from /opt/airflow/dags/etl_users_dag.py
[2026-03-08T06:05:52.947+0000] {logging_mixin.py:188} INFO - [2026-03-08T06:05:52.947+0000] {dag.py:3089} INFO - Sync 1 DAGs
[2026-03-08T06:05:52.956+0000] {logging_mixin.py:188} INFO - [2026-03-08T06:05:52.956+0000] {dag.py:3947} INFO - Setting next_dagrun for etl_users_pipeline to None, run_after=None
[2026-03-08T06:05:52.971+0000] {processor.py:183} INFO - Processing /opt/airflow/dags/etl_users_dag.py took 0.085 seconds
[2026-03-08T06:06:23.386+0000] {processor.py:161} INFO - Started process (PID=5500) to work on /opt/airflow/dags/etl_users_dag.py
[2026-03-08T06:06:23.388+0000] {processor.py:830} INFO - Processing file /opt/airflow/dags/etl_users_dag.py for tasks to queue
[2026-03-08T06:06:23.390+0000] {logging_mixin.py:188} INFO - [2026-03-08T06:06:23.389+0000] {dagbag.py:545} INFO - Filling up the DagBag from /opt/airflow/dags/etl_users_dag.py
[2026-03-08T06:06:23.405+0000] {processor.py:840} INFO - DAG(s) 'etl_users_pipeline' retrieved from /opt/airflow/dags/etl_users_dag.py
[2026-03-08T06:06:23.431+0000] {logging_mixin.py:188} INFO - [2026-03-08T06:06:23.431+0000] {dag.py:3089} INFO - Sync 1 DAGs
[2026-03-08T06:06:23.439+0000] {logging_mixin.py:188} INFO - [2026-03-08T06:06:23.439+0000] {dag.py:3947} INFO - Setting next_dagrun for etl_users_pipeline to None, run_after=None
[2026-03-08T06:06:23.451+0000] {processor.py:183} INFO - Processing /opt/airflow/dags/etl_users_dag.py took 0.075 seconds
[2026-03-08T06:23:38.397+0000] {processor.py:161} INFO - Started process (PID=5510) to work on /opt/airflow/dags/etl_users_dag.py
[2026-03-08T06:23:38.399+0000] {processor.py:830} INFO - Processing file /opt/airflow/dags/etl_users_dag.py for tasks to queue
[2026-03-08T06:23:38.402+0000] {logging_mixin.py:188} INFO - [2026-03-08T06:23:38.401+0000] {dagbag.py:545} INFO - Filling up the DagBag from /opt/airflow/dags/etl_users_dag.py
[2026-03-08T06:23:38.428+0000] {processor.py:840} INFO - DAG(s) 'etl_users_pipeline' retrieved from /opt/airflow/dags/etl_users_dag.py
[2026-03-08T06:23:38.475+0000] {logging_mixin.py:188} INFO - [2026-03-08T06:23:38.475+0000] {dag.py:3089} INFO - Sync 1 DAGs
[2026-03-08T06:23:38.489+0000] {logging_mixin.py:188} INFO - [2026-03-08T06:23:38.489+0000] {dag.py:3947} INFO - Setting next_dagrun for etl_users_pipeline to None, run_after=None
[2026-03-08T06:23:38.508+0000] {processor.py:183} INFO - Processing /opt/airflow/dags/etl_users_dag.py took 0.126 seconds
[2026-03-08T06:24:08.809+0000] {processor.py:161} INFO - Started process (PID=5520) to work on /opt/airflow/dags/etl_users_dag.py
[2026-03-08T06:24:08.810+0000] {processor.py:830} INFO - Processing file /opt/airflow/dags/etl_users_dag.py for tasks to queue
[2026-03-08T06:24:08.811+0000] {logging_mixin.py:188} INFO - [2026-03-08T06:24:08.811+0000] {dagbag.py:545} INFO - Filling up the DagBag from /opt/airflow/dags/etl_users_dag.py
[2026-03-08T06:24:08.820+0000] {processor.py:840} INFO - DAG(s) 'etl_users_pipeline' retrieved from /opt/airflow/dags/etl_users_dag.py
[2026-03-08T06:24:08.850+0000] {logging_mixin.py:188} INFO - [2026-03-08T06:24:08.850+0000] {dag.py:3089} INFO - Sync 1 DAGs
[2026-03-08T06:24:08.861+0000] {logging_mixin.py:188} INFO - [2026-03-08T06:24:08.861+0000] {dag.py:3947} INFO - Setting next_dagrun for etl_users_pipeline to None, run_after=None
[2026-03-08T06:24:08.877+0000] {processor.py:183} INFO - Processing /opt/airflow/dags/etl_users_dag.py took 0.075 seconds
[2026-03-08T06:41:19.434+0000] {processor.py:161} INFO - Started process (PID=5530) to work on /opt/airflow/dags/etl_users_dag.py
[2026-03-08T06:41:19.436+0000] {processor.py:830} INFO - Processing file /opt/airflow/dags/etl_users_dag.py for tasks to queue
[2026-03-08T06:41:19.440+0000] {logging_mixin.py:188} INFO - [2026-03-08T06:41:19.440+0000] {dagbag.py:545} INFO - Filling up the DagBag from /opt/airflow/dags/etl_users_dag.py
[2026-03-08T06:41:19.459+0000] {processor.py:840} INFO - DAG(s) 'etl_users_pipeline' retrieved from /opt/airflow/dags/etl_users_dag.py
[2026-03-08T06:41:19.505+0000] {logging_mixin.py:188} INFO - [2026-03-08T06:41:19.505+0000] {dag.py:3089} INFO - Sync 1 DAGs
[2026-03-08T06:41:19.517+0000] {logging_mixin.py:188} INFO - [2026-03-08T06:41:19.517+0000] {dag.py:3947} INFO - Setting next_dagrun for etl_users_pipeline to None, run_after=None
[2026-03-08T06:41:19.534+0000] {processor.py:183} INFO - Processing /opt/airflow/dags/etl_users_dag.py took 0.135 seconds
[2026-03-08T06:41:49.983+0000] {processor.py:161} INFO - Started process (PID=5540) to work on /opt/airflow/dags/etl_users_dag.py
[2026-03-08T06:41:49.984+0000] {processor.py:830} INFO - Processing file /opt/airflow/dags/etl_users_dag.py for tasks to queue
[2026-03-08T06:41:49.986+0000] {logging_mixin.py:188} INFO - [2026-03-08T06:41:49.986+0000] {dagbag.py:545} INFO - Filling up the DagBag from /opt/airflow/dags/etl_users_dag.py
[2026-03-08T06:41:49.997+0000] {processor.py:840} INFO - DAG(s) 'etl_users_pipeline' retrieved from /opt/airflow/dags/etl_users_dag.py
[2026-03-08T06:41:50.032+0000] {logging_mixin.py:188} INFO - [2026-03-08T06:41:50.030+0000] {dag.py:3089} INFO - Sync 1 DAGs
[2026-03-08T06:41:50.041+0000] {logging_mixin.py:188} INFO - [2026-03-08T06:41:50.041+0000] {dag.py:3947} INFO - Setting next_dagrun for etl_users_pipeline to None, run_after=None
[2026-03-08T06:41:50.053+0000] {processor.py:183} INFO - Processing /opt/airflow/dags/etl_users_dag.py took 0.079 seconds
[2026-03-08T06:48:10.587+0000] {processor.py:161} INFO - Started process (PID=5550) to work on /opt/airflow/dags/etl_users_dag.py
[2026-03-08T06:48:10.590+0000] {processor.py:830} INFO - Processing file /opt/airflow/dags/etl_users_dag.py for tasks to queue
[2026-03-08T06:48:10.593+0000] {logging_mixin.py:188} INFO - [2026-03-08T06:48:10.593+0000] {dagbag.py:545} INFO - Filling up the DagBag from /opt/airflow/dags/etl_users_dag.py
[2026-03-08T06:48:10.608+0000] {processor.py:840} INFO - DAG(s) 'etl_users_pipeline' retrieved from /opt/airflow/dags/etl_users_dag.py
[2026-03-08T06:48:10.639+0000] {logging_mixin.py:188} INFO - [2026-03-08T06:48:10.639+0000] {dag.py:3089} INFO - Sync 1 DAGs
[2026-03-08T06:48:10.653+0000] {logging_mixin.py:188} INFO - [2026-03-08T06:48:10.652+0000] {dag.py:3947} INFO - Setting next_dagrun for etl_users_pipeline to None, run_after=None
[2026-03-08T06:48:10.669+0000] {processor.py:183} INFO - Processing /opt/airflow/dags/etl_users_dag.py took 0.099 seconds
[2026-03-08T06:48:41.063+0000] {processor.py:161} INFO - Started process (PID=5560) to work on /opt/airflow/dags/etl_users_dag.py
[2026-03-08T06:48:41.064+0000] {processor.py:830} INFO - Processing file /opt/airflow/dags/etl_users_dag.py for tasks to queue
[2026-03-08T06:48:41.066+0000] {logging_mixin.py:188} INFO - [2026-03-08T06:48:41.066+0000] {dagbag.py:545} INFO - Filling up the DagBag from /opt/airflow/dags/etl_users_dag.py
[2026-03-08T06:48:41.077+0000] {processor.py:840} INFO - DAG(s) 'etl_users_pipeline' retrieved from /opt/airflow/dags/etl_users_dag.py
[2026-03-08T06:48:41.116+0000] {logging_mixin.py:188} INFO - [2026-03-08T06:48:41.115+0000] {dag.py:3089} INFO - Sync 1 DAGs
[2026-03-08T06:48:41.131+0000] {logging_mixin.py:188} INFO - [2026-03-08T06:48:41.131+0000] {dag.py:3947} INFO - Setting next_dagrun for etl_users_pipeline to None, run_after=None
[2026-03-08T06:48:41.148+0000] {processor.py:183} INFO - Processing /opt/airflow/dags/etl_users_dag.py took 0.094 seconds
[2026-03-08T06:49:11.505+0000] {processor.py:161} INFO - Started process (PID=5570) to work on /opt/airflow/dags/etl_users_dag.py
[2026-03-08T06:49:11.506+0000] {processor.py:830} INFO - Processing file /opt/airflow/dags/etl_users_dag.py for tasks to queue
[2026-03-08T06:49:11.508+0000] {logging_mixin.py:188} INFO - [2026-03-08T06:49:11.508+0000] {dagbag.py:545} INFO - Filling up the DagBag from /opt/airflow/dags/etl_users_dag.py
[2026-03-08T06:49:11.521+0000] {processor.py:840} INFO - DAG(s) 'etl_users_pipeline' retrieved from /opt/airflow/dags/etl_users_dag.py
[2026-03-08T06:49:11.556+0000] {logging_mixin.py:188} INFO - [2026-03-08T06:49:11.556+0000] {dag.py:3089} INFO - Sync 1 DAGs
[2026-03-08T06:49:11.566+0000] {logging_mixin.py:188} INFO - [2026-03-08T06:49:11.566+0000] {dag.py:3947} INFO - Setting next_dagrun for etl_users_pipeline to None, run_after=None
[2026-03-08T06:49:11.579+0000] {processor.py:183} INFO - Processing /opt/airflow/dags/etl_users_dag.py took 0.082 seconds
[2026-03-08T06:49:42.013+0000] {processor.py:161} INFO - Started process (PID=5580) to work on /opt/airflow/dags/etl_users_dag.py
[2026-03-08T06:49:42.015+0000] {processor.py:830} INFO - Processing file /opt/airflow/dags/etl_users_dag.py for tasks to queue
[2026-03-08T06:49:42.017+0000] {logging_mixin.py:188} INFO - [2026-03-08T06:49:42.016+0000] {dagbag.py:545} INFO - Filling up the DagBag from /opt/airflow/dags/etl_users_dag.py
[2026-03-08T06:49:42.027+0000] {processor.py:840} INFO - DAG(s) 'etl_users_pipeline' retrieved from /opt/airflow/dags/etl_users_dag.py
[2026-03-08T06:49:42.063+0000] {logging_mixin.py:188} INFO - [2026-03-08T06:49:42.063+0000] {dag.py:3089} INFO - Sync 1 DAGs
[2026-03-08T06:49:42.070+0000] {logging_mixin.py:188} INFO - [2026-03-08T06:49:42.070+0000] {dag.py:3947} INFO - Setting next_dagrun for etl_users_pipeline to None, run_after=None
[2026-03-08T06:49:42.081+0000] {processor.py:183} INFO - Processing /opt/airflow/dags/etl_users_dag.py took 0.076 seconds
[2026-03-08T06:50:12.512+0000] {processor.py:161} INFO - Started process (PID=5590) to work on /opt/airflow/dags/etl_users_dag.py
[2026-03-08T06:50:12.513+0000] {processor.py:830} INFO - Processing file /opt/airflow/dags/etl_users_dag.py for tasks to queue
[2026-03-08T06:50:12.516+0000] {logging_mixin.py:188} INFO - [2026-03-08T06:50:12.516+0000] {dagbag.py:545} INFO - Filling up the DagBag from /opt/airflow/dags/etl_users_dag.py
[2026-03-08T06:50:12.534+0000] {processor.py:840} INFO - DAG(s) 'etl_users_pipeline' retrieved from /opt/airflow/dags/etl_users_dag.py
[2026-03-08T06:50:12.566+0000] {logging_mixin.py:188} INFO - [2026-03-08T06:50:12.566+0000] {dag.py:3089} INFO - Sync 1 DAGs
[2026-03-08T06:50:12.574+0000] {logging_mixin.py:188} INFO - [2026-03-08T06:50:12.574+0000] {dag.py:3947} INFO - Setting next_dagrun for etl_users_pipeline to None, run_after=None
[2026-03-08T06:50:12.588+0000] {processor.py:183} INFO - Processing /opt/airflow/dags/etl_users_dag.py took 0.092 seconds
[2026-03-08T06:50:43.043+0000] {processor.py:161} INFO - Started process (PID=5600) to work on /opt/airflow/dags/etl_users_dag.py
[2026-03-08T06:50:43.046+0000] {processor.py:830} INFO - Processing file /opt/airflow/dags/etl_users_dag.py for tasks to queue
[2026-03-08T06:50:43.050+0000] {logging_mixin.py:188} INFO - [2026-03-08T06:50:43.049+0000] {dagbag.py:545} INFO - Filling up the DagBag from /opt/airflow/dags/etl_users_dag.py
[2026-03-08T06:50:43.061+0000] {processor.py:840} INFO - DAG(s) 'etl_users_pipeline' retrieved from /opt/airflow/dags/etl_users_dag.py
[2026-03-08T06:50:43.095+0000] {logging_mixin.py:188} INFO - [2026-03-08T06:50:43.095+0000] {dag.py:3089} INFO - Sync 1 DAGs
[2026-03-08T06:50:43.104+0000] {logging_mixin.py:188} INFO - [2026-03-08T06:50:43.104+0000] {dag.py:3947} INFO - Setting next_dagrun for etl_users_pipeline to None, run_after=None
[2026-03-08T06:50:43.116+0000] {processor.py:183} INFO - Processing /opt/airflow/dags/etl_users_dag.py took 0.084 seconds
[2026-03-08T06:51:13.470+0000] {processor.py:161} INFO - Started process (PID=5610) to work on /opt/airflow/dags/etl_users_dag.py
[2026-03-08T06:51:13.472+0000] {processor.py:830} INFO - Processing file /opt/airflow/dags/etl_users_dag.py for tasks to queue
[2026-03-08T06:51:13.473+0000] {logging_mixin.py:188} INFO - [2026-03-08T06:51:13.473+0000] {dagbag.py:545} INFO - Filling up the DagBag from /opt/airflow/dags/etl_users_dag.py
[2026-03-08T06:51:13.486+0000] {processor.py:840} INFO - DAG(s) 'etl_users_pipeline' retrieved from /opt/airflow/dags/etl_users_dag.py
[2026-03-08T06:51:13.514+0000] {logging_mixin.py:188} INFO - [2026-03-08T06:51:13.514+0000] {dag.py:3089} INFO - Sync 1 DAGs
[2026-03-08T06:51:13.524+0000] {logging_mixin.py:188} INFO - [2026-03-08T06:51:13.524+0000] {dag.py:3947} INFO - Setting next_dagrun for etl_users_pipeline to None, run_after=None
[2026-03-08T06:51:13.538+0000] {processor.py:183} INFO - Processing /opt/airflow/dags/etl_users_dag.py took 0.078 seconds
[2026-03-08T06:51:43.905+0000] {processor.py:161} INFO - Started process (PID=5620) to work on /opt/airflow/dags/etl_users_dag.py
[2026-03-08T06:51:43.906+0000] {processor.py:830} INFO - Processing file /opt/airflow/dags/etl_users_dag.py for tasks to queue
[2026-03-08T06:51:43.909+0000] {logging_mixin.py:188} INFO - [2026-03-08T06:51:43.908+0000] {dagbag.py:545} INFO - Filling up the DagBag from /opt/airflow/dags/etl_users_dag.py
[2026-03-08T06:51:43.923+0000] {processor.py:840} INFO - DAG(s) 'etl_users_pipeline' retrieved from /opt/airflow/dags/etl_users_dag.py
[2026-03-08T06:51:43.954+0000] {logging_mixin.py:188} INFO - [2026-03-08T06:51:43.954+0000] {dag.py:3089} INFO - Sync 1 DAGs
[2026-03-08T06:51:43.968+0000] {logging_mixin.py:188} INFO - [2026-03-08T06:51:43.968+0000] {dag.py:3947} INFO - Setting next_dagrun for etl_users_pipeline to None, run_after=None
[2026-03-08T06:51:43.980+0000] {processor.py:183} INFO - Processing /opt/airflow/dags/etl_users_dag.py took 0.083 seconds
[2026-03-08T06:52:14.389+0000] {processor.py:161} INFO - Started process (PID=5630) to work on /opt/airflow/dags/etl_users_dag.py
[2026-03-08T06:52:14.390+0000] {processor.py:830} INFO - Processing file /opt/airflow/dags/etl_users_dag.py for tasks to queue
[2026-03-08T06:52:14.392+0000] {logging_mixin.py:188} INFO - [2026-03-08T06:52:14.392+0000] {dagbag.py:545} INFO - Filling up the DagBag from /opt/airflow/dags/etl_users_dag.py
[2026-03-08T06:52:14.404+0000] {processor.py:840} INFO - DAG(s) 'etl_users_pipeline' retrieved from /opt/airflow/dags/etl_users_dag.py
[2026-03-08T06:52:14.433+0000] {logging_mixin.py:188} INFO - [2026-03-08T06:52:14.432+0000] {dag.py:3089} INFO - Sync 1 DAGs
[2026-03-08T06:52:14.440+0000] {logging_mixin.py:188} INFO - [2026-03-08T06:52:14.440+0000] {dag.py:3947} INFO - Setting next_dagrun for etl_users_pipeline to None, run_after=None
[2026-03-08T06:52:14.454+0000] {processor.py:183} INFO - Processing /opt/airflow/dags/etl_users_dag.py took 0.074 seconds
[2026-03-08T07:07:54.655+0000] {processor.py:161} INFO - Started process (PID=5640) to work on /opt/airflow/dags/etl_users_dag.py
[2026-03-08T07:07:54.657+0000] {processor.py:830} INFO - Processing file /opt/airflow/dags/etl_users_dag.py for tasks to queue
[2026-03-08T07:07:54.660+0000] {logging_mixin.py:188} INFO - [2026-03-08T07:07:54.660+0000] {dagbag.py:545} INFO - Filling up the DagBag from /opt/airflow/dags/etl_users_dag.py
[2026-03-08T07:07:54.671+0000] {processor.py:840} INFO - DAG(s) 'etl_users_pipeline' retrieved from /opt/airflow/dags/etl_users_dag.py
[2026-03-08T07:07:54.710+0000] {logging_mixin.py:188} INFO - [2026-03-08T07:07:54.710+0000] {dag.py:3089} INFO - Sync 1 DAGs
[2026-03-08T07:07:54.719+0000] {logging_mixin.py:188} INFO - [2026-03-08T07:07:54.719+0000] {dag.py:3947} INFO - Setting next_dagrun for etl_users_pipeline to None, run_after=None
[2026-03-08T07:07:54.735+0000] {processor.py:183} INFO - Processing /opt/airflow/dags/etl_users_dag.py took 0.089 seconds
[2026-03-08T07:08:25.078+0000] {processor.py:161} INFO - Started process (PID=5650) to work on /opt/airflow/dags/etl_users_dag.py
[2026-03-08T07:08:25.079+0000] {processor.py:830} INFO - Processing file /opt/airflow/dags/etl_users_dag.py for tasks to queue
[2026-03-08T07:08:25.083+0000] {logging_mixin.py:188} INFO - [2026-03-08T07:08:25.082+0000] {dagbag.py:545} INFO - Filling up the DagBag from /opt/airflow/dags/etl_users_dag.py
[2026-03-08T07:08:25.100+0000] {processor.py:840} INFO - DAG(s) 'etl_users_pipeline' retrieved from /opt/airflow/dags/etl_users_dag.py
[2026-03-08T07:08:25.132+0000] {logging_mixin.py:188} INFO - [2026-03-08T07:08:25.131+0000] {dag.py:3089} INFO - Sync 1 DAGs
[2026-03-08T07:08:25.141+0000] {logging_mixin.py:188} INFO - [2026-03-08T07:08:25.141+0000] {dag.py:3947} INFO - Setting next_dagrun for etl_users_pipeline to None, run_after=None
[2026-03-08T07:08:25.157+0000] {processor.py:183} INFO - Processing /opt/airflow/dags/etl_users_dag.py took 0.094 seconds
[2026-03-08T07:08:55.532+0000] {processor.py:161} INFO - Started process (PID=5660) to work on /opt/airflow/dags/etl_users_dag.py
[2026-03-08T07:08:55.535+0000] {processor.py:830} INFO - Processing file /opt/airflow/dags/etl_users_dag.py for tasks to queue
[2026-03-08T07:08:55.536+0000] {logging_mixin.py:188} INFO - [2026-03-08T07:08:55.536+0000] {dagbag.py:545} INFO - Filling up the DagBag from /opt/airflow/dags/etl_users_dag.py
[2026-03-08T07:08:55.550+0000] {processor.py:840} INFO - DAG(s) 'etl_users_pipeline' retrieved from /opt/airflow/dags/etl_users_dag.py
[2026-03-08T07:08:55.581+0000] {logging_mixin.py:188} INFO - [2026-03-08T07:08:55.581+0000] {dag.py:3089} INFO - Sync 1 DAGs
[2026-03-08T07:08:55.588+0000] {logging_mixin.py:188} INFO - [2026-03-08T07:08:55.588+0000] {dag.py:3947} INFO - Setting next_dagrun for etl_users_pipeline to None, run_after=None
[2026-03-08T07:08:55.603+0000] {processor.py:183} INFO - Processing /opt/airflow/dags/etl_users_dag.py took 0.085 seconds
[2026-03-08T07:09:26.066+0000] {processor.py:161} INFO - Started process (PID=5670) to work on /opt/airflow/dags/etl_users_dag.py
[2026-03-08T07:09:26.067+0000] {processor.py:830} INFO - Processing file /opt/airflow/dags/etl_users_dag.py for tasks to queue
[2026-03-08T07:09:26.069+0000] {logging_mixin.py:188} INFO - [2026-03-08T07:09:26.069+0000] {dagbag.py:545} INFO - Filling up the DagBag from /opt/airflow/dags/etl_users_dag.py
[2026-03-08T07:09:26.081+0000] {processor.py:840} INFO - DAG(s) 'etl_users_pipeline' retrieved from /opt/airflow/dags/etl_users_dag.py
[2026-03-08T07:09:26.111+0000] {logging_mixin.py:188} INFO - [2026-03-08T07:09:26.111+0000] {dag.py:3089} INFO - Sync 1 DAGs
[2026-03-08T07:09:26.118+0000] {logging_mixin.py:188} INFO - [2026-03-08T07:09:26.118+0000] {dag.py:3947} INFO - Setting next_dagrun for etl_users_pipeline to None, run_after=None
[2026-03-08T07:09:26.133+0000] {processor.py:183} INFO - Processing /opt/airflow/dags/etl_users_dag.py took 0.075 seconds
[2026-03-08T07:09:56.561+0000] {processor.py:161} INFO - Started process (PID=5680) to work on /opt/airflow/dags/etl_users_dag.py
[2026-03-08T07:09:56.562+0000] {processor.py:830} INFO - Processing file /opt/airflow/dags/etl_users_dag.py for tasks to queue
[2026-03-08T07:09:56.564+0000] {logging_mixin.py:188} INFO - [2026-03-08T07:09:56.564+0000] {dagbag.py:545} INFO - Filling up the DagBag from /opt/airflow/dags/etl_users_dag.py
[2026-03-08T07:09:56.579+0000] {processor.py:840} INFO - DAG(s) 'etl_users_pipeline' retrieved from /opt/airflow/dags/etl_users_dag.py
[2026-03-08T07:09:56.612+0000] {logging_mixin.py:188} INFO - [2026-03-08T07:09:56.612+0000] {dag.py:3089} INFO - Sync 1 DAGs
[2026-03-08T07:09:56.619+0000] {logging_mixin.py:188} INFO - [2026-03-08T07:09:56.619+0000] {dag.py:3947} INFO - Setting next_dagrun for etl_users_pipeline to None, run_after=None
[2026-03-08T07:09:56.632+0000] {processor.py:183} INFO - Processing /opt/airflow/dags/etl_users_dag.py took 0.080 seconds
[2026-03-08T07:27:08.807+0000] {processor.py:161} INFO - Started process (PID=5690) to work on /opt/airflow/dags/etl_users_dag.py
[2026-03-08T07:27:08.811+0000] {processor.py:830} INFO - Processing file /opt/airflow/dags/etl_users_dag.py for tasks to queue
[2026-03-08T07:27:08.816+0000] {logging_mixin.py:188} INFO - [2026-03-08T07:27:08.816+0000] {dagbag.py:545} INFO - Filling up the DagBag from /opt/airflow/dags/etl_users_dag.py
[2026-03-08T07:27:08.831+0000] {processor.py:840} INFO - DAG(s) 'etl_users_pipeline' retrieved from /opt/airflow/dags/etl_users_dag.py
[2026-03-08T07:27:08.875+0000] {logging_mixin.py:188} INFO - [2026-03-08T07:27:08.875+0000] {dag.py:3089} INFO - Sync 1 DAGs
[2026-03-08T07:27:08.887+0000] {logging_mixin.py:188} INFO - [2026-03-08T07:27:08.887+0000] {dag.py:3947} INFO - Setting next_dagrun for etl_users_pipeline to None, run_after=None
[2026-03-08T07:27:08.903+0000] {processor.py:183} INFO - Processing /opt/airflow/dags/etl_users_dag.py took 0.108 seconds
[2026-03-08T07:27:39.229+0000] {processor.py:161} INFO - Started process (PID=5700) to work on /opt/airflow/dags/etl_users_dag.py
[2026-03-08T07:27:39.231+0000] {processor.py:830} INFO - Processing file /opt/airflow/dags/etl_users_dag.py for tasks to queue
[2026-03-08T07:27:39.233+0000] {logging_mixin.py:188} INFO - [2026-03-08T07:27:39.233+0000] {dagbag.py:545} INFO - Filling up the DagBag from /opt/airflow/dags/etl_users_dag.py
[2026-03-08T07:27:39.245+0000] {processor.py:840} INFO - DAG(s) 'etl_users_pipeline' retrieved from /opt/airflow/dags/etl_users_dag.py
[2026-03-08T07:27:39.269+0000] {logging_mixin.py:188} INFO - [2026-03-08T07:27:39.269+0000] {dag.py:3089} INFO - Sync 1 DAGs
[2026-03-08T07:27:39.283+0000] {logging_mixin.py:188} INFO - [2026-03-08T07:27:39.283+0000] {dag.py:3947} INFO - Setting next_dagrun for etl_users_pipeline to None, run_after=None
[2026-03-08T07:27:39.299+0000] {processor.py:183} INFO - Processing /opt/airflow/dags/etl_users_dag.py took 0.085 seconds
[2026-03-08T07:28:09.744+0000] {processor.py:161} INFO - Started process (PID=5710) to work on /opt/airflow/dags/etl_users_dag.py
[2026-03-08T07:28:09.746+0000] {processor.py:830} INFO - Processing file /opt/airflow/dags/etl_users_dag.py for tasks to queue
[2026-03-08T07:28:09.748+0000] {logging_mixin.py:188} INFO - [2026-03-08T07:28:09.748+0000] {dagbag.py:545} INFO - Filling up the DagBag from /opt/airflow/dags/etl_users_dag.py
[2026-03-08T07:28:09.762+0000] {processor.py:840} INFO - DAG(s) 'etl_users_pipeline' retrieved from /opt/airflow/dags/etl_users_dag.py
[2026-03-08T07:28:09.790+0000] {logging_mixin.py:188} INFO - [2026-03-08T07:28:09.789+0000] {dag.py:3089} INFO - Sync 1 DAGs
[2026-03-08T07:28:09.800+0000] {logging_mixin.py:188} INFO - [2026-03-08T07:28:09.800+0000] {dag.py:3947} INFO - Setting next_dagrun for etl_users_pipeline to None, run_after=None
[2026-03-08T07:28:09.814+0000] {processor.py:183} INFO - Processing /opt/airflow/dags/etl_users_dag.py took 0.080 seconds
[2026-03-08T07:28:40.115+0000] {processor.py:161} INFO - Started process (PID=5720) to work on /opt/airflow/dags/etl_users_dag.py
[2026-03-08T07:28:40.117+0000] {processor.py:830} INFO - Processing file /opt/airflow/dags/etl_users_dag.py for tasks to queue
[2026-03-08T07:28:40.120+0000] {logging_mixin.py:188} INFO - [2026-03-08T07:28:40.120+0000] {dagbag.py:545} INFO - Filling up the DagBag from /opt/airflow/dags/etl_users_dag.py
[2026-03-08T07:28:40.134+0000] {processor.py:840} INFO - DAG(s) 'etl_users_pipeline' retrieved from /opt/airflow/dags/etl_users_dag.py
[2026-03-08T07:28:40.166+0000] {logging_mixin.py:188} INFO - [2026-03-08T07:28:40.166+0000] {dag.py:3089} INFO - Sync 1 DAGs
[2026-03-08T07:28:40.173+0000] {logging_mixin.py:188} INFO - [2026-03-08T07:28:40.173+0000] {dag.py:3947} INFO - Setting next_dagrun for etl_users_pipeline to None, run_after=None
[2026-03-08T07:28:40.186+0000] {processor.py:183} INFO - Processing /opt/airflow/dags/etl_users_dag.py took 0.079 seconds
[2026-03-08T07:29:10.571+0000] {processor.py:161} INFO - Started process (PID=5730) to work on /opt/airflow/dags/etl_users_dag.py
[2026-03-08T07:29:10.573+0000] {processor.py:830} INFO - Processing file /opt/airflow/dags/etl_users_dag.py for tasks to queue
[2026-03-08T07:29:10.576+0000] {logging_mixin.py:188} INFO - [2026-03-08T07:29:10.576+0000] {dagbag.py:545} INFO - Filling up the DagBag from /opt/airflow/dags/etl_users_dag.py
[2026-03-08T07:29:10.586+0000] {processor.py:840} INFO - DAG(s) 'etl_users_pipeline' retrieved from /opt/airflow/dags/etl_users_dag.py
[2026-03-08T07:29:10.612+0000] {logging_mixin.py:188} INFO - [2026-03-08T07:29:10.612+0000] {dag.py:3089} INFO - Sync 1 DAGs
[2026-03-08T07:29:10.620+0000] {logging_mixin.py:188} INFO - [2026-03-08T07:29:10.620+0000] {dag.py:3947} INFO - Setting next_dagrun for etl_users_pipeline to None, run_after=None
[2026-03-08T07:29:10.634+0000] {processor.py:183} INFO - Processing /opt/airflow/dags/etl_users_dag.py took 0.074 seconds
[2026-03-08T07:46:06.382+0000] {processor.py:161} INFO - Started process (PID=5740) to work on /opt/airflow/dags/etl_users_dag.py
[2026-03-08T07:46:06.383+0000] {processor.py:830} INFO - Processing file /opt/airflow/dags/etl_users_dag.py for tasks to queue
[2026-03-08T07:46:06.385+0000] {logging_mixin.py:188} INFO - [2026-03-08T07:46:06.385+0000] {dagbag.py:545} INFO - Filling up the DagBag from /opt/airflow/dags/etl_users_dag.py
[2026-03-08T07:46:06.398+0000] {processor.py:840} INFO - DAG(s) 'etl_users_pipeline' retrieved from /opt/airflow/dags/etl_users_dag.py
[2026-03-08T07:46:06.435+0000] {logging_mixin.py:188} INFO - [2026-03-08T07:46:06.435+0000] {dag.py:3089} INFO - Sync 1 DAGs
[2026-03-08T07:46:06.448+0000] {logging_mixin.py:188} INFO - [2026-03-08T07:46:06.448+0000] {dag.py:3947} INFO - Setting next_dagrun for etl_users_pipeline to None, run_after=None
[2026-03-08T07:46:06.467+0000] {processor.py:183} INFO - Processing /opt/airflow/dags/etl_users_dag.py took 0.097 seconds
[2026-03-08T07:46:36.949+0000] {processor.py:161} INFO - Started process (PID=5750) to work on /opt/airflow/dags/etl_users_dag.py
[2026-03-08T07:46:36.950+0000] {processor.py:830} INFO - Processing file /opt/airflow/dags/etl_users_dag.py for tasks to queue
[2026-03-08T07:46:36.952+0000] {logging_mixin.py:188} INFO - [2026-03-08T07:46:36.952+0000] {dagbag.py:545} INFO - Filling up the DagBag from /opt/airflow/dags/etl_users_dag.py
[2026-03-08T07:46:36.964+0000] {processor.py:840} INFO - DAG(s) 'etl_users_pipeline' retrieved from /opt/airflow/dags/etl_users_dag.py
[2026-03-08T07:46:36.998+0000] {logging_mixin.py:188} INFO - [2026-03-08T07:46:36.998+0000] {dag.py:3089} INFO - Sync 1 DAGs
[2026-03-08T07:46:37.006+0000] {logging_mixin.py:188} INFO - [2026-03-08T07:46:37.006+0000] {dag.py:3947} INFO - Setting next_dagrun for etl_users_pipeline to None, run_after=None
[2026-03-08T07:46:37.024+0000] {processor.py:183} INFO - Processing /opt/airflow/dags/etl_users_dag.py took 0.085 seconds
[2026-03-08T07:47:07.462+0000] {processor.py:161} INFO - Started process (PID=5760) to work on /opt/airflow/dags/etl_users_dag.py
[2026-03-08T07:47:07.463+0000] {processor.py:830} INFO - Processing file /opt/airflow/dags/etl_users_dag.py for tasks to queue
[2026-03-08T07:47:07.465+0000] {logging_mixin.py:188} INFO - [2026-03-08T07:47:07.465+0000] {dagbag.py:545} INFO - Filling up the DagBag from /opt/airflow/dags/etl_users_dag.py
[2026-03-08T07:47:07.479+0000] {processor.py:840} INFO - DAG(s) 'etl_users_pipeline' retrieved from /opt/airflow/dags/etl_users_dag.py
[2026-03-08T07:47:07.517+0000] {logging_mixin.py:188} INFO - [2026-03-08T07:47:07.517+0000] {dag.py:3089} INFO - Sync 1 DAGs
[2026-03-08T07:47:07.526+0000] {logging_mixin.py:188} INFO - [2026-03-08T07:47:07.526+0000] {dag.py:3947} INFO - Setting next_dagrun for etl_users_pipeline to None, run_after=None
[2026-03-08T07:47:07.535+0000] {processor.py:183} INFO - Processing /opt/airflow/dags/etl_users_dag.py took 0.084 seconds
[2026-03-08T07:47:37.935+0000] {processor.py:161} INFO - Started process (PID=5770) to work on /opt/airflow/dags/etl_users_dag.py
[2026-03-08T07:47:37.937+0000] {processor.py:830} INFO - Processing file /opt/airflow/dags/etl_users_dag.py for tasks to queue
[2026-03-08T07:47:37.939+0000] {logging_mixin.py:188} INFO - [2026-03-08T07:47:37.939+0000] {dagbag.py:545} INFO - Filling up the DagBag from /opt/airflow/dags/etl_users_dag.py
[2026-03-08T07:47:37.952+0000] {processor.py:840} INFO - DAG(s) 'etl_users_pipeline' retrieved from /opt/airflow/dags/etl_users_dag.py
[2026-03-08T07:47:37.983+0000] {logging_mixin.py:188} INFO - [2026-03-08T07:47:37.983+0000] {dag.py:3089} INFO - Sync 1 DAGs
[2026-03-08T07:47:37.992+0000] {logging_mixin.py:188} INFO - [2026-03-08T07:47:37.992+0000] {dag.py:3947} INFO - Setting next_dagrun for etl_users_pipeline to None, run_after=None
[2026-03-08T07:47:38.004+0000] {processor.py:183} INFO - Processing /opt/airflow/dags/etl_users_dag.py took 0.077 seconds
[2026-03-08T07:48:08.438+0000] {processor.py:161} INFO - Started process (PID=5780) to work on /opt/airflow/dags/etl_users_dag.py
[2026-03-08T07:48:08.440+0000] {processor.py:830} INFO - Processing file /opt/airflow/dags/etl_users_dag.py for tasks to queue
[2026-03-08T07:48:08.443+0000] {logging_mixin.py:188} INFO - [2026-03-08T07:48:08.442+0000] {dagbag.py:545} INFO - Filling up the DagBag from /opt/airflow/dags/etl_users_dag.py
[2026-03-08T07:48:08.458+0000] {processor.py:840} INFO - DAG(s) 'etl_users_pipeline' retrieved from /opt/airflow/dags/etl_users_dag.py
[2026-03-08T07:48:08.484+0000] {logging_mixin.py:188} INFO - [2026-03-08T07:48:08.484+0000] {dag.py:3089} INFO - Sync 1 DAGs
[2026-03-08T07:48:08.491+0000] {logging_mixin.py:188} INFO - [2026-03-08T07:48:08.491+0000] {dag.py:3947} INFO - Setting next_dagrun for etl_users_pipeline to None, run_after=None
[2026-03-08T07:48:08.507+0000] {processor.py:183} INFO - Processing /opt/airflow/dags/etl_users_dag.py took 0.080 seconds
[2026-03-08T08:04:42.738+0000] {processor.py:161} INFO - Started process (PID=5790) to work on /opt/airflow/dags/etl_users_dag.py
[2026-03-08T08:04:42.740+0000] {processor.py:830} INFO - Processing file /opt/airflow/dags/etl_users_dag.py for tasks to queue
[2026-03-08T08:04:42.741+0000] {logging_mixin.py:188} INFO - [2026-03-08T08:04:42.741+0000] {dagbag.py:545} INFO - Filling up the DagBag from /opt/airflow/dags/etl_users_dag.py
[2026-03-08T08:04:42.758+0000] {processor.py:840} INFO - DAG(s) 'etl_users_pipeline' retrieved from /opt/airflow/dags/etl_users_dag.py
[2026-03-08T08:04:42.796+0000] {logging_mixin.py:188} INFO - [2026-03-08T08:04:42.796+0000] {dag.py:3089} INFO - Sync 1 DAGs
[2026-03-08T08:04:42.809+0000] {logging_mixin.py:188} INFO - [2026-03-08T08:04:42.809+0000] {dag.py:3947} INFO - Setting next_dagrun for etl_users_pipeline to None, run_after=None
[2026-03-08T08:04:42.824+0000] {processor.py:183} INFO - Processing /opt/airflow/dags/etl_users_dag.py took 0.100 seconds
[2026-03-08T08:05:13.196+0000] {processor.py:161} INFO - Started process (PID=5800) to work on /opt/airflow/dags/etl_users_dag.py
[2026-03-08T08:05:13.199+0000] {processor.py:830} INFO - Processing file /opt/airflow/dags/etl_users_dag.py for tasks to queue
[2026-03-08T08:05:13.202+0000] {logging_mixin.py:188} INFO - [2026-03-08T08:05:13.201+0000] {dagbag.py:545} INFO - Filling up the DagBag from /opt/airflow/dags/etl_users_dag.py
[2026-03-08T08:05:13.217+0000] {processor.py:840} INFO - DAG(s) 'etl_users_pipeline' retrieved from /opt/airflow/dags/etl_users_dag.py
[2026-03-08T08:05:13.257+0000] {logging_mixin.py:188} INFO - [2026-03-08T08:05:13.257+0000] {dag.py:3089} INFO - Sync 1 DAGs
[2026-03-08T08:05:13.269+0000] {logging_mixin.py:188} INFO - [2026-03-08T08:05:13.269+0000] {dag.py:3947} INFO - Setting next_dagrun for etl_users_pipeline to None, run_after=None
[2026-03-08T08:05:13.286+0000] {processor.py:183} INFO - Processing /opt/airflow/dags/etl_users_dag.py took 0.103 seconds
[2026-03-08T08:05:43.716+0000] {processor.py:161} INFO - Started process (PID=5810) to work on /opt/airflow/dags/etl_users_dag.py
[2026-03-08T08:05:43.718+0000] {processor.py:830} INFO - Processing file /opt/airflow/dags/etl_users_dag.py for tasks to queue
[2026-03-08T08:05:43.722+0000] {logging_mixin.py:188} INFO - [2026-03-08T08:05:43.721+0000] {dagbag.py:545} INFO - Filling up the DagBag from /opt/airflow/dags/etl_users_dag.py
[2026-03-08T08:05:43.733+0000] {processor.py:840} INFO - DAG(s) 'etl_users_pipeline' retrieved from /opt/airflow/dags/etl_users_dag.py
[2026-03-08T08:05:43.762+0000] {logging_mixin.py:188} INFO - [2026-03-08T08:05:43.762+0000] {dag.py:3089} INFO - Sync 1 DAGs
[2026-03-08T08:05:43.770+0000] {logging_mixin.py:188} INFO - [2026-03-08T08:05:43.770+0000] {dag.py:3947} INFO - Setting next_dagrun for etl_users_pipeline to None, run_after=None
[2026-03-08T08:05:43.784+0000] {processor.py:183} INFO - Processing /opt/airflow/dags/etl_users_dag.py took 0.081 seconds
[2026-03-08T08:06:14.137+0000] {processor.py:161} INFO - Started process (PID=5820) to work on /opt/airflow/dags/etl_users_dag.py
[2026-03-08T08:06:14.138+0000] {processor.py:830} INFO - Processing file /opt/airflow/dags/etl_users_dag.py for tasks to queue
[2026-03-08T08:06:14.140+0000] {logging_mixin.py:188} INFO - [2026-03-08T08:06:14.140+0000] {dagbag.py:545} INFO - Filling up the DagBag from /opt/airflow/dags/etl_users_dag.py
[2026-03-08T08:06:14.157+0000] {processor.py:840} INFO - DAG(s) 'etl_users_pipeline' retrieved from /opt/airflow/dags/etl_users_dag.py
[2026-03-08T08:06:14.194+0000] {logging_mixin.py:188} INFO - [2026-03-08T08:06:14.193+0000] {dag.py:3089} INFO - Sync 1 DAGs
[2026-03-08T08:06:14.203+0000] {logging_mixin.py:188} INFO - [2026-03-08T08:06:14.202+0000] {dag.py:3947} INFO - Setting next_dagrun for etl_users_pipeline to None, run_after=None
[2026-03-08T08:06:14.215+0000] {processor.py:183} INFO - Processing /opt/airflow/dags/etl_users_dag.py took 0.089 seconds
[2026-03-08T08:06:44.589+0000] {processor.py:161} INFO - Started process (PID=5830) to work on /opt/airflow/dags/etl_users_dag.py
[2026-03-08T08:06:44.591+0000] {processor.py:830} INFO - Processing file /opt/airflow/dags/etl_users_dag.py for tasks to queue
[2026-03-08T08:06:44.593+0000] {logging_mixin.py:188} INFO - [2026-03-08T08:06:44.593+0000] {dagbag.py:545} INFO - Filling up the DagBag from /opt/airflow/dags/etl_users_dag.py
[2026-03-08T08:06:44.608+0000] {processor.py:840} INFO - DAG(s) 'etl_users_pipeline' retrieved from /opt/airflow/dags/etl_users_dag.py
[2026-03-08T08:06:44.636+0000] {logging_mixin.py:188} INFO - [2026-03-08T08:06:44.636+0000] {dag.py:3089} INFO - Sync 1 DAGs
[2026-03-08T08:06:44.643+0000] {logging_mixin.py:188} INFO - [2026-03-08T08:06:44.643+0000] {dag.py:3947} INFO - Setting next_dagrun for etl_users_pipeline to None, run_after=None
[2026-03-08T08:06:44.656+0000] {processor.py:183} INFO - Processing /opt/airflow/dags/etl_users_dag.py took 0.075 seconds
[2026-03-08T08:07:14.989+0000] {processor.py:161} INFO - Started process (PID=5840) to work on /opt/airflow/dags/etl_users_dag.py
[2026-03-08T08:07:14.991+0000] {processor.py:830} INFO - Processing file /opt/airflow/dags/etl_users_dag.py for tasks to queue
[2026-03-08T08:07:14.994+0000] {logging_mixin.py:188} INFO - [2026-03-08T08:07:14.993+0000] {dagbag.py:545} INFO - Filling up the DagBag from /opt/airflow/dags/etl_users_dag.py
[2026-03-08T08:07:15.008+0000] {processor.py:840} INFO - DAG(s) 'etl_users_pipeline' retrieved from /opt/airflow/dags/etl_users_dag.py
[2026-03-08T08:07:15.042+0000] {logging_mixin.py:188} INFO - [2026-03-08T08:07:15.042+0000] {dag.py:3089} INFO - Sync 1 DAGs
[2026-03-08T08:07:15.051+0000] {logging_mixin.py:188} INFO - [2026-03-08T08:07:15.051+0000] {dag.py:3947} INFO - Setting next_dagrun for etl_users_pipeline to None, run_after=None
[2026-03-08T08:07:15.065+0000] {processor.py:183} INFO - Processing /opt/airflow/dags/etl_users_dag.py took 0.087 seconds
[2026-03-08T08:24:12.925+0000] {processor.py:161} INFO - Started process (PID=5850) to work on /opt/airflow/dags/etl_users_dag.py
[2026-03-08T08:24:12.926+0000] {processor.py:830} INFO - Processing file /opt/airflow/dags/etl_users_dag.py for tasks to queue
[2026-03-08T08:24:12.929+0000] {logging_mixin.py:188} INFO - [2026-03-08T08:24:12.929+0000] {dagbag.py:545} INFO - Filling up the DagBag from /opt/airflow/dags/etl_users_dag.py
[2026-03-08T08:24:12.952+0000] {processor.py:840} INFO - DAG(s) 'etl_users_pipeline' retrieved from /opt/airflow/dags/etl_users_dag.py
[2026-03-08T08:24:13.006+0000] {logging_mixin.py:188} INFO - [2026-03-08T08:24:13.006+0000] {dag.py:3089} INFO - Sync 1 DAGs
[2026-03-08T08:24:13.020+0000] {logging_mixin.py:188} INFO - [2026-03-08T08:24:13.020+0000] {dag.py:3947} INFO - Setting next_dagrun for etl_users_pipeline to None, run_after=None
[2026-03-08T08:24:13.036+0000] {processor.py:183} INFO - Processing /opt/airflow/dags/etl_users_dag.py took 0.132 seconds
[2026-03-08T08:24:43.304+0000] {processor.py:161} INFO - Started process (PID=5860) to work on /opt/airflow/dags/etl_users_dag.py
[2026-03-08T08:24:43.306+0000] {processor.py:830} INFO - Processing file /opt/airflow/dags/etl_users_dag.py for tasks to queue
[2026-03-08T08:24:43.309+0000] {logging_mixin.py:188} INFO - [2026-03-08T08:24:43.309+0000] {dagbag.py:545} INFO - Filling up the DagBag from /opt/airflow/dags/etl_users_dag.py
[2026-03-08T08:24:43.323+0000] {processor.py:840} INFO - DAG(s) 'etl_users_pipeline' retrieved from /opt/airflow/dags/etl_users_dag.py
[2026-03-08T08:24:43.351+0000] {logging_mixin.py:188} INFO - [2026-03-08T08:24:43.350+0000] {dag.py:3089} INFO - Sync 1 DAGs
[2026-03-08T08:24:43.361+0000] {logging_mixin.py:188} INFO - [2026-03-08T08:24:43.361+0000] {dag.py:3947} INFO - Setting next_dagrun for etl_users_pipeline to None, run_after=None
[2026-03-08T08:24:43.376+0000] {processor.py:183} INFO - Processing /opt/airflow/dags/etl_users_dag.py took 0.082 seconds
[2026-03-08T08:25:13.865+0000] {processor.py:161} INFO - Started process (PID=5870) to work on /opt/airflow/dags/etl_users_dag.py
[2026-03-08T08:25:13.867+0000] {processor.py:830} INFO - Processing file /opt/airflow/dags/etl_users_dag.py for tasks to queue
[2026-03-08T08:25:13.871+0000] {logging_mixin.py:188} INFO - [2026-03-08T08:25:13.870+0000] {dagbag.py:545} INFO - Filling up the DagBag from /opt/airflow/dags/etl_users_dag.py
[2026-03-08T08:25:13.888+0000] {processor.py:840} INFO - DAG(s) 'etl_users_pipeline' retrieved from /opt/airflow/dags/etl_users_dag.py
[2026-03-08T08:25:13.921+0000] {logging_mixin.py:188} INFO - [2026-03-08T08:25:13.921+0000] {dag.py:3089} INFO - Sync 1 DAGs
[2026-03-08T08:25:13.933+0000] {logging_mixin.py:188} INFO - [2026-03-08T08:25:13.933+0000] {dag.py:3947} INFO - Setting next_dagrun for etl_users_pipeline to None, run_after=None
[2026-03-08T08:25:13.948+0000] {processor.py:183} INFO - Processing /opt/airflow/dags/etl_users_dag.py took 0.097 seconds
[2026-03-08T08:25:44.285+0000] {processor.py:161} INFO - Started process (PID=5880) to work on /opt/airflow/dags/etl_users_dag.py
[2026-03-08T08:25:44.286+0000] {processor.py:830} INFO - Processing file /opt/airflow/dags/etl_users_dag.py for tasks to queue
[2026-03-08T08:25:44.288+0000] {logging_mixin.py:188} INFO - [2026-03-08T08:25:44.288+0000] {dagbag.py:545} INFO - Filling up the DagBag from /opt/airflow/dags/etl_users_dag.py
[2026-03-08T08:25:44.298+0000] {processor.py:840} INFO - DAG(s) 'etl_users_pipeline' retrieved from /opt/airflow/dags/etl_users_dag.py
[2026-03-08T08:25:44.330+0000] {logging_mixin.py:188} INFO - [2026-03-08T08:25:44.330+0000] {dag.py:3089} INFO - Sync 1 DAGs
[2026-03-08T08:25:44.339+0000] {logging_mixin.py:188} INFO - [2026-03-08T08:25:44.339+0000] {dag.py:3947} INFO - Setting next_dagrun for etl_users_pipeline to None, run_after=None
[2026-03-08T08:25:44.354+0000] {processor.py:183} INFO - Processing /opt/airflow/dags/etl_users_dag.py took 0.076 seconds
[2026-03-08T08:26:14.710+0000] {processor.py:161} INFO - Started process (PID=5890) to work on /opt/airflow/dags/etl_users_dag.py
[2026-03-08T08:26:14.711+0000] {processor.py:830} INFO - Processing file /opt/airflow/dags/etl_users_dag.py for tasks to queue
[2026-03-08T08:26:14.713+0000] {logging_mixin.py:188} INFO - [2026-03-08T08:26:14.713+0000] {dagbag.py:545} INFO - Filling up the DagBag from /opt/airflow/dags/etl_users_dag.py
[2026-03-08T08:26:14.724+0000] {processor.py:840} INFO - DAG(s) 'etl_users_pipeline' retrieved from /opt/airflow/dags/etl_users_dag.py
[2026-03-08T08:26:14.757+0000] {logging_mixin.py:188} INFO - [2026-03-08T08:26:14.757+0000] {dag.py:3089} INFO - Sync 1 DAGs
[2026-03-08T08:26:14.764+0000] {logging_mixin.py:188} INFO - [2026-03-08T08:26:14.763+0000] {dag.py:3947} INFO - Setting next_dagrun for etl_users_pipeline to None, run_after=None
[2026-03-08T08:26:14.777+0000] {processor.py:183} INFO - Processing /opt/airflow/dags/etl_users_dag.py took 0.075 seconds
[2026-03-08T08:26:45.175+0000] {processor.py:161} INFO - Started process (PID=5900) to work on /opt/airflow/dags/etl_users_dag.py
[2026-03-08T08:26:45.176+0000] {processor.py:830} INFO - Processing file /opt/airflow/dags/etl_users_dag.py for tasks to queue
[2026-03-08T08:26:45.178+0000] {logging_mixin.py:188} INFO - [2026-03-08T08:26:45.178+0000] {dagbag.py:545} INFO - Filling up the DagBag from /opt/airflow/dags/etl_users_dag.py
[2026-03-08T08:26:45.192+0000] {processor.py:840} INFO - DAG(s) 'etl_users_pipeline' retrieved from /opt/airflow/dags/etl_users_dag.py
[2026-03-08T08:26:45.221+0000] {logging_mixin.py:188} INFO - [2026-03-08T08:26:45.221+0000] {dag.py:3089} INFO - Sync 1 DAGs
[2026-03-08T08:26:45.230+0000] {logging_mixin.py:188} INFO - [2026-03-08T08:26:45.230+0000] {dag.py:3947} INFO - Setting next_dagrun for etl_users_pipeline to None, run_after=None
[2026-03-08T08:26:45.242+0000] {processor.py:183} INFO - Processing /opt/airflow/dags/etl_users_dag.py took 0.075 seconds
[2026-03-08T08:31:47.888+0000] {processor.py:161} INFO - Started process (PID=5910) to work on /opt/airflow/dags/etl_users_dag.py
[2026-03-08T08:31:47.889+0000] {processor.py:830} INFO - Processing file /opt/airflow/dags/etl_users_dag.py for tasks to queue
[2026-03-08T08:31:47.892+0000] {logging_mixin.py:188} INFO - [2026-03-08T08:31:47.892+0000] {dagbag.py:545} INFO - Filling up the DagBag from /opt/airflow/dags/etl_users_dag.py
[2026-03-08T08:31:47.912+0000] {processor.py:840} INFO - DAG(s) 'etl_users_pipeline' retrieved from /opt/airflow/dags/etl_users_dag.py
[2026-03-08T08:31:47.944+0000] {logging_mixin.py:188} INFO - [2026-03-08T08:31:47.944+0000] {dag.py:3089} INFO - Sync 1 DAGs
[2026-03-08T08:31:47.954+0000] {logging_mixin.py:188} INFO - [2026-03-08T08:31:47.954+0000] {dag.py:3947} INFO - Setting next_dagrun for etl_users_pipeline to None, run_after=None
[2026-03-08T08:31:47.968+0000] {processor.py:183} INFO - Processing /opt/airflow/dags/etl_users_dag.py took 0.093 seconds
[2026-03-08T08:32:18.313+0000] {processor.py:161} INFO - Started process (PID=5920) to work on /opt/airflow/dags/etl_users_dag.py
[2026-03-08T08:32:18.317+0000] {processor.py:830} INFO - Processing file /opt/airflow/dags/etl_users_dag.py for tasks to queue
[2026-03-08T08:32:18.320+0000] {logging_mixin.py:188} INFO - [2026-03-08T08:32:18.320+0000] {dagbag.py:545} INFO - Filling up the DagBag from /opt/airflow/dags/etl_users_dag.py
[2026-03-08T08:32:18.333+0000] {processor.py:840} INFO - DAG(s) 'etl_users_pipeline' retrieved from /opt/airflow/dags/etl_users_dag.py
[2026-03-08T08:32:18.366+0000] {logging_mixin.py:188} INFO - [2026-03-08T08:32:18.366+0000] {dag.py:3089} INFO - Sync 1 DAGs
[2026-03-08T08:32:18.385+0000] {logging_mixin.py:188} INFO - [2026-03-08T08:32:18.385+0000] {dag.py:3947} INFO - Setting next_dagrun for etl_users_pipeline to None, run_after=None
[2026-03-08T08:32:18.403+0000] {processor.py:183} INFO - Processing /opt/airflow/dags/etl_users_dag.py took 0.099 seconds
[2026-03-08T08:32:48.838+0000] {processor.py:161} INFO - Started process (PID=5930) to work on /opt/airflow/dags/etl_users_dag.py
[2026-03-08T08:32:48.839+0000] {processor.py:830} INFO - Processing file /opt/airflow/dags/etl_users_dag.py for tasks to queue
[2026-03-08T08:32:48.841+0000] {logging_mixin.py:188} INFO - [2026-03-08T08:32:48.841+0000] {dagbag.py:545} INFO - Filling up the DagBag from /opt/airflow/dags/etl_users_dag.py
[2026-03-08T08:32:48.850+0000] {processor.py:840} INFO - DAG(s) 'etl_users_pipeline' retrieved from /opt/airflow/dags/etl_users_dag.py
[2026-03-08T08:32:48.883+0000] {logging_mixin.py:188} INFO - [2026-03-08T08:32:48.882+0000] {dag.py:3089} INFO - Sync 1 DAGs
[2026-03-08T08:32:48.894+0000] {logging_mixin.py:188} INFO - [2026-03-08T08:32:48.894+0000] {dag.py:3947} INFO - Setting next_dagrun for etl_users_pipeline to None, run_after=None
[2026-03-08T08:32:48.908+0000] {processor.py:183} INFO - Processing /opt/airflow/dags/etl_users_dag.py took 0.079 seconds
[2026-03-08T08:33:19.293+0000] {processor.py:161} INFO - Started process (PID=5940) to work on /opt/airflow/dags/etl_users_dag.py
[2026-03-08T08:33:19.294+0000] {processor.py:830} INFO - Processing file /opt/airflow/dags/etl_users_dag.py for tasks to queue
[2026-03-08T08:33:19.296+0000] {logging_mixin.py:188} INFO - [2026-03-08T08:33:19.296+0000] {dagbag.py:545} INFO - Filling up the DagBag from /opt/airflow/dags/etl_users_dag.py
[2026-03-08T08:33:19.305+0000] {processor.py:840} INFO - DAG(s) 'etl_users_pipeline' retrieved from /opt/airflow/dags/etl_users_dag.py
[2026-03-08T08:33:19.336+0000] {logging_mixin.py:188} INFO - [2026-03-08T08:33:19.335+0000] {dag.py:3089} INFO - Sync 1 DAGs
[2026-03-08T08:33:19.343+0000] {logging_mixin.py:188} INFO - [2026-03-08T08:33:19.342+0000] {dag.py:3947} INFO - Setting next_dagrun for etl_users_pipeline to None, run_after=None
[2026-03-08T08:33:19.353+0000] {processor.py:183} INFO - Processing /opt/airflow/dags/etl_users_dag.py took 0.068 seconds
[2026-03-08T08:33:49.791+0000] {processor.py:161} INFO - Started process (PID=5950) to work on /opt/airflow/dags/etl_users_dag.py
[2026-03-08T08:33:49.792+0000] {processor.py:830} INFO - Processing file /opt/airflow/dags/etl_users_dag.py for tasks to queue
[2026-03-08T08:33:49.794+0000] {logging_mixin.py:188} INFO - [2026-03-08T08:33:49.794+0000] {dagbag.py:545} INFO - Filling up the DagBag from /opt/airflow/dags/etl_users_dag.py
[2026-03-08T08:33:49.806+0000] {processor.py:840} INFO - DAG(s) 'etl_users_pipeline' retrieved from /opt/airflow/dags/etl_users_dag.py
[2026-03-08T08:33:49.836+0000] {logging_mixin.py:188} INFO - [2026-03-08T08:33:49.835+0000] {dag.py:3089} INFO - Sync 1 DAGs
[2026-03-08T08:33:49.843+0000] {logging_mixin.py:188} INFO - [2026-03-08T08:33:49.843+0000] {dag.py:3947} INFO - Setting next_dagrun for etl_users_pipeline to None, run_after=None
[2026-03-08T08:33:49.856+0000] {processor.py:183} INFO - Processing /opt/airflow/dags/etl_users_dag.py took 0.074 seconds
[2026-03-08T08:36:09.997+0000] {processor.py:161} INFO - Started process (PID=5960) to work on /opt/airflow/dags/etl_users_dag.py
[2026-03-08T08:36:10.000+0000] {processor.py:830} INFO - Processing file /opt/airflow/dags/etl_users_dag.py for tasks to queue
[2026-03-08T08:36:10.003+0000] {logging_mixin.py:188} INFO - [2026-03-08T08:36:10.003+0000] {dagbag.py:545} INFO - Filling up the DagBag from /opt/airflow/dags/etl_users_dag.py
[2026-03-08T08:36:10.019+0000] {processor.py:840} INFO - DAG(s) 'etl_users_pipeline' retrieved from /opt/airflow/dags/etl_users_dag.py
[2026-03-08T08:36:10.062+0000] {logging_mixin.py:188} INFO - [2026-03-08T08:36:10.061+0000] {dag.py:3089} INFO - Sync 1 DAGs
[2026-03-08T08:36:10.079+0000] {logging_mixin.py:188} INFO - [2026-03-08T08:36:10.079+0000] {dag.py:3947} INFO - Setting next_dagrun for etl_users_pipeline to None, run_after=None
[2026-03-08T08:36:10.096+0000] {processor.py:183} INFO - Processing /opt/airflow/dags/etl_users_dag.py took 0.113 seconds
[2026-03-08T08:36:40.511+0000] {processor.py:161} INFO - Started process (PID=5970) to work on /opt/airflow/dags/etl_users_dag.py
[2026-03-08T08:36:40.512+0000] {processor.py:830} INFO - Processing file /opt/airflow/dags/etl_users_dag.py for tasks to queue
[2026-03-08T08:36:40.515+0000] {logging_mixin.py:188} INFO - [2026-03-08T08:36:40.515+0000] {dagbag.py:545} INFO - Filling up the DagBag from /opt/airflow/dags/etl_users_dag.py
[2026-03-08T08:36:40.525+0000] {processor.py:840} INFO - DAG(s) 'etl_users_pipeline' retrieved from /opt/airflow/dags/etl_users_dag.py
[2026-03-08T08:36:40.555+0000] {logging_mixin.py:188} INFO - [2026-03-08T08:36:40.555+0000] {dag.py:3089} INFO - Sync 1 DAGs
[2026-03-08T08:36:40.564+0000] {logging_mixin.py:188} INFO - [2026-03-08T08:36:40.564+0000] {dag.py:3947} INFO - Setting next_dagrun for etl_users_pipeline to None, run_after=None
[2026-03-08T08:36:40.577+0000] {processor.py:183} INFO - Processing /opt/airflow/dags/etl_users_dag.py took 0.079 seconds
[2026-03-08T08:37:10.999+0000] {processor.py:161} INFO - Started process (PID=5980) to work on /opt/airflow/dags/etl_users_dag.py
[2026-03-08T08:37:11.001+0000] {processor.py:830} INFO - Processing file /opt/airflow/dags/etl_users_dag.py for tasks to queue
[2026-03-08T08:37:11.003+0000] {logging_mixin.py:188} INFO - [2026-03-08T08:37:11.002+0000] {dagbag.py:545} INFO - Filling up the DagBag from /opt/airflow/dags/etl_users_dag.py
[2026-03-08T08:37:11.014+0000] {processor.py:840} INFO - DAG(s) 'etl_users_pipeline' retrieved from /opt/airflow/dags/etl_users_dag.py
[2026-03-08T08:37:11.045+0000] {logging_mixin.py:188} INFO - [2026-03-08T08:37:11.045+0000] {dag.py:3089} INFO - Sync 1 DAGs
[2026-03-08T08:37:11.053+0000] {logging_mixin.py:188} INFO - [2026-03-08T08:37:11.053+0000] {dag.py:3947} INFO - Setting next_dagrun for etl_users_pipeline to None, run_after=None
[2026-03-08T08:37:11.066+0000] {processor.py:183} INFO - Processing /opt/airflow/dags/etl_users_dag.py took 0.076 seconds
[2026-03-08T08:37:41.587+0000] {processor.py:161} INFO - Started process (PID=5990) to work on /opt/airflow/dags/etl_users_dag.py
[2026-03-08T08:37:41.589+0000] {processor.py:830} INFO - Processing file /opt/airflow/dags/etl_users_dag.py for tasks to queue
[2026-03-08T08:37:41.592+0000] {logging_mixin.py:188} INFO - [2026-03-08T08:37:41.591+0000] {dagbag.py:545} INFO - Filling up the DagBag from /opt/airflow/dags/etl_users_dag.py
[2026-03-08T08:37:41.607+0000] {processor.py:840} INFO - DAG(s) 'etl_users_pipeline' retrieved from /opt/airflow/dags/etl_users_dag.py
[2026-03-08T08:37:41.657+0000] {logging_mixin.py:188} INFO - [2026-03-08T08:37:41.657+0000] {dag.py:3089} INFO - Sync 1 DAGs
[2026-03-08T08:37:41.670+0000] {logging_mixin.py:188} INFO - [2026-03-08T08:37:41.670+0000] {dag.py:3947} INFO - Setting next_dagrun for etl_users_pipeline to None, run_after=None
[2026-03-08T08:37:41.689+0000] {processor.py:183} INFO - Processing /opt/airflow/dags/etl_users_dag.py took 0.118 seconds
[2026-03-08T08:38:11.956+0000] {processor.py:161} INFO - Started process (PID=6000) to work on /opt/airflow/dags/etl_users_dag.py
[2026-03-08T08:38:11.958+0000] {processor.py:830} INFO - Processing file /opt/airflow/dags/etl_users_dag.py for tasks to queue
[2026-03-08T08:38:11.960+0000] {logging_mixin.py:188} INFO - [2026-03-08T08:38:11.959+0000] {dagbag.py:545} INFO - Filling up the DagBag from /opt/airflow/dags/etl_users_dag.py
[2026-03-08T08:38:11.974+0000] {processor.py:840} INFO - DAG(s) 'etl_users_pipeline' retrieved from /opt/airflow/dags/etl_users_dag.py
[2026-03-08T08:38:12.001+0000] {logging_mixin.py:188} INFO - [2026-03-08T08:38:12.000+0000] {dag.py:3089} INFO - Sync 1 DAGs
[2026-03-08T08:38:12.010+0000] {logging_mixin.py:188} INFO - [2026-03-08T08:38:12.010+0000] {dag.py:3947} INFO - Setting next_dagrun for etl_users_pipeline to None, run_after=None
[2026-03-08T08:38:12.026+0000] {processor.py:183} INFO - Processing /opt/airflow/dags/etl_users_dag.py took 0.085 seconds
[2026-03-08T08:48:52.867+0000] {processor.py:161} INFO - Started process (PID=6010) to work on /opt/airflow/dags/etl_users_dag.py
[2026-03-08T08:48:52.869+0000] {processor.py:830} INFO - Processing file /opt/airflow/dags/etl_users_dag.py for tasks to queue
[2026-03-08T08:48:52.875+0000] {logging_mixin.py:188} INFO - [2026-03-08T08:48:52.874+0000] {dagbag.py:545} INFO - Filling up the DagBag from /opt/airflow/dags/etl_users_dag.py
[2026-03-08T08:48:52.904+0000] {processor.py:840} INFO - DAG(s) 'etl_users_pipeline' retrieved from /opt/airflow/dags/etl_users_dag.py
[2026-03-08T08:48:52.941+0000] {logging_mixin.py:188} INFO - [2026-03-08T08:48:52.941+0000] {dag.py:3089} INFO - Sync 1 DAGs
[2026-03-08T08:48:52.953+0000] {logging_mixin.py:188} INFO - [2026-03-08T08:48:52.953+0000] {dag.py:3947} INFO - Setting next_dagrun for etl_users_pipeline to None, run_after=None
[2026-03-08T08:48:52.968+0000] {processor.py:183} INFO - Processing /opt/airflow/dags/etl_users_dag.py took 0.121 seconds
[2026-03-08T08:49:23.330+0000] {processor.py:161} INFO - Started process (PID=6020) to work on /opt/airflow/dags/etl_users_dag.py
[2026-03-08T08:49:23.332+0000] {processor.py:830} INFO - Processing file /opt/airflow/dags/etl_users_dag.py for tasks to queue
[2026-03-08T08:49:23.334+0000] {logging_mixin.py:188} INFO - [2026-03-08T08:49:23.334+0000] {dagbag.py:545} INFO - Filling up the DagBag from /opt/airflow/dags/etl_users_dag.py
[2026-03-08T08:49:23.347+0000] {processor.py:840} INFO - DAG(s) 'etl_users_pipeline' retrieved from /opt/airflow/dags/etl_users_dag.py
[2026-03-08T08:49:23.384+0000] {logging_mixin.py:188} INFO - [2026-03-08T08:49:23.384+0000] {dag.py:3089} INFO - Sync 1 DAGs
[2026-03-08T08:49:23.397+0000] {logging_mixin.py:188} INFO - [2026-03-08T08:49:23.397+0000] {dag.py:3947} INFO - Setting next_dagrun for etl_users_pipeline to None, run_after=None
[2026-03-08T08:49:23.414+0000] {processor.py:183} INFO - Processing /opt/airflow/dags/etl_users_dag.py took 0.092 seconds
[2026-03-08T08:49:53.868+0000] {processor.py:161} INFO - Started process (PID=6030) to work on /opt/airflow/dags/etl_users_dag.py
[2026-03-08T08:49:53.869+0000] {processor.py:830} INFO - Processing file /opt/airflow/dags/etl_users_dag.py for tasks to queue
[2026-03-08T08:49:53.873+0000] {logging_mixin.py:188} INFO - [2026-03-08T08:49:53.873+0000] {dagbag.py:545} INFO - Filling up the DagBag from /opt/airflow/dags/etl_users_dag.py
[2026-03-08T08:49:53.885+0000] {processor.py:840} INFO - DAG(s) 'etl_users_pipeline' retrieved from /opt/airflow/dags/etl_users_dag.py
[2026-03-08T08:49:53.917+0000] {logging_mixin.py:188} INFO - [2026-03-08T08:49:53.917+0000] {dag.py:3089} INFO - Sync 1 DAGs
[2026-03-08T08:49:53.927+0000] {logging_mixin.py:188} INFO - [2026-03-08T08:49:53.927+0000] {dag.py:3947} INFO - Setting next_dagrun for etl_users_pipeline to None, run_after=None
[2026-03-08T08:49:53.941+0000] {processor.py:183} INFO - Processing /opt/airflow/dags/etl_users_dag.py took 0.087 seconds
[2026-03-08T08:50:24.230+0000] {processor.py:161} INFO - Started process (PID=6040) to work on /opt/airflow/dags/etl_users_dag.py
[2026-03-08T08:50:24.232+0000] {processor.py:830} INFO - Processing file /opt/airflow/dags/etl_users_dag.py for tasks to queue
[2026-03-08T08:50:24.234+0000] {logging_mixin.py:188} INFO - [2026-03-08T08:50:24.233+0000] {dagbag.py:545} INFO - Filling up the DagBag from /opt/airflow/dags/etl_users_dag.py
[2026-03-08T08:50:24.250+0000] {processor.py:840} INFO - DAG(s) 'etl_users_pipeline' retrieved from /opt/airflow/dags/etl_users_dag.py
[2026-03-08T08:50:24.281+0000] {logging_mixin.py:188} INFO - [2026-03-08T08:50:24.281+0000] {dag.py:3089} INFO - Sync 1 DAGs
[2026-03-08T08:50:24.290+0000] {logging_mixin.py:188} INFO - [2026-03-08T08:50:24.290+0000] {dag.py:3947} INFO - Setting next_dagrun for etl_users_pipeline to None, run_after=None
[2026-03-08T08:50:24.304+0000] {processor.py:183} INFO - Processing /opt/airflow/dags/etl_users_dag.py took 0.081 seconds
[2026-03-08T08:50:54.716+0000] {processor.py:161} INFO - Started process (PID=6050) to work on /opt/airflow/dags/etl_users_dag.py
[2026-03-08T08:50:54.717+0000] {processor.py:830} INFO - Processing file /opt/airflow/dags/etl_users_dag.py for tasks to queue
[2026-03-08T08:50:54.719+0000] {logging_mixin.py:188} INFO - [2026-03-08T08:50:54.718+0000] {dagbag.py:545} INFO - Filling up the DagBag from /opt/airflow/dags/etl_users_dag.py
[2026-03-08T08:50:54.730+0000] {processor.py:840} INFO - DAG(s) 'etl_users_pipeline' retrieved from /opt/airflow/dags/etl_users_dag.py
[2026-03-08T08:50:54.759+0000] {logging_mixin.py:188} INFO - [2026-03-08T08:50:54.759+0000] {dag.py:3089} INFO - Sync 1 DAGs
[2026-03-08T08:50:54.770+0000] {logging_mixin.py:188} INFO - [2026-03-08T08:50:54.770+0000] {dag.py:3947} INFO - Setting next_dagrun for etl_users_pipeline to None, run_after=None
[2026-03-08T08:50:54.782+0000] {processor.py:183} INFO - Processing /opt/airflow/dags/etl_users_dag.py took 0.073 seconds
[2026-03-08T08:51:25.166+0000] {processor.py:161} INFO - Started process (PID=6060) to work on /opt/airflow/dags/etl_users_dag.py
[2026-03-08T08:51:25.167+0000] {processor.py:830} INFO - Processing file /opt/airflow/dags/etl_users_dag.py for tasks to queue
[2026-03-08T08:51:25.169+0000] {logging_mixin.py:188} INFO - [2026-03-08T08:51:25.169+0000] {dagbag.py:545} INFO - Filling up the DagBag from /opt/airflow/dags/etl_users_dag.py
[2026-03-08T08:51:25.183+0000] {processor.py:840} INFO - DAG(s) 'etl_users_pipeline' retrieved from /opt/airflow/dags/etl_users_dag.py
[2026-03-08T08:51:25.210+0000] {logging_mixin.py:188} INFO - [2026-03-08T08:51:25.209+0000] {dag.py:3089} INFO - Sync 1 DAGs
[2026-03-08T08:51:25.219+0000] {logging_mixin.py:188} INFO - [2026-03-08T08:51:25.219+0000] {dag.py:3947} INFO - Setting next_dagrun for etl_users_pipeline to None, run_after=None
[2026-03-08T08:51:25.234+0000] {processor.py:183} INFO - Processing /opt/airflow/dags/etl_users_dag.py took 0.076 seconds
[2026-03-08T08:54:56.241+0000] {processor.py:161} INFO - Started process (PID=6070) to work on /opt/airflow/dags/etl_users_dag.py
[2026-03-08T08:54:56.243+0000] {processor.py:830} INFO - Processing file /opt/airflow/dags/etl_users_dag.py for tasks to queue
[2026-03-08T08:54:56.247+0000] {logging_mixin.py:188} INFO - [2026-03-08T08:54:56.246+0000] {dagbag.py:545} INFO - Filling up the DagBag from /opt/airflow/dags/etl_users_dag.py
[2026-03-08T08:54:56.263+0000] {processor.py:840} INFO - DAG(s) 'etl_users_pipeline' retrieved from /opt/airflow/dags/etl_users_dag.py
[2026-03-08T08:54:56.313+0000] {logging_mixin.py:188} INFO - [2026-03-08T08:54:56.313+0000] {dag.py:3089} INFO - Sync 1 DAGs
[2026-03-08T08:54:56.325+0000] {logging_mixin.py:188} INFO - [2026-03-08T08:54:56.325+0000] {dag.py:3947} INFO - Setting next_dagrun for etl_users_pipeline to None, run_after=None
[2026-03-08T08:54:56.342+0000] {processor.py:183} INFO - Processing /opt/airflow/dags/etl_users_dag.py took 0.121 seconds
[2026-03-08T08:55:26.744+0000] {processor.py:161} INFO - Started process (PID=6080) to work on /opt/airflow/dags/etl_users_dag.py
[2026-03-08T08:55:26.746+0000] {processor.py:830} INFO - Processing file /opt/airflow/dags/etl_users_dag.py for tasks to queue
[2026-03-08T08:55:26.748+0000] {logging_mixin.py:188} INFO - [2026-03-08T08:55:26.748+0000] {dagbag.py:545} INFO - Filling up the DagBag from /opt/airflow/dags/etl_users_dag.py
[2026-03-08T08:55:26.762+0000] {processor.py:840} INFO - DAG(s) 'etl_users_pipeline' retrieved from /opt/airflow/dags/etl_users_dag.py
[2026-03-08T08:55:26.793+0000] {logging_mixin.py:188} INFO - [2026-03-08T08:55:26.793+0000] {dag.py:3089} INFO - Sync 1 DAGs
[2026-03-08T08:55:26.804+0000] {logging_mixin.py:188} INFO - [2026-03-08T08:55:26.804+0000] {dag.py:3947} INFO - Setting next_dagrun for etl_users_pipeline to None, run_after=None
[2026-03-08T08:55:26.818+0000] {processor.py:183} INFO - Processing /opt/airflow/dags/etl_users_dag.py took 0.081 seconds
[2026-03-08T08:55:57.247+0000] {processor.py:161} INFO - Started process (PID=6090) to work on /opt/airflow/dags/etl_users_dag.py
[2026-03-08T08:55:57.249+0000] {processor.py:830} INFO - Processing file /opt/airflow/dags/etl_users_dag.py for tasks to queue
[2026-03-08T08:55:57.252+0000] {logging_mixin.py:188} INFO - [2026-03-08T08:55:57.251+0000] {dagbag.py:545} INFO - Filling up the DagBag from /opt/airflow/dags/etl_users_dag.py
[2026-03-08T08:55:57.274+0000] {processor.py:840} INFO - DAG(s) 'etl_users_pipeline' retrieved from /opt/airflow/dags/etl_users_dag.py
[2026-03-08T08:55:57.310+0000] {logging_mixin.py:188} INFO - [2026-03-08T08:55:57.310+0000] {dag.py:3089} INFO - Sync 1 DAGs
[2026-03-08T08:55:57.323+0000] {logging_mixin.py:188} INFO - [2026-03-08T08:55:57.323+0000] {dag.py:3947} INFO - Setting next_dagrun for etl_users_pipeline to None, run_after=None
[2026-03-08T08:55:57.338+0000] {processor.py:183} INFO - Processing /opt/airflow/dags/etl_users_dag.py took 0.102 seconds
[2026-03-08T08:56:27.473+0000] {processor.py:161} INFO - Started process (PID=6100) to work on /opt/airflow/dags/etl_users_dag.py
[2026-03-08T08:56:27.477+0000] {processor.py:830} INFO - Processing file /opt/airflow/dags/etl_users_dag.py for tasks to queue
[2026-03-08T08:56:27.482+0000] {logging_mixin.py:188} INFO - [2026-03-08T08:56:27.481+0000] {dagbag.py:545} INFO - Filling up the DagBag from /opt/airflow/dags/etl_users_dag.py
[2026-03-08T08:56:27.497+0000] {processor.py:840} INFO - DAG(s) 'etl_users_pipeline' retrieved from /opt/airflow/dags/etl_users_dag.py
[2026-03-08T08:56:27.527+0000] {logging_mixin.py:188} INFO - [2026-03-08T08:56:27.527+0000] {dag.py:3089} INFO - Sync 1 DAGs
[2026-03-08T08:56:27.537+0000] {logging_mixin.py:188} INFO - [2026-03-08T08:56:27.536+0000] {dag.py:3947} INFO - Setting next_dagrun for etl_users_pipeline to None, run_after=None
[2026-03-08T08:56:27.554+0000] {processor.py:183} INFO - Processing /opt/airflow/dags/etl_users_dag.py took 0.090 seconds
[2026-03-08T08:56:57.928+0000] {processor.py:161} INFO - Started process (PID=6110) to work on /opt/airflow/dags/etl_users_dag.py
[2026-03-08T08:56:57.929+0000] {processor.py:830} INFO - Processing file /opt/airflow/dags/etl_users_dag.py for tasks to queue
[2026-03-08T08:56:57.931+0000] {logging_mixin.py:188} INFO - [2026-03-08T08:56:57.931+0000] {dagbag.py:545} INFO - Filling up the DagBag from /opt/airflow/dags/etl_users_dag.py
[2026-03-08T08:56:57.942+0000] {processor.py:840} INFO - DAG(s) 'etl_users_pipeline' retrieved from /opt/airflow/dags/etl_users_dag.py
[2026-03-08T08:56:57.969+0000] {logging_mixin.py:188} INFO - [2026-03-08T08:56:57.969+0000] {dag.py:3089} INFO - Sync 1 DAGs
[2026-03-08T08:56:57.978+0000] {logging_mixin.py:188} INFO - [2026-03-08T08:56:57.978+0000] {dag.py:3947} INFO - Setting next_dagrun for etl_users_pipeline to None, run_after=None
[2026-03-08T08:56:57.993+0000] {processor.py:183} INFO - Processing /opt/airflow/dags/etl_users_dag.py took 0.073 seconds
[2026-03-08T08:59:29.549+0000] {processor.py:161} INFO - Started process (PID=6120) to work on /opt/airflow/dags/etl_users_dag.py
[2026-03-08T08:59:29.551+0000] {processor.py:830} INFO - Processing file /opt/airflow/dags/etl_users_dag.py for tasks to queue
[2026-03-08T08:59:29.555+0000] {logging_mixin.py:188} INFO - [2026-03-08T08:59:29.555+0000] {dagbag.py:545} INFO - Filling up the DagBag from /opt/airflow/dags/etl_users_dag.py
[2026-03-08T08:59:29.586+0000] {processor.py:840} INFO - DAG(s) 'etl_users_pipeline' retrieved from /opt/airflow/dags/etl_users_dag.py
[2026-03-08T08:59:29.633+0000] {logging_mixin.py:188} INFO - [2026-03-08T08:59:29.633+0000] {dag.py:3089} INFO - Sync 1 DAGs
[2026-03-08T08:59:29.647+0000] {logging_mixin.py:188} INFO - [2026-03-08T08:59:29.646+0000] {dag.py:3947} INFO - Setting next_dagrun for etl_users_pipeline to None, run_after=None
[2026-03-08T08:59:29.661+0000] {processor.py:183} INFO - Processing /opt/airflow/dags/etl_users_dag.py took 0.129 seconds
[2026-03-08T09:00:00.012+0000] {processor.py:161} INFO - Started process (PID=6130) to work on /opt/airflow/dags/etl_users_dag.py
[2026-03-08T09:00:00.013+0000] {processor.py:830} INFO - Processing file /opt/airflow/dags/etl_users_dag.py for tasks to queue
[2026-03-08T09:00:00.017+0000] {logging_mixin.py:188} INFO - [2026-03-08T09:00:00.017+0000] {dagbag.py:545} INFO - Filling up the DagBag from /opt/airflow/dags/etl_users_dag.py
[2026-03-08T09:00:00.033+0000] {processor.py:840} INFO - DAG(s) 'etl_users_pipeline' retrieved from /opt/airflow/dags/etl_users_dag.py
[2026-03-08T09:00:00.074+0000] {logging_mixin.py:188} INFO - [2026-03-08T09:00:00.074+0000] {dag.py:3089} INFO - Sync 1 DAGs
[2026-03-08T09:00:00.085+0000] {logging_mixin.py:188} INFO - [2026-03-08T09:00:00.085+0000] {dag.py:3947} INFO - Setting next_dagrun for etl_users_pipeline to None, run_after=None
[2026-03-08T09:00:00.097+0000] {processor.py:183} INFO - Processing /opt/airflow/dags/etl_users_dag.py took 0.097 seconds
[2026-03-08T09:00:30.608+0000] {processor.py:161} INFO - Started process (PID=6140) to work on /opt/airflow/dags/etl_users_dag.py
[2026-03-08T09:00:30.610+0000] {processor.py:830} INFO - Processing file /opt/airflow/dags/etl_users_dag.py for tasks to queue
[2026-03-08T09:00:30.613+0000] {logging_mixin.py:188} INFO - [2026-03-08T09:00:30.612+0000] {dagbag.py:545} INFO - Filling up the DagBag from /opt/airflow/dags/etl_users_dag.py
[2026-03-08T09:00:30.630+0000] {processor.py:840} INFO - DAG(s) 'etl_users_pipeline' retrieved from /opt/airflow/dags/etl_users_dag.py
[2026-03-08T09:00:30.662+0000] {logging_mixin.py:188} INFO - [2026-03-08T09:00:30.662+0000] {dag.py:3089} INFO - Sync 1 DAGs
[2026-03-08T09:00:30.674+0000] {logging_mixin.py:188} INFO - [2026-03-08T09:00:30.674+0000] {dag.py:3947} INFO - Setting next_dagrun for etl_users_pipeline to None, run_after=None
[2026-03-08T09:00:30.688+0000] {processor.py:183} INFO - Processing /opt/airflow/dags/etl_users_dag.py took 0.094 seconds
[2026-03-08T09:01:01.476+0000] {processor.py:161} INFO - Started process (PID=6150) to work on /opt/airflow/dags/etl_users_dag.py
[2026-03-08T09:01:01.478+0000] {processor.py:830} INFO - Processing file /opt/airflow/dags/etl_users_dag.py for tasks to queue
[2026-03-08T09:01:01.482+0000] {logging_mixin.py:188} INFO - [2026-03-08T09:01:01.481+0000] {dagbag.py:545} INFO - Filling up the DagBag from /opt/airflow/dags/etl_users_dag.py
[2026-03-08T09:01:01.517+0000] {processor.py:840} INFO - DAG(s) 'etl_users_pipeline' retrieved from /opt/airflow/dags/etl_users_dag.py
[2026-03-08T09:01:01.556+0000] {logging_mixin.py:188} INFO - [2026-03-08T09:01:01.556+0000] {dag.py:3089} INFO - Sync 1 DAGs
[2026-03-08T09:01:01.568+0000] {logging_mixin.py:188} INFO - [2026-03-08T09:01:01.568+0000] {dag.py:3947} INFO - Setting next_dagrun for etl_users_pipeline to None, run_after=None
[2026-03-08T09:01:01.584+0000] {processor.py:183} INFO - Processing /opt/airflow/dags/etl_users_dag.py took 0.121 seconds
[2026-03-08T09:01:31.876+0000] {processor.py:161} INFO - Started process (PID=6160) to work on /opt/airflow/dags/etl_users_dag.py
[2026-03-08T09:01:31.880+0000] {processor.py:830} INFO - Processing file /opt/airflow/dags/etl_users_dag.py for tasks to queue
[2026-03-08T09:01:31.883+0000] {logging_mixin.py:188} INFO - [2026-03-08T09:01:31.883+0000] {dagbag.py:545} INFO - Filling up the DagBag from /opt/airflow/dags/etl_users_dag.py
[2026-03-08T09:01:31.896+0000] {processor.py:840} INFO - DAG(s) 'etl_users_pipeline' retrieved from /opt/airflow/dags/etl_users_dag.py
[2026-03-08T09:01:31.921+0000] {logging_mixin.py:188} INFO - [2026-03-08T09:01:31.921+0000] {dag.py:3089} INFO - Sync 1 DAGs
[2026-03-08T09:01:31.933+0000] {logging_mixin.py:188} INFO - [2026-03-08T09:01:31.933+0000] {dag.py:3947} INFO - Setting next_dagrun for etl_users_pipeline to None, run_after=None
[2026-03-08T09:01:31.949+0000] {processor.py:183} INFO - Processing /opt/airflow/dags/etl_users_dag.py took 0.082 seconds
[2026-03-08T09:04:59.863+0000] {processor.py:161} INFO - Started process (PID=6170) to work on /opt/airflow/dags/etl_users_dag.py
[2026-03-08T09:04:59.864+0000] {processor.py:830} INFO - Processing file /opt/airflow/dags/etl_users_dag.py for tasks to queue
[2026-03-08T09:04:59.873+0000] {logging_mixin.py:188} INFO - [2026-03-08T09:04:59.872+0000] {dagbag.py:545} INFO - Filling up the DagBag from /opt/airflow/dags/etl_users_dag.py
[2026-03-08T09:04:59.905+0000] {processor.py:840} INFO - DAG(s) 'etl_users_pipeline' retrieved from /opt/airflow/dags/etl_users_dag.py
[2026-03-08T09:04:59.938+0000] {logging_mixin.py:188} INFO - [2026-03-08T09:04:59.938+0000] {dag.py:3089} INFO - Sync 1 DAGs
[2026-03-08T09:04:59.952+0000] {logging_mixin.py:188} INFO - [2026-03-08T09:04:59.952+0000] {dag.py:3947} INFO - Setting next_dagrun for etl_users_pipeline to None, run_after=None
[2026-03-08T09:04:59.970+0000] {processor.py:183} INFO - Processing /opt/airflow/dags/etl_users_dag.py took 0.118 seconds
[2026-03-08T09:20:45.713+0000] {processor.py:161} INFO - Started process (PID=6180) to work on /opt/airflow/dags/etl_users_dag.py
[2026-03-08T09:20:45.717+0000] {processor.py:830} INFO - Processing file /opt/airflow/dags/etl_users_dag.py for tasks to queue
[2026-03-08T09:20:45.726+0000] {logging_mixin.py:188} INFO - [2026-03-08T09:20:45.725+0000] {dagbag.py:545} INFO - Filling up the DagBag from /opt/airflow/dags/etl_users_dag.py
[2026-03-08T09:20:45.742+0000] {processor.py:840} INFO - DAG(s) 'etl_users_pipeline' retrieved from /opt/airflow/dags/etl_users_dag.py
[2026-03-08T09:20:45.780+0000] {logging_mixin.py:188} INFO - [2026-03-08T09:20:45.780+0000] {dag.py:3089} INFO - Sync 1 DAGs
[2026-03-08T09:20:45.790+0000] {logging_mixin.py:188} INFO - [2026-03-08T09:20:45.790+0000] {dag.py:3947} INFO - Setting next_dagrun for etl_users_pipeline to None, run_after=None
[2026-03-08T09:20:45.810+0000] {processor.py:183} INFO - Processing /opt/airflow/dags/etl_users_dag.py took 0.109 seconds
[2026-03-08T09:21:16.279+0000] {processor.py:161} INFO - Started process (PID=6190) to work on /opt/airflow/dags/etl_users_dag.py
[2026-03-08T09:21:16.281+0000] {processor.py:830} INFO - Processing file /opt/airflow/dags/etl_users_dag.py for tasks to queue
[2026-03-08T09:21:16.283+0000] {logging_mixin.py:188} INFO - [2026-03-08T09:21:16.282+0000] {dagbag.py:545} INFO - Filling up the DagBag from /opt/airflow/dags/etl_users_dag.py
[2026-03-08T09:21:16.296+0000] {processor.py:840} INFO - DAG(s) 'etl_users_pipeline' retrieved from /opt/airflow/dags/etl_users_dag.py
[2026-03-08T09:21:16.329+0000] {logging_mixin.py:188} INFO - [2026-03-08T09:21:16.329+0000] {dag.py:3089} INFO - Sync 1 DAGs
[2026-03-08T09:21:16.337+0000] {logging_mixin.py:188} INFO - [2026-03-08T09:21:16.337+0000] {dag.py:3947} INFO - Setting next_dagrun for etl_users_pipeline to None, run_after=None
[2026-03-08T09:21:16.349+0000] {processor.py:183} INFO - Processing /opt/airflow/dags/etl_users_dag.py took 0.080 seconds
[2026-03-08T09:21:46.772+0000] {processor.py:161} INFO - Started process (PID=6200) to work on /opt/airflow/dags/etl_users_dag.py
[2026-03-08T09:21:46.773+0000] {processor.py:830} INFO - Processing file /opt/airflow/dags/etl_users_dag.py for tasks to queue
[2026-03-08T09:21:46.776+0000] {logging_mixin.py:188} INFO - [2026-03-08T09:21:46.776+0000] {dagbag.py:545} INFO - Filling up the DagBag from /opt/airflow/dags/etl_users_dag.py
[2026-03-08T09:21:46.794+0000] {processor.py:840} INFO - DAG(s) 'etl_users_pipeline' retrieved from /opt/airflow/dags/etl_users_dag.py
[2026-03-08T09:21:46.825+0000] {logging_mixin.py:188} INFO - [2026-03-08T09:21:46.825+0000] {dag.py:3089} INFO - Sync 1 DAGs
[2026-03-08T09:21:46.836+0000] {logging_mixin.py:188} INFO - [2026-03-08T09:21:46.835+0000] {dag.py:3947} INFO - Setting next_dagrun for etl_users_pipeline to None, run_after=None
[2026-03-08T09:21:46.851+0000] {processor.py:183} INFO - Processing /opt/airflow/dags/etl_users_dag.py took 0.093 seconds
[2026-03-08T09:22:17.338+0000] {processor.py:161} INFO - Started process (PID=6210) to work on /opt/airflow/dags/etl_users_dag.py
[2026-03-08T09:22:17.340+0000] {processor.py:830} INFO - Processing file /opt/airflow/dags/etl_users_dag.py for tasks to queue
[2026-03-08T09:22:17.344+0000] {logging_mixin.py:188} INFO - [2026-03-08T09:22:17.343+0000] {dagbag.py:545} INFO - Filling up the DagBag from /opt/airflow/dags/etl_users_dag.py
[2026-03-08T09:22:17.365+0000] {processor.py:840} INFO - DAG(s) 'etl_users_pipeline' retrieved from /opt/airflow/dags/etl_users_dag.py
[2026-03-08T09:22:17.399+0000] {logging_mixin.py:188} INFO - [2026-03-08T09:22:17.399+0000] {dag.py:3089} INFO - Sync 1 DAGs
[2026-03-08T09:22:17.411+0000] {logging_mixin.py:188} INFO - [2026-03-08T09:22:17.411+0000] {dag.py:3947} INFO - Setting next_dagrun for etl_users_pipeline to None, run_after=None
[2026-03-08T09:22:17.425+0000] {processor.py:183} INFO - Processing /opt/airflow/dags/etl_users_dag.py took 0.101 seconds
[2026-03-08T09:22:47.742+0000] {processor.py:161} INFO - Started process (PID=6220) to work on /opt/airflow/dags/etl_users_dag.py
[2026-03-08T09:22:47.745+0000] {processor.py:830} INFO - Processing file /opt/airflow/dags/etl_users_dag.py for tasks to queue
[2026-03-08T09:22:47.747+0000] {logging_mixin.py:188} INFO - [2026-03-08T09:22:47.747+0000] {dagbag.py:545} INFO - Filling up the DagBag from /opt/airflow/dags/etl_users_dag.py
[2026-03-08T09:22:47.759+0000] {processor.py:840} INFO - DAG(s) 'etl_users_pipeline' retrieved from /opt/airflow/dags/etl_users_dag.py
[2026-03-08T09:22:47.792+0000] {logging_mixin.py:188} INFO - [2026-03-08T09:22:47.791+0000] {dag.py:3089} INFO - Sync 1 DAGs
[2026-03-08T09:22:47.799+0000] {logging_mixin.py:188} INFO - [2026-03-08T09:22:47.799+0000] {dag.py:3947} INFO - Setting next_dagrun for etl_users_pipeline to None, run_after=None
[2026-03-08T09:22:47.814+0000] {processor.py:183} INFO - Processing /opt/airflow/dags/etl_users_dag.py took 0.081 seconds
[2026-03-08T09:23:18.263+0000] {processor.py:161} INFO - Started process (PID=6230) to work on /opt/airflow/dags/etl_users_dag.py
[2026-03-08T09:23:18.264+0000] {processor.py:830} INFO - Processing file /opt/airflow/dags/etl_users_dag.py for tasks to queue
[2026-03-08T09:23:18.267+0000] {logging_mixin.py:188} INFO - [2026-03-08T09:23:18.267+0000] {dagbag.py:545} INFO - Filling up the DagBag from /opt/airflow/dags/etl_users_dag.py
[2026-03-08T09:23:18.282+0000] {processor.py:840} INFO - DAG(s) 'etl_users_pipeline' retrieved from /opt/airflow/dags/etl_users_dag.py
[2026-03-08T09:23:18.310+0000] {logging_mixin.py:188} INFO - [2026-03-08T09:23:18.310+0000] {dag.py:3089} INFO - Sync 1 DAGs
[2026-03-08T09:23:18.318+0000] {logging_mixin.py:188} INFO - [2026-03-08T09:23:18.318+0000] {dag.py:3947} INFO - Setting next_dagrun for etl_users_pipeline to None, run_after=None
[2026-03-08T09:23:18.333+0000] {processor.py:183} INFO - Processing /opt/airflow/dags/etl_users_dag.py took 0.081 seconds
[2026-03-08T09:23:48.757+0000] {processor.py:161} INFO - Started process (PID=6240) to work on /opt/airflow/dags/etl_users_dag.py
[2026-03-08T09:23:48.760+0000] {processor.py:830} INFO - Processing file /opt/airflow/dags/etl_users_dag.py for tasks to queue
[2026-03-08T09:23:48.763+0000] {logging_mixin.py:188} INFO - [2026-03-08T09:23:48.762+0000] {dagbag.py:545} INFO - Filling up the DagBag from /opt/airflow/dags/etl_users_dag.py
[2026-03-08T09:23:48.783+0000] {processor.py:840} INFO - DAG(s) 'etl_users_pipeline' retrieved from /opt/airflow/dags/etl_users_dag.py
[2026-03-08T09:23:48.814+0000] {logging_mixin.py:188} INFO - [2026-03-08T09:23:48.814+0000] {dag.py:3089} INFO - Sync 1 DAGs
[2026-03-08T09:23:48.824+0000] {logging_mixin.py:188} INFO - [2026-03-08T09:23:48.824+0000] {dag.py:3947} INFO - Setting next_dagrun for etl_users_pipeline to None, run_after=None
[2026-03-08T09:23:48.837+0000] {processor.py:183} INFO - Processing /opt/airflow/dags/etl_users_dag.py took 0.093 seconds
[2026-03-08T09:24:19.249+0000] {processor.py:161} INFO - Started process (PID=6250) to work on /opt/airflow/dags/etl_users_dag.py
[2026-03-08T09:24:19.251+0000] {processor.py:830} INFO - Processing file /opt/airflow/dags/etl_users_dag.py for tasks to queue
[2026-03-08T09:24:19.253+0000] {logging_mixin.py:188} INFO - [2026-03-08T09:24:19.253+0000] {dagbag.py:545} INFO - Filling up the DagBag from /opt/airflow/dags/etl_users_dag.py
[2026-03-08T09:24:19.269+0000] {processor.py:840} INFO - DAG(s) 'etl_users_pipeline' retrieved from /opt/airflow/dags/etl_users_dag.py
[2026-03-08T09:24:19.297+0000] {logging_mixin.py:188} INFO - [2026-03-08T09:24:19.297+0000] {dag.py:3089} INFO - Sync 1 DAGs
[2026-03-08T09:24:19.305+0000] {logging_mixin.py:188} INFO - [2026-03-08T09:24:19.305+0000] {dag.py:3947} INFO - Setting next_dagrun for etl_users_pipeline to None, run_after=None
[2026-03-08T09:24:19.319+0000] {processor.py:183} INFO - Processing /opt/airflow/dags/etl_users_dag.py took 0.080 seconds
[2026-03-08T09:24:49.746+0000] {processor.py:161} INFO - Started process (PID=6260) to work on /opt/airflow/dags/etl_users_dag.py
[2026-03-08T09:24:49.748+0000] {processor.py:830} INFO - Processing file /opt/airflow/dags/etl_users_dag.py for tasks to queue
[2026-03-08T09:24:49.750+0000] {logging_mixin.py:188} INFO - [2026-03-08T09:24:49.749+0000] {dagbag.py:545} INFO - Filling up the DagBag from /opt/airflow/dags/etl_users_dag.py
[2026-03-08T09:24:49.769+0000] {processor.py:840} INFO - DAG(s) 'etl_users_pipeline' retrieved from /opt/airflow/dags/etl_users_dag.py
[2026-03-08T09:24:49.796+0000] {logging_mixin.py:188} INFO - [2026-03-08T09:24:49.796+0000] {dag.py:3089} INFO - Sync 1 DAGs
[2026-03-08T09:24:49.803+0000] {logging_mixin.py:188} INFO - [2026-03-08T09:24:49.803+0000] {dag.py:3947} INFO - Setting next_dagrun for etl_users_pipeline to None, run_after=None
[2026-03-08T09:24:49.815+0000] {processor.py:183} INFO - Processing /opt/airflow/dags/etl_users_dag.py took 0.079 seconds
[2026-03-08T09:25:20.210+0000] {processor.py:161} INFO - Started process (PID=6270) to work on /opt/airflow/dags/etl_users_dag.py
[2026-03-08T09:25:20.212+0000] {processor.py:830} INFO - Processing file /opt/airflow/dags/etl_users_dag.py for tasks to queue
[2026-03-08T09:25:20.215+0000] {logging_mixin.py:188} INFO - [2026-03-08T09:25:20.215+0000] {dagbag.py:545} INFO - Filling up the DagBag from /opt/airflow/dags/etl_users_dag.py
[2026-03-08T09:25:20.235+0000] {processor.py:840} INFO - DAG(s) 'etl_users_pipeline' retrieved from /opt/airflow/dags/etl_users_dag.py
[2026-03-08T09:25:20.261+0000] {logging_mixin.py:188} INFO - [2026-03-08T09:25:20.261+0000] {dag.py:3089} INFO - Sync 1 DAGs
[2026-03-08T09:25:20.273+0000] {logging_mixin.py:188} INFO - [2026-03-08T09:25:20.273+0000] {dag.py:3947} INFO - Setting next_dagrun for etl_users_pipeline to None, run_after=None
[2026-03-08T09:25:20.283+0000] {processor.py:183} INFO - Processing /opt/airflow/dags/etl_users_dag.py took 0.086 seconds
[2026-03-08T09:28:19.392+0000] {processor.py:161} INFO - Started process (PID=6280) to work on /opt/airflow/dags/etl_users_dag.py
[2026-03-08T09:28:19.394+0000] {processor.py:830} INFO - Processing file /opt/airflow/dags/etl_users_dag.py for tasks to queue
[2026-03-08T09:28:19.399+0000] {logging_mixin.py:188} INFO - [2026-03-08T09:28:19.398+0000] {dagbag.py:545} INFO - Filling up the DagBag from /opt/airflow/dags/etl_users_dag.py
[2026-03-08T09:28:19.417+0000] {processor.py:840} INFO - DAG(s) 'etl_users_pipeline' retrieved from /opt/airflow/dags/etl_users_dag.py
[2026-03-08T09:28:19.452+0000] {logging_mixin.py:188} INFO - [2026-03-08T09:28:19.452+0000] {dag.py:3089} INFO - Sync 1 DAGs
[2026-03-08T09:28:19.468+0000] {logging_mixin.py:188} INFO - [2026-03-08T09:28:19.467+0000] {dag.py:3947} INFO - Setting next_dagrun for etl_users_pipeline to None, run_after=None
[2026-03-08T09:28:19.482+0000] {processor.py:183} INFO - Processing /opt/airflow/dags/etl_users_dag.py took 0.103 seconds
[2026-03-08T09:28:49.965+0000] {processor.py:161} INFO - Started process (PID=6290) to work on /opt/airflow/dags/etl_users_dag.py
[2026-03-08T09:28:49.966+0000] {processor.py:830} INFO - Processing file /opt/airflow/dags/etl_users_dag.py for tasks to queue
[2026-03-08T09:28:49.968+0000] {logging_mixin.py:188} INFO - [2026-03-08T09:28:49.967+0000] {dagbag.py:545} INFO - Filling up the DagBag from /opt/airflow/dags/etl_users_dag.py
[2026-03-08T09:28:49.982+0000] {processor.py:840} INFO - DAG(s) 'etl_users_pipeline' retrieved from /opt/airflow/dags/etl_users_dag.py
[2026-03-08T09:28:50.009+0000] {logging_mixin.py:188} INFO - [2026-03-08T09:28:50.009+0000] {dag.py:3089} INFO - Sync 1 DAGs
[2026-03-08T09:28:50.018+0000] {logging_mixin.py:188} INFO - [2026-03-08T09:28:50.018+0000] {dag.py:3947} INFO - Setting next_dagrun for etl_users_pipeline to None, run_after=None
[2026-03-08T09:28:50.031+0000] {processor.py:183} INFO - Processing /opt/airflow/dags/etl_users_dag.py took 0.074 seconds
[2026-03-08T09:29:20.380+0000] {processor.py:161} INFO - Started process (PID=6300) to work on /opt/airflow/dags/etl_users_dag.py
[2026-03-08T09:29:20.381+0000] {processor.py:830} INFO - Processing file /opt/airflow/dags/etl_users_dag.py for tasks to queue
[2026-03-08T09:29:20.383+0000] {logging_mixin.py:188} INFO - [2026-03-08T09:29:20.382+0000] {dagbag.py:545} INFO - Filling up the DagBag from /opt/airflow/dags/etl_users_dag.py
[2026-03-08T09:29:20.392+0000] {processor.py:840} INFO - DAG(s) 'etl_users_pipeline' retrieved from /opt/airflow/dags/etl_users_dag.py
[2026-03-08T09:29:20.426+0000] {logging_mixin.py:188} INFO - [2026-03-08T09:29:20.426+0000] {dag.py:3089} INFO - Sync 1 DAGs
[2026-03-08T09:29:20.435+0000] {logging_mixin.py:188} INFO - [2026-03-08T09:29:20.435+0000] {dag.py:3947} INFO - Setting next_dagrun for etl_users_pipeline to None, run_after=None
[2026-03-08T09:29:20.450+0000] {processor.py:183} INFO - Processing /opt/airflow/dags/etl_users_dag.py took 0.078 seconds
[2026-03-08T09:29:50.927+0000] {processor.py:161} INFO - Started process (PID=6310) to work on /opt/airflow/dags/etl_users_dag.py
[2026-03-08T09:29:50.928+0000] {processor.py:830} INFO - Processing file /opt/airflow/dags/etl_users_dag.py for tasks to queue
[2026-03-08T09:29:50.931+0000] {logging_mixin.py:188} INFO - [2026-03-08T09:29:50.930+0000] {dagbag.py:545} INFO - Filling up the DagBag from /opt/airflow/dags/etl_users_dag.py
[2026-03-08T09:29:50.948+0000] {processor.py:840} INFO - DAG(s) 'etl_users_pipeline' retrieved from /opt/airflow/dags/etl_users_dag.py
[2026-03-08T09:29:50.979+0000] {logging_mixin.py:188} INFO - [2026-03-08T09:29:50.978+0000] {dag.py:3089} INFO - Sync 1 DAGs
[2026-03-08T09:29:50.988+0000] {logging_mixin.py:188} INFO - [2026-03-08T09:29:50.988+0000] {dag.py:3947} INFO - Setting next_dagrun for etl_users_pipeline to None, run_after=None
[2026-03-08T09:29:51.003+0000] {processor.py:183} INFO - Processing /opt/airflow/dags/etl_users_dag.py took 0.087 seconds
[2026-03-08T09:30:21.384+0000] {processor.py:161} INFO - Started process (PID=6320) to work on /opt/airflow/dags/etl_users_dag.py
[2026-03-08T09:30:21.385+0000] {processor.py:830} INFO - Processing file /opt/airflow/dags/etl_users_dag.py for tasks to queue
[2026-03-08T09:30:21.390+0000] {logging_mixin.py:188} INFO - [2026-03-08T09:30:21.389+0000] {dagbag.py:545} INFO - Filling up the DagBag from /opt/airflow/dags/etl_users_dag.py
[2026-03-08T09:30:21.408+0000] {processor.py:840} INFO - DAG(s) 'etl_users_pipeline' retrieved from /opt/airflow/dags/etl_users_dag.py
[2026-03-08T09:30:21.438+0000] {logging_mixin.py:188} INFO - [2026-03-08T09:30:21.438+0000] {dag.py:3089} INFO - Sync 1 DAGs
[2026-03-08T09:30:21.446+0000] {logging_mixin.py:188} INFO - [2026-03-08T09:30:21.446+0000] {dag.py:3947} INFO - Setting next_dagrun for etl_users_pipeline to None, run_after=None
[2026-03-08T09:30:21.459+0000] {processor.py:183} INFO - Processing /opt/airflow/dags/etl_users_dag.py took 0.088 seconds
[2026-03-08T09:34:57.326+0000] {processor.py:161} INFO - Started process (PID=6330) to work on /opt/airflow/dags/etl_users_dag.py
[2026-03-08T09:34:57.328+0000] {processor.py:830} INFO - Processing file /opt/airflow/dags/etl_users_dag.py for tasks to queue
[2026-03-08T09:34:57.332+0000] {logging_mixin.py:188} INFO - [2026-03-08T09:34:57.331+0000] {dagbag.py:545} INFO - Filling up the DagBag from /opt/airflow/dags/etl_users_dag.py
[2026-03-08T09:34:57.362+0000] {processor.py:840} INFO - DAG(s) 'etl_users_pipeline' retrieved from /opt/airflow/dags/etl_users_dag.py
[2026-03-08T09:34:57.425+0000] {logging_mixin.py:188} INFO - [2026-03-08T09:34:57.425+0000] {dag.py:3089} INFO - Sync 1 DAGs
[2026-03-08T09:34:57.444+0000] {logging_mixin.py:188} INFO - [2026-03-08T09:34:57.444+0000] {dag.py:3947} INFO - Setting next_dagrun for etl_users_pipeline to None, run_after=None
[2026-03-08T09:34:57.466+0000] {processor.py:183} INFO - Processing /opt/airflow/dags/etl_users_dag.py took 0.156 seconds
[2026-03-08T09:35:27.655+0000] {processor.py:161} INFO - Started process (PID=6340) to work on /opt/airflow/dags/etl_users_dag.py
[2026-03-08T09:35:27.657+0000] {processor.py:830} INFO - Processing file /opt/airflow/dags/etl_users_dag.py for tasks to queue
[2026-03-08T09:35:27.660+0000] {logging_mixin.py:188} INFO - [2026-03-08T09:35:27.660+0000] {dagbag.py:545} INFO - Filling up the DagBag from /opt/airflow/dags/etl_users_dag.py
[2026-03-08T09:35:27.684+0000] {processor.py:840} INFO - DAG(s) 'etl_users_pipeline' retrieved from /opt/airflow/dags/etl_users_dag.py
[2026-03-08T09:35:27.742+0000] {logging_mixin.py:188} INFO - [2026-03-08T09:35:27.742+0000] {dag.py:3089} INFO - Sync 1 DAGs
[2026-03-08T09:35:27.756+0000] {logging_mixin.py:188} INFO - [2026-03-08T09:35:27.755+0000] {dag.py:3947} INFO - Setting next_dagrun for etl_users_pipeline to None, run_after=None
[2026-03-08T09:35:27.777+0000] {processor.py:183} INFO - Processing /opt/airflow/dags/etl_users_dag.py took 0.145 seconds
[2026-03-08T09:35:58.235+0000] {processor.py:161} INFO - Started process (PID=6350) to work on /opt/airflow/dags/etl_users_dag.py
[2026-03-08T09:35:58.240+0000] {processor.py:830} INFO - Processing file /opt/airflow/dags/etl_users_dag.py for tasks to queue
[2026-03-08T09:35:58.259+0000] {logging_mixin.py:188} INFO - [2026-03-08T09:35:58.258+0000] {dagbag.py:545} INFO - Filling up the DagBag from /opt/airflow/dags/etl_users_dag.py
[2026-03-08T09:35:58.306+0000] {processor.py:840} INFO - DAG(s) 'etl_users_pipeline' retrieved from /opt/airflow/dags/etl_users_dag.py
[2026-03-08T09:35:58.392+0000] {logging_mixin.py:188} INFO - [2026-03-08T09:35:58.392+0000] {dag.py:3089} INFO - Sync 1 DAGs
[2026-03-08T09:35:58.439+0000] {logging_mixin.py:188} INFO - [2026-03-08T09:35:58.439+0000] {dag.py:3947} INFO - Setting next_dagrun for etl_users_pipeline to None, run_after=None
[2026-03-08T09:35:58.483+0000] {processor.py:183} INFO - Processing /opt/airflow/dags/etl_users_dag.py took 0.306 seconds
[2026-03-08T09:36:28.594+0000] {processor.py:161} INFO - Started process (PID=6371) to work on /opt/airflow/dags/etl_users_dag.py
[2026-03-08T09:36:28.595+0000] {processor.py:830} INFO - Processing file /opt/airflow/dags/etl_users_dag.py for tasks to queue
[2026-03-08T09:36:28.598+0000] {logging_mixin.py:188} INFO - [2026-03-08T09:36:28.598+0000] {dagbag.py:545} INFO - Filling up the DagBag from /opt/airflow/dags/etl_users_dag.py
[2026-03-08T09:36:28.616+0000] {processor.py:840} INFO - DAG(s) 'etl_users_pipeline' retrieved from /opt/airflow/dags/etl_users_dag.py
[2026-03-08T09:36:28.667+0000] {logging_mixin.py:188} INFO - [2026-03-08T09:36:28.667+0000] {dag.py:3089} INFO - Sync 1 DAGs
[2026-03-08T09:36:28.683+0000] {logging_mixin.py:188} INFO - [2026-03-08T09:36:28.683+0000] {dag.py:3947} INFO - Setting next_dagrun for etl_users_pipeline to None, run_after=None
[2026-03-08T09:36:28.699+0000] {processor.py:183} INFO - Processing /opt/airflow/dags/etl_users_dag.py took 0.115 seconds
[2026-03-08T09:36:58.934+0000] {processor.py:161} INFO - Started process (PID=6381) to work on /opt/airflow/dags/etl_users_dag.py
[2026-03-08T09:36:58.937+0000] {processor.py:830} INFO - Processing file /opt/airflow/dags/etl_users_dag.py for tasks to queue
[2026-03-08T09:36:58.940+0000] {logging_mixin.py:188} INFO - [2026-03-08T09:36:58.939+0000] {dagbag.py:545} INFO - Filling up the DagBag from /opt/airflow/dags/etl_users_dag.py
[2026-03-08T09:36:58.960+0000] {processor.py:840} INFO - DAG(s) 'etl_users_pipeline' retrieved from /opt/airflow/dags/etl_users_dag.py
[2026-03-08T09:36:59.003+0000] {logging_mixin.py:188} INFO - [2026-03-08T09:36:59.003+0000] {dag.py:3089} INFO - Sync 1 DAGs
[2026-03-08T09:36:59.015+0000] {logging_mixin.py:188} INFO - [2026-03-08T09:36:59.015+0000] {dag.py:3947} INFO - Setting next_dagrun for etl_users_pipeline to None, run_after=None
[2026-03-08T09:36:59.031+0000] {processor.py:183} INFO - Processing /opt/airflow/dags/etl_users_dag.py took 0.109 seconds
[2026-03-08T09:37:29.395+0000] {processor.py:161} INFO - Started process (PID=6391) to work on /opt/airflow/dags/etl_users_dag.py
[2026-03-08T09:37:29.397+0000] {processor.py:830} INFO - Processing file /opt/airflow/dags/etl_users_dag.py for tasks to queue
[2026-03-08T09:37:29.400+0000] {logging_mixin.py:188} INFO - [2026-03-08T09:37:29.400+0000] {dagbag.py:545} INFO - Filling up the DagBag from /opt/airflow/dags/etl_users_dag.py
[2026-03-08T09:37:29.428+0000] {processor.py:840} INFO - DAG(s) 'etl_users_pipeline' retrieved from /opt/airflow/dags/etl_users_dag.py
[2026-03-08T09:37:29.488+0000] {logging_mixin.py:188} INFO - [2026-03-08T09:37:29.488+0000] {dag.py:3089} INFO - Sync 1 DAGs
[2026-03-08T09:37:29.504+0000] {logging_mixin.py:188} INFO - [2026-03-08T09:37:29.504+0000] {dag.py:3947} INFO - Setting next_dagrun for etl_users_pipeline to None, run_after=None
[2026-03-08T09:37:29.520+0000] {processor.py:183} INFO - Processing /opt/airflow/dags/etl_users_dag.py took 0.161 seconds
[2026-03-08T09:37:59.835+0000] {processor.py:161} INFO - Started process (PID=6401) to work on /opt/airflow/dags/etl_users_dag.py
[2026-03-08T09:37:59.837+0000] {processor.py:830} INFO - Processing file /opt/airflow/dags/etl_users_dag.py for tasks to queue
[2026-03-08T09:37:59.841+0000] {logging_mixin.py:188} INFO - [2026-03-08T09:37:59.840+0000] {dagbag.py:545} INFO - Filling up the DagBag from /opt/airflow/dags/etl_users_dag.py
[2026-03-08T09:37:59.858+0000] {processor.py:840} INFO - DAG(s) 'etl_users_pipeline' retrieved from /opt/airflow/dags/etl_users_dag.py
[2026-03-08T09:37:59.893+0000] {logging_mixin.py:188} INFO - [2026-03-08T09:37:59.893+0000] {dag.py:3089} INFO - Sync 1 DAGs
[2026-03-08T09:37:59.904+0000] {logging_mixin.py:188} INFO - [2026-03-08T09:37:59.904+0000] {dag.py:3947} INFO - Setting next_dagrun for etl_users_pipeline to None, run_after=None
[2026-03-08T09:37:59.918+0000] {processor.py:183} INFO - Processing /opt/airflow/dags/etl_users_dag.py took 0.095 seconds
[2026-03-08T09:38:30.331+0000] {processor.py:161} INFO - Started process (PID=6411) to work on /opt/airflow/dags/etl_users_dag.py
[2026-03-08T09:38:30.334+0000] {processor.py:830} INFO - Processing file /opt/airflow/dags/etl_users_dag.py for tasks to queue
[2026-03-08T09:38:30.338+0000] {logging_mixin.py:188} INFO - [2026-03-08T09:38:30.337+0000] {dagbag.py:545} INFO - Filling up the DagBag from /opt/airflow/dags/etl_users_dag.py
[2026-03-08T09:38:30.368+0000] {processor.py:840} INFO - DAG(s) 'etl_users_pipeline' retrieved from /opt/airflow/dags/etl_users_dag.py
[2026-03-08T09:38:30.419+0000] {logging_mixin.py:188} INFO - [2026-03-08T09:38:30.419+0000] {dag.py:3089} INFO - Sync 1 DAGs
[2026-03-08T09:38:30.430+0000] {logging_mixin.py:188} INFO - [2026-03-08T09:38:30.430+0000] {dag.py:3947} INFO - Setting next_dagrun for etl_users_pipeline to None, run_after=None
[2026-03-08T09:38:30.453+0000] {processor.py:183} INFO - Processing /opt/airflow/dags/etl_users_dag.py took 0.135 seconds
[2026-03-08T09:39:00.676+0000] {processor.py:161} INFO - Started process (PID=6421) to work on /opt/airflow/dags/etl_users_dag.py
[2026-03-08T09:39:00.679+0000] {processor.py:830} INFO - Processing file /opt/airflow/dags/etl_users_dag.py for tasks to queue
[2026-03-08T09:39:00.682+0000] {logging_mixin.py:188} INFO - [2026-03-08T09:39:00.681+0000] {dagbag.py:545} INFO - Filling up the DagBag from /opt/airflow/dags/etl_users_dag.py
[2026-03-08T09:39:00.699+0000] {processor.py:840} INFO - DAG(s) 'etl_users_pipeline' retrieved from /opt/airflow/dags/etl_users_dag.py
[2026-03-08T09:39:00.745+0000] {logging_mixin.py:188} INFO - [2026-03-08T09:39:00.744+0000] {dag.py:3089} INFO - Sync 1 DAGs
[2026-03-08T09:39:00.760+0000] {logging_mixin.py:188} INFO - [2026-03-08T09:39:00.759+0000] {dag.py:3947} INFO - Setting next_dagrun for etl_users_pipeline to None, run_after=None
[2026-03-08T09:39:00.775+0000] {processor.py:183} INFO - Processing /opt/airflow/dags/etl_users_dag.py took 0.124 seconds
[2026-03-08T09:39:31.019+0000] {processor.py:161} INFO - Started process (PID=6431) to work on /opt/airflow/dags/etl_users_dag.py
[2026-03-08T09:39:31.020+0000] {processor.py:830} INFO - Processing file /opt/airflow/dags/etl_users_dag.py for tasks to queue
[2026-03-08T09:39:31.021+0000] {logging_mixin.py:188} INFO - [2026-03-08T09:39:31.021+0000] {dagbag.py:545} INFO - Filling up the DagBag from /opt/airflow/dags/etl_users_dag.py
[2026-03-08T09:39:31.027+0000] {processor.py:840} INFO - DAG(s) 'etl_users_pipeline' retrieved from /opt/airflow/dags/etl_users_dag.py
[2026-03-08T09:39:31.052+0000] {logging_mixin.py:188} INFO - [2026-03-08T09:39:31.052+0000] {dag.py:3089} INFO - Sync 1 DAGs
[2026-03-08T09:39:31.060+0000] {logging_mixin.py:188} INFO - [2026-03-08T09:39:31.060+0000] {dag.py:3947} INFO - Setting next_dagrun for etl_users_pipeline to None, run_after=None
[2026-03-08T09:39:31.074+0000] {processor.py:183} INFO - Processing /opt/airflow/dags/etl_users_dag.py took 0.060 seconds
[2026-03-08T09:40:01.436+0000] {processor.py:161} INFO - Started process (PID=6441) to work on /opt/airflow/dags/etl_users_dag.py
[2026-03-08T09:40:01.437+0000] {processor.py:830} INFO - Processing file /opt/airflow/dags/etl_users_dag.py for tasks to queue
[2026-03-08T09:40:01.440+0000] {logging_mixin.py:188} INFO - [2026-03-08T09:40:01.440+0000] {dagbag.py:545} INFO - Filling up the DagBag from /opt/airflow/dags/etl_users_dag.py
[2026-03-08T09:40:01.456+0000] {processor.py:840} INFO - DAG(s) 'etl_users_pipeline' retrieved from /opt/airflow/dags/etl_users_dag.py
[2026-03-08T09:40:01.488+0000] {logging_mixin.py:188} INFO - [2026-03-08T09:40:01.488+0000] {dag.py:3089} INFO - Sync 1 DAGs
[2026-03-08T09:40:01.498+0000] {logging_mixin.py:188} INFO - [2026-03-08T09:40:01.498+0000] {dag.py:3947} INFO - Setting next_dagrun for etl_users_pipeline to None, run_after=None
[2026-03-08T09:40:01.514+0000] {processor.py:183} INFO - Processing /opt/airflow/dags/etl_users_dag.py took 0.086 seconds
[2026-03-08T09:40:31.788+0000] {processor.py:161} INFO - Started process (PID=6451) to work on /opt/airflow/dags/etl_users_dag.py
[2026-03-08T09:40:31.789+0000] {processor.py:830} INFO - Processing file /opt/airflow/dags/etl_users_dag.py for tasks to queue
[2026-03-08T09:40:31.791+0000] {logging_mixin.py:188} INFO - [2026-03-08T09:40:31.791+0000] {dagbag.py:545} INFO - Filling up the DagBag from /opt/airflow/dags/etl_users_dag.py
[2026-03-08T09:40:31.797+0000] {processor.py:840} INFO - DAG(s) 'etl_users_pipeline' retrieved from /opt/airflow/dags/etl_users_dag.py
[2026-03-08T09:40:31.828+0000] {logging_mixin.py:188} INFO - [2026-03-08T09:40:31.828+0000] {dag.py:3089} INFO - Sync 1 DAGs
[2026-03-08T09:40:31.837+0000] {logging_mixin.py:188} INFO - [2026-03-08T09:40:31.836+0000] {dag.py:3947} INFO - Setting next_dagrun for etl_users_pipeline to None, run_after=None
[2026-03-08T09:40:31.850+0000] {processor.py:183} INFO - Processing /opt/airflow/dags/etl_users_dag.py took 0.067 seconds
[2026-03-08T09:41:02.141+0000] {processor.py:161} INFO - Started process (PID=6461) to work on /opt/airflow/dags/etl_users_dag.py
[2026-03-08T09:41:02.142+0000] {processor.py:830} INFO - Processing file /opt/airflow/dags/etl_users_dag.py for tasks to queue
[2026-03-08T09:41:02.145+0000] {logging_mixin.py:188} INFO - [2026-03-08T09:41:02.145+0000] {dagbag.py:545} INFO - Filling up the DagBag from /opt/airflow/dags/etl_users_dag.py
[2026-03-08T09:41:02.159+0000] {processor.py:840} INFO - DAG(s) 'etl_users_pipeline' retrieved from /opt/airflow/dags/etl_users_dag.py
[2026-03-08T09:41:02.188+0000] {logging_mixin.py:188} INFO - [2026-03-08T09:41:02.188+0000] {dag.py:3089} INFO - Sync 1 DAGs
[2026-03-08T09:41:02.199+0000] {logging_mixin.py:188} INFO - [2026-03-08T09:41:02.198+0000] {dag.py:3947} INFO - Setting next_dagrun for etl_users_pipeline to None, run_after=None
[2026-03-08T09:41:02.215+0000] {processor.py:183} INFO - Processing /opt/airflow/dags/etl_users_dag.py took 0.083 seconds
[2026-03-08T09:41:32.477+0000] {processor.py:161} INFO - Started process (PID=6471) to work on /opt/airflow/dags/etl_users_dag.py
[2026-03-08T09:41:32.478+0000] {processor.py:830} INFO - Processing file /opt/airflow/dags/etl_users_dag.py for tasks to queue
[2026-03-08T09:41:32.481+0000] {logging_mixin.py:188} INFO - [2026-03-08T09:41:32.480+0000] {dagbag.py:545} INFO - Filling up the DagBag from /opt/airflow/dags/etl_users_dag.py
[2026-03-08T09:41:32.488+0000] {processor.py:840} INFO - DAG(s) 'etl_users_pipeline' retrieved from /opt/airflow/dags/etl_users_dag.py
[2026-03-08T09:41:32.519+0000] {logging_mixin.py:188} INFO - [2026-03-08T09:41:32.519+0000] {dag.py:3089} INFO - Sync 1 DAGs
[2026-03-08T09:41:32.526+0000] {logging_mixin.py:188} INFO - [2026-03-08T09:41:32.525+0000] {dag.py:3947} INFO - Setting next_dagrun for etl_users_pipeline to None, run_after=None
[2026-03-08T09:41:32.539+0000] {processor.py:183} INFO - Processing /opt/airflow/dags/etl_users_dag.py took 0.070 seconds
[2026-03-08T09:42:02.904+0000] {processor.py:161} INFO - Started process (PID=6481) to work on /opt/airflow/dags/etl_users_dag.py
[2026-03-08T09:42:02.909+0000] {processor.py:830} INFO - Processing file /opt/airflow/dags/etl_users_dag.py for tasks to queue
[2026-03-08T09:42:02.914+0000] {logging_mixin.py:188} INFO - [2026-03-08T09:42:02.913+0000] {dagbag.py:545} INFO - Filling up the DagBag from /opt/airflow/dags/etl_users_dag.py
[2026-03-08T09:42:02.938+0000] {processor.py:840} INFO - DAG(s) 'etl_users_pipeline' retrieved from /opt/airflow/dags/etl_users_dag.py
[2026-03-08T09:42:02.975+0000] {logging_mixin.py:188} INFO - [2026-03-08T09:42:02.974+0000] {dag.py:3089} INFO - Sync 1 DAGs
[2026-03-08T09:42:02.987+0000] {logging_mixin.py:188} INFO - [2026-03-08T09:42:02.987+0000] {dag.py:3947} INFO - Setting next_dagrun for etl_users_pipeline to None, run_after=None
[2026-03-08T09:42:03.003+0000] {processor.py:183} INFO - Processing /opt/airflow/dags/etl_users_dag.py took 0.110 seconds
[2026-03-08T09:42:33.339+0000] {processor.py:161} INFO - Started process (PID=6491) to work on /opt/airflow/dags/etl_users_dag.py
[2026-03-08T09:42:33.340+0000] {processor.py:830} INFO - Processing file /opt/airflow/dags/etl_users_dag.py for tasks to queue
[2026-03-08T09:42:33.342+0000] {logging_mixin.py:188} INFO - [2026-03-08T09:42:33.342+0000] {dagbag.py:545} INFO - Filling up the DagBag from /opt/airflow/dags/etl_users_dag.py
[2026-03-08T09:42:33.350+0000] {processor.py:840} INFO - DAG(s) 'etl_users_pipeline' retrieved from /opt/airflow/dags/etl_users_dag.py
[2026-03-08T09:42:33.380+0000] {logging_mixin.py:188} INFO - [2026-03-08T09:42:33.380+0000] {dag.py:3089} INFO - Sync 1 DAGs
[2026-03-08T09:42:33.392+0000] {logging_mixin.py:188} INFO - [2026-03-08T09:42:33.392+0000] {dag.py:3947} INFO - Setting next_dagrun for etl_users_pipeline to None, run_after=None
[2026-03-08T09:42:33.418+0000] {processor.py:183} INFO - Processing /opt/airflow/dags/etl_users_dag.py took 0.084 seconds
[2026-03-08T09:43:03.774+0000] {processor.py:161} INFO - Started process (PID=6501) to work on /opt/airflow/dags/etl_users_dag.py
[2026-03-08T09:43:03.776+0000] {processor.py:830} INFO - Processing file /opt/airflow/dags/etl_users_dag.py for tasks to queue
[2026-03-08T09:43:03.779+0000] {logging_mixin.py:188} INFO - [2026-03-08T09:43:03.778+0000] {dagbag.py:545} INFO - Filling up the DagBag from /opt/airflow/dags/etl_users_dag.py
[2026-03-08T09:43:03.804+0000] {processor.py:840} INFO - DAG(s) 'etl_users_pipeline' retrieved from /opt/airflow/dags/etl_users_dag.py
[2026-03-08T09:43:03.838+0000] {logging_mixin.py:188} INFO - [2026-03-08T09:43:03.838+0000] {dag.py:3089} INFO - Sync 1 DAGs
[2026-03-08T09:43:03.850+0000] {logging_mixin.py:188} INFO - [2026-03-08T09:43:03.850+0000] {dag.py:3947} INFO - Setting next_dagrun for etl_users_pipeline to None, run_after=None
[2026-03-08T09:43:03.870+0000] {processor.py:183} INFO - Processing /opt/airflow/dags/etl_users_dag.py took 0.106 seconds
[2026-03-08T09:43:34.205+0000] {processor.py:161} INFO - Started process (PID=6511) to work on /opt/airflow/dags/etl_users_dag.py
[2026-03-08T09:43:34.207+0000] {processor.py:830} INFO - Processing file /opt/airflow/dags/etl_users_dag.py for tasks to queue
[2026-03-08T09:43:34.210+0000] {logging_mixin.py:188} INFO - [2026-03-08T09:43:34.209+0000] {dagbag.py:545} INFO - Filling up the DagBag from /opt/airflow/dags/etl_users_dag.py
[2026-03-08T09:43:34.224+0000] {processor.py:840} INFO - DAG(s) 'etl_users_pipeline' retrieved from /opt/airflow/dags/etl_users_dag.py
[2026-03-08T09:43:34.270+0000] {logging_mixin.py:188} INFO - [2026-03-08T09:43:34.269+0000] {dag.py:3089} INFO - Sync 1 DAGs
[2026-03-08T09:43:34.282+0000] {logging_mixin.py:188} INFO - [2026-03-08T09:43:34.282+0000] {dag.py:3947} INFO - Setting next_dagrun for etl_users_pipeline to None, run_after=None
[2026-03-08T09:43:34.296+0000] {processor.py:183} INFO - Processing /opt/airflow/dags/etl_users_dag.py took 0.102 seconds
[2026-03-08T09:44:04.541+0000] {processor.py:161} INFO - Started process (PID=6521) to work on /opt/airflow/dags/etl_users_dag.py
[2026-03-08T09:44:04.544+0000] {processor.py:830} INFO - Processing file /opt/airflow/dags/etl_users_dag.py for tasks to queue
[2026-03-08T09:44:04.551+0000] {logging_mixin.py:188} INFO - [2026-03-08T09:44:04.549+0000] {dagbag.py:545} INFO - Filling up the DagBag from /opt/airflow/dags/etl_users_dag.py
[2026-03-08T09:44:04.578+0000] {processor.py:840} INFO - DAG(s) 'etl_users_pipeline' retrieved from /opt/airflow/dags/etl_users_dag.py
[2026-03-08T09:44:04.618+0000] {logging_mixin.py:188} INFO - [2026-03-08T09:44:04.618+0000] {dag.py:3089} INFO - Sync 1 DAGs
[2026-03-08T09:44:04.641+0000] {logging_mixin.py:188} INFO - [2026-03-08T09:44:04.641+0000] {dag.py:3947} INFO - Setting next_dagrun for etl_users_pipeline to None, run_after=None
[2026-03-08T09:44:04.658+0000] {processor.py:183} INFO - Processing /opt/airflow/dags/etl_users_dag.py took 0.133 seconds
[2026-03-08T09:44:34.971+0000] {processor.py:161} INFO - Started process (PID=6531) to work on /opt/airflow/dags/etl_users_dag.py
[2026-03-08T09:44:34.974+0000] {processor.py:830} INFO - Processing file /opt/airflow/dags/etl_users_dag.py for tasks to queue
[2026-03-08T09:44:34.977+0000] {logging_mixin.py:188} INFO - [2026-03-08T09:44:34.977+0000] {dagbag.py:545} INFO - Filling up the DagBag from /opt/airflow/dags/etl_users_dag.py
[2026-03-08T09:44:35.004+0000] {processor.py:840} INFO - DAG(s) 'etl_users_pipeline' retrieved from /opt/airflow/dags/etl_users_dag.py
[2026-03-08T09:44:35.047+0000] {logging_mixin.py:188} INFO - [2026-03-08T09:44:35.047+0000] {dag.py:3089} INFO - Sync 1 DAGs
[2026-03-08T09:44:35.059+0000] {logging_mixin.py:188} INFO - [2026-03-08T09:44:35.059+0000] {dag.py:3947} INFO - Setting next_dagrun for etl_users_pipeline to None, run_after=None
[2026-03-08T09:44:35.074+0000] {processor.py:183} INFO - Processing /opt/airflow/dags/etl_users_dag.py took 0.121 seconds
[2026-03-08T09:45:05.361+0000] {processor.py:161} INFO - Started process (PID=6541) to work on /opt/airflow/dags/etl_users_dag.py
[2026-03-08T09:45:05.364+0000] {processor.py:830} INFO - Processing file /opt/airflow/dags/etl_users_dag.py for tasks to queue
[2026-03-08T09:45:05.375+0000] {logging_mixin.py:188} INFO - [2026-03-08T09:45:05.375+0000] {dagbag.py:545} INFO - Filling up the DagBag from /opt/airflow/dags/etl_users_dag.py
[2026-03-08T09:45:05.392+0000] {processor.py:840} INFO - DAG(s) 'etl_users_pipeline' retrieved from /opt/airflow/dags/etl_users_dag.py
[2026-03-08T09:45:05.435+0000] {logging_mixin.py:188} INFO - [2026-03-08T09:45:05.435+0000] {dag.py:3089} INFO - Sync 1 DAGs
[2026-03-08T09:45:05.449+0000] {logging_mixin.py:188} INFO - [2026-03-08T09:45:05.449+0000] {dag.py:3947} INFO - Setting next_dagrun for etl_users_pipeline to None, run_after=None
[2026-03-08T09:45:05.462+0000] {processor.py:183} INFO - Processing /opt/airflow/dags/etl_users_dag.py took 0.121 seconds
[2026-03-08T09:45:35.880+0000] {processor.py:161} INFO - Started process (PID=6551) to work on /opt/airflow/dags/etl_users_dag.py
[2026-03-08T09:45:35.881+0000] {processor.py:830} INFO - Processing file /opt/airflow/dags/etl_users_dag.py for tasks to queue
[2026-03-08T09:45:35.886+0000] {logging_mixin.py:188} INFO - [2026-03-08T09:45:35.886+0000] {dagbag.py:545} INFO - Filling up the DagBag from /opt/airflow/dags/etl_users_dag.py
[2026-03-08T09:45:35.903+0000] {processor.py:840} INFO - DAG(s) 'etl_users_pipeline' retrieved from /opt/airflow/dags/etl_users_dag.py
[2026-03-08T09:45:35.966+0000] {logging_mixin.py:188} INFO - [2026-03-08T09:45:35.966+0000] {dag.py:3089} INFO - Sync 1 DAGs
[2026-03-08T09:45:35.980+0000] {logging_mixin.py:188} INFO - [2026-03-08T09:45:35.980+0000] {dag.py:3947} INFO - Setting next_dagrun for etl_users_pipeline to None, run_after=None
[2026-03-08T09:45:36.001+0000] {processor.py:183} INFO - Processing /opt/airflow/dags/etl_users_dag.py took 0.138 seconds
[2026-03-08T09:46:06.420+0000] {processor.py:161} INFO - Started process (PID=6561) to work on /opt/airflow/dags/etl_users_dag.py
[2026-03-08T09:46:06.424+0000] {processor.py:830} INFO - Processing file /opt/airflow/dags/etl_users_dag.py for tasks to queue
[2026-03-08T09:46:06.427+0000] {logging_mixin.py:188} INFO - [2026-03-08T09:46:06.426+0000] {dagbag.py:545} INFO - Filling up the DagBag from /opt/airflow/dags/etl_users_dag.py
[2026-03-08T09:46:06.463+0000] {processor.py:840} INFO - DAG(s) 'etl_users_pipeline' retrieved from /opt/airflow/dags/etl_users_dag.py
[2026-03-08T09:46:06.515+0000] {logging_mixin.py:188} INFO - [2026-03-08T09:46:06.515+0000] {dag.py:3089} INFO - Sync 1 DAGs
[2026-03-08T09:46:06.526+0000] {logging_mixin.py:188} INFO - [2026-03-08T09:46:06.526+0000] {dag.py:3947} INFO - Setting next_dagrun for etl_users_pipeline to None, run_after=None
[2026-03-08T09:46:06.543+0000] {processor.py:183} INFO - Processing /opt/airflow/dags/etl_users_dag.py took 0.157 seconds
[2026-03-08T09:46:36.768+0000] {processor.py:161} INFO - Started process (PID=6571) to work on /opt/airflow/dags/etl_users_dag.py
[2026-03-08T09:46:36.770+0000] {processor.py:830} INFO - Processing file /opt/airflow/dags/etl_users_dag.py for tasks to queue
[2026-03-08T09:46:36.773+0000] {logging_mixin.py:188} INFO - [2026-03-08T09:46:36.772+0000] {dagbag.py:545} INFO - Filling up the DagBag from /opt/airflow/dags/etl_users_dag.py
[2026-03-08T09:46:36.785+0000] {processor.py:840} INFO - DAG(s) 'etl_users_pipeline' retrieved from /opt/airflow/dags/etl_users_dag.py
[2026-03-08T09:46:36.815+0000] {logging_mixin.py:188} INFO - [2026-03-08T09:46:36.815+0000] {dag.py:3089} INFO - Sync 1 DAGs
[2026-03-08T09:46:36.823+0000] {logging_mixin.py:188} INFO - [2026-03-08T09:46:36.822+0000] {dag.py:3947} INFO - Setting next_dagrun for etl_users_pipeline to None, run_after=None
[2026-03-08T09:46:36.836+0000] {processor.py:183} INFO - Processing /opt/airflow/dags/etl_users_dag.py took 0.082 seconds
[2026-03-08T09:47:07.051+0000] {processor.py:161} INFO - Started process (PID=6581) to work on /opt/airflow/dags/etl_users_dag.py
[2026-03-08T09:47:07.053+0000] {processor.py:830} INFO - Processing file /opt/airflow/dags/etl_users_dag.py for tasks to queue
[2026-03-08T09:47:07.055+0000] {logging_mixin.py:188} INFO - [2026-03-08T09:47:07.055+0000] {dagbag.py:545} INFO - Filling up the DagBag from /opt/airflow/dags/etl_users_dag.py
[2026-03-08T09:47:07.073+0000] {processor.py:840} INFO - DAG(s) 'etl_users_pipeline' retrieved from /opt/airflow/dags/etl_users_dag.py
[2026-03-08T09:47:07.126+0000] {logging_mixin.py:188} INFO - [2026-03-08T09:47:07.126+0000] {dag.py:3089} INFO - Sync 1 DAGs
[2026-03-08T09:47:07.140+0000] {logging_mixin.py:188} INFO - [2026-03-08T09:47:07.140+0000] {dag.py:3947} INFO - Setting next_dagrun for etl_users_pipeline to None, run_after=None
[2026-03-08T09:47:07.156+0000] {processor.py:183} INFO - Processing /opt/airflow/dags/etl_users_dag.py took 0.114 seconds
[2026-03-08T09:47:37.383+0000] {processor.py:161} INFO - Started process (PID=6591) to work on /opt/airflow/dags/etl_users_dag.py
[2026-03-08T09:47:37.385+0000] {processor.py:830} INFO - Processing file /opt/airflow/dags/etl_users_dag.py for tasks to queue
[2026-03-08T09:47:37.390+0000] {logging_mixin.py:188} INFO - [2026-03-08T09:47:37.389+0000] {dagbag.py:545} INFO - Filling up the DagBag from /opt/airflow/dags/etl_users_dag.py
[2026-03-08T09:47:37.411+0000] {processor.py:840} INFO - DAG(s) 'etl_users_pipeline' retrieved from /opt/airflow/dags/etl_users_dag.py
[2026-03-08T09:47:37.439+0000] {logging_mixin.py:188} INFO - [2026-03-08T09:47:37.439+0000] {dag.py:3089} INFO - Sync 1 DAGs
[2026-03-08T09:47:37.447+0000] {logging_mixin.py:188} INFO - [2026-03-08T09:47:37.447+0000] {dag.py:3947} INFO - Setting next_dagrun for etl_users_pipeline to None, run_after=None
[2026-03-08T09:47:37.469+0000] {processor.py:183} INFO - Processing /opt/airflow/dags/etl_users_dag.py took 0.103 seconds
[2026-03-08T09:48:07.936+0000] {processor.py:161} INFO - Started process (PID=6601) to work on /opt/airflow/dags/etl_users_dag.py
[2026-03-08T09:48:07.937+0000] {processor.py:830} INFO - Processing file /opt/airflow/dags/etl_users_dag.py for tasks to queue
[2026-03-08T09:48:07.942+0000] {logging_mixin.py:188} INFO - [2026-03-08T09:48:07.942+0000] {dagbag.py:545} INFO - Filling up the DagBag from /opt/airflow/dags/etl_users_dag.py
[2026-03-08T09:48:07.962+0000] {processor.py:840} INFO - DAG(s) 'etl_users_pipeline' retrieved from /opt/airflow/dags/etl_users_dag.py
[2026-03-08T09:48:08.010+0000] {logging_mixin.py:188} INFO - [2026-03-08T09:48:08.010+0000] {dag.py:3089} INFO - Sync 1 DAGs
[2026-03-08T09:48:08.021+0000] {logging_mixin.py:188} INFO - [2026-03-08T09:48:08.020+0000] {dag.py:3947} INFO - Setting next_dagrun for etl_users_pipeline to None, run_after=None
[2026-03-08T09:48:08.036+0000] {processor.py:183} INFO - Processing /opt/airflow/dags/etl_users_dag.py took 0.134 seconds
[2026-03-08T09:48:38.488+0000] {processor.py:161} INFO - Started process (PID=6611) to work on /opt/airflow/dags/etl_users_dag.py
[2026-03-08T09:48:38.490+0000] {processor.py:830} INFO - Processing file /opt/airflow/dags/etl_users_dag.py for tasks to queue
[2026-03-08T09:48:38.493+0000] {logging_mixin.py:188} INFO - [2026-03-08T09:48:38.492+0000] {dagbag.py:545} INFO - Filling up the DagBag from /opt/airflow/dags/etl_users_dag.py
[2026-03-08T09:48:38.507+0000] {processor.py:840} INFO - DAG(s) 'etl_users_pipeline' retrieved from /opt/airflow/dags/etl_users_dag.py
[2026-03-08T09:48:38.538+0000] {logging_mixin.py:188} INFO - [2026-03-08T09:48:38.538+0000] {dag.py:3089} INFO - Sync 1 DAGs
[2026-03-08T09:48:38.547+0000] {logging_mixin.py:188} INFO - [2026-03-08T09:48:38.547+0000] {dag.py:3947} INFO - Setting next_dagrun for etl_users_pipeline to None, run_after=None
[2026-03-08T09:48:38.559+0000] {processor.py:183} INFO - Processing /opt/airflow/dags/etl_users_dag.py took 0.087 seconds
[2026-03-08T09:49:09.061+0000] {processor.py:161} INFO - Started process (PID=6621) to work on /opt/airflow/dags/etl_users_dag.py
[2026-03-08T09:49:09.067+0000] {processor.py:830} INFO - Processing file /opt/airflow/dags/etl_users_dag.py for tasks to queue
[2026-03-08T09:49:09.073+0000] {logging_mixin.py:188} INFO - [2026-03-08T09:49:09.072+0000] {dagbag.py:545} INFO - Filling up the DagBag from /opt/airflow/dags/etl_users_dag.py
[2026-03-08T09:49:09.105+0000] {processor.py:840} INFO - DAG(s) 'etl_users_pipeline' retrieved from /opt/airflow/dags/etl_users_dag.py
[2026-03-08T09:49:09.144+0000] {logging_mixin.py:188} INFO - [2026-03-08T09:49:09.144+0000] {dag.py:3089} INFO - Sync 1 DAGs
[2026-03-08T09:49:09.154+0000] {logging_mixin.py:188} INFO - [2026-03-08T09:49:09.154+0000] {dag.py:3947} INFO - Setting next_dagrun for etl_users_pipeline to None, run_after=None
[2026-03-08T09:49:09.171+0000] {processor.py:183} INFO - Processing /opt/airflow/dags/etl_users_dag.py took 0.126 seconds
[2026-03-08T09:49:39.450+0000] {processor.py:161} INFO - Started process (PID=6631) to work on /opt/airflow/dags/etl_users_dag.py
[2026-03-08T09:49:39.451+0000] {processor.py:830} INFO - Processing file /opt/airflow/dags/etl_users_dag.py for tasks to queue
[2026-03-08T09:49:39.453+0000] {logging_mixin.py:188} INFO - [2026-03-08T09:49:39.452+0000] {dagbag.py:545} INFO - Filling up the DagBag from /opt/airflow/dags/etl_users_dag.py
[2026-03-08T09:49:39.465+0000] {processor.py:840} INFO - DAG(s) 'etl_users_pipeline' retrieved from /opt/airflow/dags/etl_users_dag.py
[2026-03-08T09:49:39.492+0000] {logging_mixin.py:188} INFO - [2026-03-08T09:49:39.492+0000] {dag.py:3089} INFO - Sync 1 DAGs
[2026-03-08T09:49:39.500+0000] {logging_mixin.py:188} INFO - [2026-03-08T09:49:39.500+0000] {dag.py:3947} INFO - Setting next_dagrun for etl_users_pipeline to None, run_after=None
[2026-03-08T09:49:39.513+0000] {processor.py:183} INFO - Processing /opt/airflow/dags/etl_users_dag.py took 0.071 seconds
[2026-03-08T09:50:10.055+0000] {processor.py:161} INFO - Started process (PID=6641) to work on /opt/airflow/dags/etl_users_dag.py
[2026-03-08T09:50:10.057+0000] {processor.py:830} INFO - Processing file /opt/airflow/dags/etl_users_dag.py for tasks to queue
[2026-03-08T09:50:10.066+0000] {logging_mixin.py:188} INFO - [2026-03-08T09:50:10.065+0000] {dagbag.py:545} INFO - Filling up the DagBag from /opt/airflow/dags/etl_users_dag.py
[2026-03-08T09:50:10.085+0000] {processor.py:840} INFO - DAG(s) 'etl_users_pipeline' retrieved from /opt/airflow/dags/etl_users_dag.py
[2026-03-08T09:50:10.130+0000] {logging_mixin.py:188} INFO - [2026-03-08T09:50:10.130+0000] {dag.py:3089} INFO - Sync 1 DAGs
[2026-03-08T09:50:10.142+0000] {logging_mixin.py:188} INFO - [2026-03-08T09:50:10.142+0000] {dag.py:3947} INFO - Setting next_dagrun for etl_users_pipeline to None, run_after=None
[2026-03-08T09:50:10.157+0000] {processor.py:183} INFO - Processing /opt/airflow/dags/etl_users_dag.py took 0.118 seconds
[2026-03-08T09:50:40.522+0000] {processor.py:161} INFO - Started process (PID=6651) to work on /opt/airflow/dags/etl_users_dag.py
[2026-03-08T09:50:40.525+0000] {processor.py:830} INFO - Processing file /opt/airflow/dags/etl_users_dag.py for tasks to queue
[2026-03-08T09:50:40.530+0000] {logging_mixin.py:188} INFO - [2026-03-08T09:50:40.530+0000] {dagbag.py:545} INFO - Filling up the DagBag from /opt/airflow/dags/etl_users_dag.py
[2026-03-08T09:50:40.541+0000] {processor.py:840} INFO - DAG(s) 'etl_users_pipeline' retrieved from /opt/airflow/dags/etl_users_dag.py
[2026-03-08T09:50:40.566+0000] {logging_mixin.py:188} INFO - [2026-03-08T09:50:40.566+0000] {dag.py:3089} INFO - Sync 1 DAGs
[2026-03-08T09:50:40.578+0000] {logging_mixin.py:188} INFO - [2026-03-08T09:50:40.577+0000] {dag.py:3947} INFO - Setting next_dagrun for etl_users_pipeline to None, run_after=None
[2026-03-08T09:50:40.592+0000] {processor.py:183} INFO - Processing /opt/airflow/dags/etl_users_dag.py took 0.081 seconds
[2026-03-08T09:51:11.093+0000] {processor.py:161} INFO - Started process (PID=6661) to work on /opt/airflow/dags/etl_users_dag.py
[2026-03-08T09:51:11.096+0000] {processor.py:830} INFO - Processing file /opt/airflow/dags/etl_users_dag.py for tasks to queue
[2026-03-08T09:51:11.110+0000] {logging_mixin.py:188} INFO - [2026-03-08T09:51:11.107+0000] {dagbag.py:545} INFO - Filling up the DagBag from /opt/airflow/dags/etl_users_dag.py
[2026-03-08T09:51:11.132+0000] {processor.py:840} INFO - DAG(s) 'etl_users_pipeline' retrieved from /opt/airflow/dags/etl_users_dag.py
[2026-03-08T09:51:11.166+0000] {logging_mixin.py:188} INFO - [2026-03-08T09:51:11.166+0000] {dag.py:3089} INFO - Sync 1 DAGs
[2026-03-08T09:51:11.175+0000] {logging_mixin.py:188} INFO - [2026-03-08T09:51:11.175+0000] {dag.py:3947} INFO - Setting next_dagrun for etl_users_pipeline to None, run_after=None
[2026-03-08T09:51:11.190+0000] {processor.py:183} INFO - Processing /opt/airflow/dags/etl_users_dag.py took 0.112 seconds
[2026-03-08T09:51:41.618+0000] {processor.py:161} INFO - Started process (PID=6671) to work on /opt/airflow/dags/etl_users_dag.py
[2026-03-08T09:51:41.619+0000] {processor.py:830} INFO - Processing file /opt/airflow/dags/etl_users_dag.py for tasks to queue
[2026-03-08T09:51:41.622+0000] {logging_mixin.py:188} INFO - [2026-03-08T09:51:41.622+0000] {dagbag.py:545} INFO - Filling up the DagBag from /opt/airflow/dags/etl_users_dag.py
[2026-03-08T09:51:41.633+0000] {processor.py:840} INFO - DAG(s) 'etl_users_pipeline' retrieved from /opt/airflow/dags/etl_users_dag.py
[2026-03-08T09:51:41.675+0000] {logging_mixin.py:188} INFO - [2026-03-08T09:51:41.675+0000] {dag.py:3089} INFO - Sync 1 DAGs
[2026-03-08T09:51:41.682+0000] {logging_mixin.py:188} INFO - [2026-03-08T09:51:41.682+0000] {dag.py:3947} INFO - Setting next_dagrun for etl_users_pipeline to None, run_after=None
[2026-03-08T09:51:41.695+0000] {processor.py:183} INFO - Processing /opt/airflow/dags/etl_users_dag.py took 0.086 seconds
[2026-03-08T09:52:12.038+0000] {processor.py:161} INFO - Started process (PID=6681) to work on /opt/airflow/dags/etl_users_dag.py
[2026-03-08T09:52:12.040+0000] {processor.py:830} INFO - Processing file /opt/airflow/dags/etl_users_dag.py for tasks to queue
[2026-03-08T09:52:12.043+0000] {logging_mixin.py:188} INFO - [2026-03-08T09:52:12.043+0000] {dagbag.py:545} INFO - Filling up the DagBag from /opt/airflow/dags/etl_users_dag.py
[2026-03-08T09:52:12.065+0000] {processor.py:840} INFO - DAG(s) 'etl_users_pipeline' retrieved from /opt/airflow/dags/etl_users_dag.py
[2026-03-08T09:52:12.111+0000] {logging_mixin.py:188} INFO - [2026-03-08T09:52:12.111+0000] {dag.py:3089} INFO - Sync 1 DAGs
[2026-03-08T09:52:12.122+0000] {logging_mixin.py:188} INFO - [2026-03-08T09:52:12.122+0000] {dag.py:3947} INFO - Setting next_dagrun for etl_users_pipeline to None, run_after=None
[2026-03-08T09:52:12.135+0000] {processor.py:183} INFO - Processing /opt/airflow/dags/etl_users_dag.py took 0.115 seconds
[2026-03-08T09:52:42.467+0000] {processor.py:161} INFO - Started process (PID=6691) to work on /opt/airflow/dags/etl_users_dag.py
[2026-03-08T09:52:42.468+0000] {processor.py:830} INFO - Processing file /opt/airflow/dags/etl_users_dag.py for tasks to queue
[2026-03-08T09:52:42.470+0000] {logging_mixin.py:188} INFO - [2026-03-08T09:52:42.470+0000] {dagbag.py:545} INFO - Filling up the DagBag from /opt/airflow/dags/etl_users_dag.py
[2026-03-08T09:52:42.483+0000] {processor.py:840} INFO - DAG(s) 'etl_users_pipeline' retrieved from /opt/airflow/dags/etl_users_dag.py
[2026-03-08T09:52:42.511+0000] {logging_mixin.py:188} INFO - [2026-03-08T09:52:42.510+0000] {dag.py:3089} INFO - Sync 1 DAGs
[2026-03-08T09:52:42.518+0000] {logging_mixin.py:188} INFO - [2026-03-08T09:52:42.518+0000] {dag.py:3947} INFO - Setting next_dagrun for etl_users_pipeline to None, run_after=None
[2026-03-08T09:52:42.533+0000] {processor.py:183} INFO - Processing /opt/airflow/dags/etl_users_dag.py took 0.076 seconds
[2026-03-08T09:53:13.038+0000] {processor.py:161} INFO - Started process (PID=6701) to work on /opt/airflow/dags/etl_users_dag.py
[2026-03-08T09:53:13.041+0000] {processor.py:830} INFO - Processing file /opt/airflow/dags/etl_users_dag.py for tasks to queue
[2026-03-08T09:53:13.044+0000] {logging_mixin.py:188} INFO - [2026-03-08T09:53:13.044+0000] {dagbag.py:545} INFO - Filling up the DagBag from /opt/airflow/dags/etl_users_dag.py
[2026-03-08T09:53:13.060+0000] {processor.py:840} INFO - DAG(s) 'etl_users_pipeline' retrieved from /opt/airflow/dags/etl_users_dag.py
[2026-03-08T09:53:13.112+0000] {logging_mixin.py:188} INFO - [2026-03-08T09:53:13.112+0000] {dag.py:3089} INFO - Sync 1 DAGs
[2026-03-08T09:53:13.125+0000] {logging_mixin.py:188} INFO - [2026-03-08T09:53:13.124+0000] {dag.py:3947} INFO - Setting next_dagrun for etl_users_pipeline to None, run_after=None
[2026-03-08T09:53:13.138+0000] {processor.py:183} INFO - Processing /opt/airflow/dags/etl_users_dag.py took 0.116 seconds
[2026-03-08T09:53:43.897+0000] {processor.py:161} INFO - Started process (PID=6711) to work on /opt/airflow/dags/etl_users_dag.py
[2026-03-08T09:53:43.897+0000] {processor.py:830} INFO - Processing file /opt/airflow/dags/etl_users_dag.py for tasks to queue
[2026-03-08T09:53:43.898+0000] {logging_mixin.py:188} INFO - [2026-03-08T09:53:43.898+0000] {dagbag.py:545} INFO - Filling up the DagBag from /opt/airflow/dags/etl_users_dag.py
[2026-03-08T09:53:43.905+0000] {processor.py:840} INFO - DAG(s) 'etl_users_pipeline' retrieved from /opt/airflow/dags/etl_users_dag.py
[2026-03-08T09:53:43.928+0000] {logging_mixin.py:188} INFO - [2026-03-08T09:53:43.928+0000] {dag.py:3089} INFO - Sync 1 DAGs
[2026-03-08T09:53:43.935+0000] {logging_mixin.py:188} INFO - [2026-03-08T09:53:43.934+0000] {dag.py:3947} INFO - Setting next_dagrun for etl_users_pipeline to None, run_after=None
[2026-03-08T09:53:43.951+0000] {processor.py:183} INFO - Processing /opt/airflow/dags/etl_users_dag.py took 0.057 seconds
[2026-03-08T09:55:07.668+0000] {processor.py:161} INFO - Started process (PID=6721) to work on /opt/airflow/dags/etl_users_dag.py
[2026-03-08T09:55:07.669+0000] {processor.py:830} INFO - Processing file /opt/airflow/dags/etl_users_dag.py for tasks to queue
[2026-03-08T09:55:07.673+0000] {logging_mixin.py:188} INFO - [2026-03-08T09:55:07.672+0000] {dagbag.py:545} INFO - Filling up the DagBag from /opt/airflow/dags/etl_users_dag.py
[2026-03-08T09:55:07.692+0000] {processor.py:840} INFO - DAG(s) 'etl_users_pipeline' retrieved from /opt/airflow/dags/etl_users_dag.py
[2026-03-08T09:55:07.741+0000] {logging_mixin.py:188} INFO - [2026-03-08T09:55:07.741+0000] {dag.py:3089} INFO - Sync 1 DAGs
[2026-03-08T09:55:07.752+0000] {logging_mixin.py:188} INFO - [2026-03-08T09:55:07.751+0000] {dag.py:3947} INFO - Setting next_dagrun for etl_users_pipeline to None, run_after=None
[2026-03-08T09:55:07.770+0000] {processor.py:183} INFO - Processing /opt/airflow/dags/etl_users_dag.py took 0.116 seconds
[2026-03-08T09:55:38.114+0000] {processor.py:161} INFO - Started process (PID=6731) to work on /opt/airflow/dags/etl_users_dag.py
[2026-03-08T09:55:38.135+0000] {processor.py:830} INFO - Processing file /opt/airflow/dags/etl_users_dag.py for tasks to queue
[2026-03-08T09:55:38.146+0000] {logging_mixin.py:188} INFO - [2026-03-08T09:55:38.143+0000] {dagbag.py:545} INFO - Filling up the DagBag from /opt/airflow/dags/etl_users_dag.py
[2026-03-08T09:55:38.203+0000] {processor.py:840} INFO - DAG(s) 'etl_users_pipeline' retrieved from /opt/airflow/dags/etl_users_dag.py
[2026-03-08T09:55:38.300+0000] {logging_mixin.py:188} INFO - [2026-03-08T09:55:38.300+0000] {dag.py:3089} INFO - Sync 1 DAGs
[2026-03-08T09:55:38.323+0000] {logging_mixin.py:188} INFO - [2026-03-08T09:55:38.323+0000] {dag.py:3947} INFO - Setting next_dagrun for etl_users_pipeline to None, run_after=None
[2026-03-08T09:55:38.347+0000] {processor.py:183} INFO - Processing /opt/airflow/dags/etl_users_dag.py took 0.280 seconds
[2026-03-08T09:56:08.587+0000] {processor.py:161} INFO - Started process (PID=6741) to work on /opt/airflow/dags/etl_users_dag.py
[2026-03-08T09:56:08.590+0000] {processor.py:830} INFO - Processing file /opt/airflow/dags/etl_users_dag.py for tasks to queue
[2026-03-08T09:56:08.593+0000] {logging_mixin.py:188} INFO - [2026-03-08T09:56:08.593+0000] {dagbag.py:545} INFO - Filling up the DagBag from /opt/airflow/dags/etl_users_dag.py
[2026-03-08T09:56:08.615+0000] {processor.py:840} INFO - DAG(s) 'etl_users_pipeline' retrieved from /opt/airflow/dags/etl_users_dag.py
[2026-03-08T09:56:08.666+0000] {logging_mixin.py:188} INFO - [2026-03-08T09:56:08.665+0000] {dag.py:3089} INFO - Sync 1 DAGs
[2026-03-08T09:56:08.686+0000] {logging_mixin.py:188} INFO - [2026-03-08T09:56:08.685+0000] {dag.py:3947} INFO - Setting next_dagrun for etl_users_pipeline to None, run_after=None
[2026-03-08T09:56:08.717+0000] {processor.py:183} INFO - Processing /opt/airflow/dags/etl_users_dag.py took 0.147 seconds
[2026-03-08T09:56:39.108+0000] {processor.py:161} INFO - Started process (PID=6751) to work on /opt/airflow/dags/etl_users_dag.py
[2026-03-08T09:56:39.111+0000] {processor.py:830} INFO - Processing file /opt/airflow/dags/etl_users_dag.py for tasks to queue
[2026-03-08T09:56:39.118+0000] {logging_mixin.py:188} INFO - [2026-03-08T09:56:39.115+0000] {dagbag.py:545} INFO - Filling up the DagBag from /opt/airflow/dags/etl_users_dag.py
[2026-03-08T09:56:39.151+0000] {processor.py:840} INFO - DAG(s) 'etl_users_pipeline' retrieved from /opt/airflow/dags/etl_users_dag.py
[2026-03-08T09:56:39.226+0000] {logging_mixin.py:188} INFO - [2026-03-08T09:56:39.225+0000] {dag.py:3089} INFO - Sync 1 DAGs
[2026-03-08T09:56:39.245+0000] {logging_mixin.py:188} INFO - [2026-03-08T09:56:39.245+0000] {dag.py:3947} INFO - Setting next_dagrun for etl_users_pipeline to None, run_after=None
[2026-03-08T09:56:39.266+0000] {processor.py:183} INFO - Processing /opt/airflow/dags/etl_users_dag.py took 0.189 seconds
[2026-03-08T09:57:09.548+0000] {processor.py:161} INFO - Started process (PID=6761) to work on /opt/airflow/dags/etl_users_dag.py
[2026-03-08T09:57:09.551+0000] {processor.py:830} INFO - Processing file /opt/airflow/dags/etl_users_dag.py for tasks to queue
[2026-03-08T09:57:09.556+0000] {logging_mixin.py:188} INFO - [2026-03-08T09:57:09.555+0000] {dagbag.py:545} INFO - Filling up the DagBag from /opt/airflow/dags/etl_users_dag.py
[2026-03-08T09:57:09.578+0000] {processor.py:840} INFO - DAG(s) 'etl_users_pipeline' retrieved from /opt/airflow/dags/etl_users_dag.py
[2026-03-08T09:57:09.636+0000] {logging_mixin.py:188} INFO - [2026-03-08T09:57:09.636+0000] {dag.py:3089} INFO - Sync 1 DAGs
[2026-03-08T09:57:09.650+0000] {logging_mixin.py:188} INFO - [2026-03-08T09:57:09.650+0000] {dag.py:3947} INFO - Setting next_dagrun for etl_users_pipeline to None, run_after=None
[2026-03-08T09:57:09.677+0000] {processor.py:183} INFO - Processing /opt/airflow/dags/etl_users_dag.py took 0.147 seconds
[2026-03-08T09:57:40.088+0000] {processor.py:161} INFO - Started process (PID=6771) to work on /opt/airflow/dags/etl_users_dag.py
[2026-03-08T09:57:40.090+0000] {processor.py:830} INFO - Processing file /opt/airflow/dags/etl_users_dag.py for tasks to queue
[2026-03-08T09:57:40.093+0000] {logging_mixin.py:188} INFO - [2026-03-08T09:57:40.093+0000] {dagbag.py:545} INFO - Filling up the DagBag from /opt/airflow/dags/etl_users_dag.py
[2026-03-08T09:57:40.112+0000] {processor.py:840} INFO - DAG(s) 'etl_users_pipeline' retrieved from /opt/airflow/dags/etl_users_dag.py
[2026-03-08T09:57:40.154+0000] {logging_mixin.py:188} INFO - [2026-03-08T09:57:40.154+0000] {dag.py:3089} INFO - Sync 1 DAGs
[2026-03-08T09:57:40.167+0000] {logging_mixin.py:188} INFO - [2026-03-08T09:57:40.167+0000] {dag.py:3947} INFO - Setting next_dagrun for etl_users_pipeline to None, run_after=None
[2026-03-08T09:57:40.185+0000] {processor.py:183} INFO - Processing /opt/airflow/dags/etl_users_dag.py took 0.110 seconds
[2026-03-08T09:58:10.684+0000] {processor.py:161} INFO - Started process (PID=6781) to work on /opt/airflow/dags/etl_users_dag.py
[2026-03-08T09:58:10.686+0000] {processor.py:830} INFO - Processing file /opt/airflow/dags/etl_users_dag.py for tasks to queue
[2026-03-08T09:58:10.697+0000] {logging_mixin.py:188} INFO - [2026-03-08T09:58:10.692+0000] {dagbag.py:545} INFO - Filling up the DagBag from /opt/airflow/dags/etl_users_dag.py
[2026-03-08T09:58:10.730+0000] {processor.py:840} INFO - DAG(s) 'etl_users_pipeline' retrieved from /opt/airflow/dags/etl_users_dag.py
[2026-03-08T09:58:10.802+0000] {logging_mixin.py:188} INFO - [2026-03-08T09:58:10.802+0000] {dag.py:3089} INFO - Sync 1 DAGs
[2026-03-08T09:58:10.815+0000] {logging_mixin.py:188} INFO - [2026-03-08T09:58:10.815+0000] {dag.py:3947} INFO - Setting next_dagrun for etl_users_pipeline to None, run_after=None
[2026-03-08T09:58:10.831+0000] {processor.py:183} INFO - Processing /opt/airflow/dags/etl_users_dag.py took 0.167 seconds
[2026-03-08T09:58:41.030+0000] {processor.py:161} INFO - Started process (PID=6791) to work on /opt/airflow/dags/etl_users_dag.py
[2026-03-08T09:58:41.033+0000] {processor.py:830} INFO - Processing file /opt/airflow/dags/etl_users_dag.py for tasks to queue
[2026-03-08T09:58:41.037+0000] {logging_mixin.py:188} INFO - [2026-03-08T09:58:41.037+0000] {dagbag.py:545} INFO - Filling up the DagBag from /opt/airflow/dags/etl_users_dag.py
[2026-03-08T09:58:41.056+0000] {processor.py:840} INFO - DAG(s) 'etl_users_pipeline' retrieved from /opt/airflow/dags/etl_users_dag.py
[2026-03-08T09:58:41.111+0000] {logging_mixin.py:188} INFO - [2026-03-08T09:58:41.111+0000] {dag.py:3089} INFO - Sync 1 DAGs
[2026-03-08T09:58:41.121+0000] {logging_mixin.py:188} INFO - [2026-03-08T09:58:41.121+0000] {dag.py:3947} INFO - Setting next_dagrun for etl_users_pipeline to None, run_after=None
[2026-03-08T09:58:41.137+0000] {processor.py:183} INFO - Processing /opt/airflow/dags/etl_users_dag.py took 0.139 seconds
[2026-03-08T09:59:11.499+0000] {processor.py:161} INFO - Started process (PID=6801) to work on /opt/airflow/dags/etl_users_dag.py
[2026-03-08T09:59:11.501+0000] {processor.py:830} INFO - Processing file /opt/airflow/dags/etl_users_dag.py for tasks to queue
[2026-03-08T09:59:11.505+0000] {logging_mixin.py:188} INFO - [2026-03-08T09:59:11.505+0000] {dagbag.py:545} INFO - Filling up the DagBag from /opt/airflow/dags/etl_users_dag.py
[2026-03-08T09:59:11.532+0000] {processor.py:840} INFO - DAG(s) 'etl_users_pipeline' retrieved from /opt/airflow/dags/etl_users_dag.py
[2026-03-08T09:59:11.573+0000] {logging_mixin.py:188} INFO - [2026-03-08T09:59:11.572+0000] {dag.py:3089} INFO - Sync 1 DAGs
[2026-03-08T09:59:11.583+0000] {logging_mixin.py:188} INFO - [2026-03-08T09:59:11.582+0000] {dag.py:3947} INFO - Setting next_dagrun for etl_users_pipeline to None, run_after=None
[2026-03-08T09:59:11.601+0000] {processor.py:183} INFO - Processing /opt/airflow/dags/etl_users_dag.py took 0.114 seconds
[2026-03-08T09:59:42.033+0000] {processor.py:161} INFO - Started process (PID=6811) to work on /opt/airflow/dags/etl_users_dag.py
[2026-03-08T09:59:42.037+0000] {processor.py:830} INFO - Processing file /opt/airflow/dags/etl_users_dag.py for tasks to queue
[2026-03-08T09:59:42.041+0000] {logging_mixin.py:188} INFO - [2026-03-08T09:59:42.041+0000] {dagbag.py:545} INFO - Filling up the DagBag from /opt/airflow/dags/etl_users_dag.py
[2026-03-08T09:59:42.062+0000] {processor.py:840} INFO - DAG(s) 'etl_users_pipeline' retrieved from /opt/airflow/dags/etl_users_dag.py
[2026-03-08T09:59:42.110+0000] {logging_mixin.py:188} INFO - [2026-03-08T09:59:42.110+0000] {dag.py:3089} INFO - Sync 1 DAGs
[2026-03-08T09:59:42.123+0000] {logging_mixin.py:188} INFO - [2026-03-08T09:59:42.123+0000] {dag.py:3947} INFO - Setting next_dagrun for etl_users_pipeline to None, run_after=None
[2026-03-08T09:59:42.137+0000] {processor.py:183} INFO - Processing /opt/airflow/dags/etl_users_dag.py took 0.131 seconds
[2026-03-08T10:00:12.377+0000] {processor.py:161} INFO - Started process (PID=6821) to work on /opt/airflow/dags/etl_users_dag.py
[2026-03-08T10:00:12.379+0000] {processor.py:830} INFO - Processing file /opt/airflow/dags/etl_users_dag.py for tasks to queue
[2026-03-08T10:00:12.391+0000] {logging_mixin.py:188} INFO - [2026-03-08T10:00:12.389+0000] {dagbag.py:545} INFO - Filling up the DagBag from /opt/airflow/dags/etl_users_dag.py
[2026-03-08T10:00:12.412+0000] {processor.py:840} INFO - DAG(s) 'etl_users_pipeline' retrieved from /opt/airflow/dags/etl_users_dag.py
[2026-03-08T10:00:12.465+0000] {logging_mixin.py:188} INFO - [2026-03-08T10:00:12.465+0000] {dag.py:3089} INFO - Sync 1 DAGs
[2026-03-08T10:00:12.477+0000] {logging_mixin.py:188} INFO - [2026-03-08T10:00:12.477+0000] {dag.py:3947} INFO - Setting next_dagrun for etl_users_pipeline to None, run_after=None
[2026-03-08T10:00:12.497+0000] {processor.py:183} INFO - Processing /opt/airflow/dags/etl_users_dag.py took 0.132 seconds
[2026-03-08T10:00:42.866+0000] {processor.py:161} INFO - Started process (PID=6831) to work on /opt/airflow/dags/etl_users_dag.py
[2026-03-08T10:00:42.868+0000] {processor.py:830} INFO - Processing file /opt/airflow/dags/etl_users_dag.py for tasks to queue
[2026-03-08T10:00:42.872+0000] {logging_mixin.py:188} INFO - [2026-03-08T10:00:42.872+0000] {dagbag.py:545} INFO - Filling up the DagBag from /opt/airflow/dags/etl_users_dag.py
[2026-03-08T10:00:42.891+0000] {processor.py:840} INFO - DAG(s) 'etl_users_pipeline' retrieved from /opt/airflow/dags/etl_users_dag.py
[2026-03-08T10:00:42.938+0000] {logging_mixin.py:188} INFO - [2026-03-08T10:00:42.937+0000] {dag.py:3089} INFO - Sync 1 DAGs
[2026-03-08T10:00:42.951+0000] {logging_mixin.py:188} INFO - [2026-03-08T10:00:42.951+0000] {dag.py:3947} INFO - Setting next_dagrun for etl_users_pipeline to None, run_after=None
[2026-03-08T10:00:42.967+0000] {processor.py:183} INFO - Processing /opt/airflow/dags/etl_users_dag.py took 0.125 seconds
[2026-03-08T10:01:13.385+0000] {processor.py:161} INFO - Started process (PID=6841) to work on /opt/airflow/dags/etl_users_dag.py
[2026-03-08T10:01:13.387+0000] {processor.py:830} INFO - Processing file /opt/airflow/dags/etl_users_dag.py for tasks to queue
[2026-03-08T10:01:13.393+0000] {logging_mixin.py:188} INFO - [2026-03-08T10:01:13.392+0000] {dagbag.py:545} INFO - Filling up the DagBag from /opt/airflow/dags/etl_users_dag.py
[2026-03-08T10:01:13.411+0000] {processor.py:840} INFO - DAG(s) 'etl_users_pipeline' retrieved from /opt/airflow/dags/etl_users_dag.py
[2026-03-08T10:01:13.465+0000] {logging_mixin.py:188} INFO - [2026-03-08T10:01:13.465+0000] {dag.py:3089} INFO - Sync 1 DAGs
[2026-03-08T10:01:13.477+0000] {logging_mixin.py:188} INFO - [2026-03-08T10:01:13.477+0000] {dag.py:3947} INFO - Setting next_dagrun for etl_users_pipeline to None, run_after=None
[2026-03-08T10:01:13.492+0000] {processor.py:183} INFO - Processing /opt/airflow/dags/etl_users_dag.py took 0.118 seconds
[2026-03-08T10:01:43.894+0000] {processor.py:161} INFO - Started process (PID=6851) to work on /opt/airflow/dags/etl_users_dag.py
[2026-03-08T10:01:43.904+0000] {processor.py:830} INFO - Processing file /opt/airflow/dags/etl_users_dag.py for tasks to queue
[2026-03-08T10:01:43.909+0000] {logging_mixin.py:188} INFO - [2026-03-08T10:01:43.908+0000] {dagbag.py:545} INFO - Filling up the DagBag from /opt/airflow/dags/etl_users_dag.py
[2026-03-08T10:01:43.927+0000] {processor.py:840} INFO - DAG(s) 'etl_users_pipeline' retrieved from /opt/airflow/dags/etl_users_dag.py
[2026-03-08T10:01:43.988+0000] {logging_mixin.py:188} INFO - [2026-03-08T10:01:43.988+0000] {dag.py:3089} INFO - Sync 1 DAGs
[2026-03-08T10:01:44.001+0000] {logging_mixin.py:188} INFO - [2026-03-08T10:01:44.000+0000] {dag.py:3947} INFO - Setting next_dagrun for etl_users_pipeline to None, run_after=None
[2026-03-08T10:01:44.020+0000] {processor.py:183} INFO - Processing /opt/airflow/dags/etl_users_dag.py took 0.146 seconds
[2026-03-08T10:02:14.236+0000] {processor.py:161} INFO - Started process (PID=6861) to work on /opt/airflow/dags/etl_users_dag.py
[2026-03-08T10:02:14.237+0000] {processor.py:830} INFO - Processing file /opt/airflow/dags/etl_users_dag.py for tasks to queue
[2026-03-08T10:02:14.241+0000] {logging_mixin.py:188} INFO - [2026-03-08T10:02:14.240+0000] {dagbag.py:545} INFO - Filling up the DagBag from /opt/airflow/dags/etl_users_dag.py
[2026-03-08T10:02:14.259+0000] {processor.py:840} INFO - DAG(s) 'etl_users_pipeline' retrieved from /opt/airflow/dags/etl_users_dag.py
[2026-03-08T10:02:14.305+0000] {logging_mixin.py:188} INFO - [2026-03-08T10:02:14.305+0000] {dag.py:3089} INFO - Sync 1 DAGs
[2026-03-08T10:02:14.325+0000] {logging_mixin.py:188} INFO - [2026-03-08T10:02:14.325+0000] {dag.py:3947} INFO - Setting next_dagrun for etl_users_pipeline to None, run_after=None
[2026-03-08T10:02:14.340+0000] {processor.py:183} INFO - Processing /opt/airflow/dags/etl_users_dag.py took 0.128 seconds
[2026-03-08T10:02:44.741+0000] {processor.py:161} INFO - Started process (PID=6871) to work on /opt/airflow/dags/etl_users_dag.py
[2026-03-08T10:02:44.744+0000] {processor.py:830} INFO - Processing file /opt/airflow/dags/etl_users_dag.py for tasks to queue
[2026-03-08T10:02:44.748+0000] {logging_mixin.py:188} INFO - [2026-03-08T10:02:44.747+0000] {dagbag.py:545} INFO - Filling up the DagBag from /opt/airflow/dags/etl_users_dag.py
[2026-03-08T10:02:44.773+0000] {processor.py:840} INFO - DAG(s) 'etl_users_pipeline' retrieved from /opt/airflow/dags/etl_users_dag.py
[2026-03-08T10:02:44.815+0000] {logging_mixin.py:188} INFO - [2026-03-08T10:02:44.815+0000] {dag.py:3089} INFO - Sync 1 DAGs
[2026-03-08T10:02:44.829+0000] {logging_mixin.py:188} INFO - [2026-03-08T10:02:44.828+0000] {dag.py:3947} INFO - Setting next_dagrun for etl_users_pipeline to None, run_after=None
[2026-03-08T10:02:44.854+0000] {processor.py:183} INFO - Processing /opt/airflow/dags/etl_users_dag.py took 0.125 seconds
[2026-03-08T10:03:15.131+0000] {processor.py:161} INFO - Started process (PID=6881) to work on /opt/airflow/dags/etl_users_dag.py
[2026-03-08T10:03:15.133+0000] {processor.py:830} INFO - Processing file /opt/airflow/dags/etl_users_dag.py for tasks to queue
[2026-03-08T10:03:15.137+0000] {logging_mixin.py:188} INFO - [2026-03-08T10:03:15.137+0000] {dagbag.py:545} INFO - Filling up the DagBag from /opt/airflow/dags/etl_users_dag.py
[2026-03-08T10:03:15.157+0000] {processor.py:840} INFO - DAG(s) 'etl_users_pipeline' retrieved from /opt/airflow/dags/etl_users_dag.py
[2026-03-08T10:03:15.191+0000] {logging_mixin.py:188} INFO - [2026-03-08T10:03:15.191+0000] {dag.py:3089} INFO - Sync 1 DAGs
[2026-03-08T10:03:15.215+0000] {logging_mixin.py:188} INFO - [2026-03-08T10:03:15.215+0000] {dag.py:3947} INFO - Setting next_dagrun for etl_users_pipeline to None, run_after=None
[2026-03-08T10:03:15.229+0000] {processor.py:183} INFO - Processing /opt/airflow/dags/etl_users_dag.py took 0.131 seconds
[2026-03-08T10:03:45.640+0000] {processor.py:161} INFO - Started process (PID=6891) to work on /opt/airflow/dags/etl_users_dag.py
[2026-03-08T10:03:45.643+0000] {processor.py:830} INFO - Processing file /opt/airflow/dags/etl_users_dag.py for tasks to queue
[2026-03-08T10:03:45.646+0000] {logging_mixin.py:188} INFO - [2026-03-08T10:03:45.646+0000] {dagbag.py:545} INFO - Filling up the DagBag from /opt/airflow/dags/etl_users_dag.py
[2026-03-08T10:03:45.662+0000] {processor.py:840} INFO - DAG(s) 'etl_users_pipeline' retrieved from /opt/airflow/dags/etl_users_dag.py
[2026-03-08T10:03:45.705+0000] {logging_mixin.py:188} INFO - [2026-03-08T10:03:45.705+0000] {dag.py:3089} INFO - Sync 1 DAGs
[2026-03-08T10:03:45.714+0000] {logging_mixin.py:188} INFO - [2026-03-08T10:03:45.714+0000] {dag.py:3947} INFO - Setting next_dagrun for etl_users_pipeline to None, run_after=None
[2026-03-08T10:03:45.729+0000] {processor.py:183} INFO - Processing /opt/airflow/dags/etl_users_dag.py took 0.104 seconds
[2026-03-08T10:04:16.106+0000] {processor.py:161} INFO - Started process (PID=6901) to work on /opt/airflow/dags/etl_users_dag.py
[2026-03-08T10:04:16.108+0000] {processor.py:830} INFO - Processing file /opt/airflow/dags/etl_users_dag.py for tasks to queue
[2026-03-08T10:04:16.111+0000] {logging_mixin.py:188} INFO - [2026-03-08T10:04:16.110+0000] {dagbag.py:545} INFO - Filling up the DagBag from /opt/airflow/dags/etl_users_dag.py
[2026-03-08T10:04:16.126+0000] {processor.py:840} INFO - DAG(s) 'etl_users_pipeline' retrieved from /opt/airflow/dags/etl_users_dag.py
[2026-03-08T10:04:16.189+0000] {logging_mixin.py:188} INFO - [2026-03-08T10:04:16.189+0000] {dag.py:3089} INFO - Sync 1 DAGs
[2026-03-08T10:04:16.202+0000] {logging_mixin.py:188} INFO - [2026-03-08T10:04:16.202+0000] {dag.py:3947} INFO - Setting next_dagrun for etl_users_pipeline to None, run_after=None
[2026-03-08T10:04:16.221+0000] {processor.py:183} INFO - Processing /opt/airflow/dags/etl_users_dag.py took 0.129 seconds
[2026-03-08T10:04:46.518+0000] {processor.py:161} INFO - Started process (PID=6911) to work on /opt/airflow/dags/etl_users_dag.py
[2026-03-08T10:04:46.522+0000] {processor.py:830} INFO - Processing file /opt/airflow/dags/etl_users_dag.py for tasks to queue
[2026-03-08T10:04:46.528+0000] {logging_mixin.py:188} INFO - [2026-03-08T10:04:46.528+0000] {dagbag.py:545} INFO - Filling up the DagBag from /opt/airflow/dags/etl_users_dag.py
[2026-03-08T10:04:46.546+0000] {processor.py:840} INFO - DAG(s) 'etl_users_pipeline' retrieved from /opt/airflow/dags/etl_users_dag.py
[2026-03-08T10:04:46.587+0000] {logging_mixin.py:188} INFO - [2026-03-08T10:04:46.587+0000] {dag.py:3089} INFO - Sync 1 DAGs
[2026-03-08T10:04:46.603+0000] {logging_mixin.py:188} INFO - [2026-03-08T10:04:46.603+0000] {dag.py:3947} INFO - Setting next_dagrun for etl_users_pipeline to None, run_after=None
[2026-03-08T10:04:46.620+0000] {processor.py:183} INFO - Processing /opt/airflow/dags/etl_users_dag.py took 0.124 seconds
[2026-03-08T10:05:16.876+0000] {processor.py:161} INFO - Started process (PID=6921) to work on /opt/airflow/dags/etl_users_dag.py
[2026-03-08T10:05:16.877+0000] {processor.py:830} INFO - Processing file /opt/airflow/dags/etl_users_dag.py for tasks to queue
[2026-03-08T10:05:16.880+0000] {logging_mixin.py:188} INFO - [2026-03-08T10:05:16.879+0000] {dagbag.py:545} INFO - Filling up the DagBag from /opt/airflow/dags/etl_users_dag.py
[2026-03-08T10:05:16.897+0000] {processor.py:840} INFO - DAG(s) 'etl_users_pipeline' retrieved from /opt/airflow/dags/etl_users_dag.py
[2026-03-08T10:05:16.937+0000] {logging_mixin.py:188} INFO - [2026-03-08T10:05:16.937+0000] {dag.py:3089} INFO - Sync 1 DAGs
[2026-03-08T10:05:16.950+0000] {logging_mixin.py:188} INFO - [2026-03-08T10:05:16.949+0000] {dag.py:3947} INFO - Setting next_dagrun for etl_users_pipeline to None, run_after=None
[2026-03-08T10:05:16.974+0000] {processor.py:183} INFO - Processing /opt/airflow/dags/etl_users_dag.py took 0.123 seconds
[2026-03-08T10:05:47.300+0000] {processor.py:161} INFO - Started process (PID=6931) to work on /opt/airflow/dags/etl_users_dag.py
[2026-03-08T10:05:47.302+0000] {processor.py:830} INFO - Processing file /opt/airflow/dags/etl_users_dag.py for tasks to queue
[2026-03-08T10:05:47.306+0000] {logging_mixin.py:188} INFO - [2026-03-08T10:05:47.305+0000] {dagbag.py:545} INFO - Filling up the DagBag from /opt/airflow/dags/etl_users_dag.py
[2026-03-08T10:05:47.326+0000] {processor.py:840} INFO - DAG(s) 'etl_users_pipeline' retrieved from /opt/airflow/dags/etl_users_dag.py
[2026-03-08T10:05:47.369+0000] {logging_mixin.py:188} INFO - [2026-03-08T10:05:47.369+0000] {dag.py:3089} INFO - Sync 1 DAGs
[2026-03-08T10:05:47.380+0000] {logging_mixin.py:188} INFO - [2026-03-08T10:05:47.380+0000] {dag.py:3947} INFO - Setting next_dagrun for etl_users_pipeline to None, run_after=None
[2026-03-08T10:05:47.399+0000] {processor.py:183} INFO - Processing /opt/airflow/dags/etl_users_dag.py took 0.109 seconds
[2026-03-08T10:06:17.701+0000] {processor.py:161} INFO - Started process (PID=6941) to work on /opt/airflow/dags/etl_users_dag.py
[2026-03-08T10:06:17.704+0000] {processor.py:830} INFO - Processing file /opt/airflow/dags/etl_users_dag.py for tasks to queue
[2026-03-08T10:06:17.708+0000] {logging_mixin.py:188} INFO - [2026-03-08T10:06:17.708+0000] {dagbag.py:545} INFO - Filling up the DagBag from /opt/airflow/dags/etl_users_dag.py
[2026-03-08T10:06:17.730+0000] {processor.py:840} INFO - DAG(s) 'etl_users_pipeline' retrieved from /opt/airflow/dags/etl_users_dag.py
[2026-03-08T10:06:17.777+0000] {logging_mixin.py:188} INFO - [2026-03-08T10:06:17.776+0000] {dag.py:3089} INFO - Sync 1 DAGs
[2026-03-08T10:06:17.789+0000] {logging_mixin.py:188} INFO - [2026-03-08T10:06:17.789+0000] {dag.py:3947} INFO - Setting next_dagrun for etl_users_pipeline to None, run_after=None
[2026-03-08T10:06:17.806+0000] {processor.py:183} INFO - Processing /opt/airflow/dags/etl_users_dag.py took 0.124 seconds
[2026-03-08T10:06:48.220+0000] {processor.py:161} INFO - Started process (PID=6951) to work on /opt/airflow/dags/etl_users_dag.py
[2026-03-08T10:06:48.224+0000] {processor.py:830} INFO - Processing file /opt/airflow/dags/etl_users_dag.py for tasks to queue
[2026-03-08T10:06:48.227+0000] {logging_mixin.py:188} INFO - [2026-03-08T10:06:48.226+0000] {dagbag.py:545} INFO - Filling up the DagBag from /opt/airflow/dags/etl_users_dag.py
[2026-03-08T10:06:48.246+0000] {processor.py:840} INFO - DAG(s) 'etl_users_pipeline' retrieved from /opt/airflow/dags/etl_users_dag.py
[2026-03-08T10:06:48.285+0000] {logging_mixin.py:188} INFO - [2026-03-08T10:06:48.285+0000] {dag.py:3089} INFO - Sync 1 DAGs
[2026-03-08T10:06:48.299+0000] {logging_mixin.py:188} INFO - [2026-03-08T10:06:48.299+0000] {dag.py:3947} INFO - Setting next_dagrun for etl_users_pipeline to None, run_after=None
[2026-03-08T10:06:48.316+0000] {processor.py:183} INFO - Processing /opt/airflow/dags/etl_users_dag.py took 0.113 seconds
[2026-03-08T10:07:18.724+0000] {processor.py:161} INFO - Started process (PID=6961) to work on /opt/airflow/dags/etl_users_dag.py
[2026-03-08T10:07:18.726+0000] {processor.py:830} INFO - Processing file /opt/airflow/dags/etl_users_dag.py for tasks to queue
[2026-03-08T10:07:18.730+0000] {logging_mixin.py:188} INFO - [2026-03-08T10:07:18.730+0000] {dagbag.py:545} INFO - Filling up the DagBag from /opt/airflow/dags/etl_users_dag.py
[2026-03-08T10:07:18.748+0000] {processor.py:840} INFO - DAG(s) 'etl_users_pipeline' retrieved from /opt/airflow/dags/etl_users_dag.py
[2026-03-08T10:07:18.785+0000] {logging_mixin.py:188} INFO - [2026-03-08T10:07:18.785+0000] {dag.py:3089} INFO - Sync 1 DAGs
[2026-03-08T10:07:18.799+0000] {logging_mixin.py:188} INFO - [2026-03-08T10:07:18.799+0000] {dag.py:3947} INFO - Setting next_dagrun for etl_users_pipeline to None, run_after=None
[2026-03-08T10:07:18.821+0000] {processor.py:183} INFO - Processing /opt/airflow/dags/etl_users_dag.py took 0.128 seconds
[2026-03-08T10:07:49.149+0000] {processor.py:161} INFO - Started process (PID=6971) to work on /opt/airflow/dags/etl_users_dag.py
[2026-03-08T10:07:49.151+0000] {processor.py:830} INFO - Processing file /opt/airflow/dags/etl_users_dag.py for tasks to queue
[2026-03-08T10:07:49.154+0000] {logging_mixin.py:188} INFO - [2026-03-08T10:07:49.154+0000] {dagbag.py:545} INFO - Filling up the DagBag from /opt/airflow/dags/etl_users_dag.py
[2026-03-08T10:07:49.172+0000] {processor.py:840} INFO - DAG(s) 'etl_users_pipeline' retrieved from /opt/airflow/dags/etl_users_dag.py
[2026-03-08T10:07:49.225+0000] {logging_mixin.py:188} INFO - [2026-03-08T10:07:49.225+0000] {dag.py:3089} INFO - Sync 1 DAGs
[2026-03-08T10:07:49.237+0000] {logging_mixin.py:188} INFO - [2026-03-08T10:07:49.237+0000] {dag.py:3947} INFO - Setting next_dagrun for etl_users_pipeline to None, run_after=None
[2026-03-08T10:07:49.253+0000] {processor.py:183} INFO - Processing /opt/airflow/dags/etl_users_dag.py took 0.124 seconds
[2026-03-08T10:08:19.542+0000] {processor.py:161} INFO - Started process (PID=6981) to work on /opt/airflow/dags/etl_users_dag.py
[2026-03-08T10:08:19.545+0000] {processor.py:830} INFO - Processing file /opt/airflow/dags/etl_users_dag.py for tasks to queue
[2026-03-08T10:08:19.548+0000] {logging_mixin.py:188} INFO - [2026-03-08T10:08:19.548+0000] {dagbag.py:545} INFO - Filling up the DagBag from /opt/airflow/dags/etl_users_dag.py
[2026-03-08T10:08:19.584+0000] {processor.py:840} INFO - DAG(s) 'etl_users_pipeline' retrieved from /opt/airflow/dags/etl_users_dag.py
[2026-03-08T10:08:19.644+0000] {logging_mixin.py:188} INFO - [2026-03-08T10:08:19.644+0000] {dag.py:3089} INFO - Sync 1 DAGs
[2026-03-08T10:08:19.670+0000] {logging_mixin.py:188} INFO - [2026-03-08T10:08:19.670+0000] {dag.py:3947} INFO - Setting next_dagrun for etl_users_pipeline to None, run_after=None
[2026-03-08T10:08:19.699+0000] {processor.py:183} INFO - Processing /opt/airflow/dags/etl_users_dag.py took 0.167 seconds
[2026-03-08T10:08:49.880+0000] {processor.py:161} INFO - Started process (PID=6991) to work on /opt/airflow/dags/etl_users_dag.py
[2026-03-08T10:08:49.882+0000] {processor.py:830} INFO - Processing file /opt/airflow/dags/etl_users_dag.py for tasks to queue
[2026-03-08T10:08:49.886+0000] {logging_mixin.py:188} INFO - [2026-03-08T10:08:49.885+0000] {dagbag.py:545} INFO - Filling up the DagBag from /opt/airflow/dags/etl_users_dag.py
[2026-03-08T10:08:49.902+0000] {processor.py:840} INFO - DAG(s) 'etl_users_pipeline' retrieved from /opt/airflow/dags/etl_users_dag.py
[2026-03-08T10:08:49.940+0000] {logging_mixin.py:188} INFO - [2026-03-08T10:08:49.940+0000] {dag.py:3089} INFO - Sync 1 DAGs
[2026-03-08T10:08:49.950+0000] {logging_mixin.py:188} INFO - [2026-03-08T10:08:49.950+0000] {dag.py:3947} INFO - Setting next_dagrun for etl_users_pipeline to None, run_after=None
[2026-03-08T10:08:49.971+0000] {processor.py:183} INFO - Processing /opt/airflow/dags/etl_users_dag.py took 0.106 seconds
[2026-03-08T10:09:20.295+0000] {processor.py:161} INFO - Started process (PID=7001) to work on /opt/airflow/dags/etl_users_dag.py
[2026-03-08T10:09:20.297+0000] {processor.py:830} INFO - Processing file /opt/airflow/dags/etl_users_dag.py for tasks to queue
[2026-03-08T10:09:20.300+0000] {logging_mixin.py:188} INFO - [2026-03-08T10:09:20.299+0000] {dagbag.py:545} INFO - Filling up the DagBag from /opt/airflow/dags/etl_users_dag.py
[2026-03-08T10:09:20.313+0000] {processor.py:840} INFO - DAG(s) 'etl_users_pipeline' retrieved from /opt/airflow/dags/etl_users_dag.py
[2026-03-08T10:09:20.348+0000] {logging_mixin.py:188} INFO - [2026-03-08T10:09:20.348+0000] {dag.py:3089} INFO - Sync 1 DAGs
[2026-03-08T10:09:20.358+0000] {logging_mixin.py:188} INFO - [2026-03-08T10:09:20.358+0000] {dag.py:3947} INFO - Setting next_dagrun for etl_users_pipeline to None, run_after=None
[2026-03-08T10:09:20.372+0000] {processor.py:183} INFO - Processing /opt/airflow/dags/etl_users_dag.py took 0.094 seconds
[2026-03-08T10:09:50.709+0000] {processor.py:161} INFO - Started process (PID=7011) to work on /opt/airflow/dags/etl_users_dag.py
[2026-03-08T10:09:50.711+0000] {processor.py:830} INFO - Processing file /opt/airflow/dags/etl_users_dag.py for tasks to queue
[2026-03-08T10:09:50.715+0000] {logging_mixin.py:188} INFO - [2026-03-08T10:09:50.714+0000] {dagbag.py:545} INFO - Filling up the DagBag from /opt/airflow/dags/etl_users_dag.py
[2026-03-08T10:09:50.731+0000] {processor.py:840} INFO - DAG(s) 'etl_users_pipeline' retrieved from /opt/airflow/dags/etl_users_dag.py
[2026-03-08T10:09:50.783+0000] {logging_mixin.py:188} INFO - [2026-03-08T10:09:50.783+0000] {dag.py:3089} INFO - Sync 1 DAGs
[2026-03-08T10:09:50.792+0000] {logging_mixin.py:188} INFO - [2026-03-08T10:09:50.792+0000] {dag.py:3947} INFO - Setting next_dagrun for etl_users_pipeline to None, run_after=None
[2026-03-08T10:09:50.806+0000] {processor.py:183} INFO - Processing /opt/airflow/dags/etl_users_dag.py took 0.125 seconds
[2026-03-08T10:10:21.179+0000] {processor.py:161} INFO - Started process (PID=7021) to work on /opt/airflow/dags/etl_users_dag.py
[2026-03-08T10:10:21.180+0000] {processor.py:830} INFO - Processing file /opt/airflow/dags/etl_users_dag.py for tasks to queue
[2026-03-08T10:10:21.186+0000] {logging_mixin.py:188} INFO - [2026-03-08T10:10:21.184+0000] {dagbag.py:545} INFO - Filling up the DagBag from /opt/airflow/dags/etl_users_dag.py
[2026-03-08T10:10:21.199+0000] {processor.py:840} INFO - DAG(s) 'etl_users_pipeline' retrieved from /opt/airflow/dags/etl_users_dag.py
[2026-03-08T10:10:21.230+0000] {logging_mixin.py:188} INFO - [2026-03-08T10:10:21.230+0000] {dag.py:3089} INFO - Sync 1 DAGs
[2026-03-08T10:10:21.240+0000] {logging_mixin.py:188} INFO - [2026-03-08T10:10:21.240+0000] {dag.py:3947} INFO - Setting next_dagrun for etl_users_pipeline to None, run_after=None
[2026-03-08T10:10:21.253+0000] {processor.py:183} INFO - Processing /opt/airflow/dags/etl_users_dag.py took 0.083 seconds
[2026-03-08T10:10:51.798+0000] {processor.py:161} INFO - Started process (PID=7031) to work on /opt/airflow/dags/etl_users_dag.py
[2026-03-08T10:10:51.801+0000] {processor.py:830} INFO - Processing file /opt/airflow/dags/etl_users_dag.py for tasks to queue
[2026-03-08T10:10:51.805+0000] {logging_mixin.py:188} INFO - [2026-03-08T10:10:51.804+0000] {dagbag.py:545} INFO - Filling up the DagBag from /opt/airflow/dags/etl_users_dag.py
[2026-03-08T10:10:51.831+0000] {processor.py:840} INFO - DAG(s) 'etl_users_pipeline' retrieved from /opt/airflow/dags/etl_users_dag.py
[2026-03-08T10:10:51.901+0000] {logging_mixin.py:188} INFO - [2026-03-08T10:10:51.901+0000] {dag.py:3089} INFO - Sync 1 DAGs
[2026-03-08T10:10:51.915+0000] {logging_mixin.py:188} INFO - [2026-03-08T10:10:51.915+0000] {dag.py:3947} INFO - Setting next_dagrun for etl_users_pipeline to None, run_after=None
[2026-03-08T10:10:51.937+0000] {processor.py:183} INFO - Processing /opt/airflow/dags/etl_users_dag.py took 0.161 seconds
[2026-03-08T10:11:22.259+0000] {processor.py:161} INFO - Started process (PID=7041) to work on /opt/airflow/dags/etl_users_dag.py
[2026-03-08T10:11:22.263+0000] {processor.py:830} INFO - Processing file /opt/airflow/dags/etl_users_dag.py for tasks to queue
[2026-03-08T10:11:22.266+0000] {logging_mixin.py:188} INFO - [2026-03-08T10:11:22.265+0000] {dagbag.py:545} INFO - Filling up the DagBag from /opt/airflow/dags/etl_users_dag.py
[2026-03-08T10:11:22.293+0000] {processor.py:840} INFO - DAG(s) 'etl_users_pipeline' retrieved from /opt/airflow/dags/etl_users_dag.py
[2026-03-08T10:11:22.337+0000] {logging_mixin.py:188} INFO - [2026-03-08T10:11:22.336+0000] {dag.py:3089} INFO - Sync 1 DAGs
[2026-03-08T10:11:22.349+0000] {logging_mixin.py:188} INFO - [2026-03-08T10:11:22.349+0000] {dag.py:3947} INFO - Setting next_dagrun for etl_users_pipeline to None, run_after=None
[2026-03-08T10:11:22.363+0000] {processor.py:183} INFO - Processing /opt/airflow/dags/etl_users_dag.py took 0.114 seconds
[2026-03-08T10:11:52.708+0000] {processor.py:161} INFO - Started process (PID=7051) to work on /opt/airflow/dags/etl_users_dag.py
[2026-03-08T10:11:52.710+0000] {processor.py:830} INFO - Processing file /opt/airflow/dags/etl_users_dag.py for tasks to queue
[2026-03-08T10:11:52.717+0000] {logging_mixin.py:188} INFO - [2026-03-08T10:11:52.717+0000] {dagbag.py:545} INFO - Filling up the DagBag from /opt/airflow/dags/etl_users_dag.py
[2026-03-08T10:11:52.734+0000] {processor.py:840} INFO - DAG(s) 'etl_users_pipeline' retrieved from /opt/airflow/dags/etl_users_dag.py
[2026-03-08T10:11:52.782+0000] {logging_mixin.py:188} INFO - [2026-03-08T10:11:52.782+0000] {dag.py:3089} INFO - Sync 1 DAGs
[2026-03-08T10:11:52.797+0000] {logging_mixin.py:188} INFO - [2026-03-08T10:11:52.797+0000] {dag.py:3947} INFO - Setting next_dagrun for etl_users_pipeline to None, run_after=None
[2026-03-08T10:11:52.815+0000] {processor.py:183} INFO - Processing /opt/airflow/dags/etl_users_dag.py took 0.121 seconds
[2026-03-08T10:12:23.123+0000] {processor.py:161} INFO - Started process (PID=7061) to work on /opt/airflow/dags/etl_users_dag.py
[2026-03-08T10:12:23.126+0000] {processor.py:830} INFO - Processing file /opt/airflow/dags/etl_users_dag.py for tasks to queue
[2026-03-08T10:12:23.130+0000] {logging_mixin.py:188} INFO - [2026-03-08T10:12:23.130+0000] {dagbag.py:545} INFO - Filling up the DagBag from /opt/airflow/dags/etl_users_dag.py
[2026-03-08T10:12:23.157+0000] {processor.py:840} INFO - DAG(s) 'etl_users_pipeline' retrieved from /opt/airflow/dags/etl_users_dag.py
[2026-03-08T10:12:23.198+0000] {logging_mixin.py:188} INFO - [2026-03-08T10:12:23.198+0000] {dag.py:3089} INFO - Sync 1 DAGs
[2026-03-08T10:12:23.218+0000] {logging_mixin.py:188} INFO - [2026-03-08T10:12:23.218+0000] {dag.py:3947} INFO - Setting next_dagrun for etl_users_pipeline to None, run_after=None
[2026-03-08T10:12:23.237+0000] {processor.py:183} INFO - Processing /opt/airflow/dags/etl_users_dag.py took 0.126 seconds
[2026-03-08T10:12:53.540+0000] {processor.py:161} INFO - Started process (PID=7071) to work on /opt/airflow/dags/etl_users_dag.py
[2026-03-08T10:12:53.542+0000] {processor.py:830} INFO - Processing file /opt/airflow/dags/etl_users_dag.py for tasks to queue
[2026-03-08T10:12:53.546+0000] {logging_mixin.py:188} INFO - [2026-03-08T10:12:53.545+0000] {dagbag.py:545} INFO - Filling up the DagBag from /opt/airflow/dags/etl_users_dag.py
[2026-03-08T10:12:53.565+0000] {processor.py:840} INFO - DAG(s) 'etl_users_pipeline' retrieved from /opt/airflow/dags/etl_users_dag.py
[2026-03-08T10:12:53.614+0000] {logging_mixin.py:188} INFO - [2026-03-08T10:12:53.614+0000] {dag.py:3089} INFO - Sync 1 DAGs
[2026-03-08T10:12:53.625+0000] {logging_mixin.py:188} INFO - [2026-03-08T10:12:53.624+0000] {dag.py:3947} INFO - Setting next_dagrun for etl_users_pipeline to None, run_after=None
[2026-03-08T10:12:53.641+0000] {processor.py:183} INFO - Processing /opt/airflow/dags/etl_users_dag.py took 0.113 seconds
[2026-03-08T10:13:24.015+0000] {processor.py:161} INFO - Started process (PID=7081) to work on /opt/airflow/dags/etl_users_dag.py
[2026-03-08T10:13:24.019+0000] {processor.py:830} INFO - Processing file /opt/airflow/dags/etl_users_dag.py for tasks to queue
[2026-03-08T10:13:24.021+0000] {logging_mixin.py:188} INFO - [2026-03-08T10:13:24.021+0000] {dagbag.py:545} INFO - Filling up the DagBag from /opt/airflow/dags/etl_users_dag.py
[2026-03-08T10:13:24.052+0000] {processor.py:840} INFO - DAG(s) 'etl_users_pipeline' retrieved from /opt/airflow/dags/etl_users_dag.py
[2026-03-08T10:13:24.112+0000] {logging_mixin.py:188} INFO - [2026-03-08T10:13:24.112+0000] {dag.py:3089} INFO - Sync 1 DAGs
[2026-03-08T10:13:24.132+0000] {logging_mixin.py:188} INFO - [2026-03-08T10:13:24.132+0000] {dag.py:3947} INFO - Setting next_dagrun for etl_users_pipeline to None, run_after=None
[2026-03-08T10:13:24.156+0000] {processor.py:183} INFO - Processing /opt/airflow/dags/etl_users_dag.py took 0.161 seconds
[2026-03-08T10:13:54.328+0000] {processor.py:161} INFO - Started process (PID=7091) to work on /opt/airflow/dags/etl_users_dag.py
[2026-03-08T10:13:54.330+0000] {processor.py:830} INFO - Processing file /opt/airflow/dags/etl_users_dag.py for tasks to queue
[2026-03-08T10:13:54.334+0000] {logging_mixin.py:188} INFO - [2026-03-08T10:13:54.333+0000] {dagbag.py:545} INFO - Filling up the DagBag from /opt/airflow/dags/etl_users_dag.py
[2026-03-08T10:13:54.354+0000] {processor.py:840} INFO - DAG(s) 'etl_users_pipeline' retrieved from /opt/airflow/dags/etl_users_dag.py
[2026-03-08T10:13:54.387+0000] {logging_mixin.py:188} INFO - [2026-03-08T10:13:54.387+0000] {dag.py:3089} INFO - Sync 1 DAGs
[2026-03-08T10:13:54.397+0000] {logging_mixin.py:188} INFO - [2026-03-08T10:13:54.397+0000] {dag.py:3947} INFO - Setting next_dagrun for etl_users_pipeline to None, run_after=None
[2026-03-08T10:13:54.414+0000] {processor.py:183} INFO - Processing /opt/airflow/dags/etl_users_dag.py took 0.099 seconds
[2026-03-08T10:14:24.697+0000] {processor.py:161} INFO - Started process (PID=7101) to work on /opt/airflow/dags/etl_users_dag.py
[2026-03-08T10:14:24.699+0000] {processor.py:830} INFO - Processing file /opt/airflow/dags/etl_users_dag.py for tasks to queue
[2026-03-08T10:14:24.703+0000] {logging_mixin.py:188} INFO - [2026-03-08T10:14:24.702+0000] {dagbag.py:545} INFO - Filling up the DagBag from /opt/airflow/dags/etl_users_dag.py
[2026-03-08T10:14:24.724+0000] {processor.py:840} INFO - DAG(s) 'etl_users_pipeline' retrieved from /opt/airflow/dags/etl_users_dag.py
[2026-03-08T10:14:24.775+0000] {logging_mixin.py:188} INFO - [2026-03-08T10:14:24.775+0000] {dag.py:3089} INFO - Sync 1 DAGs
[2026-03-08T10:14:24.786+0000] {logging_mixin.py:188} INFO - [2026-03-08T10:14:24.786+0000] {dag.py:3947} INFO - Setting next_dagrun for etl_users_pipeline to None, run_after=None
[2026-03-08T10:14:24.801+0000] {processor.py:183} INFO - Processing /opt/airflow/dags/etl_users_dag.py took 0.113 seconds
[2026-03-08T10:14:55.424+0000] {processor.py:161} INFO - Started process (PID=7111) to work on /opt/airflow/dags/etl_users_dag.py
[2026-03-08T10:14:55.427+0000] {processor.py:830} INFO - Processing file /opt/airflow/dags/etl_users_dag.py for tasks to queue
[2026-03-08T10:14:55.432+0000] {logging_mixin.py:188} INFO - [2026-03-08T10:14:55.432+0000] {dagbag.py:545} INFO - Filling up the DagBag from /opt/airflow/dags/etl_users_dag.py
[2026-03-08T10:14:55.461+0000] {processor.py:840} INFO - DAG(s) 'etl_users_pipeline' retrieved from /opt/airflow/dags/etl_users_dag.py
[2026-03-08T10:14:55.515+0000] {logging_mixin.py:188} INFO - [2026-03-08T10:14:55.515+0000] {dag.py:3089} INFO - Sync 1 DAGs
[2026-03-08T10:14:55.538+0000] {logging_mixin.py:188} INFO - [2026-03-08T10:14:55.538+0000] {dag.py:3947} INFO - Setting next_dagrun for etl_users_pipeline to None, run_after=None
[2026-03-08T10:14:55.553+0000] {processor.py:183} INFO - Processing /opt/airflow/dags/etl_users_dag.py took 0.153 seconds
[2026-03-08T10:15:26.030+0000] {processor.py:161} INFO - Started process (PID=7121) to work on /opt/airflow/dags/etl_users_dag.py
[2026-03-08T10:15:26.032+0000] {processor.py:830} INFO - Processing file /opt/airflow/dags/etl_users_dag.py for tasks to queue
[2026-03-08T10:15:26.035+0000] {logging_mixin.py:188} INFO - [2026-03-08T10:15:26.035+0000] {dagbag.py:545} INFO - Filling up the DagBag from /opt/airflow/dags/etl_users_dag.py
[2026-03-08T10:15:26.058+0000] {processor.py:840} INFO - DAG(s) 'etl_users_pipeline' retrieved from /opt/airflow/dags/etl_users_dag.py
[2026-03-08T10:15:26.104+0000] {logging_mixin.py:188} INFO - [2026-03-08T10:15:26.104+0000] {dag.py:3089} INFO - Sync 1 DAGs
[2026-03-08T10:15:26.121+0000] {logging_mixin.py:188} INFO - [2026-03-08T10:15:26.121+0000] {dag.py:3947} INFO - Setting next_dagrun for etl_users_pipeline to None, run_after=None
[2026-03-08T10:15:26.136+0000] {processor.py:183} INFO - Processing /opt/airflow/dags/etl_users_dag.py took 0.118 seconds
[2026-03-08T10:15:56.574+0000] {processor.py:161} INFO - Started process (PID=7131) to work on /opt/airflow/dags/etl_users_dag.py
[2026-03-08T10:15:56.577+0000] {processor.py:830} INFO - Processing file /opt/airflow/dags/etl_users_dag.py for tasks to queue
[2026-03-08T10:15:56.580+0000] {logging_mixin.py:188} INFO - [2026-03-08T10:15:56.580+0000] {dagbag.py:545} INFO - Filling up the DagBag from /opt/airflow/dags/etl_users_dag.py
[2026-03-08T10:15:56.594+0000] {processor.py:840} INFO - DAG(s) 'etl_users_pipeline' retrieved from /opt/airflow/dags/etl_users_dag.py
[2026-03-08T10:15:56.648+0000] {logging_mixin.py:188} INFO - [2026-03-08T10:15:56.648+0000] {dag.py:3089} INFO - Sync 1 DAGs
[2026-03-08T10:15:56.659+0000] {logging_mixin.py:188} INFO - [2026-03-08T10:15:56.658+0000] {dag.py:3947} INFO - Setting next_dagrun for etl_users_pipeline to None, run_after=None
[2026-03-08T10:15:56.672+0000] {processor.py:183} INFO - Processing /opt/airflow/dags/etl_users_dag.py took 0.120 seconds
[2026-03-08T10:16:26.957+0000] {processor.py:161} INFO - Started process (PID=7141) to work on /opt/airflow/dags/etl_users_dag.py
[2026-03-08T10:16:26.962+0000] {processor.py:830} INFO - Processing file /opt/airflow/dags/etl_users_dag.py for tasks to queue
[2026-03-08T10:16:26.971+0000] {logging_mixin.py:188} INFO - [2026-03-08T10:16:26.969+0000] {dagbag.py:545} INFO - Filling up the DagBag from /opt/airflow/dags/etl_users_dag.py
[2026-03-08T10:16:26.990+0000] {processor.py:840} INFO - DAG(s) 'etl_users_pipeline' retrieved from /opt/airflow/dags/etl_users_dag.py
[2026-03-08T10:16:27.030+0000] {logging_mixin.py:188} INFO - [2026-03-08T10:16:27.030+0000] {dag.py:3089} INFO - Sync 1 DAGs
[2026-03-08T10:16:27.040+0000] {logging_mixin.py:188} INFO - [2026-03-08T10:16:27.040+0000] {dag.py:3947} INFO - Setting next_dagrun for etl_users_pipeline to None, run_after=None
[2026-03-08T10:16:27.059+0000] {processor.py:183} INFO - Processing /opt/airflow/dags/etl_users_dag.py took 0.122 seconds
[2026-03-08T10:16:57.337+0000] {processor.py:161} INFO - Started process (PID=7151) to work on /opt/airflow/dags/etl_users_dag.py
[2026-03-08T10:16:57.339+0000] {processor.py:830} INFO - Processing file /opt/airflow/dags/etl_users_dag.py for tasks to queue
[2026-03-08T10:16:57.346+0000] {logging_mixin.py:188} INFO - [2026-03-08T10:16:57.344+0000] {dagbag.py:545} INFO - Filling up the DagBag from /opt/airflow/dags/etl_users_dag.py
[2026-03-08T10:16:57.365+0000] {processor.py:840} INFO - DAG(s) 'etl_users_pipeline' retrieved from /opt/airflow/dags/etl_users_dag.py
[2026-03-08T10:16:57.411+0000] {logging_mixin.py:188} INFO - [2026-03-08T10:16:57.411+0000] {dag.py:3089} INFO - Sync 1 DAGs
[2026-03-08T10:16:57.425+0000] {logging_mixin.py:188} INFO - [2026-03-08T10:16:57.425+0000] {dag.py:3947} INFO - Setting next_dagrun for etl_users_pipeline to None, run_after=None
[2026-03-08T10:16:57.441+0000] {processor.py:183} INFO - Processing /opt/airflow/dags/etl_users_dag.py took 0.133 seconds
[2026-03-08T10:17:27.806+0000] {processor.py:161} INFO - Started process (PID=7161) to work on /opt/airflow/dags/etl_users_dag.py
[2026-03-08T10:17:27.807+0000] {processor.py:830} INFO - Processing file /opt/airflow/dags/etl_users_dag.py for tasks to queue
[2026-03-08T10:17:27.813+0000] {logging_mixin.py:188} INFO - [2026-03-08T10:17:27.811+0000] {dagbag.py:545} INFO - Filling up the DagBag from /opt/airflow/dags/etl_users_dag.py
[2026-03-08T10:17:27.835+0000] {processor.py:840} INFO - DAG(s) 'etl_users_pipeline' retrieved from /opt/airflow/dags/etl_users_dag.py
[2026-03-08T10:17:27.871+0000] {logging_mixin.py:188} INFO - [2026-03-08T10:17:27.870+0000] {dag.py:3089} INFO - Sync 1 DAGs
[2026-03-08T10:17:27.883+0000] {logging_mixin.py:188} INFO - [2026-03-08T10:17:27.883+0000] {dag.py:3947} INFO - Setting next_dagrun for etl_users_pipeline to None, run_after=None
[2026-03-08T10:17:27.901+0000] {processor.py:183} INFO - Processing /opt/airflow/dags/etl_users_dag.py took 0.113 seconds
[2026-03-08T10:17:58.292+0000] {processor.py:161} INFO - Started process (PID=7171) to work on /opt/airflow/dags/etl_users_dag.py
[2026-03-08T10:17:58.293+0000] {processor.py:830} INFO - Processing file /opt/airflow/dags/etl_users_dag.py for tasks to queue
[2026-03-08T10:17:58.295+0000] {logging_mixin.py:188} INFO - [2026-03-08T10:17:58.295+0000] {dagbag.py:545} INFO - Filling up the DagBag from /opt/airflow/dags/etl_users_dag.py
[2026-03-08T10:17:58.308+0000] {processor.py:840} INFO - DAG(s) 'etl_users_pipeline' retrieved from /opt/airflow/dags/etl_users_dag.py
[2026-03-08T10:17:58.337+0000] {logging_mixin.py:188} INFO - [2026-03-08T10:17:58.337+0000] {dag.py:3089} INFO - Sync 1 DAGs
[2026-03-08T10:17:58.346+0000] {logging_mixin.py:188} INFO - [2026-03-08T10:17:58.346+0000] {dag.py:3947} INFO - Setting next_dagrun for etl_users_pipeline to None, run_after=None
[2026-03-08T10:17:58.360+0000] {processor.py:183} INFO - Processing /opt/airflow/dags/etl_users_dag.py took 0.075 seconds
[2026-03-08T10:18:28.765+0000] {processor.py:161} INFO - Started process (PID=7181) to work on /opt/airflow/dags/etl_users_dag.py
[2026-03-08T10:18:28.767+0000] {processor.py:830} INFO - Processing file /opt/airflow/dags/etl_users_dag.py for tasks to queue
[2026-03-08T10:18:28.769+0000] {logging_mixin.py:188} INFO - [2026-03-08T10:18:28.769+0000] {dagbag.py:545} INFO - Filling up the DagBag from /opt/airflow/dags/etl_users_dag.py
[2026-03-08T10:18:28.793+0000] {processor.py:840} INFO - DAG(s) 'etl_users_pipeline' retrieved from /opt/airflow/dags/etl_users_dag.py
[2026-03-08T10:18:28.835+0000] {logging_mixin.py:188} INFO - [2026-03-08T10:18:28.834+0000] {dag.py:3089} INFO - Sync 1 DAGs
[2026-03-08T10:18:28.846+0000] {logging_mixin.py:188} INFO - [2026-03-08T10:18:28.845+0000] {dag.py:3947} INFO - Setting next_dagrun for etl_users_pipeline to None, run_after=None
[2026-03-08T10:18:28.867+0000] {processor.py:183} INFO - Processing /opt/airflow/dags/etl_users_dag.py took 0.118 seconds
[2026-03-08T10:18:59.432+0000] {processor.py:161} INFO - Started process (PID=7191) to work on /opt/airflow/dags/etl_users_dag.py
[2026-03-08T10:18:59.436+0000] {processor.py:830} INFO - Processing file /opt/airflow/dags/etl_users_dag.py for tasks to queue
[2026-03-08T10:18:59.449+0000] {logging_mixin.py:188} INFO - [2026-03-08T10:18:59.444+0000] {dagbag.py:545} INFO - Filling up the DagBag from /opt/airflow/dags/etl_users_dag.py
[2026-03-08T10:18:59.477+0000] {processor.py:840} INFO - DAG(s) 'etl_users_pipeline' retrieved from /opt/airflow/dags/etl_users_dag.py
[2026-03-08T10:18:59.541+0000] {logging_mixin.py:188} INFO - [2026-03-08T10:18:59.540+0000] {dag.py:3089} INFO - Sync 1 DAGs
[2026-03-08T10:18:59.555+0000] {logging_mixin.py:188} INFO - [2026-03-08T10:18:59.554+0000] {dag.py:3947} INFO - Setting next_dagrun for etl_users_pipeline to None, run_after=None
[2026-03-08T10:18:59.573+0000] {processor.py:183} INFO - Processing /opt/airflow/dags/etl_users_dag.py took 0.177 seconds
[2026-03-08T10:19:29.855+0000] {processor.py:161} INFO - Started process (PID=7201) to work on /opt/airflow/dags/etl_users_dag.py
[2026-03-08T10:19:29.858+0000] {processor.py:830} INFO - Processing file /opt/airflow/dags/etl_users_dag.py for tasks to queue
[2026-03-08T10:19:29.861+0000] {logging_mixin.py:188} INFO - [2026-03-08T10:19:29.861+0000] {dagbag.py:545} INFO - Filling up the DagBag from /opt/airflow/dags/etl_users_dag.py
[2026-03-08T10:19:29.884+0000] {processor.py:840} INFO - DAG(s) 'etl_users_pipeline' retrieved from /opt/airflow/dags/etl_users_dag.py
[2026-03-08T10:19:29.929+0000] {logging_mixin.py:188} INFO - [2026-03-08T10:19:29.929+0000] {dag.py:3089} INFO - Sync 1 DAGs
[2026-03-08T10:19:29.943+0000] {logging_mixin.py:188} INFO - [2026-03-08T10:19:29.943+0000] {dag.py:3947} INFO - Setting next_dagrun for etl_users_pipeline to None, run_after=None
[2026-03-08T10:19:29.961+0000] {processor.py:183} INFO - Processing /opt/airflow/dags/etl_users_dag.py took 0.122 seconds
[2026-03-08T10:20:00.290+0000] {processor.py:161} INFO - Started process (PID=7211) to work on /opt/airflow/dags/etl_users_dag.py
[2026-03-08T10:20:00.292+0000] {processor.py:830} INFO - Processing file /opt/airflow/dags/etl_users_dag.py for tasks to queue
[2026-03-08T10:20:00.296+0000] {logging_mixin.py:188} INFO - [2026-03-08T10:20:00.295+0000] {dagbag.py:545} INFO - Filling up the DagBag from /opt/airflow/dags/etl_users_dag.py
[2026-03-08T10:20:00.313+0000] {processor.py:840} INFO - DAG(s) 'etl_users_pipeline' retrieved from /opt/airflow/dags/etl_users_dag.py
[2026-03-08T10:20:00.354+0000] {logging_mixin.py:188} INFO - [2026-03-08T10:20:00.353+0000] {dag.py:3089} INFO - Sync 1 DAGs
[2026-03-08T10:20:00.368+0000] {logging_mixin.py:188} INFO - [2026-03-08T10:20:00.368+0000] {dag.py:3947} INFO - Setting next_dagrun for etl_users_pipeline to None, run_after=None
[2026-03-08T10:20:00.389+0000] {processor.py:183} INFO - Processing /opt/airflow/dags/etl_users_dag.py took 0.131 seconds
[2026-03-08T10:20:30.701+0000] {processor.py:161} INFO - Started process (PID=7221) to work on /opt/airflow/dags/etl_users_dag.py
[2026-03-08T10:20:30.705+0000] {processor.py:830} INFO - Processing file /opt/airflow/dags/etl_users_dag.py for tasks to queue
[2026-03-08T10:20:30.709+0000] {logging_mixin.py:188} INFO - [2026-03-08T10:20:30.708+0000] {dagbag.py:545} INFO - Filling up the DagBag from /opt/airflow/dags/etl_users_dag.py
[2026-03-08T10:20:30.727+0000] {processor.py:840} INFO - DAG(s) 'etl_users_pipeline' retrieved from /opt/airflow/dags/etl_users_dag.py
[2026-03-08T10:20:30.780+0000] {logging_mixin.py:188} INFO - [2026-03-08T10:20:30.780+0000] {dag.py:3089} INFO - Sync 1 DAGs
[2026-03-08T10:20:30.795+0000] {logging_mixin.py:188} INFO - [2026-03-08T10:20:30.795+0000] {dag.py:3947} INFO - Setting next_dagrun for etl_users_pipeline to None, run_after=None
[2026-03-08T10:20:30.815+0000] {processor.py:183} INFO - Processing /opt/airflow/dags/etl_users_dag.py took 0.145 seconds
[2026-03-08T10:21:01.271+0000] {processor.py:161} INFO - Started process (PID=7231) to work on /opt/airflow/dags/etl_users_dag.py
[2026-03-08T10:21:01.274+0000] {processor.py:830} INFO - Processing file /opt/airflow/dags/etl_users_dag.py for tasks to queue
[2026-03-08T10:21:01.278+0000] {logging_mixin.py:188} INFO - [2026-03-08T10:21:01.277+0000] {dagbag.py:545} INFO - Filling up the DagBag from /opt/airflow/dags/etl_users_dag.py
[2026-03-08T10:21:01.296+0000] {processor.py:840} INFO - DAG(s) 'etl_users_pipeline' retrieved from /opt/airflow/dags/etl_users_dag.py
[2026-03-08T10:21:01.345+0000] {logging_mixin.py:188} INFO - [2026-03-08T10:21:01.345+0000] {dag.py:3089} INFO - Sync 1 DAGs
[2026-03-08T10:21:01.360+0000] {logging_mixin.py:188} INFO - [2026-03-08T10:21:01.360+0000] {dag.py:3947} INFO - Setting next_dagrun for etl_users_pipeline to None, run_after=None
[2026-03-08T10:21:01.374+0000] {processor.py:183} INFO - Processing /opt/airflow/dags/etl_users_dag.py took 0.122 seconds
[2026-03-08T10:21:31.814+0000] {processor.py:161} INFO - Started process (PID=7241) to work on /opt/airflow/dags/etl_users_dag.py
[2026-03-08T10:21:31.818+0000] {processor.py:830} INFO - Processing file /opt/airflow/dags/etl_users_dag.py for tasks to queue
[2026-03-08T10:21:31.821+0000] {logging_mixin.py:188} INFO - [2026-03-08T10:21:31.821+0000] {dagbag.py:545} INFO - Filling up the DagBag from /opt/airflow/dags/etl_users_dag.py
[2026-03-08T10:21:31.838+0000] {processor.py:840} INFO - DAG(s) 'etl_users_pipeline' retrieved from /opt/airflow/dags/etl_users_dag.py
[2026-03-08T10:21:31.885+0000] {logging_mixin.py:188} INFO - [2026-03-08T10:21:31.885+0000] {dag.py:3089} INFO - Sync 1 DAGs
[2026-03-08T10:21:31.897+0000] {logging_mixin.py:188} INFO - [2026-03-08T10:21:31.897+0000] {dag.py:3947} INFO - Setting next_dagrun for etl_users_pipeline to None, run_after=None
[2026-03-08T10:21:31.912+0000] {processor.py:183} INFO - Processing /opt/airflow/dags/etl_users_dag.py took 0.113 seconds
[2026-03-08T10:22:02.341+0000] {processor.py:161} INFO - Started process (PID=7251) to work on /opt/airflow/dags/etl_users_dag.py
[2026-03-08T10:22:02.345+0000] {processor.py:830} INFO - Processing file /opt/airflow/dags/etl_users_dag.py for tasks to queue
[2026-03-08T10:22:02.350+0000] {logging_mixin.py:188} INFO - [2026-03-08T10:22:02.350+0000] {dagbag.py:545} INFO - Filling up the DagBag from /opt/airflow/dags/etl_users_dag.py
[2026-03-08T10:22:02.367+0000] {processor.py:840} INFO - DAG(s) 'etl_users_pipeline' retrieved from /opt/airflow/dags/etl_users_dag.py
[2026-03-08T10:22:02.409+0000] {logging_mixin.py:188} INFO - [2026-03-08T10:22:02.409+0000] {dag.py:3089} INFO - Sync 1 DAGs
[2026-03-08T10:22:02.421+0000] {logging_mixin.py:188} INFO - [2026-03-08T10:22:02.421+0000] {dag.py:3947} INFO - Setting next_dagrun for etl_users_pipeline to None, run_after=None
[2026-03-08T10:22:02.436+0000] {processor.py:183} INFO - Processing /opt/airflow/dags/etl_users_dag.py took 0.112 seconds
[2026-03-08T10:22:32.746+0000] {processor.py:161} INFO - Started process (PID=7261) to work on /opt/airflow/dags/etl_users_dag.py
[2026-03-08T10:22:32.749+0000] {processor.py:830} INFO - Processing file /opt/airflow/dags/etl_users_dag.py for tasks to queue
[2026-03-08T10:22:32.752+0000] {logging_mixin.py:188} INFO - [2026-03-08T10:22:32.752+0000] {dagbag.py:545} INFO - Filling up the DagBag from /opt/airflow/dags/etl_users_dag.py
[2026-03-08T10:22:32.771+0000] {processor.py:840} INFO - DAG(s) 'etl_users_pipeline' retrieved from /opt/airflow/dags/etl_users_dag.py
[2026-03-08T10:22:32.817+0000] {logging_mixin.py:188} INFO - [2026-03-08T10:22:32.817+0000] {dag.py:3089} INFO - Sync 1 DAGs
[2026-03-08T10:22:32.829+0000] {logging_mixin.py:188} INFO - [2026-03-08T10:22:32.829+0000] {dag.py:3947} INFO - Setting next_dagrun for etl_users_pipeline to None, run_after=None
[2026-03-08T10:22:32.844+0000] {processor.py:183} INFO - Processing /opt/airflow/dags/etl_users_dag.py took 0.129 seconds
[2026-03-08T10:23:03.077+0000] {processor.py:161} INFO - Started process (PID=7271) to work on /opt/airflow/dags/etl_users_dag.py
[2026-03-08T10:23:03.079+0000] {processor.py:830} INFO - Processing file /opt/airflow/dags/etl_users_dag.py for tasks to queue
[2026-03-08T10:23:03.083+0000] {logging_mixin.py:188} INFO - [2026-03-08T10:23:03.083+0000] {dagbag.py:545} INFO - Filling up the DagBag from /opt/airflow/dags/etl_users_dag.py
[2026-03-08T10:23:03.102+0000] {processor.py:840} INFO - DAG(s) 'etl_users_pipeline' retrieved from /opt/airflow/dags/etl_users_dag.py
[2026-03-08T10:23:03.143+0000] {logging_mixin.py:188} INFO - [2026-03-08T10:23:03.142+0000] {dag.py:3089} INFO - Sync 1 DAGs
[2026-03-08T10:23:03.162+0000] {logging_mixin.py:188} INFO - [2026-03-08T10:23:03.162+0000] {dag.py:3947} INFO - Setting next_dagrun for etl_users_pipeline to None, run_after=None
[2026-03-08T10:23:03.179+0000] {processor.py:183} INFO - Processing /opt/airflow/dags/etl_users_dag.py took 0.115 seconds
[2026-03-08T10:23:33.648+0000] {processor.py:161} INFO - Started process (PID=7281) to work on /opt/airflow/dags/etl_users_dag.py
[2026-03-08T10:23:33.651+0000] {processor.py:830} INFO - Processing file /opt/airflow/dags/etl_users_dag.py for tasks to queue
[2026-03-08T10:23:33.654+0000] {logging_mixin.py:188} INFO - [2026-03-08T10:23:33.654+0000] {dagbag.py:545} INFO - Filling up the DagBag from /opt/airflow/dags/etl_users_dag.py
[2026-03-08T10:23:33.681+0000] {processor.py:840} INFO - DAG(s) 'etl_users_pipeline' retrieved from /opt/airflow/dags/etl_users_dag.py
[2026-03-08T10:23:33.729+0000] {logging_mixin.py:188} INFO - [2026-03-08T10:23:33.728+0000] {dag.py:3089} INFO - Sync 1 DAGs
[2026-03-08T10:23:33.754+0000] {logging_mixin.py:188} INFO - [2026-03-08T10:23:33.754+0000] {dag.py:3947} INFO - Setting next_dagrun for etl_users_pipeline to None, run_after=None
[2026-03-08T10:23:33.773+0000] {processor.py:183} INFO - Processing /opt/airflow/dags/etl_users_dag.py took 0.146 seconds
[2026-03-08T10:24:04.150+0000] {processor.py:161} INFO - Started process (PID=7291) to work on /opt/airflow/dags/etl_users_dag.py
[2026-03-08T10:24:04.152+0000] {processor.py:830} INFO - Processing file /opt/airflow/dags/etl_users_dag.py for tasks to queue
[2026-03-08T10:24:04.157+0000] {logging_mixin.py:188} INFO - [2026-03-08T10:24:04.156+0000] {dagbag.py:545} INFO - Filling up the DagBag from /opt/airflow/dags/etl_users_dag.py
[2026-03-08T10:24:04.174+0000] {processor.py:840} INFO - DAG(s) 'etl_users_pipeline' retrieved from /opt/airflow/dags/etl_users_dag.py
[2026-03-08T10:24:04.221+0000] {logging_mixin.py:188} INFO - [2026-03-08T10:24:04.221+0000] {dag.py:3089} INFO - Sync 1 DAGs
[2026-03-08T10:24:04.232+0000] {logging_mixin.py:188} INFO - [2026-03-08T10:24:04.232+0000] {dag.py:3947} INFO - Setting next_dagrun for etl_users_pipeline to None, run_after=None
[2026-03-08T10:24:04.246+0000] {processor.py:183} INFO - Processing /opt/airflow/dags/etl_users_dag.py took 0.109 seconds
[2026-03-08T10:24:34.694+0000] {processor.py:161} INFO - Started process (PID=7301) to work on /opt/airflow/dags/etl_users_dag.py
[2026-03-08T10:24:34.697+0000] {processor.py:830} INFO - Processing file /opt/airflow/dags/etl_users_dag.py for tasks to queue
[2026-03-08T10:24:34.702+0000] {logging_mixin.py:188} INFO - [2026-03-08T10:24:34.701+0000] {dagbag.py:545} INFO - Filling up the DagBag from /opt/airflow/dags/etl_users_dag.py
[2026-03-08T10:24:34.719+0000] {processor.py:840} INFO - DAG(s) 'etl_users_pipeline' retrieved from /opt/airflow/dags/etl_users_dag.py
[2026-03-08T10:24:34.774+0000] {logging_mixin.py:188} INFO - [2026-03-08T10:24:34.774+0000] {dag.py:3089} INFO - Sync 1 DAGs
[2026-03-08T10:24:34.784+0000] {logging_mixin.py:188} INFO - [2026-03-08T10:24:34.783+0000] {dag.py:3947} INFO - Setting next_dagrun for etl_users_pipeline to None, run_after=None
[2026-03-08T10:24:34.799+0000] {processor.py:183} INFO - Processing /opt/airflow/dags/etl_users_dag.py took 0.132 seconds
[2026-03-08T10:25:05.405+0000] {processor.py:161} INFO - Started process (PID=7311) to work on /opt/airflow/dags/etl_users_dag.py
[2026-03-08T10:25:05.414+0000] {processor.py:830} INFO - Processing file /opt/airflow/dags/etl_users_dag.py for tasks to queue
[2026-03-08T10:25:05.439+0000] {logging_mixin.py:188} INFO - [2026-03-08T10:25:05.431+0000] {dagbag.py:545} INFO - Filling up the DagBag from /opt/airflow/dags/etl_users_dag.py
[2026-03-08T10:25:05.489+0000] {processor.py:840} INFO - DAG(s) 'etl_users_pipeline' retrieved from /opt/airflow/dags/etl_users_dag.py
[2026-03-08T10:25:05.561+0000] {logging_mixin.py:188} INFO - [2026-03-08T10:25:05.561+0000] {dag.py:3089} INFO - Sync 1 DAGs
[2026-03-08T10:25:05.577+0000] {logging_mixin.py:188} INFO - [2026-03-08T10:25:05.577+0000] {dag.py:3947} INFO - Setting next_dagrun for etl_users_pipeline to None, run_after=None
[2026-03-08T10:25:05.599+0000] {processor.py:183} INFO - Processing /opt/airflow/dags/etl_users_dag.py took 0.247 seconds
[2026-03-08T10:25:35.790+0000] {processor.py:161} INFO - Started process (PID=7321) to work on /opt/airflow/dags/etl_users_dag.py
[2026-03-08T10:25:35.793+0000] {processor.py:830} INFO - Processing file /opt/airflow/dags/etl_users_dag.py for tasks to queue
[2026-03-08T10:25:35.797+0000] {logging_mixin.py:188} INFO - [2026-03-08T10:25:35.797+0000] {dagbag.py:545} INFO - Filling up the DagBag from /opt/airflow/dags/etl_users_dag.py
[2026-03-08T10:25:35.815+0000] {processor.py:840} INFO - DAG(s) 'etl_users_pipeline' retrieved from /opt/airflow/dags/etl_users_dag.py
[2026-03-08T10:25:35.917+0000] {logging_mixin.py:188} INFO - [2026-03-08T10:25:35.917+0000] {dag.py:3089} INFO - Sync 1 DAGs
[2026-03-08T10:25:35.931+0000] {logging_mixin.py:188} INFO - [2026-03-08T10:25:35.931+0000] {dag.py:3947} INFO - Setting next_dagrun for etl_users_pipeline to None, run_after=None
[2026-03-08T10:25:35.963+0000] {processor.py:183} INFO - Processing /opt/airflow/dags/etl_users_dag.py took 0.202 seconds
[2026-03-08T10:26:06.437+0000] {processor.py:161} INFO - Started process (PID=7331) to work on /opt/airflow/dags/etl_users_dag.py
[2026-03-08T10:26:06.439+0000] {processor.py:830} INFO - Processing file /opt/airflow/dags/etl_users_dag.py for tasks to queue
[2026-03-08T10:26:06.443+0000] {logging_mixin.py:188} INFO - [2026-03-08T10:26:06.443+0000] {dagbag.py:545} INFO - Filling up the DagBag from /opt/airflow/dags/etl_users_dag.py
[2026-03-08T10:26:06.462+0000] {processor.py:840} INFO - DAG(s) 'etl_users_pipeline' retrieved from /opt/airflow/dags/etl_users_dag.py
[2026-03-08T10:26:06.509+0000] {logging_mixin.py:188} INFO - [2026-03-08T10:26:06.509+0000] {dag.py:3089} INFO - Sync 1 DAGs
[2026-03-08T10:26:06.521+0000] {logging_mixin.py:188} INFO - [2026-03-08T10:26:06.520+0000] {dag.py:3947} INFO - Setting next_dagrun for etl_users_pipeline to None, run_after=None
[2026-03-08T10:26:06.536+0000] {processor.py:183} INFO - Processing /opt/airflow/dags/etl_users_dag.py took 0.111 seconds
[2026-03-08T10:26:36.812+0000] {processor.py:161} INFO - Started process (PID=7341) to work on /opt/airflow/dags/etl_users_dag.py
[2026-03-08T10:26:36.814+0000] {processor.py:830} INFO - Processing file /opt/airflow/dags/etl_users_dag.py for tasks to queue
[2026-03-08T10:26:36.817+0000] {logging_mixin.py:188} INFO - [2026-03-08T10:26:36.817+0000] {dagbag.py:545} INFO - Filling up the DagBag from /opt/airflow/dags/etl_users_dag.py
[2026-03-08T10:26:36.832+0000] {processor.py:840} INFO - DAG(s) 'etl_users_pipeline' retrieved from /opt/airflow/dags/etl_users_dag.py
[2026-03-08T10:26:36.879+0000] {logging_mixin.py:188} INFO - [2026-03-08T10:26:36.879+0000] {dag.py:3089} INFO - Sync 1 DAGs
[2026-03-08T10:26:36.892+0000] {logging_mixin.py:188} INFO - [2026-03-08T10:26:36.892+0000] {dag.py:3947} INFO - Setting next_dagrun for etl_users_pipeline to None, run_after=None
[2026-03-08T10:26:36.909+0000] {processor.py:183} INFO - Processing /opt/airflow/dags/etl_users_dag.py took 0.116 seconds
[2026-03-08T10:27:07.574+0000] {processor.py:161} INFO - Started process (PID=7351) to work on /opt/airflow/dags/etl_users_dag.py
[2026-03-08T10:27:07.577+0000] {processor.py:830} INFO - Processing file /opt/airflow/dags/etl_users_dag.py for tasks to queue
[2026-03-08T10:27:07.580+0000] {logging_mixin.py:188} INFO - [2026-03-08T10:27:07.579+0000] {dagbag.py:545} INFO - Filling up the DagBag from /opt/airflow/dags/etl_users_dag.py
[2026-03-08T10:27:07.605+0000] {processor.py:840} INFO - DAG(s) 'etl_users_pipeline' retrieved from /opt/airflow/dags/etl_users_dag.py
[2026-03-08T10:27:07.658+0000] {logging_mixin.py:188} INFO - [2026-03-08T10:27:07.658+0000] {dag.py:3089} INFO - Sync 1 DAGs
[2026-03-08T10:27:07.671+0000] {logging_mixin.py:188} INFO - [2026-03-08T10:27:07.671+0000] {dag.py:3947} INFO - Setting next_dagrun for etl_users_pipeline to None, run_after=None
[2026-03-08T10:27:07.687+0000] {processor.py:183} INFO - Processing /opt/airflow/dags/etl_users_dag.py took 0.126 seconds
[2026-03-08T10:27:38.157+0000] {processor.py:161} INFO - Started process (PID=7372) to work on /opt/airflow/dags/etl_users_dag.py
[2026-03-08T10:27:38.166+0000] {processor.py:830} INFO - Processing file /opt/airflow/dags/etl_users_dag.py for tasks to queue
[2026-03-08T10:27:38.174+0000] {logging_mixin.py:188} INFO - [2026-03-08T10:27:38.172+0000] {dagbag.py:545} INFO - Filling up the DagBag from /opt/airflow/dags/etl_users_dag.py
[2026-03-08T10:27:38.230+0000] {processor.py:840} INFO - DAG(s) 'etl_users_pipeline' retrieved from /opt/airflow/dags/etl_users_dag.py
[2026-03-08T10:27:38.321+0000] {logging_mixin.py:188} INFO - [2026-03-08T10:27:38.320+0000] {dag.py:3089} INFO - Sync 1 DAGs
[2026-03-08T10:27:38.380+0000] {logging_mixin.py:188} INFO - [2026-03-08T10:27:38.380+0000] {dag.py:3947} INFO - Setting next_dagrun for etl_users_pipeline to None, run_after=None
[2026-03-08T10:27:38.426+0000] {processor.py:183} INFO - Processing /opt/airflow/dags/etl_users_dag.py took 0.327 seconds
[2026-03-08T10:28:08.823+0000] {processor.py:161} INFO - Started process (PID=7382) to work on /opt/airflow/dags/etl_users_dag.py
[2026-03-08T10:28:08.825+0000] {processor.py:830} INFO - Processing file /opt/airflow/dags/etl_users_dag.py for tasks to queue
[2026-03-08T10:28:08.829+0000] {logging_mixin.py:188} INFO - [2026-03-08T10:28:08.829+0000] {dagbag.py:545} INFO - Filling up the DagBag from /opt/airflow/dags/etl_users_dag.py
[2026-03-08T10:28:08.868+0000] {processor.py:840} INFO - DAG(s) 'etl_users_pipeline' retrieved from /opt/airflow/dags/etl_users_dag.py
[2026-03-08T10:28:08.923+0000] {logging_mixin.py:188} INFO - [2026-03-08T10:28:08.922+0000] {dag.py:3089} INFO - Sync 1 DAGs
[2026-03-08T10:28:08.942+0000] {logging_mixin.py:188} INFO - [2026-03-08T10:28:08.942+0000] {dag.py:3947} INFO - Setting next_dagrun for etl_users_pipeline to None, run_after=None
[2026-03-08T10:28:08.961+0000] {processor.py:183} INFO - Processing /opt/airflow/dags/etl_users_dag.py took 0.151 seconds
[2026-03-08T10:28:39.264+0000] {processor.py:161} INFO - Started process (PID=7392) to work on /opt/airflow/dags/etl_users_dag.py
[2026-03-08T10:28:39.269+0000] {processor.py:830} INFO - Processing file /opt/airflow/dags/etl_users_dag.py for tasks to queue
[2026-03-08T10:28:39.274+0000] {logging_mixin.py:188} INFO - [2026-03-08T10:28:39.274+0000] {dagbag.py:545} INFO - Filling up the DagBag from /opt/airflow/dags/etl_users_dag.py
[2026-03-08T10:28:39.296+0000] {processor.py:840} INFO - DAG(s) 'etl_users_pipeline' retrieved from /opt/airflow/dags/etl_users_dag.py
[2026-03-08T10:28:39.366+0000] {logging_mixin.py:188} INFO - [2026-03-08T10:28:39.366+0000] {dag.py:3089} INFO - Sync 1 DAGs
[2026-03-08T10:28:39.386+0000] {logging_mixin.py:188} INFO - [2026-03-08T10:28:39.386+0000] {dag.py:3947} INFO - Setting next_dagrun for etl_users_pipeline to None, run_after=None
[2026-03-08T10:28:39.408+0000] {processor.py:183} INFO - Processing /opt/airflow/dags/etl_users_dag.py took 0.165 seconds
[2026-03-08T10:29:09.748+0000] {processor.py:161} INFO - Started process (PID=7402) to work on /opt/airflow/dags/etl_users_dag.py
[2026-03-08T10:29:09.752+0000] {processor.py:830} INFO - Processing file /opt/airflow/dags/etl_users_dag.py for tasks to queue
[2026-03-08T10:29:09.755+0000] {logging_mixin.py:188} INFO - [2026-03-08T10:29:09.755+0000] {dagbag.py:545} INFO - Filling up the DagBag from /opt/airflow/dags/etl_users_dag.py
[2026-03-08T10:29:09.790+0000] {processor.py:840} INFO - DAG(s) 'etl_users_pipeline' retrieved from /opt/airflow/dags/etl_users_dag.py
[2026-03-08T10:29:09.852+0000] {logging_mixin.py:188} INFO - [2026-03-08T10:29:09.852+0000] {dag.py:3089} INFO - Sync 1 DAGs
[2026-03-08T10:29:09.867+0000] {logging_mixin.py:188} INFO - [2026-03-08T10:29:09.866+0000] {dag.py:3947} INFO - Setting next_dagrun for etl_users_pipeline to None, run_after=None
[2026-03-08T10:29:09.882+0000] {processor.py:183} INFO - Processing /opt/airflow/dags/etl_users_dag.py took 0.149 seconds
[2026-03-08T10:29:40.193+0000] {processor.py:161} INFO - Started process (PID=7412) to work on /opt/airflow/dags/etl_users_dag.py
[2026-03-08T10:29:40.195+0000] {processor.py:830} INFO - Processing file /opt/airflow/dags/etl_users_dag.py for tasks to queue
[2026-03-08T10:29:40.200+0000] {logging_mixin.py:188} INFO - [2026-03-08T10:29:40.200+0000] {dagbag.py:545} INFO - Filling up the DagBag from /opt/airflow/dags/etl_users_dag.py
[2026-03-08T10:29:40.224+0000] {processor.py:840} INFO - DAG(s) 'etl_users_pipeline' retrieved from /opt/airflow/dags/etl_users_dag.py
[2026-03-08T10:29:40.270+0000] {logging_mixin.py:188} INFO - [2026-03-08T10:29:40.270+0000] {dag.py:3089} INFO - Sync 1 DAGs
[2026-03-08T10:29:40.284+0000] {logging_mixin.py:188} INFO - [2026-03-08T10:29:40.284+0000] {dag.py:3947} INFO - Setting next_dagrun for etl_users_pipeline to None, run_after=None
[2026-03-08T10:29:40.302+0000] {processor.py:183} INFO - Processing /opt/airflow/dags/etl_users_dag.py took 0.136 seconds
[2026-03-08T10:30:10.783+0000] {processor.py:161} INFO - Started process (PID=7422) to work on /opt/airflow/dags/etl_users_dag.py
[2026-03-08T10:30:10.786+0000] {processor.py:830} INFO - Processing file /opt/airflow/dags/etl_users_dag.py for tasks to queue
[2026-03-08T10:30:10.796+0000] {logging_mixin.py:188} INFO - [2026-03-08T10:30:10.795+0000] {dagbag.py:545} INFO - Filling up the DagBag from /opt/airflow/dags/etl_users_dag.py
[2026-03-08T10:30:10.822+0000] {processor.py:840} INFO - DAG(s) 'etl_users_pipeline' retrieved from /opt/airflow/dags/etl_users_dag.py
[2026-03-08T10:30:10.878+0000] {logging_mixin.py:188} INFO - [2026-03-08T10:30:10.878+0000] {dag.py:3089} INFO - Sync 1 DAGs
[2026-03-08T10:30:10.892+0000] {logging_mixin.py:188} INFO - [2026-03-08T10:30:10.892+0000] {dag.py:3947} INFO - Setting next_dagrun for etl_users_pipeline to None, run_after=None
[2026-03-08T10:30:10.917+0000] {processor.py:183} INFO - Processing /opt/airflow/dags/etl_users_dag.py took 0.151 seconds
[2026-03-08T10:30:41.300+0000] {processor.py:161} INFO - Started process (PID=7432) to work on /opt/airflow/dags/etl_users_dag.py
[2026-03-08T10:30:41.303+0000] {processor.py:830} INFO - Processing file /opt/airflow/dags/etl_users_dag.py for tasks to queue
[2026-03-08T10:30:41.307+0000] {logging_mixin.py:188} INFO - [2026-03-08T10:30:41.306+0000] {dagbag.py:545} INFO - Filling up the DagBag from /opt/airflow/dags/etl_users_dag.py
[2026-03-08T10:30:41.330+0000] {processor.py:840} INFO - DAG(s) 'etl_users_pipeline' retrieved from /opt/airflow/dags/etl_users_dag.py
[2026-03-08T10:30:41.382+0000] {logging_mixin.py:188} INFO - [2026-03-08T10:30:41.382+0000] {dag.py:3089} INFO - Sync 1 DAGs
[2026-03-08T10:30:41.395+0000] {logging_mixin.py:188} INFO - [2026-03-08T10:30:41.395+0000] {dag.py:3947} INFO - Setting next_dagrun for etl_users_pipeline to None, run_after=None
[2026-03-08T10:30:41.410+0000] {processor.py:183} INFO - Processing /opt/airflow/dags/etl_users_dag.py took 0.130 seconds
[2026-03-08T10:31:11.940+0000] {processor.py:161} INFO - Started process (PID=7442) to work on /opt/airflow/dags/etl_users_dag.py
[2026-03-08T10:31:11.944+0000] {processor.py:830} INFO - Processing file /opt/airflow/dags/etl_users_dag.py for tasks to queue
[2026-03-08T10:31:11.948+0000] {logging_mixin.py:188} INFO - [2026-03-08T10:31:11.947+0000] {dagbag.py:545} INFO - Filling up the DagBag from /opt/airflow/dags/etl_users_dag.py
[2026-03-08T10:31:11.969+0000] {processor.py:840} INFO - DAG(s) 'etl_users_pipeline' retrieved from /opt/airflow/dags/etl_users_dag.py
[2026-03-08T10:31:12.030+0000] {logging_mixin.py:188} INFO - [2026-03-08T10:31:12.030+0000] {dag.py:3089} INFO - Sync 1 DAGs
[2026-03-08T10:31:12.043+0000] {logging_mixin.py:188} INFO - [2026-03-08T10:31:12.043+0000] {dag.py:3947} INFO - Setting next_dagrun for etl_users_pipeline to None, run_after=None
[2026-03-08T10:31:12.063+0000] {processor.py:183} INFO - Processing /opt/airflow/dags/etl_users_dag.py took 0.136 seconds
[2026-03-08T10:31:42.513+0000] {processor.py:161} INFO - Started process (PID=7452) to work on /opt/airflow/dags/etl_users_dag.py
[2026-03-08T10:31:42.516+0000] {processor.py:830} INFO - Processing file /opt/airflow/dags/etl_users_dag.py for tasks to queue
[2026-03-08T10:31:42.519+0000] {logging_mixin.py:188} INFO - [2026-03-08T10:31:42.519+0000] {dagbag.py:545} INFO - Filling up the DagBag from /opt/airflow/dags/etl_users_dag.py
[2026-03-08T10:31:42.547+0000] {processor.py:840} INFO - DAG(s) 'etl_users_pipeline' retrieved from /opt/airflow/dags/etl_users_dag.py
[2026-03-08T10:31:42.611+0000] {logging_mixin.py:188} INFO - [2026-03-08T10:31:42.610+0000] {dag.py:3089} INFO - Sync 1 DAGs
[2026-03-08T10:31:42.626+0000] {logging_mixin.py:188} INFO - [2026-03-08T10:31:42.626+0000] {dag.py:3947} INFO - Setting next_dagrun for etl_users_pipeline to None, run_after=None
[2026-03-08T10:31:42.643+0000] {processor.py:183} INFO - Processing /opt/airflow/dags/etl_users_dag.py took 0.163 seconds
[2026-03-08T10:32:13.103+0000] {processor.py:161} INFO - Started process (PID=7462) to work on /opt/airflow/dags/etl_users_dag.py
[2026-03-08T10:32:13.107+0000] {processor.py:830} INFO - Processing file /opt/airflow/dags/etl_users_dag.py for tasks to queue
[2026-03-08T10:32:13.110+0000] {logging_mixin.py:188} INFO - [2026-03-08T10:32:13.109+0000] {dagbag.py:545} INFO - Filling up the DagBag from /opt/airflow/dags/etl_users_dag.py
[2026-03-08T10:32:13.131+0000] {processor.py:840} INFO - DAG(s) 'etl_users_pipeline' retrieved from /opt/airflow/dags/etl_users_dag.py
[2026-03-08T10:32:13.187+0000] {logging_mixin.py:188} INFO - [2026-03-08T10:32:13.187+0000] {dag.py:3089} INFO - Sync 1 DAGs
[2026-03-08T10:32:13.201+0000] {logging_mixin.py:188} INFO - [2026-03-08T10:32:13.201+0000] {dag.py:3947} INFO - Setting next_dagrun for etl_users_pipeline to None, run_after=None
[2026-03-08T10:32:13.214+0000] {processor.py:183} INFO - Processing /opt/airflow/dags/etl_users_dag.py took 0.145 seconds
[2026-03-08T10:32:43.614+0000] {processor.py:161} INFO - Started process (PID=7472) to work on /opt/airflow/dags/etl_users_dag.py
[2026-03-08T10:32:43.617+0000] {processor.py:830} INFO - Processing file /opt/airflow/dags/etl_users_dag.py for tasks to queue
[2026-03-08T10:32:43.620+0000] {logging_mixin.py:188} INFO - [2026-03-08T10:32:43.620+0000] {dagbag.py:545} INFO - Filling up the DagBag from /opt/airflow/dags/etl_users_dag.py
[2026-03-08T10:32:43.654+0000] {processor.py:840} INFO - DAG(s) 'etl_users_pipeline' retrieved from /opt/airflow/dags/etl_users_dag.py
[2026-03-08T10:32:43.718+0000] {logging_mixin.py:188} INFO - [2026-03-08T10:32:43.717+0000] {dag.py:3089} INFO - Sync 1 DAGs
[2026-03-08T10:32:43.732+0000] {logging_mixin.py:188} INFO - [2026-03-08T10:32:43.732+0000] {dag.py:3947} INFO - Setting next_dagrun for etl_users_pipeline to None, run_after=None
[2026-03-08T10:32:43.754+0000] {processor.py:183} INFO - Processing /opt/airflow/dags/etl_users_dag.py took 0.154 seconds
[2026-03-08T10:33:14.090+0000] {processor.py:161} INFO - Started process (PID=7482) to work on /opt/airflow/dags/etl_users_dag.py
[2026-03-08T10:33:14.099+0000] {processor.py:830} INFO - Processing file /opt/airflow/dags/etl_users_dag.py for tasks to queue
[2026-03-08T10:33:14.103+0000] {logging_mixin.py:188} INFO - [2026-03-08T10:33:14.102+0000] {dagbag.py:545} INFO - Filling up the DagBag from /opt/airflow/dags/etl_users_dag.py
[2026-03-08T10:33:14.135+0000] {processor.py:840} INFO - DAG(s) 'etl_users_pipeline' retrieved from /opt/airflow/dags/etl_users_dag.py
[2026-03-08T10:33:14.210+0000] {logging_mixin.py:188} INFO - [2026-03-08T10:33:14.210+0000] {dag.py:3089} INFO - Sync 1 DAGs
[2026-03-08T10:33:14.236+0000] {logging_mixin.py:188} INFO - [2026-03-08T10:33:14.236+0000] {dag.py:3947} INFO - Setting next_dagrun for etl_users_pipeline to None, run_after=None
[2026-03-08T10:33:14.287+0000] {processor.py:183} INFO - Processing /opt/airflow/dags/etl_users_dag.py took 0.213 seconds
[2026-03-08T10:33:44.481+0000] {processor.py:161} INFO - Started process (PID=7492) to work on /opt/airflow/dags/etl_users_dag.py
[2026-03-08T10:33:44.483+0000] {processor.py:830} INFO - Processing file /opt/airflow/dags/etl_users_dag.py for tasks to queue
[2026-03-08T10:33:44.488+0000] {logging_mixin.py:188} INFO - [2026-03-08T10:33:44.488+0000] {dagbag.py:545} INFO - Filling up the DagBag from /opt/airflow/dags/etl_users_dag.py
[2026-03-08T10:33:44.510+0000] {processor.py:840} INFO - DAG(s) 'etl_users_pipeline' retrieved from /opt/airflow/dags/etl_users_dag.py
[2026-03-08T10:33:44.565+0000] {logging_mixin.py:188} INFO - [2026-03-08T10:33:44.565+0000] {dag.py:3089} INFO - Sync 1 DAGs
[2026-03-08T10:33:44.582+0000] {logging_mixin.py:188} INFO - [2026-03-08T10:33:44.582+0000] {dag.py:3947} INFO - Setting next_dagrun for etl_users_pipeline to None, run_after=None
[2026-03-08T10:33:44.599+0000] {processor.py:183} INFO - Processing /opt/airflow/dags/etl_users_dag.py took 0.135 seconds
[2026-03-08T10:34:14.971+0000] {processor.py:161} INFO - Started process (PID=7502) to work on /opt/airflow/dags/etl_users_dag.py
[2026-03-08T10:34:14.975+0000] {processor.py:830} INFO - Processing file /opt/airflow/dags/etl_users_dag.py for tasks to queue
[2026-03-08T10:34:14.978+0000] {logging_mixin.py:188} INFO - [2026-03-08T10:34:14.978+0000] {dagbag.py:545} INFO - Filling up the DagBag from /opt/airflow/dags/etl_users_dag.py
[2026-03-08T10:34:15.001+0000] {processor.py:840} INFO - DAG(s) 'etl_users_pipeline' retrieved from /opt/airflow/dags/etl_users_dag.py
[2026-03-08T10:34:15.061+0000] {logging_mixin.py:188} INFO - [2026-03-08T10:34:15.061+0000] {dag.py:3089} INFO - Sync 1 DAGs
[2026-03-08T10:34:15.075+0000] {logging_mixin.py:188} INFO - [2026-03-08T10:34:15.075+0000] {dag.py:3947} INFO - Setting next_dagrun for etl_users_pipeline to None, run_after=None
[2026-03-08T10:34:15.092+0000] {processor.py:183} INFO - Processing /opt/airflow/dags/etl_users_dag.py took 0.149 seconds
[2026-03-08T10:34:45.424+0000] {processor.py:161} INFO - Started process (PID=7512) to work on /opt/airflow/dags/etl_users_dag.py
[2026-03-08T10:34:45.426+0000] {processor.py:830} INFO - Processing file /opt/airflow/dags/etl_users_dag.py for tasks to queue
[2026-03-08T10:34:45.430+0000] {logging_mixin.py:188} INFO - [2026-03-08T10:34:45.430+0000] {dagbag.py:545} INFO - Filling up the DagBag from /opt/airflow/dags/etl_users_dag.py
[2026-03-08T10:34:45.450+0000] {processor.py:840} INFO - DAG(s) 'etl_users_pipeline' retrieved from /opt/airflow/dags/etl_users_dag.py
[2026-03-08T10:34:45.534+0000] {logging_mixin.py:188} INFO - [2026-03-08T10:34:45.534+0000] {dag.py:3089} INFO - Sync 1 DAGs
[2026-03-08T10:34:45.550+0000] {logging_mixin.py:188} INFO - [2026-03-08T10:34:45.550+0000] {dag.py:3947} INFO - Setting next_dagrun for etl_users_pipeline to None, run_after=None
[2026-03-08T10:34:45.570+0000] {processor.py:183} INFO - Processing /opt/airflow/dags/etl_users_dag.py took 0.179 seconds
[2026-03-08T10:35:16.175+0000] {processor.py:161} INFO - Started process (PID=7522) to work on /opt/airflow/dags/etl_users_dag.py
[2026-03-08T10:35:16.177+0000] {processor.py:830} INFO - Processing file /opt/airflow/dags/etl_users_dag.py for tasks to queue
[2026-03-08T10:35:16.187+0000] {logging_mixin.py:188} INFO - [2026-03-08T10:35:16.186+0000] {dagbag.py:545} INFO - Filling up the DagBag from /opt/airflow/dags/etl_users_dag.py
[2026-03-08T10:35:16.216+0000] {processor.py:840} INFO - DAG(s) 'etl_users_pipeline' retrieved from /opt/airflow/dags/etl_users_dag.py
[2026-03-08T10:35:16.281+0000] {logging_mixin.py:188} INFO - [2026-03-08T10:35:16.281+0000] {dag.py:3089} INFO - Sync 1 DAGs
[2026-03-08T10:35:16.300+0000] {logging_mixin.py:188} INFO - [2026-03-08T10:35:16.300+0000] {dag.py:3947} INFO - Setting next_dagrun for etl_users_pipeline to None, run_after=None
[2026-03-08T10:35:16.317+0000] {processor.py:183} INFO - Processing /opt/airflow/dags/etl_users_dag.py took 0.170 seconds
[2026-03-08T10:35:46.813+0000] {processor.py:161} INFO - Started process (PID=7532) to work on /opt/airflow/dags/etl_users_dag.py
[2026-03-08T10:35:46.817+0000] {processor.py:830} INFO - Processing file /opt/airflow/dags/etl_users_dag.py for tasks to queue
[2026-03-08T10:35:46.827+0000] {logging_mixin.py:188} INFO - [2026-03-08T10:35:46.827+0000] {dagbag.py:545} INFO - Filling up the DagBag from /opt/airflow/dags/etl_users_dag.py
[2026-03-08T10:35:46.854+0000] {processor.py:840} INFO - DAG(s) 'etl_users_pipeline' retrieved from /opt/airflow/dags/etl_users_dag.py
[2026-03-08T10:35:46.911+0000] {logging_mixin.py:188} INFO - [2026-03-08T10:35:46.911+0000] {dag.py:3089} INFO - Sync 1 DAGs
[2026-03-08T10:35:46.928+0000] {logging_mixin.py:188} INFO - [2026-03-08T10:35:46.927+0000] {dag.py:3947} INFO - Setting next_dagrun for etl_users_pipeline to None, run_after=None
[2026-03-08T10:35:46.956+0000] {processor.py:183} INFO - Processing /opt/airflow/dags/etl_users_dag.py took 0.164 seconds
[2026-03-08T10:36:17.374+0000] {processor.py:161} INFO - Started process (PID=7542) to work on /opt/airflow/dags/etl_users_dag.py
[2026-03-08T10:36:17.377+0000] {processor.py:830} INFO - Processing file /opt/airflow/dags/etl_users_dag.py for tasks to queue
[2026-03-08T10:36:17.380+0000] {logging_mixin.py:188} INFO - [2026-03-08T10:36:17.380+0000] {dagbag.py:545} INFO - Filling up the DagBag from /opt/airflow/dags/etl_users_dag.py
[2026-03-08T10:36:17.413+0000] {processor.py:840} INFO - DAG(s) 'etl_users_pipeline' retrieved from /opt/airflow/dags/etl_users_dag.py
[2026-03-08T10:36:17.472+0000] {logging_mixin.py:188} INFO - [2026-03-08T10:36:17.472+0000] {dag.py:3089} INFO - Sync 1 DAGs
[2026-03-08T10:36:17.487+0000] {logging_mixin.py:188} INFO - [2026-03-08T10:36:17.487+0000] {dag.py:3947} INFO - Setting next_dagrun for etl_users_pipeline to None, run_after=None
[2026-03-08T10:36:17.512+0000] {processor.py:183} INFO - Processing /opt/airflow/dags/etl_users_dag.py took 0.154 seconds
[2026-03-08T10:36:47.775+0000] {processor.py:161} INFO - Started process (PID=7552) to work on /opt/airflow/dags/etl_users_dag.py
[2026-03-08T10:36:47.781+0000] {processor.py:830} INFO - Processing file /opt/airflow/dags/etl_users_dag.py for tasks to queue
[2026-03-08T10:36:47.786+0000] {logging_mixin.py:188} INFO - [2026-03-08T10:36:47.786+0000] {dagbag.py:545} INFO - Filling up the DagBag from /opt/airflow/dags/etl_users_dag.py
[2026-03-08T10:36:47.808+0000] {processor.py:840} INFO - DAG(s) 'etl_users_pipeline' retrieved from /opt/airflow/dags/etl_users_dag.py
[2026-03-08T10:36:47.862+0000] {logging_mixin.py:188} INFO - [2026-03-08T10:36:47.862+0000] {dag.py:3089} INFO - Sync 1 DAGs
[2026-03-08T10:36:47.878+0000] {logging_mixin.py:188} INFO - [2026-03-08T10:36:47.878+0000] {dag.py:3947} INFO - Setting next_dagrun for etl_users_pipeline to None, run_after=None
[2026-03-08T10:36:47.898+0000] {processor.py:183} INFO - Processing /opt/airflow/dags/etl_users_dag.py took 0.153 seconds
[2026-03-08T10:37:18.274+0000] {processor.py:161} INFO - Started process (PID=7562) to work on /opt/airflow/dags/etl_users_dag.py
[2026-03-08T10:37:18.276+0000] {processor.py:830} INFO - Processing file /opt/airflow/dags/etl_users_dag.py for tasks to queue
[2026-03-08T10:37:18.280+0000] {logging_mixin.py:188} INFO - [2026-03-08T10:37:18.280+0000] {dagbag.py:545} INFO - Filling up the DagBag from /opt/airflow/dags/etl_users_dag.py
[2026-03-08T10:37:18.299+0000] {processor.py:840} INFO - DAG(s) 'etl_users_pipeline' retrieved from /opt/airflow/dags/etl_users_dag.py
[2026-03-08T10:37:18.357+0000] {logging_mixin.py:188} INFO - [2026-03-08T10:37:18.356+0000] {dag.py:3089} INFO - Sync 1 DAGs
[2026-03-08T10:37:18.369+0000] {logging_mixin.py:188} INFO - [2026-03-08T10:37:18.369+0000] {dag.py:3947} INFO - Setting next_dagrun for etl_users_pipeline to None, run_after=None
[2026-03-08T10:37:18.387+0000] {processor.py:183} INFO - Processing /opt/airflow/dags/etl_users_dag.py took 0.138 seconds
[2026-03-08T10:37:48.794+0000] {processor.py:161} INFO - Started process (PID=7572) to work on /opt/airflow/dags/etl_users_dag.py
[2026-03-08T10:37:48.797+0000] {processor.py:830} INFO - Processing file /opt/airflow/dags/etl_users_dag.py for tasks to queue
[2026-03-08T10:37:48.801+0000] {logging_mixin.py:188} INFO - [2026-03-08T10:37:48.800+0000] {dagbag.py:545} INFO - Filling up the DagBag from /opt/airflow/dags/etl_users_dag.py
[2026-03-08T10:37:48.834+0000] {processor.py:840} INFO - DAG(s) 'etl_users_pipeline' retrieved from /opt/airflow/dags/etl_users_dag.py
[2026-03-08T10:37:48.899+0000] {logging_mixin.py:188} INFO - [2026-03-08T10:37:48.899+0000] {dag.py:3089} INFO - Sync 1 DAGs
[2026-03-08T10:37:48.920+0000] {logging_mixin.py:188} INFO - [2026-03-08T10:37:48.920+0000] {dag.py:3947} INFO - Setting next_dagrun for etl_users_pipeline to None, run_after=None
[2026-03-08T10:37:48.948+0000] {processor.py:183} INFO - Processing /opt/airflow/dags/etl_users_dag.py took 0.181 seconds
[2026-03-08T10:38:19.293+0000] {processor.py:161} INFO - Started process (PID=7582) to work on /opt/airflow/dags/etl_users_dag.py
[2026-03-08T10:38:19.298+0000] {processor.py:830} INFO - Processing file /opt/airflow/dags/etl_users_dag.py for tasks to queue
[2026-03-08T10:38:19.302+0000] {logging_mixin.py:188} INFO - [2026-03-08T10:38:19.302+0000] {dagbag.py:545} INFO - Filling up the DagBag from /opt/airflow/dags/etl_users_dag.py
[2026-03-08T10:38:19.331+0000] {processor.py:840} INFO - DAG(s) 'etl_users_pipeline' retrieved from /opt/airflow/dags/etl_users_dag.py
[2026-03-08T10:38:19.432+0000] {logging_mixin.py:188} INFO - [2026-03-08T10:38:19.432+0000] {dag.py:3089} INFO - Sync 1 DAGs
[2026-03-08T10:38:19.449+0000] {logging_mixin.py:188} INFO - [2026-03-08T10:38:19.449+0000] {dag.py:3947} INFO - Setting next_dagrun for etl_users_pipeline to None, run_after=None
[2026-03-08T10:38:19.487+0000] {processor.py:183} INFO - Processing /opt/airflow/dags/etl_users_dag.py took 0.229 seconds
[2026-03-08T10:38:49.978+0000] {processor.py:161} INFO - Started process (PID=7592) to work on /opt/airflow/dags/etl_users_dag.py
[2026-03-08T10:38:49.982+0000] {processor.py:830} INFO - Processing file /opt/airflow/dags/etl_users_dag.py for tasks to queue
[2026-03-08T10:38:49.984+0000] {logging_mixin.py:188} INFO - [2026-03-08T10:38:49.984+0000] {dagbag.py:545} INFO - Filling up the DagBag from /opt/airflow/dags/etl_users_dag.py
[2026-03-08T10:38:50.000+0000] {processor.py:840} INFO - DAG(s) 'etl_users_pipeline' retrieved from /opt/airflow/dags/etl_users_dag.py
[2026-03-08T10:38:50.038+0000] {logging_mixin.py:188} INFO - [2026-03-08T10:38:50.038+0000] {dag.py:3089} INFO - Sync 1 DAGs
[2026-03-08T10:38:50.057+0000] {logging_mixin.py:188} INFO - [2026-03-08T10:38:50.057+0000] {dag.py:3947} INFO - Setting next_dagrun for etl_users_pipeline to None, run_after=None
[2026-03-08T10:38:50.073+0000] {processor.py:183} INFO - Processing /opt/airflow/dags/etl_users_dag.py took 0.118 seconds
[2026-03-08T10:39:20.419+0000] {processor.py:161} INFO - Started process (PID=7602) to work on /opt/airflow/dags/etl_users_dag.py
[2026-03-08T10:39:20.422+0000] {processor.py:830} INFO - Processing file /opt/airflow/dags/etl_users_dag.py for tasks to queue
[2026-03-08T10:39:20.426+0000] {logging_mixin.py:188} INFO - [2026-03-08T10:39:20.425+0000] {dagbag.py:545} INFO - Filling up the DagBag from /opt/airflow/dags/etl_users_dag.py
[2026-03-08T10:39:20.450+0000] {processor.py:840} INFO - DAG(s) 'etl_users_pipeline' retrieved from /opt/airflow/dags/etl_users_dag.py
[2026-03-08T10:39:20.493+0000] {logging_mixin.py:188} INFO - [2026-03-08T10:39:20.493+0000] {dag.py:3089} INFO - Sync 1 DAGs
[2026-03-08T10:39:20.505+0000] {logging_mixin.py:188} INFO - [2026-03-08T10:39:20.505+0000] {dag.py:3947} INFO - Setting next_dagrun for etl_users_pipeline to None, run_after=None
[2026-03-08T10:39:20.520+0000] {processor.py:183} INFO - Processing /opt/airflow/dags/etl_users_dag.py took 0.128 seconds
[2026-03-08T10:39:51.005+0000] {processor.py:161} INFO - Started process (PID=7612) to work on /opt/airflow/dags/etl_users_dag.py
[2026-03-08T10:39:51.009+0000] {processor.py:830} INFO - Processing file /opt/airflow/dags/etl_users_dag.py for tasks to queue
[2026-03-08T10:39:51.013+0000] {logging_mixin.py:188} INFO - [2026-03-08T10:39:51.012+0000] {dagbag.py:545} INFO - Filling up the DagBag from /opt/airflow/dags/etl_users_dag.py
[2026-03-08T10:39:51.049+0000] {processor.py:840} INFO - DAG(s) 'etl_users_pipeline' retrieved from /opt/airflow/dags/etl_users_dag.py
[2026-03-08T10:39:51.129+0000] {logging_mixin.py:188} INFO - [2026-03-08T10:39:51.128+0000] {dag.py:3089} INFO - Sync 1 DAGs
[2026-03-08T10:39:51.142+0000] {logging_mixin.py:188} INFO - [2026-03-08T10:39:51.141+0000] {dag.py:3947} INFO - Setting next_dagrun for etl_users_pipeline to None, run_after=None
[2026-03-08T10:39:51.164+0000] {processor.py:183} INFO - Processing /opt/airflow/dags/etl_users_dag.py took 0.188 seconds
[2026-03-08T10:40:21.753+0000] {processor.py:161} INFO - Started process (PID=7622) to work on /opt/airflow/dags/etl_users_dag.py
[2026-03-08T10:40:21.756+0000] {processor.py:830} INFO - Processing file /opt/airflow/dags/etl_users_dag.py for tasks to queue
[2026-03-08T10:40:21.760+0000] {logging_mixin.py:188} INFO - [2026-03-08T10:40:21.759+0000] {dagbag.py:545} INFO - Filling up the DagBag from /opt/airflow/dags/etl_users_dag.py
[2026-03-08T10:40:21.790+0000] {processor.py:840} INFO - DAG(s) 'etl_users_pipeline' retrieved from /opt/airflow/dags/etl_users_dag.py
[2026-03-08T10:40:21.840+0000] {logging_mixin.py:188} INFO - [2026-03-08T10:40:21.840+0000] {dag.py:3089} INFO - Sync 1 DAGs
[2026-03-08T10:40:21.854+0000] {logging_mixin.py:188} INFO - [2026-03-08T10:40:21.854+0000] {dag.py:3947} INFO - Setting next_dagrun for etl_users_pipeline to None, run_after=None
[2026-03-08T10:40:21.868+0000] {processor.py:183} INFO - Processing /opt/airflow/dags/etl_users_dag.py took 0.136 seconds
[2026-03-08T10:40:52.107+0000] {processor.py:161} INFO - Started process (PID=7632) to work on /opt/airflow/dags/etl_users_dag.py
[2026-03-08T10:40:52.109+0000] {processor.py:830} INFO - Processing file /opt/airflow/dags/etl_users_dag.py for tasks to queue
[2026-03-08T10:40:52.113+0000] {logging_mixin.py:188} INFO - [2026-03-08T10:40:52.113+0000] {dagbag.py:545} INFO - Filling up the DagBag from /opt/airflow/dags/etl_users_dag.py
[2026-03-08T10:40:52.145+0000] {processor.py:840} INFO - DAG(s) 'etl_users_pipeline' retrieved from /opt/airflow/dags/etl_users_dag.py
[2026-03-08T10:40:52.191+0000] {logging_mixin.py:188} INFO - [2026-03-08T10:40:52.191+0000] {dag.py:3089} INFO - Sync 1 DAGs
[2026-03-08T10:40:52.239+0000] {logging_mixin.py:188} INFO - [2026-03-08T10:40:52.239+0000] {dag.py:3947} INFO - Setting next_dagrun for etl_users_pipeline to None, run_after=None
[2026-03-08T10:40:52.248+0000] {processor.py:183} INFO - Processing /opt/airflow/dags/etl_users_dag.py took 0.153 seconds
[2026-03-08T10:41:22.784+0000] {processor.py:161} INFO - Started process (PID=7642) to work on /opt/airflow/dags/etl_users_dag.py
[2026-03-08T10:41:22.786+0000] {processor.py:830} INFO - Processing file /opt/airflow/dags/etl_users_dag.py for tasks to queue
[2026-03-08T10:41:22.794+0000] {logging_mixin.py:188} INFO - [2026-03-08T10:41:22.794+0000] {dagbag.py:545} INFO - Filling up the DagBag from /opt/airflow/dags/etl_users_dag.py
[2026-03-08T10:41:22.827+0000] {processor.py:840} INFO - DAG(s) 'etl_users_pipeline' retrieved from /opt/airflow/dags/etl_users_dag.py
[2026-03-08T10:41:22.908+0000] {logging_mixin.py:188} INFO - [2026-03-08T10:41:22.908+0000] {dag.py:3089} INFO - Sync 1 DAGs
[2026-03-08T10:41:22.927+0000] {logging_mixin.py:188} INFO - [2026-03-08T10:41:22.927+0000] {dag.py:3947} INFO - Setting next_dagrun for etl_users_pipeline to None, run_after=None
[2026-03-08T10:41:22.950+0000] {processor.py:183} INFO - Processing /opt/airflow/dags/etl_users_dag.py took 0.185 seconds
[2026-03-08T10:41:53.163+0000] {processor.py:161} INFO - Started process (PID=7652) to work on /opt/airflow/dags/etl_users_dag.py
[2026-03-08T10:41:53.165+0000] {processor.py:830} INFO - Processing file /opt/airflow/dags/etl_users_dag.py for tasks to queue
[2026-03-08T10:41:53.169+0000] {logging_mixin.py:188} INFO - [2026-03-08T10:41:53.168+0000] {dagbag.py:545} INFO - Filling up the DagBag from /opt/airflow/dags/etl_users_dag.py
[2026-03-08T10:41:53.189+0000] {processor.py:840} INFO - DAG(s) 'etl_users_pipeline' retrieved from /opt/airflow/dags/etl_users_dag.py
[2026-03-08T10:41:53.239+0000] {logging_mixin.py:188} INFO - [2026-03-08T10:41:53.238+0000] {dag.py:3089} INFO - Sync 1 DAGs
[2026-03-08T10:41:53.250+0000] {logging_mixin.py:188} INFO - [2026-03-08T10:41:53.250+0000] {dag.py:3947} INFO - Setting next_dagrun for etl_users_pipeline to None, run_after=None
[2026-03-08T10:41:53.267+0000] {processor.py:183} INFO - Processing /opt/airflow/dags/etl_users_dag.py took 0.130 seconds
[2026-03-08T10:42:23.681+0000] {processor.py:161} INFO - Started process (PID=7662) to work on /opt/airflow/dags/etl_users_dag.py
[2026-03-08T10:42:23.685+0000] {processor.py:830} INFO - Processing file /opt/airflow/dags/etl_users_dag.py for tasks to queue
[2026-03-08T10:42:23.688+0000] {logging_mixin.py:188} INFO - [2026-03-08T10:42:23.688+0000] {dagbag.py:545} INFO - Filling up the DagBag from /opt/airflow/dags/etl_users_dag.py
[2026-03-08T10:42:23.727+0000] {processor.py:840} INFO - DAG(s) 'etl_users_pipeline' retrieved from /opt/airflow/dags/etl_users_dag.py
[2026-03-08T10:42:23.768+0000] {logging_mixin.py:188} INFO - [2026-03-08T10:42:23.768+0000] {dag.py:3089} INFO - Sync 1 DAGs
[2026-03-08T10:42:23.778+0000] {logging_mixin.py:188} INFO - [2026-03-08T10:42:23.778+0000] {dag.py:3947} INFO - Setting next_dagrun for etl_users_pipeline to None, run_after=None
[2026-03-08T10:42:23.794+0000] {processor.py:183} INFO - Processing /opt/airflow/dags/etl_users_dag.py took 0.127 seconds
[2026-03-08T10:42:54.240+0000] {processor.py:161} INFO - Started process (PID=7672) to work on /opt/airflow/dags/etl_users_dag.py
[2026-03-08T10:42:54.243+0000] {processor.py:830} INFO - Processing file /opt/airflow/dags/etl_users_dag.py for tasks to queue
[2026-03-08T10:42:54.247+0000] {logging_mixin.py:188} INFO - [2026-03-08T10:42:54.247+0000] {dagbag.py:545} INFO - Filling up the DagBag from /opt/airflow/dags/etl_users_dag.py
[2026-03-08T10:42:54.283+0000] {processor.py:840} INFO - DAG(s) 'etl_users_pipeline' retrieved from /opt/airflow/dags/etl_users_dag.py
[2026-03-08T10:42:54.320+0000] {logging_mixin.py:188} INFO - [2026-03-08T10:42:54.320+0000] {dag.py:3089} INFO - Sync 1 DAGs
[2026-03-08T10:42:54.341+0000] {logging_mixin.py:188} INFO - [2026-03-08T10:42:54.341+0000] {dag.py:3947} INFO - Setting next_dagrun for etl_users_pipeline to None, run_after=None
[2026-03-08T10:42:54.357+0000] {processor.py:183} INFO - Processing /opt/airflow/dags/etl_users_dag.py took 0.129 seconds
[2026-03-08T10:43:24.714+0000] {processor.py:161} INFO - Started process (PID=7682) to work on /opt/airflow/dags/etl_users_dag.py
[2026-03-08T10:43:24.716+0000] {processor.py:830} INFO - Processing file /opt/airflow/dags/etl_users_dag.py for tasks to queue
[2026-03-08T10:43:24.720+0000] {logging_mixin.py:188} INFO - [2026-03-08T10:43:24.720+0000] {dagbag.py:545} INFO - Filling up the DagBag from /opt/airflow/dags/etl_users_dag.py
[2026-03-08T10:43:24.752+0000] {processor.py:840} INFO - DAG(s) 'etl_users_pipeline' retrieved from /opt/airflow/dags/etl_users_dag.py
[2026-03-08T10:43:24.796+0000] {logging_mixin.py:188} INFO - [2026-03-08T10:43:24.796+0000] {dag.py:3089} INFO - Sync 1 DAGs
[2026-03-08T10:43:24.807+0000] {logging_mixin.py:188} INFO - [2026-03-08T10:43:24.807+0000] {dag.py:3947} INFO - Setting next_dagrun for etl_users_pipeline to None, run_after=None
[2026-03-08T10:43:24.830+0000] {processor.py:183} INFO - Processing /opt/airflow/dags/etl_users_dag.py took 0.130 seconds
[2026-03-08T10:43:55.174+0000] {processor.py:161} INFO - Started process (PID=7692) to work on /opt/airflow/dags/etl_users_dag.py
[2026-03-08T10:43:55.176+0000] {processor.py:830} INFO - Processing file /opt/airflow/dags/etl_users_dag.py for tasks to queue
[2026-03-08T10:43:55.192+0000] {logging_mixin.py:188} INFO - [2026-03-08T10:43:55.189+0000] {dagbag.py:545} INFO - Filling up the DagBag from /opt/airflow/dags/etl_users_dag.py
[2026-03-08T10:43:55.263+0000] {processor.py:840} INFO - DAG(s) 'etl_users_pipeline' retrieved from /opt/airflow/dags/etl_users_dag.py
[2026-03-08T10:43:55.341+0000] {logging_mixin.py:188} INFO - [2026-03-08T10:43:55.341+0000] {dag.py:3089} INFO - Sync 1 DAGs
[2026-03-08T10:43:55.367+0000] {logging_mixin.py:188} INFO - [2026-03-08T10:43:55.366+0000] {dag.py:3947} INFO - Setting next_dagrun for etl_users_pipeline to None, run_after=None
[2026-03-08T10:43:55.425+0000] {processor.py:183} INFO - Processing /opt/airflow/dags/etl_users_dag.py took 0.287 seconds
[2026-03-08T10:44:25.719+0000] {processor.py:161} INFO - Started process (PID=7702) to work on /opt/airflow/dags/etl_users_dag.py
[2026-03-08T10:44:25.723+0000] {processor.py:830} INFO - Processing file /opt/airflow/dags/etl_users_dag.py for tasks to queue
[2026-03-08T10:44:25.730+0000] {logging_mixin.py:188} INFO - [2026-03-08T10:44:25.727+0000] {dagbag.py:545} INFO - Filling up the DagBag from /opt/airflow/dags/etl_users_dag.py
[2026-03-08T10:44:25.755+0000] {processor.py:840} INFO - DAG(s) 'etl_users_pipeline' retrieved from /opt/airflow/dags/etl_users_dag.py
[2026-03-08T10:44:25.834+0000] {logging_mixin.py:188} INFO - [2026-03-08T10:44:25.833+0000] {dag.py:3089} INFO - Sync 1 DAGs
[2026-03-08T10:44:25.851+0000] {logging_mixin.py:188} INFO - [2026-03-08T10:44:25.850+0000] {dag.py:3947} INFO - Setting next_dagrun for etl_users_pipeline to None, run_after=None
[2026-03-08T10:44:25.871+0000] {processor.py:183} INFO - Processing /opt/airflow/dags/etl_users_dag.py took 0.176 seconds
[2026-03-08T10:44:56.110+0000] {processor.py:161} INFO - Started process (PID=7712) to work on /opt/airflow/dags/etl_users_dag.py
[2026-03-08T10:44:56.114+0000] {processor.py:830} INFO - Processing file /opt/airflow/dags/etl_users_dag.py for tasks to queue
[2026-03-08T10:44:56.118+0000] {logging_mixin.py:188} INFO - [2026-03-08T10:44:56.117+0000] {dagbag.py:545} INFO - Filling up the DagBag from /opt/airflow/dags/etl_users_dag.py
[2026-03-08T10:44:56.150+0000] {processor.py:840} INFO - DAG(s) 'etl_users_pipeline' retrieved from /opt/airflow/dags/etl_users_dag.py
[2026-03-08T10:44:56.202+0000] {logging_mixin.py:188} INFO - [2026-03-08T10:44:56.202+0000] {dag.py:3089} INFO - Sync 1 DAGs
[2026-03-08T10:44:56.212+0000] {logging_mixin.py:188} INFO - [2026-03-08T10:44:56.212+0000] {dag.py:3947} INFO - Setting next_dagrun for etl_users_pipeline to None, run_after=None
[2026-03-08T10:44:56.227+0000] {processor.py:183} INFO - Processing /opt/airflow/dags/etl_users_dag.py took 0.132 seconds
[2026-03-08T10:45:26.517+0000] {processor.py:161} INFO - Started process (PID=7722) to work on /opt/airflow/dags/etl_users_dag.py
[2026-03-08T10:45:26.520+0000] {processor.py:830} INFO - Processing file /opt/airflow/dags/etl_users_dag.py for tasks to queue
[2026-03-08T10:45:26.524+0000] {logging_mixin.py:188} INFO - [2026-03-08T10:45:26.524+0000] {dagbag.py:545} INFO - Filling up the DagBag from /opt/airflow/dags/etl_users_dag.py
[2026-03-08T10:45:26.546+0000] {processor.py:840} INFO - DAG(s) 'etl_users_pipeline' retrieved from /opt/airflow/dags/etl_users_dag.py
[2026-03-08T10:45:26.600+0000] {logging_mixin.py:188} INFO - [2026-03-08T10:45:26.599+0000] {dag.py:3089} INFO - Sync 1 DAGs
[2026-03-08T10:45:26.612+0000] {logging_mixin.py:188} INFO - [2026-03-08T10:45:26.612+0000] {dag.py:3947} INFO - Setting next_dagrun for etl_users_pipeline to None, run_after=None
[2026-03-08T10:45:26.629+0000] {processor.py:183} INFO - Processing /opt/airflow/dags/etl_users_dag.py took 0.133 seconds
[2026-03-08T10:45:56.974+0000] {processor.py:161} INFO - Started process (PID=7732) to work on /opt/airflow/dags/etl_users_dag.py
[2026-03-08T10:45:56.977+0000] {processor.py:830} INFO - Processing file /opt/airflow/dags/etl_users_dag.py for tasks to queue
[2026-03-08T10:45:56.980+0000] {logging_mixin.py:188} INFO - [2026-03-08T10:45:56.979+0000] {dagbag.py:545} INFO - Filling up the DagBag from /opt/airflow/dags/etl_users_dag.py
[2026-03-08T10:45:57.000+0000] {processor.py:840} INFO - DAG(s) 'etl_users_pipeline' retrieved from /opt/airflow/dags/etl_users_dag.py
[2026-03-08T10:45:57.053+0000] {logging_mixin.py:188} INFO - [2026-03-08T10:45:57.053+0000] {dag.py:3089} INFO - Sync 1 DAGs
[2026-03-08T10:45:57.065+0000] {logging_mixin.py:188} INFO - [2026-03-08T10:45:57.065+0000] {dag.py:3947} INFO - Setting next_dagrun for etl_users_pipeline to None, run_after=None
[2026-03-08T10:45:57.100+0000] {processor.py:183} INFO - Processing /opt/airflow/dags/etl_users_dag.py took 0.146 seconds
[2026-03-08T10:46:27.599+0000] {processor.py:161} INFO - Started process (PID=7742) to work on /opt/airflow/dags/etl_users_dag.py
[2026-03-08T10:46:27.601+0000] {processor.py:830} INFO - Processing file /opt/airflow/dags/etl_users_dag.py for tasks to queue
[2026-03-08T10:46:27.616+0000] {logging_mixin.py:188} INFO - [2026-03-08T10:46:27.614+0000] {dagbag.py:545} INFO - Filling up the DagBag from /opt/airflow/dags/etl_users_dag.py
[2026-03-08T10:46:27.638+0000] {processor.py:840} INFO - DAG(s) 'etl_users_pipeline' retrieved from /opt/airflow/dags/etl_users_dag.py
[2026-03-08T10:46:27.687+0000] {logging_mixin.py:188} INFO - [2026-03-08T10:46:27.687+0000] {dag.py:3089} INFO - Sync 1 DAGs
[2026-03-08T10:46:27.714+0000] {logging_mixin.py:188} INFO - [2026-03-08T10:46:27.714+0000] {dag.py:3947} INFO - Setting next_dagrun for etl_users_pipeline to None, run_after=None
[2026-03-08T10:46:27.731+0000] {processor.py:183} INFO - Processing /opt/airflow/dags/etl_users_dag.py took 0.149 seconds
[2026-03-08T10:46:58.079+0000] {processor.py:161} INFO - Started process (PID=7752) to work on /opt/airflow/dags/etl_users_dag.py
[2026-03-08T10:46:58.082+0000] {processor.py:830} INFO - Processing file /opt/airflow/dags/etl_users_dag.py for tasks to queue
[2026-03-08T10:46:58.086+0000] {logging_mixin.py:188} INFO - [2026-03-08T10:46:58.086+0000] {dagbag.py:545} INFO - Filling up the DagBag from /opt/airflow/dags/etl_users_dag.py
[2026-03-08T10:46:58.104+0000] {processor.py:840} INFO - DAG(s) 'etl_users_pipeline' retrieved from /opt/airflow/dags/etl_users_dag.py
[2026-03-08T10:46:58.161+0000] {logging_mixin.py:188} INFO - [2026-03-08T10:46:58.161+0000] {dag.py:3089} INFO - Sync 1 DAGs
[2026-03-08T10:46:58.183+0000] {logging_mixin.py:188} INFO - [2026-03-08T10:46:58.183+0000] {dag.py:3947} INFO - Setting next_dagrun for etl_users_pipeline to None, run_after=None
[2026-03-08T10:46:58.201+0000] {processor.py:183} INFO - Processing /opt/airflow/dags/etl_users_dag.py took 0.136 seconds
[2026-03-08T10:47:28.600+0000] {processor.py:161} INFO - Started process (PID=7762) to work on /opt/airflow/dags/etl_users_dag.py
[2026-03-08T10:47:28.602+0000] {processor.py:830} INFO - Processing file /opt/airflow/dags/etl_users_dag.py for tasks to queue
[2026-03-08T10:47:28.611+0000] {logging_mixin.py:188} INFO - [2026-03-08T10:47:28.610+0000] {dagbag.py:545} INFO - Filling up the DagBag from /opt/airflow/dags/etl_users_dag.py
[2026-03-08T10:47:28.629+0000] {processor.py:840} INFO - DAG(s) 'etl_users_pipeline' retrieved from /opt/airflow/dags/etl_users_dag.py
[2026-03-08T10:47:28.676+0000] {logging_mixin.py:188} INFO - [2026-03-08T10:47:28.676+0000] {dag.py:3089} INFO - Sync 1 DAGs
[2026-03-08T10:47:28.688+0000] {logging_mixin.py:188} INFO - [2026-03-08T10:47:28.688+0000] {dag.py:3947} INFO - Setting next_dagrun for etl_users_pipeline to None, run_after=None
[2026-03-08T10:47:28.702+0000] {processor.py:183} INFO - Processing /opt/airflow/dags/etl_users_dag.py took 0.117 seconds
[2026-03-08T10:47:59.132+0000] {processor.py:161} INFO - Started process (PID=7772) to work on /opt/airflow/dags/etl_users_dag.py
[2026-03-08T10:47:59.135+0000] {processor.py:830} INFO - Processing file /opt/airflow/dags/etl_users_dag.py for tasks to queue
[2026-03-08T10:47:59.139+0000] {logging_mixin.py:188} INFO - [2026-03-08T10:47:59.138+0000] {dagbag.py:545} INFO - Filling up the DagBag from /opt/airflow/dags/etl_users_dag.py
[2026-03-08T10:47:59.159+0000] {processor.py:840} INFO - DAG(s) 'etl_users_pipeline' retrieved from /opt/airflow/dags/etl_users_dag.py
[2026-03-08T10:47:59.216+0000] {logging_mixin.py:188} INFO - [2026-03-08T10:47:59.216+0000] {dag.py:3089} INFO - Sync 1 DAGs
[2026-03-08T10:47:59.228+0000] {logging_mixin.py:188} INFO - [2026-03-08T10:47:59.227+0000] {dag.py:3947} INFO - Setting next_dagrun for etl_users_pipeline to None, run_after=None
[2026-03-08T10:47:59.242+0000] {processor.py:183} INFO - Processing /opt/airflow/dags/etl_users_dag.py took 0.148 seconds
[2026-03-08T10:48:29.667+0000] {processor.py:161} INFO - Started process (PID=7782) to work on /opt/airflow/dags/etl_users_dag.py
[2026-03-08T10:48:29.670+0000] {processor.py:830} INFO - Processing file /opt/airflow/dags/etl_users_dag.py for tasks to queue
[2026-03-08T10:48:29.678+0000] {logging_mixin.py:188} INFO - [2026-03-08T10:48:29.675+0000] {dagbag.py:545} INFO - Filling up the DagBag from /opt/airflow/dags/etl_users_dag.py
[2026-03-08T10:48:29.707+0000] {processor.py:840} INFO - DAG(s) 'etl_users_pipeline' retrieved from /opt/airflow/dags/etl_users_dag.py
[2026-03-08T10:48:29.771+0000] {logging_mixin.py:188} INFO - [2026-03-08T10:48:29.770+0000] {dag.py:3089} INFO - Sync 1 DAGs
[2026-03-08T10:48:29.795+0000] {logging_mixin.py:188} INFO - [2026-03-08T10:48:29.795+0000] {dag.py:3947} INFO - Setting next_dagrun for etl_users_pipeline to None, run_after=None
[2026-03-08T10:48:29.820+0000] {processor.py:183} INFO - Processing /opt/airflow/dags/etl_users_dag.py took 0.169 seconds
