[2026-03-08T00:00:21.080+0000] {processor.py:161} INFO - Started process (PID=3553) to work on /opt/airflow/dags/hello_airflow.py
[2026-03-08T00:00:21.082+0000] {processor.py:830} INFO - Processing file /opt/airflow/dags/hello_airflow.py for tasks to queue
[2026-03-08T00:00:21.084+0000] {logging_mixin.py:188} INFO - [2026-03-08T00:00:21.084+0000] {dagbag.py:545} INFO - Filling up the DagBag from /opt/airflow/dags/hello_airflow.py
[2026-03-08T00:00:21.103+0000] {processor.py:840} INFO - DAG(s) 'hello_airflow' retrieved from /opt/airflow/dags/hello_airflow.py
[2026-03-08T00:00:21.138+0000] {logging_mixin.py:188} INFO - [2026-03-08T00:00:21.138+0000] {dag.py:3089} INFO - Sync 1 DAGs
[2026-03-08T00:00:21.152+0000] {logging_mixin.py:188} INFO - [2026-03-08T00:00:21.152+0000] {dag.py:3947} INFO - Setting next_dagrun for hello_airflow to None, run_after=None
[2026-03-08T00:00:21.186+0000] {processor.py:183} INFO - Processing /opt/airflow/dags/hello_airflow.py took 0.115 seconds
[2026-03-08T00:00:51.634+0000] {processor.py:161} INFO - Started process (PID=3563) to work on /opt/airflow/dags/hello_airflow.py
[2026-03-08T00:00:51.636+0000] {processor.py:830} INFO - Processing file /opt/airflow/dags/hello_airflow.py for tasks to queue
[2026-03-08T00:00:51.638+0000] {logging_mixin.py:188} INFO - [2026-03-08T00:00:51.638+0000] {dagbag.py:545} INFO - Filling up the DagBag from /opt/airflow/dags/hello_airflow.py
[2026-03-08T00:00:51.651+0000] {processor.py:840} INFO - DAG(s) 'hello_airflow' retrieved from /opt/airflow/dags/hello_airflow.py
[2026-03-08T00:00:51.679+0000] {logging_mixin.py:188} INFO - [2026-03-08T00:00:51.679+0000] {dag.py:3089} INFO - Sync 1 DAGs
[2026-03-08T00:00:51.687+0000] {logging_mixin.py:188} INFO - [2026-03-08T00:00:51.687+0000] {dag.py:3947} INFO - Setting next_dagrun for hello_airflow to None, run_after=None
[2026-03-08T00:00:51.704+0000] {processor.py:183} INFO - Processing /opt/airflow/dags/hello_airflow.py took 0.076 seconds
[2026-03-08T00:01:22.185+0000] {processor.py:161} INFO - Started process (PID=3573) to work on /opt/airflow/dags/hello_airflow.py
[2026-03-08T00:01:22.187+0000] {processor.py:830} INFO - Processing file /opt/airflow/dags/hello_airflow.py for tasks to queue
[2026-03-08T00:01:22.189+0000] {logging_mixin.py:188} INFO - [2026-03-08T00:01:22.188+0000] {dagbag.py:545} INFO - Filling up the DagBag from /opt/airflow/dags/hello_airflow.py
[2026-03-08T00:01:22.205+0000] {processor.py:840} INFO - DAG(s) 'hello_airflow' retrieved from /opt/airflow/dags/hello_airflow.py
[2026-03-08T00:01:22.234+0000] {logging_mixin.py:188} INFO - [2026-03-08T00:01:22.234+0000] {dag.py:3089} INFO - Sync 1 DAGs
[2026-03-08T00:01:22.243+0000] {logging_mixin.py:188} INFO - [2026-03-08T00:01:22.243+0000] {dag.py:3947} INFO - Setting next_dagrun for hello_airflow to None, run_after=None
[2026-03-08T00:01:22.257+0000] {processor.py:183} INFO - Processing /opt/airflow/dags/hello_airflow.py took 0.085 seconds
[2026-03-08T00:01:52.706+0000] {processor.py:161} INFO - Started process (PID=3583) to work on /opt/airflow/dags/hello_airflow.py
[2026-03-08T00:01:52.707+0000] {processor.py:830} INFO - Processing file /opt/airflow/dags/hello_airflow.py for tasks to queue
[2026-03-08T00:01:52.710+0000] {logging_mixin.py:188} INFO - [2026-03-08T00:01:52.709+0000] {dagbag.py:545} INFO - Filling up the DagBag from /opt/airflow/dags/hello_airflow.py
[2026-03-08T00:01:52.726+0000] {processor.py:840} INFO - DAG(s) 'hello_airflow' retrieved from /opt/airflow/dags/hello_airflow.py
[2026-03-08T00:01:52.790+0000] {logging_mixin.py:188} INFO - [2026-03-08T00:01:52.789+0000] {dag.py:3089} INFO - Sync 1 DAGs
[2026-03-08T00:01:52.802+0000] {logging_mixin.py:188} INFO - [2026-03-08T00:01:52.802+0000] {dag.py:3947} INFO - Setting next_dagrun for hello_airflow to None, run_after=None
[2026-03-08T00:01:52.820+0000] {processor.py:183} INFO - Processing /opt/airflow/dags/hello_airflow.py took 0.125 seconds
[2026-03-08T00:02:23.162+0000] {processor.py:161} INFO - Started process (PID=3592) to work on /opt/airflow/dags/hello_airflow.py
[2026-03-08T00:02:23.164+0000] {processor.py:830} INFO - Processing file /opt/airflow/dags/hello_airflow.py for tasks to queue
[2026-03-08T00:02:23.172+0000] {logging_mixin.py:188} INFO - [2026-03-08T00:02:23.169+0000] {dagbag.py:545} INFO - Filling up the DagBag from /opt/airflow/dags/hello_airflow.py
[2026-03-08T00:02:23.196+0000] {processor.py:840} INFO - DAG(s) 'hello_airflow' retrieved from /opt/airflow/dags/hello_airflow.py
[2026-03-08T00:02:23.236+0000] {logging_mixin.py:188} INFO - [2026-03-08T00:02:23.236+0000] {dag.py:3089} INFO - Sync 1 DAGs
[2026-03-08T00:02:23.248+0000] {logging_mixin.py:188} INFO - [2026-03-08T00:02:23.248+0000] {dag.py:3947} INFO - Setting next_dagrun for hello_airflow to None, run_after=None
[2026-03-08T00:02:23.264+0000] {processor.py:183} INFO - Processing /opt/airflow/dags/hello_airflow.py took 0.117 seconds
[2026-03-08T00:02:53.639+0000] {processor.py:161} INFO - Started process (PID=3602) to work on /opt/airflow/dags/hello_airflow.py
[2026-03-08T00:02:53.641+0000] {processor.py:830} INFO - Processing file /opt/airflow/dags/hello_airflow.py for tasks to queue
[2026-03-08T00:02:53.645+0000] {logging_mixin.py:188} INFO - [2026-03-08T00:02:53.644+0000] {dagbag.py:545} INFO - Filling up the DagBag from /opt/airflow/dags/hello_airflow.py
[2026-03-08T00:02:53.661+0000] {processor.py:840} INFO - DAG(s) 'hello_airflow' retrieved from /opt/airflow/dags/hello_airflow.py
[2026-03-08T00:02:53.702+0000] {logging_mixin.py:188} INFO - [2026-03-08T00:02:53.701+0000] {dag.py:3089} INFO - Sync 1 DAGs
[2026-03-08T00:02:53.716+0000] {logging_mixin.py:188} INFO - [2026-03-08T00:02:53.715+0000] {dag.py:3947} INFO - Setting next_dagrun for hello_airflow to None, run_after=None
[2026-03-08T00:02:53.729+0000] {processor.py:183} INFO - Processing /opt/airflow/dags/hello_airflow.py took 0.104 seconds
[2026-03-08T00:03:24.074+0000] {processor.py:161} INFO - Started process (PID=3612) to work on /opt/airflow/dags/hello_airflow.py
[2026-03-08T00:03:24.076+0000] {processor.py:830} INFO - Processing file /opt/airflow/dags/hello_airflow.py for tasks to queue
[2026-03-08T00:03:24.079+0000] {logging_mixin.py:188} INFO - [2026-03-08T00:03:24.079+0000] {dagbag.py:545} INFO - Filling up the DagBag from /opt/airflow/dags/hello_airflow.py
[2026-03-08T00:03:24.098+0000] {processor.py:840} INFO - DAG(s) 'hello_airflow' retrieved from /opt/airflow/dags/hello_airflow.py
[2026-03-08T00:03:24.134+0000] {logging_mixin.py:188} INFO - [2026-03-08T00:03:24.134+0000] {dag.py:3089} INFO - Sync 1 DAGs
[2026-03-08T00:03:24.144+0000] {logging_mixin.py:188} INFO - [2026-03-08T00:03:24.144+0000] {dag.py:3947} INFO - Setting next_dagrun for hello_airflow to None, run_after=None
[2026-03-08T00:03:24.161+0000] {processor.py:183} INFO - Processing /opt/airflow/dags/hello_airflow.py took 0.097 seconds
[2026-03-08T00:03:54.524+0000] {processor.py:161} INFO - Started process (PID=3623) to work on /opt/airflow/dags/hello_airflow.py
[2026-03-08T00:03:54.525+0000] {processor.py:830} INFO - Processing file /opt/airflow/dags/hello_airflow.py for tasks to queue
[2026-03-08T00:03:54.529+0000] {logging_mixin.py:188} INFO - [2026-03-08T00:03:54.529+0000] {dagbag.py:545} INFO - Filling up the DagBag from /opt/airflow/dags/hello_airflow.py
[2026-03-08T00:03:54.538+0000] {processor.py:840} INFO - DAG(s) 'hello_airflow' retrieved from /opt/airflow/dags/hello_airflow.py
[2026-03-08T00:03:54.564+0000] {logging_mixin.py:188} INFO - [2026-03-08T00:03:54.564+0000] {dag.py:3089} INFO - Sync 1 DAGs
[2026-03-08T00:03:54.575+0000] {logging_mixin.py:188} INFO - [2026-03-08T00:03:54.575+0000] {dag.py:3947} INFO - Setting next_dagrun for hello_airflow to None, run_after=None
[2026-03-08T00:03:54.587+0000] {processor.py:183} INFO - Processing /opt/airflow/dags/hello_airflow.py took 0.067 seconds
[2026-03-08T00:04:24.997+0000] {processor.py:161} INFO - Started process (PID=3633) to work on /opt/airflow/dags/hello_airflow.py
[2026-03-08T00:04:24.998+0000] {processor.py:830} INFO - Processing file /opt/airflow/dags/hello_airflow.py for tasks to queue
[2026-03-08T00:04:25.001+0000] {logging_mixin.py:188} INFO - [2026-03-08T00:04:25.001+0000] {dagbag.py:545} INFO - Filling up the DagBag from /opt/airflow/dags/hello_airflow.py
[2026-03-08T00:04:25.011+0000] {processor.py:840} INFO - DAG(s) 'hello_airflow' retrieved from /opt/airflow/dags/hello_airflow.py
[2026-03-08T00:04:25.039+0000] {logging_mixin.py:188} INFO - [2026-03-08T00:04:25.039+0000] {dag.py:3089} INFO - Sync 1 DAGs
[2026-03-08T00:04:25.048+0000] {logging_mixin.py:188} INFO - [2026-03-08T00:04:25.048+0000] {dag.py:3947} INFO - Setting next_dagrun for hello_airflow to None, run_after=None
[2026-03-08T00:04:25.058+0000] {processor.py:183} INFO - Processing /opt/airflow/dags/hello_airflow.py took 0.068 seconds
[2026-03-08T00:04:55.513+0000] {processor.py:161} INFO - Started process (PID=3643) to work on /opt/airflow/dags/hello_airflow.py
[2026-03-08T00:04:55.515+0000] {processor.py:830} INFO - Processing file /opt/airflow/dags/hello_airflow.py for tasks to queue
[2026-03-08T00:04:55.516+0000] {logging_mixin.py:188} INFO - [2026-03-08T00:04:55.516+0000] {dagbag.py:545} INFO - Filling up the DagBag from /opt/airflow/dags/hello_airflow.py
[2026-03-08T00:04:55.545+0000] {processor.py:840} INFO - DAG(s) 'hello_airflow' retrieved from /opt/airflow/dags/hello_airflow.py
[2026-03-08T00:04:55.600+0000] {logging_mixin.py:188} INFO - [2026-03-08T00:04:55.600+0000] {dag.py:3089} INFO - Sync 1 DAGs
[2026-03-08T00:04:55.613+0000] {logging_mixin.py:188} INFO - [2026-03-08T00:04:55.613+0000] {dag.py:3947} INFO - Setting next_dagrun for hello_airflow to None, run_after=None
[2026-03-08T00:04:55.632+0000] {processor.py:183} INFO - Processing /opt/airflow/dags/hello_airflow.py took 0.126 seconds
[2026-03-08T00:05:25.843+0000] {processor.py:161} INFO - Started process (PID=3653) to work on /opt/airflow/dags/hello_airflow.py
[2026-03-08T00:05:25.848+0000] {processor.py:830} INFO - Processing file /opt/airflow/dags/hello_airflow.py for tasks to queue
[2026-03-08T00:05:25.852+0000] {logging_mixin.py:188} INFO - [2026-03-08T00:05:25.852+0000] {dagbag.py:545} INFO - Filling up the DagBag from /opt/airflow/dags/hello_airflow.py
[2026-03-08T00:05:25.862+0000] {processor.py:840} INFO - DAG(s) 'hello_airflow' retrieved from /opt/airflow/dags/hello_airflow.py
[2026-03-08T00:05:25.891+0000] {logging_mixin.py:188} INFO - [2026-03-08T00:05:25.891+0000] {dag.py:3089} INFO - Sync 1 DAGs
[2026-03-08T00:05:25.897+0000] {logging_mixin.py:188} INFO - [2026-03-08T00:05:25.897+0000] {dag.py:3947} INFO - Setting next_dagrun for hello_airflow to None, run_after=None
[2026-03-08T00:05:25.910+0000] {processor.py:183} INFO - Processing /opt/airflow/dags/hello_airflow.py took 0.074 seconds
[2026-03-08T00:05:56.389+0000] {processor.py:161} INFO - Started process (PID=3662) to work on /opt/airflow/dags/hello_airflow.py
[2026-03-08T00:05:56.390+0000] {processor.py:830} INFO - Processing file /opt/airflow/dags/hello_airflow.py for tasks to queue
[2026-03-08T00:05:56.393+0000] {logging_mixin.py:188} INFO - [2026-03-08T00:05:56.392+0000] {dagbag.py:545} INFO - Filling up the DagBag from /opt/airflow/dags/hello_airflow.py
[2026-03-08T00:05:56.425+0000] {processor.py:840} INFO - DAG(s) 'hello_airflow' retrieved from /opt/airflow/dags/hello_airflow.py
[2026-03-08T00:05:56.483+0000] {logging_mixin.py:188} INFO - [2026-03-08T00:05:56.483+0000] {dag.py:3089} INFO - Sync 1 DAGs
[2026-03-08T00:05:56.495+0000] {logging_mixin.py:188} INFO - [2026-03-08T00:05:56.495+0000] {dag.py:3947} INFO - Setting next_dagrun for hello_airflow to None, run_after=None
[2026-03-08T00:05:56.512+0000] {processor.py:183} INFO - Processing /opt/airflow/dags/hello_airflow.py took 0.133 seconds
[2026-03-08T00:06:26.816+0000] {processor.py:161} INFO - Started process (PID=3673) to work on /opt/airflow/dags/hello_airflow.py
[2026-03-08T00:06:26.817+0000] {processor.py:830} INFO - Processing file /opt/airflow/dags/hello_airflow.py for tasks to queue
[2026-03-08T00:06:26.822+0000] {logging_mixin.py:188} INFO - [2026-03-08T00:06:26.822+0000] {dagbag.py:545} INFO - Filling up the DagBag from /opt/airflow/dags/hello_airflow.py
[2026-03-08T00:06:26.829+0000] {processor.py:840} INFO - DAG(s) 'hello_airflow' retrieved from /opt/airflow/dags/hello_airflow.py
[2026-03-08T00:06:26.862+0000] {logging_mixin.py:188} INFO - [2026-03-08T00:06:26.862+0000] {dag.py:3089} INFO - Sync 1 DAGs
[2026-03-08T00:06:26.871+0000] {logging_mixin.py:188} INFO - [2026-03-08T00:06:26.871+0000] {dag.py:3947} INFO - Setting next_dagrun for hello_airflow to None, run_after=None
[2026-03-08T00:06:26.887+0000] {processor.py:183} INFO - Processing /opt/airflow/dags/hello_airflow.py took 0.077 seconds
[2026-03-08T00:06:57.364+0000] {processor.py:161} INFO - Started process (PID=3682) to work on /opt/airflow/dags/hello_airflow.py
[2026-03-08T00:06:57.366+0000] {processor.py:830} INFO - Processing file /opt/airflow/dags/hello_airflow.py for tasks to queue
[2026-03-08T00:06:57.368+0000] {logging_mixin.py:188} INFO - [2026-03-08T00:06:57.368+0000] {dagbag.py:545} INFO - Filling up the DagBag from /opt/airflow/dags/hello_airflow.py
[2026-03-08T00:06:57.385+0000] {processor.py:840} INFO - DAG(s) 'hello_airflow' retrieved from /opt/airflow/dags/hello_airflow.py
[2026-03-08T00:06:57.410+0000] {logging_mixin.py:188} INFO - [2026-03-08T00:06:57.410+0000] {dag.py:3089} INFO - Sync 1 DAGs
[2026-03-08T00:06:57.417+0000] {logging_mixin.py:188} INFO - [2026-03-08T00:06:57.417+0000] {dag.py:3947} INFO - Setting next_dagrun for hello_airflow to None, run_after=None
[2026-03-08T00:06:57.433+0000] {processor.py:183} INFO - Processing /opt/airflow/dags/hello_airflow.py took 0.077 seconds
[2026-03-08T00:07:27.759+0000] {processor.py:161} INFO - Started process (PID=3693) to work on /opt/airflow/dags/hello_airflow.py
[2026-03-08T00:07:27.761+0000] {processor.py:830} INFO - Processing file /opt/airflow/dags/hello_airflow.py for tasks to queue
[2026-03-08T00:07:27.762+0000] {logging_mixin.py:188} INFO - [2026-03-08T00:07:27.762+0000] {dagbag.py:545} INFO - Filling up the DagBag from /opt/airflow/dags/hello_airflow.py
[2026-03-08T00:07:27.775+0000] {processor.py:840} INFO - DAG(s) 'hello_airflow' retrieved from /opt/airflow/dags/hello_airflow.py
[2026-03-08T00:07:27.808+0000] {logging_mixin.py:188} INFO - [2026-03-08T00:07:27.808+0000] {dag.py:3089} INFO - Sync 1 DAGs
[2026-03-08T00:07:27.821+0000] {logging_mixin.py:188} INFO - [2026-03-08T00:07:27.821+0000] {dag.py:3947} INFO - Setting next_dagrun for hello_airflow to None, run_after=None
[2026-03-08T00:07:27.836+0000] {processor.py:183} INFO - Processing /opt/airflow/dags/hello_airflow.py took 0.091 seconds
[2026-03-08T00:07:58.346+0000] {processor.py:161} INFO - Started process (PID=3703) to work on /opt/airflow/dags/hello_airflow.py
[2026-03-08T00:07:58.347+0000] {processor.py:830} INFO - Processing file /opt/airflow/dags/hello_airflow.py for tasks to queue
[2026-03-08T00:07:58.352+0000] {logging_mixin.py:188} INFO - [2026-03-08T00:07:58.351+0000] {dagbag.py:545} INFO - Filling up the DagBag from /opt/airflow/dags/hello_airflow.py
[2026-03-08T00:07:58.364+0000] {processor.py:840} INFO - DAG(s) 'hello_airflow' retrieved from /opt/airflow/dags/hello_airflow.py
[2026-03-08T00:07:58.389+0000] {logging_mixin.py:188} INFO - [2026-03-08T00:07:58.389+0000] {dag.py:3089} INFO - Sync 1 DAGs
[2026-03-08T00:07:58.399+0000] {logging_mixin.py:188} INFO - [2026-03-08T00:07:58.399+0000] {dag.py:3947} INFO - Setting next_dagrun for hello_airflow to None, run_after=None
[2026-03-08T00:07:58.415+0000] {processor.py:183} INFO - Processing /opt/airflow/dags/hello_airflow.py took 0.078 seconds
[2026-03-08T00:08:28.890+0000] {processor.py:161} INFO - Started process (PID=3713) to work on /opt/airflow/dags/hello_airflow.py
[2026-03-08T00:08:28.892+0000] {processor.py:830} INFO - Processing file /opt/airflow/dags/hello_airflow.py for tasks to queue
[2026-03-08T00:08:28.894+0000] {logging_mixin.py:188} INFO - [2026-03-08T00:08:28.894+0000] {dagbag.py:545} INFO - Filling up the DagBag from /opt/airflow/dags/hello_airflow.py
[2026-03-08T00:08:28.912+0000] {processor.py:840} INFO - DAG(s) 'hello_airflow' retrieved from /opt/airflow/dags/hello_airflow.py
[2026-03-08T00:08:28.941+0000] {logging_mixin.py:188} INFO - [2026-03-08T00:08:28.941+0000] {dag.py:3089} INFO - Sync 1 DAGs
[2026-03-08T00:08:28.953+0000] {logging_mixin.py:188} INFO - [2026-03-08T00:08:28.953+0000] {dag.py:3947} INFO - Setting next_dagrun for hello_airflow to None, run_after=None
[2026-03-08T00:08:28.966+0000] {processor.py:183} INFO - Processing /opt/airflow/dags/hello_airflow.py took 0.084 seconds
[2026-03-08T00:08:59.353+0000] {processor.py:161} INFO - Started process (PID=3723) to work on /opt/airflow/dags/hello_airflow.py
[2026-03-08T00:08:59.356+0000] {processor.py:830} INFO - Processing file /opt/airflow/dags/hello_airflow.py for tasks to queue
[2026-03-08T00:08:59.360+0000] {logging_mixin.py:188} INFO - [2026-03-08T00:08:59.360+0000] {dagbag.py:545} INFO - Filling up the DagBag from /opt/airflow/dags/hello_airflow.py
[2026-03-08T00:08:59.371+0000] {processor.py:840} INFO - DAG(s) 'hello_airflow' retrieved from /opt/airflow/dags/hello_airflow.py
[2026-03-08T00:08:59.410+0000] {logging_mixin.py:188} INFO - [2026-03-08T00:08:59.410+0000] {dag.py:3089} INFO - Sync 1 DAGs
[2026-03-08T00:08:59.421+0000] {logging_mixin.py:188} INFO - [2026-03-08T00:08:59.421+0000] {dag.py:3947} INFO - Setting next_dagrun for hello_airflow to None, run_after=None
[2026-03-08T00:08:59.435+0000] {processor.py:183} INFO - Processing /opt/airflow/dags/hello_airflow.py took 0.092 seconds
[2026-03-08T00:09:29.696+0000] {processor.py:161} INFO - Started process (PID=3733) to work on /opt/airflow/dags/hello_airflow.py
[2026-03-08T00:09:29.699+0000] {processor.py:830} INFO - Processing file /opt/airflow/dags/hello_airflow.py for tasks to queue
[2026-03-08T00:09:29.706+0000] {logging_mixin.py:188} INFO - [2026-03-08T00:09:29.705+0000] {dagbag.py:545} INFO - Filling up the DagBag from /opt/airflow/dags/hello_airflow.py
[2026-03-08T00:09:29.716+0000] {processor.py:840} INFO - DAG(s) 'hello_airflow' retrieved from /opt/airflow/dags/hello_airflow.py
[2026-03-08T00:09:29.747+0000] {logging_mixin.py:188} INFO - [2026-03-08T00:09:29.747+0000] {dag.py:3089} INFO - Sync 1 DAGs
[2026-03-08T00:09:29.758+0000] {logging_mixin.py:188} INFO - [2026-03-08T00:09:29.757+0000] {dag.py:3947} INFO - Setting next_dagrun for hello_airflow to None, run_after=None
[2026-03-08T00:09:29.772+0000] {processor.py:183} INFO - Processing /opt/airflow/dags/hello_airflow.py took 0.081 seconds
[2026-03-08T00:10:00.145+0000] {processor.py:161} INFO - Started process (PID=3742) to work on /opt/airflow/dags/hello_airflow.py
[2026-03-08T00:10:00.148+0000] {processor.py:830} INFO - Processing file /opt/airflow/dags/hello_airflow.py for tasks to queue
[2026-03-08T00:10:00.150+0000] {logging_mixin.py:188} INFO - [2026-03-08T00:10:00.150+0000] {dagbag.py:545} INFO - Filling up the DagBag from /opt/airflow/dags/hello_airflow.py
[2026-03-08T00:10:00.162+0000] {processor.py:840} INFO - DAG(s) 'hello_airflow' retrieved from /opt/airflow/dags/hello_airflow.py
[2026-03-08T00:10:00.188+0000] {logging_mixin.py:188} INFO - [2026-03-08T00:10:00.188+0000] {dag.py:3089} INFO - Sync 1 DAGs
[2026-03-08T00:10:00.198+0000] {logging_mixin.py:188} INFO - [2026-03-08T00:10:00.198+0000] {dag.py:3947} INFO - Setting next_dagrun for hello_airflow to None, run_after=None
[2026-03-08T00:10:00.213+0000] {processor.py:183} INFO - Processing /opt/airflow/dags/hello_airflow.py took 0.076 seconds
[2026-03-08T00:10:30.697+0000] {processor.py:161} INFO - Started process (PID=3753) to work on /opt/airflow/dags/hello_airflow.py
[2026-03-08T00:10:30.698+0000] {processor.py:830} INFO - Processing file /opt/airflow/dags/hello_airflow.py for tasks to queue
[2026-03-08T00:10:30.700+0000] {logging_mixin.py:188} INFO - [2026-03-08T00:10:30.700+0000] {dagbag.py:545} INFO - Filling up the DagBag from /opt/airflow/dags/hello_airflow.py
[2026-03-08T00:10:30.725+0000] {processor.py:840} INFO - DAG(s) 'hello_airflow' retrieved from /opt/airflow/dags/hello_airflow.py
[2026-03-08T00:10:30.774+0000] {logging_mixin.py:188} INFO - [2026-03-08T00:10:30.774+0000] {dag.py:3089} INFO - Sync 1 DAGs
[2026-03-08T00:10:30.788+0000] {logging_mixin.py:188} INFO - [2026-03-08T00:10:30.788+0000] {dag.py:3947} INFO - Setting next_dagrun for hello_airflow to None, run_after=None
[2026-03-08T00:10:30.803+0000] {processor.py:183} INFO - Processing /opt/airflow/dags/hello_airflow.py took 0.113 seconds
[2026-03-08T00:11:01.173+0000] {processor.py:161} INFO - Started process (PID=3763) to work on /opt/airflow/dags/hello_airflow.py
[2026-03-08T00:11:01.175+0000] {processor.py:830} INFO - Processing file /opt/airflow/dags/hello_airflow.py for tasks to queue
[2026-03-08T00:11:01.178+0000] {logging_mixin.py:188} INFO - [2026-03-08T00:11:01.178+0000] {dagbag.py:545} INFO - Filling up the DagBag from /opt/airflow/dags/hello_airflow.py
[2026-03-08T00:11:01.196+0000] {processor.py:840} INFO - DAG(s) 'hello_airflow' retrieved from /opt/airflow/dags/hello_airflow.py
[2026-03-08T00:11:01.225+0000] {logging_mixin.py:188} INFO - [2026-03-08T00:11:01.225+0000] {dag.py:3089} INFO - Sync 1 DAGs
[2026-03-08T00:11:01.232+0000] {logging_mixin.py:188} INFO - [2026-03-08T00:11:01.232+0000] {dag.py:3947} INFO - Setting next_dagrun for hello_airflow to None, run_after=None
[2026-03-08T00:11:01.245+0000] {processor.py:183} INFO - Processing /opt/airflow/dags/hello_airflow.py took 0.080 seconds
[2026-03-08T00:11:31.677+0000] {processor.py:161} INFO - Started process (PID=3773) to work on /opt/airflow/dags/hello_airflow.py
[2026-03-08T00:11:31.679+0000] {processor.py:830} INFO - Processing file /opt/airflow/dags/hello_airflow.py for tasks to queue
[2026-03-08T00:11:31.680+0000] {logging_mixin.py:188} INFO - [2026-03-08T00:11:31.680+0000] {dagbag.py:545} INFO - Filling up the DagBag from /opt/airflow/dags/hello_airflow.py
[2026-03-08T00:11:31.692+0000] {processor.py:840} INFO - DAG(s) 'hello_airflow' retrieved from /opt/airflow/dags/hello_airflow.py
[2026-03-08T00:11:31.724+0000] {logging_mixin.py:188} INFO - [2026-03-08T00:11:31.724+0000] {dag.py:3089} INFO - Sync 1 DAGs
[2026-03-08T00:11:31.738+0000] {logging_mixin.py:188} INFO - [2026-03-08T00:11:31.738+0000] {dag.py:3947} INFO - Setting next_dagrun for hello_airflow to None, run_after=None
[2026-03-08T00:11:31.757+0000] {processor.py:183} INFO - Processing /opt/airflow/dags/hello_airflow.py took 0.088 seconds
[2026-03-08T00:12:02.167+0000] {processor.py:161} INFO - Started process (PID=3782) to work on /opt/airflow/dags/hello_airflow.py
[2026-03-08T00:12:02.169+0000] {processor.py:830} INFO - Processing file /opt/airflow/dags/hello_airflow.py for tasks to queue
[2026-03-08T00:12:02.172+0000] {logging_mixin.py:188} INFO - [2026-03-08T00:12:02.172+0000] {dagbag.py:545} INFO - Filling up the DagBag from /opt/airflow/dags/hello_airflow.py
[2026-03-08T00:12:02.189+0000] {processor.py:840} INFO - DAG(s) 'hello_airflow' retrieved from /opt/airflow/dags/hello_airflow.py
[2026-03-08T00:12:02.218+0000] {logging_mixin.py:188} INFO - [2026-03-08T00:12:02.218+0000] {dag.py:3089} INFO - Sync 1 DAGs
[2026-03-08T00:12:02.227+0000] {logging_mixin.py:188} INFO - [2026-03-08T00:12:02.226+0000] {dag.py:3947} INFO - Setting next_dagrun for hello_airflow to None, run_after=None
[2026-03-08T00:12:02.240+0000] {processor.py:183} INFO - Processing /opt/airflow/dags/hello_airflow.py took 0.080 seconds
[2026-03-08T00:12:32.621+0000] {processor.py:161} INFO - Started process (PID=3793) to work on /opt/airflow/dags/hello_airflow.py
[2026-03-08T00:12:32.622+0000] {processor.py:830} INFO - Processing file /opt/airflow/dags/hello_airflow.py for tasks to queue
[2026-03-08T00:12:32.623+0000] {logging_mixin.py:188} INFO - [2026-03-08T00:12:32.623+0000] {dagbag.py:545} INFO - Filling up the DagBag from /opt/airflow/dags/hello_airflow.py
[2026-03-08T00:12:32.643+0000] {processor.py:840} INFO - DAG(s) 'hello_airflow' retrieved from /opt/airflow/dags/hello_airflow.py
[2026-03-08T00:12:32.674+0000] {logging_mixin.py:188} INFO - [2026-03-08T00:12:32.674+0000] {dag.py:3089} INFO - Sync 1 DAGs
[2026-03-08T00:12:32.686+0000] {logging_mixin.py:188} INFO - [2026-03-08T00:12:32.686+0000] {dag.py:3947} INFO - Setting next_dagrun for hello_airflow to None, run_after=None
[2026-03-08T00:12:32.705+0000] {processor.py:183} INFO - Processing /opt/airflow/dags/hello_airflow.py took 0.091 seconds
[2026-03-08T00:13:03.006+0000] {processor.py:161} INFO - Started process (PID=3803) to work on /opt/airflow/dags/hello_airflow.py
[2026-03-08T00:13:03.008+0000] {processor.py:830} INFO - Processing file /opt/airflow/dags/hello_airflow.py for tasks to queue
[2026-03-08T00:13:03.011+0000] {logging_mixin.py:188} INFO - [2026-03-08T00:13:03.010+0000] {dagbag.py:545} INFO - Filling up the DagBag from /opt/airflow/dags/hello_airflow.py
[2026-03-08T00:13:03.023+0000] {processor.py:840} INFO - DAG(s) 'hello_airflow' retrieved from /opt/airflow/dags/hello_airflow.py
[2026-03-08T00:13:03.055+0000] {logging_mixin.py:188} INFO - [2026-03-08T00:13:03.055+0000] {dag.py:3089} INFO - Sync 1 DAGs
[2026-03-08T00:13:03.067+0000] {logging_mixin.py:188} INFO - [2026-03-08T00:13:03.066+0000] {dag.py:3947} INFO - Setting next_dagrun for hello_airflow to None, run_after=None
[2026-03-08T00:13:03.084+0000] {processor.py:183} INFO - Processing /opt/airflow/dags/hello_airflow.py took 0.086 seconds
[2026-03-08T00:13:33.502+0000] {processor.py:161} INFO - Started process (PID=3813) to work on /opt/airflow/dags/hello_airflow.py
[2026-03-08T00:13:33.503+0000] {processor.py:830} INFO - Processing file /opt/airflow/dags/hello_airflow.py for tasks to queue
[2026-03-08T00:13:33.508+0000] {logging_mixin.py:188} INFO - [2026-03-08T00:13:33.507+0000] {dagbag.py:545} INFO - Filling up the DagBag from /opt/airflow/dags/hello_airflow.py
[2026-03-08T00:13:33.520+0000] {processor.py:840} INFO - DAG(s) 'hello_airflow' retrieved from /opt/airflow/dags/hello_airflow.py
[2026-03-08T00:13:33.552+0000] {logging_mixin.py:188} INFO - [2026-03-08T00:13:33.552+0000] {dag.py:3089} INFO - Sync 1 DAGs
[2026-03-08T00:13:33.558+0000] {logging_mixin.py:188} INFO - [2026-03-08T00:13:33.558+0000] {dag.py:3947} INFO - Setting next_dagrun for hello_airflow to None, run_after=None
[2026-03-08T00:13:33.576+0000] {processor.py:183} INFO - Processing /opt/airflow/dags/hello_airflow.py took 0.080 seconds
[2026-03-08T00:14:04.075+0000] {processor.py:161} INFO - Started process (PID=3823) to work on /opt/airflow/dags/hello_airflow.py
[2026-03-08T00:14:04.077+0000] {processor.py:830} INFO - Processing file /opt/airflow/dags/hello_airflow.py for tasks to queue
[2026-03-08T00:14:04.082+0000] {logging_mixin.py:188} INFO - [2026-03-08T00:14:04.081+0000] {dagbag.py:545} INFO - Filling up the DagBag from /opt/airflow/dags/hello_airflow.py
[2026-03-08T00:14:04.107+0000] {processor.py:840} INFO - DAG(s) 'hello_airflow' retrieved from /opt/airflow/dags/hello_airflow.py
[2026-03-08T00:14:04.150+0000] {logging_mixin.py:188} INFO - [2026-03-08T00:14:04.150+0000] {dag.py:3089} INFO - Sync 1 DAGs
[2026-03-08T00:14:04.159+0000] {logging_mixin.py:188} INFO - [2026-03-08T00:14:04.159+0000] {dag.py:3947} INFO - Setting next_dagrun for hello_airflow to None, run_after=None
[2026-03-08T00:14:04.173+0000] {processor.py:183} INFO - Processing /opt/airflow/dags/hello_airflow.py took 0.109 seconds
[2026-03-08T00:14:34.516+0000] {processor.py:161} INFO - Started process (PID=3833) to work on /opt/airflow/dags/hello_airflow.py
[2026-03-08T00:14:34.518+0000] {processor.py:830} INFO - Processing file /opt/airflow/dags/hello_airflow.py for tasks to queue
[2026-03-08T00:14:34.521+0000] {logging_mixin.py:188} INFO - [2026-03-08T00:14:34.521+0000] {dagbag.py:545} INFO - Filling up the DagBag from /opt/airflow/dags/hello_airflow.py
[2026-03-08T00:14:34.534+0000] {processor.py:840} INFO - DAG(s) 'hello_airflow' retrieved from /opt/airflow/dags/hello_airflow.py
[2026-03-08T00:14:34.566+0000] {logging_mixin.py:188} INFO - [2026-03-08T00:14:34.566+0000] {dag.py:3089} INFO - Sync 1 DAGs
[2026-03-08T00:14:34.577+0000] {logging_mixin.py:188} INFO - [2026-03-08T00:14:34.577+0000] {dag.py:3947} INFO - Setting next_dagrun for hello_airflow to None, run_after=None
[2026-03-08T00:14:34.599+0000] {processor.py:183} INFO - Processing /opt/airflow/dags/hello_airflow.py took 0.098 seconds
[2026-03-08T00:15:05.056+0000] {processor.py:161} INFO - Started process (PID=3842) to work on /opt/airflow/dags/hello_airflow.py
[2026-03-08T00:15:05.059+0000] {processor.py:830} INFO - Processing file /opt/airflow/dags/hello_airflow.py for tasks to queue
[2026-03-08T00:15:05.061+0000] {logging_mixin.py:188} INFO - [2026-03-08T00:15:05.061+0000] {dagbag.py:545} INFO - Filling up the DagBag from /opt/airflow/dags/hello_airflow.py
[2026-03-08T00:15:05.077+0000] {processor.py:840} INFO - DAG(s) 'hello_airflow' retrieved from /opt/airflow/dags/hello_airflow.py
[2026-03-08T00:15:05.118+0000] {logging_mixin.py:188} INFO - [2026-03-08T00:15:05.117+0000] {dag.py:3089} INFO - Sync 1 DAGs
[2026-03-08T00:15:05.131+0000] {logging_mixin.py:188} INFO - [2026-03-08T00:15:05.130+0000] {dag.py:3947} INFO - Setting next_dagrun for hello_airflow to None, run_after=None
[2026-03-08T00:15:05.146+0000] {processor.py:183} INFO - Processing /opt/airflow/dags/hello_airflow.py took 0.105 seconds
[2026-03-08T00:15:35.522+0000] {processor.py:161} INFO - Started process (PID=3853) to work on /opt/airflow/dags/hello_airflow.py
[2026-03-08T00:15:35.523+0000] {processor.py:830} INFO - Processing file /opt/airflow/dags/hello_airflow.py for tasks to queue
[2026-03-08T00:15:35.525+0000] {logging_mixin.py:188} INFO - [2026-03-08T00:15:35.525+0000] {dagbag.py:545} INFO - Filling up the DagBag from /opt/airflow/dags/hello_airflow.py
[2026-03-08T00:15:35.539+0000] {processor.py:840} INFO - DAG(s) 'hello_airflow' retrieved from /opt/airflow/dags/hello_airflow.py
[2026-03-08T00:15:35.564+0000] {logging_mixin.py:188} INFO - [2026-03-08T00:15:35.564+0000] {dag.py:3089} INFO - Sync 1 DAGs
[2026-03-08T00:15:35.571+0000] {logging_mixin.py:188} INFO - [2026-03-08T00:15:35.571+0000] {dag.py:3947} INFO - Setting next_dagrun for hello_airflow to None, run_after=None
[2026-03-08T00:15:35.585+0000] {processor.py:183} INFO - Processing /opt/airflow/dags/hello_airflow.py took 0.069 seconds
[2026-03-08T00:16:06.057+0000] {processor.py:161} INFO - Started process (PID=3862) to work on /opt/airflow/dags/hello_airflow.py
[2026-03-08T00:16:06.060+0000] {processor.py:830} INFO - Processing file /opt/airflow/dags/hello_airflow.py for tasks to queue
[2026-03-08T00:16:06.063+0000] {logging_mixin.py:188} INFO - [2026-03-08T00:16:06.063+0000] {dagbag.py:545} INFO - Filling up the DagBag from /opt/airflow/dags/hello_airflow.py
[2026-03-08T00:16:06.090+0000] {processor.py:840} INFO - DAG(s) 'hello_airflow' retrieved from /opt/airflow/dags/hello_airflow.py
[2026-03-08T00:16:06.142+0000] {logging_mixin.py:188} INFO - [2026-03-08T00:16:06.141+0000] {dag.py:3089} INFO - Sync 1 DAGs
[2026-03-08T00:16:06.156+0000] {logging_mixin.py:188} INFO - [2026-03-08T00:16:06.156+0000] {dag.py:3947} INFO - Setting next_dagrun for hello_airflow to None, run_after=None
[2026-03-08T00:16:06.172+0000] {processor.py:183} INFO - Processing /opt/airflow/dags/hello_airflow.py took 0.138 seconds
[2026-03-08T00:16:36.460+0000] {processor.py:161} INFO - Started process (PID=3873) to work on /opt/airflow/dags/hello_airflow.py
[2026-03-08T00:16:36.462+0000] {processor.py:830} INFO - Processing file /opt/airflow/dags/hello_airflow.py for tasks to queue
[2026-03-08T00:16:36.467+0000] {logging_mixin.py:188} INFO - [2026-03-08T00:16:36.467+0000] {dagbag.py:545} INFO - Filling up the DagBag from /opt/airflow/dags/hello_airflow.py
[2026-03-08T00:16:36.481+0000] {processor.py:840} INFO - DAG(s) 'hello_airflow' retrieved from /opt/airflow/dags/hello_airflow.py
[2026-03-08T00:16:36.511+0000] {logging_mixin.py:188} INFO - [2026-03-08T00:16:36.511+0000] {dag.py:3089} INFO - Sync 1 DAGs
[2026-03-08T00:16:36.518+0000] {logging_mixin.py:188} INFO - [2026-03-08T00:16:36.518+0000] {dag.py:3947} INFO - Setting next_dagrun for hello_airflow to None, run_after=None
[2026-03-08T00:16:36.530+0000] {processor.py:183} INFO - Processing /opt/airflow/dags/hello_airflow.py took 0.087 seconds
[2026-03-08T00:17:06.853+0000] {processor.py:161} INFO - Started process (PID=3882) to work on /opt/airflow/dags/hello_airflow.py
[2026-03-08T00:17:06.856+0000] {processor.py:830} INFO - Processing file /opt/airflow/dags/hello_airflow.py for tasks to queue
[2026-03-08T00:17:06.866+0000] {logging_mixin.py:188} INFO - [2026-03-08T00:17:06.863+0000] {dagbag.py:545} INFO - Filling up the DagBag from /opt/airflow/dags/hello_airflow.py
[2026-03-08T00:17:06.887+0000] {processor.py:840} INFO - DAG(s) 'hello_airflow' retrieved from /opt/airflow/dags/hello_airflow.py
[2026-03-08T00:17:06.942+0000] {logging_mixin.py:188} INFO - [2026-03-08T00:17:06.941+0000] {dag.py:3089} INFO - Sync 1 DAGs
[2026-03-08T00:17:06.954+0000] {logging_mixin.py:188} INFO - [2026-03-08T00:17:06.954+0000] {dag.py:3947} INFO - Setting next_dagrun for hello_airflow to None, run_after=None
[2026-03-08T00:17:06.972+0000] {processor.py:183} INFO - Processing /opt/airflow/dags/hello_airflow.py took 0.133 seconds
[2026-03-08T00:17:37.371+0000] {processor.py:161} INFO - Started process (PID=3893) to work on /opt/airflow/dags/hello_airflow.py
[2026-03-08T00:17:37.372+0000] {processor.py:830} INFO - Processing file /opt/airflow/dags/hello_airflow.py for tasks to queue
[2026-03-08T00:17:37.376+0000] {logging_mixin.py:188} INFO - [2026-03-08T00:17:37.376+0000] {dagbag.py:545} INFO - Filling up the DagBag from /opt/airflow/dags/hello_airflow.py
[2026-03-08T00:17:37.387+0000] {processor.py:840} INFO - DAG(s) 'hello_airflow' retrieved from /opt/airflow/dags/hello_airflow.py
[2026-03-08T00:17:37.424+0000] {logging_mixin.py:188} INFO - [2026-03-08T00:17:37.424+0000] {dag.py:3089} INFO - Sync 1 DAGs
[2026-03-08T00:17:37.437+0000] {logging_mixin.py:188} INFO - [2026-03-08T00:17:37.437+0000] {dag.py:3947} INFO - Setting next_dagrun for hello_airflow to None, run_after=None
[2026-03-08T00:17:37.453+0000] {processor.py:183} INFO - Processing /opt/airflow/dags/hello_airflow.py took 0.089 seconds
[2026-03-08T00:18:07.936+0000] {processor.py:161} INFO - Started process (PID=3902) to work on /opt/airflow/dags/hello_airflow.py
[2026-03-08T00:18:07.938+0000] {processor.py:830} INFO - Processing file /opt/airflow/dags/hello_airflow.py for tasks to queue
[2026-03-08T00:18:07.945+0000] {logging_mixin.py:188} INFO - [2026-03-08T00:18:07.941+0000] {dagbag.py:545} INFO - Filling up the DagBag from /opt/airflow/dags/hello_airflow.py
[2026-03-08T00:18:07.975+0000] {processor.py:840} INFO - DAG(s) 'hello_airflow' retrieved from /opt/airflow/dags/hello_airflow.py
[2026-03-08T00:18:08.016+0000] {logging_mixin.py:188} INFO - [2026-03-08T00:18:08.016+0000] {dag.py:3089} INFO - Sync 1 DAGs
[2026-03-08T00:18:08.029+0000] {logging_mixin.py:188} INFO - [2026-03-08T00:18:08.029+0000] {dag.py:3947} INFO - Setting next_dagrun for hello_airflow to None, run_after=None
[2026-03-08T00:18:08.053+0000] {processor.py:183} INFO - Processing /opt/airflow/dags/hello_airflow.py took 0.139 seconds
[2026-03-08T00:18:38.413+0000] {processor.py:161} INFO - Started process (PID=3912) to work on /opt/airflow/dags/hello_airflow.py
[2026-03-08T00:18:38.416+0000] {processor.py:830} INFO - Processing file /opt/airflow/dags/hello_airflow.py for tasks to queue
[2026-03-08T00:18:38.420+0000] {logging_mixin.py:188} INFO - [2026-03-08T00:18:38.419+0000] {dagbag.py:545} INFO - Filling up the DagBag from /opt/airflow/dags/hello_airflow.py
[2026-03-08T00:18:38.438+0000] {processor.py:840} INFO - DAG(s) 'hello_airflow' retrieved from /opt/airflow/dags/hello_airflow.py
[2026-03-08T00:18:38.472+0000] {logging_mixin.py:188} INFO - [2026-03-08T00:18:38.472+0000] {dag.py:3089} INFO - Sync 1 DAGs
[2026-03-08T00:18:38.484+0000] {logging_mixin.py:188} INFO - [2026-03-08T00:18:38.484+0000] {dag.py:3947} INFO - Setting next_dagrun for hello_airflow to None, run_after=None
[2026-03-08T00:18:38.499+0000] {processor.py:183} INFO - Processing /opt/airflow/dags/hello_airflow.py took 0.100 seconds
[2026-03-08T00:19:08.786+0000] {processor.py:161} INFO - Started process (PID=3923) to work on /opt/airflow/dags/hello_airflow.py
[2026-03-08T00:19:08.787+0000] {processor.py:830} INFO - Processing file /opt/airflow/dags/hello_airflow.py for tasks to queue
[2026-03-08T00:19:08.789+0000] {logging_mixin.py:188} INFO - [2026-03-08T00:19:08.789+0000] {dagbag.py:545} INFO - Filling up the DagBag from /opt/airflow/dags/hello_airflow.py
[2026-03-08T00:19:08.800+0000] {processor.py:840} INFO - DAG(s) 'hello_airflow' retrieved from /opt/airflow/dags/hello_airflow.py
[2026-03-08T00:19:08.831+0000] {logging_mixin.py:188} INFO - [2026-03-08T00:19:08.831+0000] {dag.py:3089} INFO - Sync 1 DAGs
[2026-03-08T00:19:08.844+0000] {logging_mixin.py:188} INFO - [2026-03-08T00:19:08.844+0000] {dag.py:3947} INFO - Setting next_dagrun for hello_airflow to None, run_after=None
[2026-03-08T00:19:08.855+0000] {processor.py:183} INFO - Processing /opt/airflow/dags/hello_airflow.py took 0.075 seconds
[2026-03-08T00:19:39.290+0000] {processor.py:161} INFO - Started process (PID=3933) to work on /opt/airflow/dags/hello_airflow.py
[2026-03-08T00:19:39.291+0000] {processor.py:830} INFO - Processing file /opt/airflow/dags/hello_airflow.py for tasks to queue
[2026-03-08T00:19:39.294+0000] {logging_mixin.py:188} INFO - [2026-03-08T00:19:39.293+0000] {dagbag.py:545} INFO - Filling up the DagBag from /opt/airflow/dags/hello_airflow.py
[2026-03-08T00:19:39.314+0000] {processor.py:840} INFO - DAG(s) 'hello_airflow' retrieved from /opt/airflow/dags/hello_airflow.py
[2026-03-08T00:19:39.344+0000] {logging_mixin.py:188} INFO - [2026-03-08T00:19:39.344+0000] {dag.py:3089} INFO - Sync 1 DAGs
[2026-03-08T00:19:39.352+0000] {logging_mixin.py:188} INFO - [2026-03-08T00:19:39.352+0000] {dag.py:3947} INFO - Setting next_dagrun for hello_airflow to None, run_after=None
[2026-03-08T00:19:39.368+0000] {processor.py:183} INFO - Processing /opt/airflow/dags/hello_airflow.py took 0.090 seconds
[2026-03-08T00:20:09.857+0000] {processor.py:161} INFO - Started process (PID=3943) to work on /opt/airflow/dags/hello_airflow.py
[2026-03-08T00:20:09.859+0000] {processor.py:830} INFO - Processing file /opt/airflow/dags/hello_airflow.py for tasks to queue
[2026-03-08T00:20:09.862+0000] {logging_mixin.py:188} INFO - [2026-03-08T00:20:09.862+0000] {dagbag.py:545} INFO - Filling up the DagBag from /opt/airflow/dags/hello_airflow.py
[2026-03-08T00:20:09.877+0000] {processor.py:840} INFO - DAG(s) 'hello_airflow' retrieved from /opt/airflow/dags/hello_airflow.py
[2026-03-08T00:20:09.911+0000] {logging_mixin.py:188} INFO - [2026-03-08T00:20:09.911+0000] {dag.py:3089} INFO - Sync 1 DAGs
[2026-03-08T00:20:09.923+0000] {logging_mixin.py:188} INFO - [2026-03-08T00:20:09.923+0000] {dag.py:3947} INFO - Setting next_dagrun for hello_airflow to None, run_after=None
[2026-03-08T00:20:09.938+0000] {processor.py:183} INFO - Processing /opt/airflow/dags/hello_airflow.py took 0.088 seconds
[2026-03-08T00:20:40.366+0000] {processor.py:161} INFO - Started process (PID=3953) to work on /opt/airflow/dags/hello_airflow.py
[2026-03-08T00:20:40.369+0000] {processor.py:830} INFO - Processing file /opt/airflow/dags/hello_airflow.py for tasks to queue
[2026-03-08T00:20:40.370+0000] {logging_mixin.py:188} INFO - [2026-03-08T00:20:40.370+0000] {dagbag.py:545} INFO - Filling up the DagBag from /opt/airflow/dags/hello_airflow.py
[2026-03-08T00:20:40.379+0000] {processor.py:840} INFO - DAG(s) 'hello_airflow' retrieved from /opt/airflow/dags/hello_airflow.py
[2026-03-08T00:20:40.405+0000] {logging_mixin.py:188} INFO - [2026-03-08T00:20:40.405+0000] {dag.py:3089} INFO - Sync 1 DAGs
[2026-03-08T00:20:40.413+0000] {logging_mixin.py:188} INFO - [2026-03-08T00:20:40.413+0000] {dag.py:3947} INFO - Setting next_dagrun for hello_airflow to None, run_after=None
[2026-03-08T00:20:40.424+0000] {processor.py:183} INFO - Processing /opt/airflow/dags/hello_airflow.py took 0.066 seconds
[2026-03-08T00:21:10.878+0000] {processor.py:161} INFO - Started process (PID=3963) to work on /opt/airflow/dags/hello_airflow.py
[2026-03-08T00:21:10.880+0000] {processor.py:830} INFO - Processing file /opt/airflow/dags/hello_airflow.py for tasks to queue
[2026-03-08T00:21:10.884+0000] {logging_mixin.py:188} INFO - [2026-03-08T00:21:10.883+0000] {dagbag.py:545} INFO - Filling up the DagBag from /opt/airflow/dags/hello_airflow.py
[2026-03-08T00:21:10.906+0000] {processor.py:840} INFO - DAG(s) 'hello_airflow' retrieved from /opt/airflow/dags/hello_airflow.py
[2026-03-08T00:21:10.944+0000] {logging_mixin.py:188} INFO - [2026-03-08T00:21:10.944+0000] {dag.py:3089} INFO - Sync 1 DAGs
[2026-03-08T00:21:10.951+0000] {logging_mixin.py:188} INFO - [2026-03-08T00:21:10.951+0000] {dag.py:3947} INFO - Setting next_dagrun for hello_airflow to None, run_after=None
[2026-03-08T00:21:10.967+0000] {processor.py:183} INFO - Processing /opt/airflow/dags/hello_airflow.py took 0.101 seconds
[2026-03-08T00:21:41.398+0000] {processor.py:161} INFO - Started process (PID=3973) to work on /opt/airflow/dags/hello_airflow.py
[2026-03-08T00:21:41.401+0000] {processor.py:830} INFO - Processing file /opt/airflow/dags/hello_airflow.py for tasks to queue
[2026-03-08T00:21:41.405+0000] {logging_mixin.py:188} INFO - [2026-03-08T00:21:41.405+0000] {dagbag.py:545} INFO - Filling up the DagBag from /opt/airflow/dags/hello_airflow.py
[2026-03-08T00:21:41.417+0000] {processor.py:840} INFO - DAG(s) 'hello_airflow' retrieved from /opt/airflow/dags/hello_airflow.py
[2026-03-08T00:21:41.444+0000] {logging_mixin.py:188} INFO - [2026-03-08T00:21:41.444+0000] {dag.py:3089} INFO - Sync 1 DAGs
[2026-03-08T00:21:41.456+0000] {logging_mixin.py:188} INFO - [2026-03-08T00:21:41.456+0000] {dag.py:3947} INFO - Setting next_dagrun for hello_airflow to None, run_after=None
[2026-03-08T00:21:41.470+0000] {processor.py:183} INFO - Processing /opt/airflow/dags/hello_airflow.py took 0.078 seconds
[2026-03-08T00:22:11.933+0000] {processor.py:161} INFO - Started process (PID=3982) to work on /opt/airflow/dags/hello_airflow.py
[2026-03-08T00:22:11.936+0000] {processor.py:830} INFO - Processing file /opt/airflow/dags/hello_airflow.py for tasks to queue
[2026-03-08T00:22:11.939+0000] {logging_mixin.py:188} INFO - [2026-03-08T00:22:11.938+0000] {dagbag.py:545} INFO - Filling up the DagBag from /opt/airflow/dags/hello_airflow.py
[2026-03-08T00:22:11.956+0000] {processor.py:840} INFO - DAG(s) 'hello_airflow' retrieved from /opt/airflow/dags/hello_airflow.py
[2026-03-08T00:22:11.992+0000] {logging_mixin.py:188} INFO - [2026-03-08T00:22:11.992+0000] {dag.py:3089} INFO - Sync 1 DAGs
[2026-03-08T00:22:12.001+0000] {logging_mixin.py:188} INFO - [2026-03-08T00:22:12.001+0000] {dag.py:3947} INFO - Setting next_dagrun for hello_airflow to None, run_after=None
[2026-03-08T00:22:12.015+0000] {processor.py:183} INFO - Processing /opt/airflow/dags/hello_airflow.py took 0.093 seconds
[2026-03-08T00:22:42.534+0000] {processor.py:161} INFO - Started process (PID=3993) to work on /opt/airflow/dags/hello_airflow.py
[2026-03-08T00:22:42.537+0000] {processor.py:830} INFO - Processing file /opt/airflow/dags/hello_airflow.py for tasks to queue
[2026-03-08T00:22:42.541+0000] {logging_mixin.py:188} INFO - [2026-03-08T00:22:42.540+0000] {dagbag.py:545} INFO - Filling up the DagBag from /opt/airflow/dags/hello_airflow.py
[2026-03-08T00:22:42.557+0000] {processor.py:840} INFO - DAG(s) 'hello_airflow' retrieved from /opt/airflow/dags/hello_airflow.py
[2026-03-08T00:22:42.593+0000] {logging_mixin.py:188} INFO - [2026-03-08T00:22:42.593+0000] {dag.py:3089} INFO - Sync 1 DAGs
[2026-03-08T00:22:42.606+0000] {logging_mixin.py:188} INFO - [2026-03-08T00:22:42.605+0000] {dag.py:3947} INFO - Setting next_dagrun for hello_airflow to None, run_after=None
[2026-03-08T00:22:42.622+0000] {processor.py:183} INFO - Processing /opt/airflow/dags/hello_airflow.py took 0.098 seconds
[2026-03-08T00:23:13.070+0000] {processor.py:161} INFO - Started process (PID=4003) to work on /opt/airflow/dags/hello_airflow.py
[2026-03-08T00:23:13.071+0000] {processor.py:830} INFO - Processing file /opt/airflow/dags/hello_airflow.py for tasks to queue
[2026-03-08T00:23:13.073+0000] {logging_mixin.py:188} INFO - [2026-03-08T00:23:13.073+0000] {dagbag.py:545} INFO - Filling up the DagBag from /opt/airflow/dags/hello_airflow.py
[2026-03-08T00:23:13.083+0000] {processor.py:840} INFO - DAG(s) 'hello_airflow' retrieved from /opt/airflow/dags/hello_airflow.py
[2026-03-08T00:23:13.111+0000] {logging_mixin.py:188} INFO - [2026-03-08T00:23:13.110+0000] {dag.py:3089} INFO - Sync 1 DAGs
[2026-03-08T00:23:13.121+0000] {logging_mixin.py:188} INFO - [2026-03-08T00:23:13.121+0000] {dag.py:3947} INFO - Setting next_dagrun for hello_airflow to None, run_after=None
[2026-03-08T00:23:13.134+0000] {processor.py:183} INFO - Processing /opt/airflow/dags/hello_airflow.py took 0.071 seconds
[2026-03-08T00:23:43.585+0000] {processor.py:161} INFO - Started process (PID=4013) to work on /opt/airflow/dags/hello_airflow.py
[2026-03-08T00:23:43.588+0000] {processor.py:830} INFO - Processing file /opt/airflow/dags/hello_airflow.py for tasks to queue
[2026-03-08T00:23:43.591+0000] {logging_mixin.py:188} INFO - [2026-03-08T00:23:43.591+0000] {dagbag.py:545} INFO - Filling up the DagBag from /opt/airflow/dags/hello_airflow.py
[2026-03-08T00:23:43.606+0000] {processor.py:840} INFO - DAG(s) 'hello_airflow' retrieved from /opt/airflow/dags/hello_airflow.py
[2026-03-08T00:23:43.642+0000] {logging_mixin.py:188} INFO - [2026-03-08T00:23:43.641+0000] {dag.py:3089} INFO - Sync 1 DAGs
[2026-03-08T00:23:43.652+0000] {logging_mixin.py:188} INFO - [2026-03-08T00:23:43.651+0000] {dag.py:3947} INFO - Setting next_dagrun for hello_airflow to None, run_after=None
[2026-03-08T00:23:43.668+0000] {processor.py:183} INFO - Processing /opt/airflow/dags/hello_airflow.py took 0.093 seconds
[2026-03-08T00:24:14.166+0000] {processor.py:161} INFO - Started process (PID=4023) to work on /opt/airflow/dags/hello_airflow.py
[2026-03-08T00:24:14.167+0000] {processor.py:830} INFO - Processing file /opt/airflow/dags/hello_airflow.py for tasks to queue
[2026-03-08T00:24:14.169+0000] {logging_mixin.py:188} INFO - [2026-03-08T00:24:14.169+0000] {dagbag.py:545} INFO - Filling up the DagBag from /opt/airflow/dags/hello_airflow.py
[2026-03-08T00:24:14.182+0000] {processor.py:840} INFO - DAG(s) 'hello_airflow' retrieved from /opt/airflow/dags/hello_airflow.py
[2026-03-08T00:24:14.209+0000] {logging_mixin.py:188} INFO - [2026-03-08T00:24:14.208+0000] {dag.py:3089} INFO - Sync 1 DAGs
[2026-03-08T00:24:14.220+0000] {logging_mixin.py:188} INFO - [2026-03-08T00:24:14.220+0000] {dag.py:3947} INFO - Setting next_dagrun for hello_airflow to None, run_after=None
[2026-03-08T00:24:14.234+0000] {processor.py:183} INFO - Processing /opt/airflow/dags/hello_airflow.py took 0.076 seconds
[2026-03-08T00:24:44.734+0000] {processor.py:161} INFO - Started process (PID=4033) to work on /opt/airflow/dags/hello_airflow.py
[2026-03-08T00:24:44.736+0000] {processor.py:830} INFO - Processing file /opt/airflow/dags/hello_airflow.py for tasks to queue
[2026-03-08T00:24:44.740+0000] {logging_mixin.py:188} INFO - [2026-03-08T00:24:44.740+0000] {dagbag.py:545} INFO - Filling up the DagBag from /opt/airflow/dags/hello_airflow.py
[2026-03-08T00:24:44.752+0000] {processor.py:840} INFO - DAG(s) 'hello_airflow' retrieved from /opt/airflow/dags/hello_airflow.py
[2026-03-08T00:24:44.781+0000] {logging_mixin.py:188} INFO - [2026-03-08T00:24:44.781+0000] {dag.py:3089} INFO - Sync 1 DAGs
[2026-03-08T00:24:44.790+0000] {logging_mixin.py:188} INFO - [2026-03-08T00:24:44.790+0000] {dag.py:3947} INFO - Setting next_dagrun for hello_airflow to None, run_after=None
[2026-03-08T00:24:44.804+0000] {processor.py:183} INFO - Processing /opt/airflow/dags/hello_airflow.py took 0.076 seconds
[2026-03-08T00:25:15.272+0000] {processor.py:161} INFO - Started process (PID=4043) to work on /opt/airflow/dags/hello_airflow.py
[2026-03-08T00:25:15.275+0000] {processor.py:830} INFO - Processing file /opt/airflow/dags/hello_airflow.py for tasks to queue
[2026-03-08T00:25:15.279+0000] {logging_mixin.py:188} INFO - [2026-03-08T00:25:15.279+0000] {dagbag.py:545} INFO - Filling up the DagBag from /opt/airflow/dags/hello_airflow.py
[2026-03-08T00:25:15.291+0000] {processor.py:840} INFO - DAG(s) 'hello_airflow' retrieved from /opt/airflow/dags/hello_airflow.py
[2026-03-08T00:25:15.318+0000] {logging_mixin.py:188} INFO - [2026-03-08T00:25:15.318+0000] {dag.py:3089} INFO - Sync 1 DAGs
[2026-03-08T00:25:15.326+0000] {logging_mixin.py:188} INFO - [2026-03-08T00:25:15.326+0000] {dag.py:3947} INFO - Setting next_dagrun for hello_airflow to None, run_after=None
[2026-03-08T00:25:15.336+0000] {processor.py:183} INFO - Processing /opt/airflow/dags/hello_airflow.py took 0.071 seconds
[2026-03-08T00:25:45.754+0000] {processor.py:161} INFO - Started process (PID=4053) to work on /opt/airflow/dags/hello_airflow.py
[2026-03-08T00:25:45.757+0000] {processor.py:830} INFO - Processing file /opt/airflow/dags/hello_airflow.py for tasks to queue
[2026-03-08T00:25:45.758+0000] {logging_mixin.py:188} INFO - [2026-03-08T00:25:45.758+0000] {dagbag.py:545} INFO - Filling up the DagBag from /opt/airflow/dags/hello_airflow.py
[2026-03-08T00:25:45.771+0000] {processor.py:840} INFO - DAG(s) 'hello_airflow' retrieved from /opt/airflow/dags/hello_airflow.py
[2026-03-08T00:25:45.796+0000] {logging_mixin.py:188} INFO - [2026-03-08T00:25:45.796+0000] {dag.py:3089} INFO - Sync 1 DAGs
[2026-03-08T00:25:45.806+0000] {logging_mixin.py:188} INFO - [2026-03-08T00:25:45.806+0000] {dag.py:3947} INFO - Setting next_dagrun for hello_airflow to None, run_after=None
[2026-03-08T00:25:45.819+0000] {processor.py:183} INFO - Processing /opt/airflow/dags/hello_airflow.py took 0.072 seconds
[2026-03-08T00:26:16.215+0000] {processor.py:161} INFO - Started process (PID=4063) to work on /opt/airflow/dags/hello_airflow.py
[2026-03-08T00:26:16.217+0000] {processor.py:830} INFO - Processing file /opt/airflow/dags/hello_airflow.py for tasks to queue
[2026-03-08T00:26:16.218+0000] {logging_mixin.py:188} INFO - [2026-03-08T00:26:16.218+0000] {dagbag.py:545} INFO - Filling up the DagBag from /opt/airflow/dags/hello_airflow.py
[2026-03-08T00:26:16.229+0000] {processor.py:840} INFO - DAG(s) 'hello_airflow' retrieved from /opt/airflow/dags/hello_airflow.py
[2026-03-08T00:26:16.255+0000] {logging_mixin.py:188} INFO - [2026-03-08T00:26:16.254+0000] {dag.py:3089} INFO - Sync 1 DAGs
[2026-03-08T00:26:16.261+0000] {logging_mixin.py:188} INFO - [2026-03-08T00:26:16.261+0000] {dag.py:3947} INFO - Setting next_dagrun for hello_airflow to None, run_after=None
[2026-03-08T00:26:16.273+0000] {processor.py:183} INFO - Processing /opt/airflow/dags/hello_airflow.py took 0.067 seconds
[2026-03-08T00:26:46.641+0000] {processor.py:161} INFO - Started process (PID=4073) to work on /opt/airflow/dags/hello_airflow.py
[2026-03-08T00:26:46.642+0000] {processor.py:830} INFO - Processing file /opt/airflow/dags/hello_airflow.py for tasks to queue
[2026-03-08T00:26:46.644+0000] {logging_mixin.py:188} INFO - [2026-03-08T00:26:46.644+0000] {dagbag.py:545} INFO - Filling up the DagBag from /opt/airflow/dags/hello_airflow.py
[2026-03-08T00:26:46.655+0000] {processor.py:840} INFO - DAG(s) 'hello_airflow' retrieved from /opt/airflow/dags/hello_airflow.py
[2026-03-08T00:26:46.683+0000] {logging_mixin.py:188} INFO - [2026-03-08T00:26:46.683+0000] {dag.py:3089} INFO - Sync 1 DAGs
[2026-03-08T00:26:46.690+0000] {logging_mixin.py:188} INFO - [2026-03-08T00:26:46.690+0000] {dag.py:3947} INFO - Setting next_dagrun for hello_airflow to None, run_after=None
[2026-03-08T00:26:46.701+0000] {processor.py:183} INFO - Processing /opt/airflow/dags/hello_airflow.py took 0.070 seconds
[2026-03-08T00:27:17.124+0000] {processor.py:161} INFO - Started process (PID=4081) to work on /opt/airflow/dags/hello_airflow.py
[2026-03-08T00:27:17.127+0000] {processor.py:830} INFO - Processing file /opt/airflow/dags/hello_airflow.py for tasks to queue
[2026-03-08T00:27:17.130+0000] {logging_mixin.py:188} INFO - [2026-03-08T00:27:17.130+0000] {dagbag.py:545} INFO - Filling up the DagBag from /opt/airflow/dags/hello_airflow.py
[2026-03-08T00:27:17.151+0000] {processor.py:840} INFO - DAG(s) 'hello_airflow' retrieved from /opt/airflow/dags/hello_airflow.py
[2026-03-08T00:27:17.190+0000] {logging_mixin.py:188} INFO - [2026-03-08T00:27:17.190+0000] {dag.py:3089} INFO - Sync 1 DAGs
[2026-03-08T00:27:17.202+0000] {logging_mixin.py:188} INFO - [2026-03-08T00:27:17.202+0000] {dag.py:3947} INFO - Setting next_dagrun for hello_airflow to None, run_after=None
[2026-03-08T00:27:17.219+0000] {processor.py:183} INFO - Processing /opt/airflow/dags/hello_airflow.py took 0.107 seconds
[2026-03-08T00:27:47.703+0000] {processor.py:161} INFO - Started process (PID=4093) to work on /opt/airflow/dags/hello_airflow.py
[2026-03-08T00:27:47.706+0000] {processor.py:830} INFO - Processing file /opt/airflow/dags/hello_airflow.py for tasks to queue
[2026-03-08T00:27:47.708+0000] {logging_mixin.py:188} INFO - [2026-03-08T00:27:47.708+0000] {dagbag.py:545} INFO - Filling up the DagBag from /opt/airflow/dags/hello_airflow.py
[2026-03-08T00:27:47.718+0000] {processor.py:840} INFO - DAG(s) 'hello_airflow' retrieved from /opt/airflow/dags/hello_airflow.py
[2026-03-08T00:27:47.746+0000] {logging_mixin.py:188} INFO - [2026-03-08T00:27:47.745+0000] {dag.py:3089} INFO - Sync 1 DAGs
[2026-03-08T00:27:47.754+0000] {logging_mixin.py:188} INFO - [2026-03-08T00:27:47.754+0000] {dag.py:3947} INFO - Setting next_dagrun for hello_airflow to None, run_after=None
[2026-03-08T00:27:47.768+0000] {processor.py:183} INFO - Processing /opt/airflow/dags/hello_airflow.py took 0.073 seconds
[2026-03-08T00:28:18.233+0000] {processor.py:161} INFO - Started process (PID=4102) to work on /opt/airflow/dags/hello_airflow.py
[2026-03-08T00:28:18.235+0000] {processor.py:830} INFO - Processing file /opt/airflow/dags/hello_airflow.py for tasks to queue
[2026-03-08T00:28:18.238+0000] {logging_mixin.py:188} INFO - [2026-03-08T00:28:18.238+0000] {dagbag.py:545} INFO - Filling up the DagBag from /opt/airflow/dags/hello_airflow.py
[2026-03-08T00:28:18.250+0000] {processor.py:840} INFO - DAG(s) 'hello_airflow' retrieved from /opt/airflow/dags/hello_airflow.py
[2026-03-08T00:28:18.278+0000] {logging_mixin.py:188} INFO - [2026-03-08T00:28:18.277+0000] {dag.py:3089} INFO - Sync 1 DAGs
[2026-03-08T00:28:18.287+0000] {logging_mixin.py:188} INFO - [2026-03-08T00:28:18.287+0000] {dag.py:3947} INFO - Setting next_dagrun for hello_airflow to None, run_after=None
[2026-03-08T00:28:18.299+0000] {processor.py:183} INFO - Processing /opt/airflow/dags/hello_airflow.py took 0.075 seconds
[2026-03-08T00:28:48.770+0000] {processor.py:161} INFO - Started process (PID=4113) to work on /opt/airflow/dags/hello_airflow.py
[2026-03-08T00:28:48.772+0000] {processor.py:830} INFO - Processing file /opt/airflow/dags/hello_airflow.py for tasks to queue
[2026-03-08T00:28:48.776+0000] {logging_mixin.py:188} INFO - [2026-03-08T00:28:48.776+0000] {dagbag.py:545} INFO - Filling up the DagBag from /opt/airflow/dags/hello_airflow.py
[2026-03-08T00:28:48.790+0000] {processor.py:840} INFO - DAG(s) 'hello_airflow' retrieved from /opt/airflow/dags/hello_airflow.py
[2026-03-08T00:28:48.828+0000] {logging_mixin.py:188} INFO - [2026-03-08T00:28:48.828+0000] {dag.py:3089} INFO - Sync 1 DAGs
[2026-03-08T00:28:48.840+0000] {logging_mixin.py:188} INFO - [2026-03-08T00:28:48.840+0000] {dag.py:3947} INFO - Setting next_dagrun for hello_airflow to None, run_after=None
[2026-03-08T00:28:48.856+0000] {processor.py:183} INFO - Processing /opt/airflow/dags/hello_airflow.py took 0.097 seconds
[2026-03-08T00:29:19.210+0000] {processor.py:161} INFO - Started process (PID=4122) to work on /opt/airflow/dags/hello_airflow.py
[2026-03-08T00:29:19.215+0000] {processor.py:830} INFO - Processing file /opt/airflow/dags/hello_airflow.py for tasks to queue
[2026-03-08T00:29:19.219+0000] {logging_mixin.py:188} INFO - [2026-03-08T00:29:19.218+0000] {dagbag.py:545} INFO - Filling up the DagBag from /opt/airflow/dags/hello_airflow.py
[2026-03-08T00:29:19.231+0000] {processor.py:840} INFO - DAG(s) 'hello_airflow' retrieved from /opt/airflow/dags/hello_airflow.py
[2026-03-08T00:29:19.255+0000] {logging_mixin.py:188} INFO - [2026-03-08T00:29:19.255+0000] {dag.py:3089} INFO - Sync 1 DAGs
[2026-03-08T00:29:19.266+0000] {logging_mixin.py:188} INFO - [2026-03-08T00:29:19.266+0000] {dag.py:3947} INFO - Setting next_dagrun for hello_airflow to None, run_after=None
[2026-03-08T00:29:19.281+0000] {processor.py:183} INFO - Processing /opt/airflow/dags/hello_airflow.py took 0.083 seconds
[2026-03-08T00:29:49.759+0000] {processor.py:161} INFO - Started process (PID=4132) to work on /opt/airflow/dags/hello_airflow.py
[2026-03-08T00:29:49.762+0000] {processor.py:830} INFO - Processing file /opt/airflow/dags/hello_airflow.py for tasks to queue
[2026-03-08T00:29:49.770+0000] {logging_mixin.py:188} INFO - [2026-03-08T00:29:49.770+0000] {dagbag.py:545} INFO - Filling up the DagBag from /opt/airflow/dags/hello_airflow.py
[2026-03-08T00:29:49.786+0000] {processor.py:840} INFO - DAG(s) 'hello_airflow' retrieved from /opt/airflow/dags/hello_airflow.py
[2026-03-08T00:29:49.830+0000] {logging_mixin.py:188} INFO - [2026-03-08T00:29:49.830+0000] {dag.py:3089} INFO - Sync 1 DAGs
[2026-03-08T00:29:49.844+0000] {logging_mixin.py:188} INFO - [2026-03-08T00:29:49.844+0000] {dag.py:3947} INFO - Setting next_dagrun for hello_airflow to None, run_after=None
[2026-03-08T00:29:49.859+0000] {processor.py:183} INFO - Processing /opt/airflow/dags/hello_airflow.py took 0.129 seconds
[2026-03-08T00:30:20.317+0000] {processor.py:161} INFO - Started process (PID=4142) to work on /opt/airflow/dags/hello_airflow.py
[2026-03-08T00:30:20.319+0000] {processor.py:830} INFO - Processing file /opt/airflow/dags/hello_airflow.py for tasks to queue
[2026-03-08T00:30:20.324+0000] {logging_mixin.py:188} INFO - [2026-03-08T00:30:20.323+0000] {dagbag.py:545} INFO - Filling up the DagBag from /opt/airflow/dags/hello_airflow.py
[2026-03-08T00:30:20.350+0000] {processor.py:840} INFO - DAG(s) 'hello_airflow' retrieved from /opt/airflow/dags/hello_airflow.py
[2026-03-08T00:30:20.385+0000] {logging_mixin.py:188} INFO - [2026-03-08T00:30:20.385+0000] {dag.py:3089} INFO - Sync 1 DAGs
[2026-03-08T00:30:20.395+0000] {logging_mixin.py:188} INFO - [2026-03-08T00:30:20.395+0000] {dag.py:3947} INFO - Setting next_dagrun for hello_airflow to None, run_after=None
[2026-03-08T00:30:20.411+0000] {processor.py:183} INFO - Processing /opt/airflow/dags/hello_airflow.py took 0.102 seconds
[2026-03-08T00:30:50.782+0000] {processor.py:161} INFO - Started process (PID=4152) to work on /opt/airflow/dags/hello_airflow.py
[2026-03-08T00:30:50.783+0000] {processor.py:830} INFO - Processing file /opt/airflow/dags/hello_airflow.py for tasks to queue
[2026-03-08T00:30:50.787+0000] {logging_mixin.py:188} INFO - [2026-03-08T00:30:50.787+0000] {dagbag.py:545} INFO - Filling up the DagBag from /opt/airflow/dags/hello_airflow.py
[2026-03-08T00:30:50.808+0000] {processor.py:840} INFO - DAG(s) 'hello_airflow' retrieved from /opt/airflow/dags/hello_airflow.py
[2026-03-08T00:30:50.848+0000] {logging_mixin.py:188} INFO - [2026-03-08T00:30:50.848+0000] {dag.py:3089} INFO - Sync 1 DAGs
[2026-03-08T00:30:50.859+0000] {logging_mixin.py:188} INFO - [2026-03-08T00:30:50.859+0000] {dag.py:3947} INFO - Setting next_dagrun for hello_airflow to None, run_after=None
[2026-03-08T00:30:50.878+0000] {processor.py:183} INFO - Processing /opt/airflow/dags/hello_airflow.py took 0.110 seconds
[2026-03-08T00:31:21.197+0000] {processor.py:161} INFO - Started process (PID=4163) to work on /opt/airflow/dags/hello_airflow.py
[2026-03-08T00:31:21.199+0000] {processor.py:830} INFO - Processing file /opt/airflow/dags/hello_airflow.py for tasks to queue
[2026-03-08T00:31:21.202+0000] {logging_mixin.py:188} INFO - [2026-03-08T00:31:21.201+0000] {dagbag.py:545} INFO - Filling up the DagBag from /opt/airflow/dags/hello_airflow.py
[2026-03-08T00:31:21.213+0000] {processor.py:840} INFO - DAG(s) 'hello_airflow' retrieved from /opt/airflow/dags/hello_airflow.py
[2026-03-08T00:31:21.256+0000] {logging_mixin.py:188} INFO - [2026-03-08T00:31:21.256+0000] {dag.py:3089} INFO - Sync 1 DAGs
[2026-03-08T00:31:21.274+0000] {logging_mixin.py:188} INFO - [2026-03-08T00:31:21.274+0000] {dag.py:3947} INFO - Setting next_dagrun for hello_airflow to None, run_after=None
[2026-03-08T00:31:21.294+0000] {processor.py:183} INFO - Processing /opt/airflow/dags/hello_airflow.py took 0.108 seconds
[2026-03-08T00:31:51.682+0000] {processor.py:161} INFO - Started process (PID=4172) to work on /opt/airflow/dags/hello_airflow.py
[2026-03-08T00:31:51.685+0000] {processor.py:830} INFO - Processing file /opt/airflow/dags/hello_airflow.py for tasks to queue
[2026-03-08T00:31:51.690+0000] {logging_mixin.py:188} INFO - [2026-03-08T00:31:51.690+0000] {dagbag.py:545} INFO - Filling up the DagBag from /opt/airflow/dags/hello_airflow.py
[2026-03-08T00:31:51.709+0000] {processor.py:840} INFO - DAG(s) 'hello_airflow' retrieved from /opt/airflow/dags/hello_airflow.py
[2026-03-08T00:31:51.753+0000] {logging_mixin.py:188} INFO - [2026-03-08T00:31:51.753+0000] {dag.py:3089} INFO - Sync 1 DAGs
[2026-03-08T00:31:51.765+0000] {logging_mixin.py:188} INFO - [2026-03-08T00:31:51.765+0000] {dag.py:3947} INFO - Setting next_dagrun for hello_airflow to None, run_after=None
[2026-03-08T00:31:51.783+0000] {processor.py:183} INFO - Processing /opt/airflow/dags/hello_airflow.py took 0.116 seconds
[2026-03-08T00:32:22.145+0000] {processor.py:161} INFO - Started process (PID=4182) to work on /opt/airflow/dags/hello_airflow.py
[2026-03-08T00:32:22.150+0000] {processor.py:830} INFO - Processing file /opt/airflow/dags/hello_airflow.py for tasks to queue
[2026-03-08T00:32:22.154+0000] {logging_mixin.py:188} INFO - [2026-03-08T00:32:22.153+0000] {dagbag.py:545} INFO - Filling up the DagBag from /opt/airflow/dags/hello_airflow.py
[2026-03-08T00:32:22.172+0000] {processor.py:840} INFO - DAG(s) 'hello_airflow' retrieved from /opt/airflow/dags/hello_airflow.py
[2026-03-08T00:32:22.234+0000] {logging_mixin.py:188} INFO - [2026-03-08T00:32:22.234+0000] {dag.py:3089} INFO - Sync 1 DAGs
[2026-03-08T00:32:22.249+0000] {logging_mixin.py:188} INFO - [2026-03-08T00:32:22.248+0000] {dag.py:3947} INFO - Setting next_dagrun for hello_airflow to None, run_after=None
[2026-03-08T00:32:22.267+0000] {processor.py:183} INFO - Processing /opt/airflow/dags/hello_airflow.py took 0.138 seconds
[2026-03-08T00:32:52.681+0000] {processor.py:161} INFO - Started process (PID=4193) to work on /opt/airflow/dags/hello_airflow.py
[2026-03-08T00:32:52.683+0000] {processor.py:830} INFO - Processing file /opt/airflow/dags/hello_airflow.py for tasks to queue
[2026-03-08T00:32:52.687+0000] {logging_mixin.py:188} INFO - [2026-03-08T00:32:52.687+0000] {dagbag.py:545} INFO - Filling up the DagBag from /opt/airflow/dags/hello_airflow.py
[2026-03-08T00:32:52.714+0000] {processor.py:840} INFO - DAG(s) 'hello_airflow' retrieved from /opt/airflow/dags/hello_airflow.py
[2026-03-08T00:32:52.763+0000] {logging_mixin.py:188} INFO - [2026-03-08T00:32:52.763+0000] {dag.py:3089} INFO - Sync 1 DAGs
[2026-03-08T00:32:52.779+0000] {logging_mixin.py:188} INFO - [2026-03-08T00:32:52.779+0000] {dag.py:3947} INFO - Setting next_dagrun for hello_airflow to None, run_after=None
[2026-03-08T00:32:52.795+0000] {processor.py:183} INFO - Processing /opt/airflow/dags/hello_airflow.py took 0.122 seconds
[2026-03-08T00:33:23.152+0000] {processor.py:161} INFO - Started process (PID=4203) to work on /opt/airflow/dags/hello_airflow.py
[2026-03-08T00:33:23.153+0000] {processor.py:830} INFO - Processing file /opt/airflow/dags/hello_airflow.py for tasks to queue
[2026-03-08T00:33:23.156+0000] {logging_mixin.py:188} INFO - [2026-03-08T00:33:23.156+0000] {dagbag.py:545} INFO - Filling up the DagBag from /opt/airflow/dags/hello_airflow.py
[2026-03-08T00:33:23.170+0000] {processor.py:840} INFO - DAG(s) 'hello_airflow' retrieved from /opt/airflow/dags/hello_airflow.py
[2026-03-08T00:33:23.198+0000] {logging_mixin.py:188} INFO - [2026-03-08T00:33:23.197+0000] {dag.py:3089} INFO - Sync 1 DAGs
[2026-03-08T00:33:23.208+0000] {logging_mixin.py:188} INFO - [2026-03-08T00:33:23.208+0000] {dag.py:3947} INFO - Setting next_dagrun for hello_airflow to None, run_after=None
[2026-03-08T00:33:23.228+0000] {processor.py:183} INFO - Processing /opt/airflow/dags/hello_airflow.py took 0.083 seconds
[2026-03-08T00:33:53.658+0000] {processor.py:161} INFO - Started process (PID=4213) to work on /opt/airflow/dags/hello_airflow.py
[2026-03-08T00:33:53.662+0000] {processor.py:830} INFO - Processing file /opt/airflow/dags/hello_airflow.py for tasks to queue
[2026-03-08T00:33:53.666+0000] {logging_mixin.py:188} INFO - [2026-03-08T00:33:53.666+0000] {dagbag.py:545} INFO - Filling up the DagBag from /opt/airflow/dags/hello_airflow.py
[2026-03-08T00:33:53.680+0000] {processor.py:840} INFO - DAG(s) 'hello_airflow' retrieved from /opt/airflow/dags/hello_airflow.py
[2026-03-08T00:33:53.713+0000] {logging_mixin.py:188} INFO - [2026-03-08T00:33:53.713+0000] {dag.py:3089} INFO - Sync 1 DAGs
[2026-03-08T00:33:53.727+0000] {logging_mixin.py:188} INFO - [2026-03-08T00:33:53.727+0000] {dag.py:3947} INFO - Setting next_dagrun for hello_airflow to None, run_after=None
[2026-03-08T00:33:53.744+0000] {processor.py:183} INFO - Processing /opt/airflow/dags/hello_airflow.py took 0.094 seconds
[2026-03-08T00:34:24.058+0000] {processor.py:161} INFO - Started process (PID=4223) to work on /opt/airflow/dags/hello_airflow.py
[2026-03-08T00:34:24.059+0000] {processor.py:830} INFO - Processing file /opt/airflow/dags/hello_airflow.py for tasks to queue
[2026-03-08T00:34:24.062+0000] {logging_mixin.py:188} INFO - [2026-03-08T00:34:24.061+0000] {dagbag.py:545} INFO - Filling up the DagBag from /opt/airflow/dags/hello_airflow.py
[2026-03-08T00:34:24.075+0000] {processor.py:840} INFO - DAG(s) 'hello_airflow' retrieved from /opt/airflow/dags/hello_airflow.py
[2026-03-08T00:34:24.107+0000] {logging_mixin.py:188} INFO - [2026-03-08T00:34:24.107+0000] {dag.py:3089} INFO - Sync 1 DAGs
[2026-03-08T00:34:24.118+0000] {logging_mixin.py:188} INFO - [2026-03-08T00:34:24.118+0000] {dag.py:3947} INFO - Setting next_dagrun for hello_airflow to None, run_after=None
[2026-03-08T00:34:24.133+0000] {processor.py:183} INFO - Processing /opt/airflow/dags/hello_airflow.py took 0.086 seconds
[2026-03-08T00:51:56.188+0000] {processor.py:161} INFO - Started process (PID=4233) to work on /opt/airflow/dags/hello_airflow.py
[2026-03-08T00:51:56.190+0000] {processor.py:830} INFO - Processing file /opt/airflow/dags/hello_airflow.py for tasks to queue
[2026-03-08T00:51:56.192+0000] {logging_mixin.py:188} INFO - [2026-03-08T00:51:56.192+0000] {dagbag.py:545} INFO - Filling up the DagBag from /opt/airflow/dags/hello_airflow.py
[2026-03-08T00:51:56.209+0000] {processor.py:840} INFO - DAG(s) 'hello_airflow' retrieved from /opt/airflow/dags/hello_airflow.py
[2026-03-08T00:51:56.256+0000] {logging_mixin.py:188} INFO - [2026-03-08T00:51:56.256+0000] {dag.py:3089} INFO - Sync 1 DAGs
[2026-03-08T00:51:56.269+0000] {logging_mixin.py:188} INFO - [2026-03-08T00:51:56.269+0000] {dag.py:3947} INFO - Setting next_dagrun for hello_airflow to None, run_after=None
[2026-03-08T00:51:56.289+0000] {processor.py:183} INFO - Processing /opt/airflow/dags/hello_airflow.py took 0.107 seconds
[2026-03-08T00:52:26.582+0000] {processor.py:161} INFO - Started process (PID=4243) to work on /opt/airflow/dags/hello_airflow.py
[2026-03-08T00:52:26.583+0000] {processor.py:830} INFO - Processing file /opt/airflow/dags/hello_airflow.py for tasks to queue
[2026-03-08T00:52:26.585+0000] {logging_mixin.py:188} INFO - [2026-03-08T00:52:26.585+0000] {dagbag.py:545} INFO - Filling up the DagBag from /opt/airflow/dags/hello_airflow.py
[2026-03-08T00:52:26.598+0000] {processor.py:840} INFO - DAG(s) 'hello_airflow' retrieved from /opt/airflow/dags/hello_airflow.py
[2026-03-08T00:52:26.630+0000] {logging_mixin.py:188} INFO - [2026-03-08T00:52:26.630+0000] {dag.py:3089} INFO - Sync 1 DAGs
[2026-03-08T00:52:26.637+0000] {logging_mixin.py:188} INFO - [2026-03-08T00:52:26.637+0000] {dag.py:3947} INFO - Setting next_dagrun for hello_airflow to None, run_after=None
[2026-03-08T00:52:26.654+0000] {processor.py:183} INFO - Processing /opt/airflow/dags/hello_airflow.py took 0.078 seconds
[2026-03-08T00:52:57.095+0000] {processor.py:161} INFO - Started process (PID=4253) to work on /opt/airflow/dags/hello_airflow.py
[2026-03-08T00:52:57.098+0000] {processor.py:830} INFO - Processing file /opt/airflow/dags/hello_airflow.py for tasks to queue
[2026-03-08T00:52:57.100+0000] {logging_mixin.py:188} INFO - [2026-03-08T00:52:57.100+0000] {dagbag.py:545} INFO - Filling up the DagBag from /opt/airflow/dags/hello_airflow.py
[2026-03-08T00:52:57.116+0000] {processor.py:840} INFO - DAG(s) 'hello_airflow' retrieved from /opt/airflow/dags/hello_airflow.py
[2026-03-08T00:52:57.152+0000] {logging_mixin.py:188} INFO - [2026-03-08T00:52:57.152+0000] {dag.py:3089} INFO - Sync 1 DAGs
[2026-03-08T00:52:57.164+0000] {logging_mixin.py:188} INFO - [2026-03-08T00:52:57.164+0000] {dag.py:3947} INFO - Setting next_dagrun for hello_airflow to None, run_after=None
[2026-03-08T00:52:57.180+0000] {processor.py:183} INFO - Processing /opt/airflow/dags/hello_airflow.py took 0.092 seconds
[2026-03-08T00:53:27.525+0000] {processor.py:161} INFO - Started process (PID=4263) to work on /opt/airflow/dags/hello_airflow.py
[2026-03-08T00:53:27.529+0000] {processor.py:830} INFO - Processing file /opt/airflow/dags/hello_airflow.py for tasks to queue
[2026-03-08T00:53:27.532+0000] {logging_mixin.py:188} INFO - [2026-03-08T00:53:27.532+0000] {dagbag.py:545} INFO - Filling up the DagBag from /opt/airflow/dags/hello_airflow.py
[2026-03-08T00:53:27.546+0000] {processor.py:840} INFO - DAG(s) 'hello_airflow' retrieved from /opt/airflow/dags/hello_airflow.py
[2026-03-08T00:53:27.572+0000] {logging_mixin.py:188} INFO - [2026-03-08T00:53:27.572+0000] {dag.py:3089} INFO - Sync 1 DAGs
[2026-03-08T00:53:27.582+0000] {logging_mixin.py:188} INFO - [2026-03-08T00:53:27.582+0000] {dag.py:3947} INFO - Setting next_dagrun for hello_airflow to None, run_after=None
[2026-03-08T00:53:27.596+0000] {processor.py:183} INFO - Processing /opt/airflow/dags/hello_airflow.py took 0.077 seconds
[2026-03-08T00:53:57.985+0000] {processor.py:161} INFO - Started process (PID=4273) to work on /opt/airflow/dags/hello_airflow.py
[2026-03-08T00:53:57.987+0000] {processor.py:830} INFO - Processing file /opt/airflow/dags/hello_airflow.py for tasks to queue
[2026-03-08T00:53:57.989+0000] {logging_mixin.py:188} INFO - [2026-03-08T00:53:57.988+0000] {dagbag.py:545} INFO - Filling up the DagBag from /opt/airflow/dags/hello_airflow.py
[2026-03-08T00:53:57.999+0000] {processor.py:840} INFO - DAG(s) 'hello_airflow' retrieved from /opt/airflow/dags/hello_airflow.py
[2026-03-08T00:53:58.023+0000] {logging_mixin.py:188} INFO - [2026-03-08T00:53:58.023+0000] {dag.py:3089} INFO - Sync 1 DAGs
[2026-03-08T00:53:58.035+0000] {logging_mixin.py:188} INFO - [2026-03-08T00:53:58.035+0000] {dag.py:3947} INFO - Setting next_dagrun for hello_airflow to None, run_after=None
[2026-03-08T00:53:58.051+0000] {processor.py:183} INFO - Processing /opt/airflow/dags/hello_airflow.py took 0.072 seconds
[2026-03-08T00:54:28.466+0000] {processor.py:161} INFO - Started process (PID=4283) to work on /opt/airflow/dags/hello_airflow.py
[2026-03-08T00:54:28.467+0000] {processor.py:830} INFO - Processing file /opt/airflow/dags/hello_airflow.py for tasks to queue
[2026-03-08T00:54:28.471+0000] {logging_mixin.py:188} INFO - [2026-03-08T00:54:28.470+0000] {dagbag.py:545} INFO - Filling up the DagBag from /opt/airflow/dags/hello_airflow.py
[2026-03-08T00:54:28.482+0000] {processor.py:840} INFO - DAG(s) 'hello_airflow' retrieved from /opt/airflow/dags/hello_airflow.py
[2026-03-08T00:54:28.508+0000] {logging_mixin.py:188} INFO - [2026-03-08T00:54:28.508+0000] {dag.py:3089} INFO - Sync 1 DAGs
[2026-03-08T00:54:28.515+0000] {logging_mixin.py:188} INFO - [2026-03-08T00:54:28.514+0000] {dag.py:3947} INFO - Setting next_dagrun for hello_airflow to None, run_after=None
[2026-03-08T00:54:28.528+0000] {processor.py:183} INFO - Processing /opt/airflow/dags/hello_airflow.py took 0.068 seconds
[2026-03-08T00:54:58.993+0000] {processor.py:161} INFO - Started process (PID=4293) to work on /opt/airflow/dags/hello_airflow.py
[2026-03-08T00:54:58.995+0000] {processor.py:830} INFO - Processing file /opt/airflow/dags/hello_airflow.py for tasks to queue
[2026-03-08T00:54:58.997+0000] {logging_mixin.py:188} INFO - [2026-03-08T00:54:58.996+0000] {dagbag.py:545} INFO - Filling up the DagBag from /opt/airflow/dags/hello_airflow.py
[2026-03-08T00:54:59.009+0000] {processor.py:840} INFO - DAG(s) 'hello_airflow' retrieved from /opt/airflow/dags/hello_airflow.py
[2026-03-08T00:54:59.037+0000] {logging_mixin.py:188} INFO - [2026-03-08T00:54:59.036+0000] {dag.py:3089} INFO - Sync 1 DAGs
[2026-03-08T00:54:59.043+0000] {logging_mixin.py:188} INFO - [2026-03-08T00:54:59.043+0000] {dag.py:3947} INFO - Setting next_dagrun for hello_airflow to None, run_after=None
[2026-03-08T00:54:59.056+0000] {processor.py:183} INFO - Processing /opt/airflow/dags/hello_airflow.py took 0.069 seconds
[2026-03-08T01:02:55.629+0000] {processor.py:161} INFO - Started process (PID=4303) to work on /opt/airflow/dags/hello_airflow.py
[2026-03-08T01:02:55.630+0000] {processor.py:830} INFO - Processing file /opt/airflow/dags/hello_airflow.py for tasks to queue
[2026-03-08T01:02:55.632+0000] {logging_mixin.py:188} INFO - [2026-03-08T01:02:55.632+0000] {dagbag.py:545} INFO - Filling up the DagBag from /opt/airflow/dags/hello_airflow.py
[2026-03-08T01:02:55.639+0000] {processor.py:840} INFO - DAG(s) 'hello_airflow' retrieved from /opt/airflow/dags/hello_airflow.py
[2026-03-08T01:02:55.661+0000] {logging_mixin.py:188} INFO - [2026-03-08T01:02:55.661+0000] {dag.py:3089} INFO - Sync 1 DAGs
[2026-03-08T01:02:55.669+0000] {logging_mixin.py:188} INFO - [2026-03-08T01:02:55.669+0000] {dag.py:3947} INFO - Setting next_dagrun for hello_airflow to None, run_after=None
[2026-03-08T01:02:55.682+0000] {processor.py:183} INFO - Processing /opt/airflow/dags/hello_airflow.py took 0.058 seconds
[2026-03-08T01:15:56.911+0000] {processor.py:161} INFO - Started process (PID=4313) to work on /opt/airflow/dags/hello_airflow.py
[2026-03-08T01:15:56.912+0000] {processor.py:830} INFO - Processing file /opt/airflow/dags/hello_airflow.py for tasks to queue
[2026-03-08T01:15:56.914+0000] {logging_mixin.py:188} INFO - [2026-03-08T01:15:56.913+0000] {dagbag.py:545} INFO - Filling up the DagBag from /opt/airflow/dags/hello_airflow.py
[2026-03-08T01:15:56.930+0000] {processor.py:840} INFO - DAG(s) 'hello_airflow' retrieved from /opt/airflow/dags/hello_airflow.py
[2026-03-08T01:15:56.959+0000] {logging_mixin.py:188} INFO - [2026-03-08T01:15:56.959+0000] {dag.py:3089} INFO - Sync 1 DAGs
[2026-03-08T01:15:56.969+0000] {logging_mixin.py:188} INFO - [2026-03-08T01:15:56.969+0000] {dag.py:3947} INFO - Setting next_dagrun for hello_airflow to None, run_after=None
[2026-03-08T01:15:56.983+0000] {processor.py:183} INFO - Processing /opt/airflow/dags/hello_airflow.py took 0.077 seconds
[2026-03-08T01:16:27.341+0000] {processor.py:161} INFO - Started process (PID=4322) to work on /opt/airflow/dags/hello_airflow.py
[2026-03-08T01:16:27.342+0000] {processor.py:830} INFO - Processing file /opt/airflow/dags/hello_airflow.py for tasks to queue
[2026-03-08T01:16:27.345+0000] {logging_mixin.py:188} INFO - [2026-03-08T01:16:27.345+0000] {dagbag.py:545} INFO - Filling up the DagBag from /opt/airflow/dags/hello_airflow.py
[2026-03-08T01:16:27.363+0000] {processor.py:840} INFO - DAG(s) 'hello_airflow' retrieved from /opt/airflow/dags/hello_airflow.py
[2026-03-08T01:16:27.395+0000] {logging_mixin.py:188} INFO - [2026-03-08T01:16:27.395+0000] {dag.py:3089} INFO - Sync 1 DAGs
[2026-03-08T01:16:27.410+0000] {logging_mixin.py:188} INFO - [2026-03-08T01:16:27.410+0000] {dag.py:3947} INFO - Setting next_dagrun for hello_airflow to None, run_after=None
[2026-03-08T01:16:27.434+0000] {processor.py:183} INFO - Processing /opt/airflow/dags/hello_airflow.py took 0.104 seconds
[2026-03-08T01:16:57.833+0000] {processor.py:161} INFO - Started process (PID=4333) to work on /opt/airflow/dags/hello_airflow.py
[2026-03-08T01:16:57.836+0000] {processor.py:830} INFO - Processing file /opt/airflow/dags/hello_airflow.py for tasks to queue
[2026-03-08T01:16:57.838+0000] {logging_mixin.py:188} INFO - [2026-03-08T01:16:57.838+0000] {dagbag.py:545} INFO - Filling up the DagBag from /opt/airflow/dags/hello_airflow.py
[2026-03-08T01:16:57.845+0000] {processor.py:840} INFO - DAG(s) 'hello_airflow' retrieved from /opt/airflow/dags/hello_airflow.py
[2026-03-08T01:16:57.885+0000] {logging_mixin.py:188} INFO - [2026-03-08T01:16:57.885+0000] {dag.py:3089} INFO - Sync 1 DAGs
[2026-03-08T01:16:57.894+0000] {logging_mixin.py:188} INFO - [2026-03-08T01:16:57.894+0000] {dag.py:3947} INFO - Setting next_dagrun for hello_airflow to None, run_after=None
[2026-03-08T01:16:57.909+0000] {processor.py:183} INFO - Processing /opt/airflow/dags/hello_airflow.py took 0.080 seconds
[2026-03-08T01:33:34.749+0000] {processor.py:161} INFO - Started process (PID=4343) to work on /opt/airflow/dags/hello_airflow.py
[2026-03-08T01:33:34.750+0000] {processor.py:830} INFO - Processing file /opt/airflow/dags/hello_airflow.py for tasks to queue
[2026-03-08T01:33:34.754+0000] {logging_mixin.py:188} INFO - [2026-03-08T01:33:34.754+0000] {dagbag.py:545} INFO - Filling up the DagBag from /opt/airflow/dags/hello_airflow.py
[2026-03-08T01:33:34.770+0000] {processor.py:840} INFO - DAG(s) 'hello_airflow' retrieved from /opt/airflow/dags/hello_airflow.py
[2026-03-08T01:33:34.811+0000] {logging_mixin.py:188} INFO - [2026-03-08T01:33:34.811+0000] {dag.py:3089} INFO - Sync 1 DAGs
[2026-03-08T01:33:34.821+0000] {logging_mixin.py:188} INFO - [2026-03-08T01:33:34.821+0000] {dag.py:3947} INFO - Setting next_dagrun for hello_airflow to None, run_after=None
[2026-03-08T01:33:34.838+0000] {processor.py:183} INFO - Processing /opt/airflow/dags/hello_airflow.py took 0.095 seconds
[2026-03-08T01:34:05.279+0000] {processor.py:161} INFO - Started process (PID=4353) to work on /opt/airflow/dags/hello_airflow.py
[2026-03-08T01:34:05.281+0000] {processor.py:830} INFO - Processing file /opt/airflow/dags/hello_airflow.py for tasks to queue
[2026-03-08T01:34:05.284+0000] {logging_mixin.py:188} INFO - [2026-03-08T01:34:05.284+0000] {dagbag.py:545} INFO - Filling up the DagBag from /opt/airflow/dags/hello_airflow.py
[2026-03-08T01:34:05.297+0000] {processor.py:840} INFO - DAG(s) 'hello_airflow' retrieved from /opt/airflow/dags/hello_airflow.py
[2026-03-08T01:34:05.328+0000] {logging_mixin.py:188} INFO - [2026-03-08T01:34:05.328+0000] {dag.py:3089} INFO - Sync 1 DAGs
[2026-03-08T01:34:05.334+0000] {logging_mixin.py:188} INFO - [2026-03-08T01:34:05.334+0000] {dag.py:3947} INFO - Setting next_dagrun for hello_airflow to None, run_after=None
[2026-03-08T01:34:05.350+0000] {processor.py:183} INFO - Processing /opt/airflow/dags/hello_airflow.py took 0.077 seconds
[2026-03-08T01:34:35.791+0000] {processor.py:161} INFO - Started process (PID=4363) to work on /opt/airflow/dags/hello_airflow.py
[2026-03-08T01:34:35.792+0000] {processor.py:830} INFO - Processing file /opt/airflow/dags/hello_airflow.py for tasks to queue
[2026-03-08T01:34:35.797+0000] {logging_mixin.py:188} INFO - [2026-03-08T01:34:35.797+0000] {dagbag.py:545} INFO - Filling up the DagBag from /opt/airflow/dags/hello_airflow.py
[2026-03-08T01:34:35.810+0000] {processor.py:840} INFO - DAG(s) 'hello_airflow' retrieved from /opt/airflow/dags/hello_airflow.py
[2026-03-08T01:34:35.843+0000] {logging_mixin.py:188} INFO - [2026-03-08T01:34:35.843+0000] {dag.py:3089} INFO - Sync 1 DAGs
[2026-03-08T01:34:35.851+0000] {logging_mixin.py:188} INFO - [2026-03-08T01:34:35.851+0000] {dag.py:3947} INFO - Setting next_dagrun for hello_airflow to None, run_after=None
[2026-03-08T01:34:35.870+0000] {processor.py:183} INFO - Processing /opt/airflow/dags/hello_airflow.py took 0.087 seconds
[2026-03-08T01:35:06.201+0000] {processor.py:161} INFO - Started process (PID=4373) to work on /opt/airflow/dags/hello_airflow.py
[2026-03-08T01:35:06.202+0000] {processor.py:830} INFO - Processing file /opt/airflow/dags/hello_airflow.py for tasks to queue
[2026-03-08T01:35:06.205+0000] {logging_mixin.py:188} INFO - [2026-03-08T01:35:06.205+0000] {dagbag.py:545} INFO - Filling up the DagBag from /opt/airflow/dags/hello_airflow.py
[2026-03-08T01:35:06.219+0000] {processor.py:840} INFO - DAG(s) 'hello_airflow' retrieved from /opt/airflow/dags/hello_airflow.py
[2026-03-08T01:35:06.254+0000] {logging_mixin.py:188} INFO - [2026-03-08T01:35:06.254+0000] {dag.py:3089} INFO - Sync 1 DAGs
[2026-03-08T01:35:06.265+0000] {logging_mixin.py:188} INFO - [2026-03-08T01:35:06.265+0000] {dag.py:3947} INFO - Setting next_dagrun for hello_airflow to None, run_after=None
[2026-03-08T01:35:06.283+0000] {processor.py:183} INFO - Processing /opt/airflow/dags/hello_airflow.py took 0.091 seconds
[2026-03-08T01:35:36.684+0000] {processor.py:161} INFO - Started process (PID=4383) to work on /opt/airflow/dags/hello_airflow.py
[2026-03-08T01:35:36.686+0000] {processor.py:830} INFO - Processing file /opt/airflow/dags/hello_airflow.py for tasks to queue
[2026-03-08T01:35:36.690+0000] {logging_mixin.py:188} INFO - [2026-03-08T01:35:36.689+0000] {dagbag.py:545} INFO - Filling up the DagBag from /opt/airflow/dags/hello_airflow.py
[2026-03-08T01:35:36.703+0000] {processor.py:840} INFO - DAG(s) 'hello_airflow' retrieved from /opt/airflow/dags/hello_airflow.py
[2026-03-08T01:35:36.732+0000] {logging_mixin.py:188} INFO - [2026-03-08T01:35:36.732+0000] {dag.py:3089} INFO - Sync 1 DAGs
[2026-03-08T01:35:36.744+0000] {logging_mixin.py:188} INFO - [2026-03-08T01:35:36.744+0000] {dag.py:3947} INFO - Setting next_dagrun for hello_airflow to None, run_after=None
[2026-03-08T01:35:36.756+0000] {processor.py:183} INFO - Processing /opt/airflow/dags/hello_airflow.py took 0.079 seconds
[2026-03-08T01:36:07.180+0000] {processor.py:161} INFO - Started process (PID=4393) to work on /opt/airflow/dags/hello_airflow.py
[2026-03-08T01:36:07.181+0000] {processor.py:830} INFO - Processing file /opt/airflow/dags/hello_airflow.py for tasks to queue
[2026-03-08T01:36:07.187+0000] {logging_mixin.py:188} INFO - [2026-03-08T01:36:07.186+0000] {dagbag.py:545} INFO - Filling up the DagBag from /opt/airflow/dags/hello_airflow.py
[2026-03-08T01:36:07.193+0000] {processor.py:840} INFO - DAG(s) 'hello_airflow' retrieved from /opt/airflow/dags/hello_airflow.py
[2026-03-08T01:36:07.221+0000] {logging_mixin.py:188} INFO - [2026-03-08T01:36:07.221+0000] {dag.py:3089} INFO - Sync 1 DAGs
[2026-03-08T01:36:07.231+0000] {logging_mixin.py:188} INFO - [2026-03-08T01:36:07.231+0000] {dag.py:3947} INFO - Setting next_dagrun for hello_airflow to None, run_after=None
[2026-03-08T01:36:07.246+0000] {processor.py:183} INFO - Processing /opt/airflow/dags/hello_airflow.py took 0.073 seconds
[2026-03-08T01:36:37.574+0000] {processor.py:161} INFO - Started process (PID=4403) to work on /opt/airflow/dags/hello_airflow.py
[2026-03-08T01:36:37.576+0000] {processor.py:830} INFO - Processing file /opt/airflow/dags/hello_airflow.py for tasks to queue
[2026-03-08T01:36:37.578+0000] {logging_mixin.py:188} INFO - [2026-03-08T01:36:37.578+0000] {dagbag.py:545} INFO - Filling up the DagBag from /opt/airflow/dags/hello_airflow.py
[2026-03-08T01:36:37.590+0000] {processor.py:840} INFO - DAG(s) 'hello_airflow' retrieved from /opt/airflow/dags/hello_airflow.py
[2026-03-08T01:36:37.617+0000] {logging_mixin.py:188} INFO - [2026-03-08T01:36:37.617+0000] {dag.py:3089} INFO - Sync 1 DAGs
[2026-03-08T01:36:37.626+0000] {logging_mixin.py:188} INFO - [2026-03-08T01:36:37.626+0000] {dag.py:3947} INFO - Setting next_dagrun for hello_airflow to None, run_after=None
[2026-03-08T01:36:37.641+0000] {processor.py:183} INFO - Processing /opt/airflow/dags/hello_airflow.py took 0.074 seconds
[2026-03-08T01:53:18.877+0000] {processor.py:161} INFO - Started process (PID=4413) to work on /opt/airflow/dags/hello_airflow.py
[2026-03-08T01:53:18.880+0000] {processor.py:830} INFO - Processing file /opt/airflow/dags/hello_airflow.py for tasks to queue
[2026-03-08T01:53:18.884+0000] {logging_mixin.py:188} INFO - [2026-03-08T01:53:18.884+0000] {dagbag.py:545} INFO - Filling up the DagBag from /opt/airflow/dags/hello_airflow.py
[2026-03-08T01:53:18.900+0000] {processor.py:840} INFO - DAG(s) 'hello_airflow' retrieved from /opt/airflow/dags/hello_airflow.py
[2026-03-08T01:53:18.932+0000] {logging_mixin.py:188} INFO - [2026-03-08T01:53:18.932+0000] {dag.py:3089} INFO - Sync 1 DAGs
[2026-03-08T01:53:18.943+0000] {logging_mixin.py:188} INFO - [2026-03-08T01:53:18.943+0000] {dag.py:3947} INFO - Setting next_dagrun for hello_airflow to None, run_after=None
[2026-03-08T01:53:18.967+0000] {processor.py:183} INFO - Processing /opt/airflow/dags/hello_airflow.py took 0.098 seconds
[2026-03-08T01:53:49.372+0000] {processor.py:161} INFO - Started process (PID=4422) to work on /opt/airflow/dags/hello_airflow.py
[2026-03-08T01:53:49.373+0000] {processor.py:830} INFO - Processing file /opt/airflow/dags/hello_airflow.py for tasks to queue
[2026-03-08T01:53:49.376+0000] {logging_mixin.py:188} INFO - [2026-03-08T01:53:49.375+0000] {dagbag.py:545} INFO - Filling up the DagBag from /opt/airflow/dags/hello_airflow.py
[2026-03-08T01:53:49.392+0000] {processor.py:840} INFO - DAG(s) 'hello_airflow' retrieved from /opt/airflow/dags/hello_airflow.py
[2026-03-08T01:53:49.418+0000] {logging_mixin.py:188} INFO - [2026-03-08T01:53:49.418+0000] {dag.py:3089} INFO - Sync 1 DAGs
[2026-03-08T01:53:49.428+0000] {logging_mixin.py:188} INFO - [2026-03-08T01:53:49.427+0000] {dag.py:3947} INFO - Setting next_dagrun for hello_airflow to None, run_after=None
[2026-03-08T01:53:49.440+0000] {processor.py:183} INFO - Processing /opt/airflow/dags/hello_airflow.py took 0.078 seconds
[2026-03-08T01:54:19.758+0000] {processor.py:161} INFO - Started process (PID=4433) to work on /opt/airflow/dags/hello_airflow.py
[2026-03-08T01:54:19.758+0000] {processor.py:830} INFO - Processing file /opt/airflow/dags/hello_airflow.py for tasks to queue
[2026-03-08T01:54:19.763+0000] {logging_mixin.py:188} INFO - [2026-03-08T01:54:19.763+0000] {dagbag.py:545} INFO - Filling up the DagBag from /opt/airflow/dags/hello_airflow.py
[2026-03-08T01:54:19.770+0000] {processor.py:840} INFO - DAG(s) 'hello_airflow' retrieved from /opt/airflow/dags/hello_airflow.py
[2026-03-08T01:54:19.799+0000] {logging_mixin.py:188} INFO - [2026-03-08T01:54:19.799+0000] {dag.py:3089} INFO - Sync 1 DAGs
[2026-03-08T01:54:19.807+0000] {logging_mixin.py:188} INFO - [2026-03-08T01:54:19.807+0000] {dag.py:3947} INFO - Setting next_dagrun for hello_airflow to None, run_after=None
[2026-03-08T01:54:19.823+0000] {processor.py:183} INFO - Processing /opt/airflow/dags/hello_airflow.py took 0.073 seconds
[2026-03-08T01:54:50.215+0000] {processor.py:161} INFO - Started process (PID=4443) to work on /opt/airflow/dags/hello_airflow.py
[2026-03-08T01:54:50.217+0000] {processor.py:830} INFO - Processing file /opt/airflow/dags/hello_airflow.py for tasks to queue
[2026-03-08T01:54:50.220+0000] {logging_mixin.py:188} INFO - [2026-03-08T01:54:50.220+0000] {dagbag.py:545} INFO - Filling up the DagBag from /opt/airflow/dags/hello_airflow.py
[2026-03-08T01:54:50.233+0000] {processor.py:840} INFO - DAG(s) 'hello_airflow' retrieved from /opt/airflow/dags/hello_airflow.py
[2026-03-08T01:54:50.263+0000] {logging_mixin.py:188} INFO - [2026-03-08T01:54:50.263+0000] {dag.py:3089} INFO - Sync 1 DAGs
[2026-03-08T01:54:50.277+0000] {logging_mixin.py:188} INFO - [2026-03-08T01:54:50.277+0000] {dag.py:3947} INFO - Setting next_dagrun for hello_airflow to None, run_after=None
[2026-03-08T01:54:50.292+0000] {processor.py:183} INFO - Processing /opt/airflow/dags/hello_airflow.py took 0.088 seconds
[2026-03-08T01:55:20.738+0000] {processor.py:161} INFO - Started process (PID=4453) to work on /opt/airflow/dags/hello_airflow.py
[2026-03-08T01:55:20.740+0000] {processor.py:830} INFO - Processing file /opt/airflow/dags/hello_airflow.py for tasks to queue
[2026-03-08T01:55:20.743+0000] {logging_mixin.py:188} INFO - [2026-03-08T01:55:20.743+0000] {dagbag.py:545} INFO - Filling up the DagBag from /opt/airflow/dags/hello_airflow.py
[2026-03-08T01:55:20.754+0000] {processor.py:840} INFO - DAG(s) 'hello_airflow' retrieved from /opt/airflow/dags/hello_airflow.py
[2026-03-08T01:55:20.778+0000] {logging_mixin.py:188} INFO - [2026-03-08T01:55:20.777+0000] {dag.py:3089} INFO - Sync 1 DAGs
[2026-03-08T01:55:20.786+0000] {logging_mixin.py:188} INFO - [2026-03-08T01:55:20.786+0000] {dag.py:3947} INFO - Setting next_dagrun for hello_airflow to None, run_after=None
[2026-03-08T01:55:20.799+0000] {processor.py:183} INFO - Processing /opt/airflow/dags/hello_airflow.py took 0.069 seconds
[2026-03-08T01:55:51.197+0000] {processor.py:161} INFO - Started process (PID=4463) to work on /opt/airflow/dags/hello_airflow.py
[2026-03-08T01:55:51.199+0000] {processor.py:830} INFO - Processing file /opt/airflow/dags/hello_airflow.py for tasks to queue
[2026-03-08T01:55:51.201+0000] {logging_mixin.py:188} INFO - [2026-03-08T01:55:51.201+0000] {dagbag.py:545} INFO - Filling up the DagBag from /opt/airflow/dags/hello_airflow.py
[2026-03-08T01:55:51.213+0000] {processor.py:840} INFO - DAG(s) 'hello_airflow' retrieved from /opt/airflow/dags/hello_airflow.py
[2026-03-08T01:55:51.243+0000] {logging_mixin.py:188} INFO - [2026-03-08T01:55:51.243+0000] {dag.py:3089} INFO - Sync 1 DAGs
[2026-03-08T01:55:51.253+0000] {logging_mixin.py:188} INFO - [2026-03-08T01:55:51.253+0000] {dag.py:3947} INFO - Setting next_dagrun for hello_airflow to None, run_after=None
[2026-03-08T01:55:51.265+0000] {processor.py:183} INFO - Processing /opt/airflow/dags/hello_airflow.py took 0.086 seconds
[2026-03-08T02:12:28.677+0000] {processor.py:161} INFO - Started process (PID=4473) to work on /opt/airflow/dags/hello_airflow.py
[2026-03-08T02:12:28.678+0000] {processor.py:830} INFO - Processing file /opt/airflow/dags/hello_airflow.py for tasks to queue
[2026-03-08T02:12:28.681+0000] {logging_mixin.py:188} INFO - [2026-03-08T02:12:28.681+0000] {dagbag.py:545} INFO - Filling up the DagBag from /opt/airflow/dags/hello_airflow.py
[2026-03-08T02:12:28.692+0000] {processor.py:840} INFO - DAG(s) 'hello_airflow' retrieved from /opt/airflow/dags/hello_airflow.py
[2026-03-08T02:12:28.724+0000] {logging_mixin.py:188} INFO - [2026-03-08T02:12:28.723+0000] {dag.py:3089} INFO - Sync 1 DAGs
[2026-03-08T02:12:28.744+0000] {logging_mixin.py:188} INFO - [2026-03-08T02:12:28.744+0000] {dag.py:3947} INFO - Setting next_dagrun for hello_airflow to None, run_after=None
[2026-03-08T02:12:28.760+0000] {processor.py:183} INFO - Processing /opt/airflow/dags/hello_airflow.py took 0.090 seconds
[2026-03-08T02:12:59.108+0000] {processor.py:161} INFO - Started process (PID=4483) to work on /opt/airflow/dags/hello_airflow.py
[2026-03-08T02:12:59.110+0000] {processor.py:830} INFO - Processing file /opt/airflow/dags/hello_airflow.py for tasks to queue
[2026-03-08T02:12:59.112+0000] {logging_mixin.py:188} INFO - [2026-03-08T02:12:59.112+0000] {dagbag.py:545} INFO - Filling up the DagBag from /opt/airflow/dags/hello_airflow.py
[2026-03-08T02:12:59.129+0000] {processor.py:840} INFO - DAG(s) 'hello_airflow' retrieved from /opt/airflow/dags/hello_airflow.py
[2026-03-08T02:12:59.156+0000] {logging_mixin.py:188} INFO - [2026-03-08T02:12:59.156+0000] {dag.py:3089} INFO - Sync 1 DAGs
[2026-03-08T02:12:59.171+0000] {logging_mixin.py:188} INFO - [2026-03-08T02:12:59.171+0000] {dag.py:3947} INFO - Setting next_dagrun for hello_airflow to None, run_after=None
[2026-03-08T02:12:59.185+0000] {processor.py:183} INFO - Processing /opt/airflow/dags/hello_airflow.py took 0.086 seconds
[2026-03-08T02:13:29.678+0000] {processor.py:161} INFO - Started process (PID=4493) to work on /opt/airflow/dags/hello_airflow.py
[2026-03-08T02:13:29.679+0000] {processor.py:830} INFO - Processing file /opt/airflow/dags/hello_airflow.py for tasks to queue
[2026-03-08T02:13:29.681+0000] {logging_mixin.py:188} INFO - [2026-03-08T02:13:29.680+0000] {dagbag.py:545} INFO - Filling up the DagBag from /opt/airflow/dags/hello_airflow.py
[2026-03-08T02:13:29.693+0000] {processor.py:840} INFO - DAG(s) 'hello_airflow' retrieved from /opt/airflow/dags/hello_airflow.py
[2026-03-08T02:13:29.737+0000] {logging_mixin.py:188} INFO - [2026-03-08T02:13:29.737+0000] {dag.py:3089} INFO - Sync 1 DAGs
[2026-03-08T02:13:29.749+0000] {logging_mixin.py:188} INFO - [2026-03-08T02:13:29.748+0000] {dag.py:3947} INFO - Setting next_dagrun for hello_airflow to None, run_after=None
[2026-03-08T02:13:29.764+0000] {processor.py:183} INFO - Processing /opt/airflow/dags/hello_airflow.py took 0.094 seconds
[2026-03-08T02:29:01.797+0000] {processor.py:161} INFO - Started process (PID=4502) to work on /opt/airflow/dags/hello_airflow.py
[2026-03-08T02:29:01.799+0000] {processor.py:830} INFO - Processing file /opt/airflow/dags/hello_airflow.py for tasks to queue
[2026-03-08T02:29:01.802+0000] {logging_mixin.py:188} INFO - [2026-03-08T02:29:01.801+0000] {dagbag.py:545} INFO - Filling up the DagBag from /opt/airflow/dags/hello_airflow.py
[2026-03-08T02:29:01.832+0000] {processor.py:840} INFO - DAG(s) 'hello_airflow' retrieved from /opt/airflow/dags/hello_airflow.py
[2026-03-08T02:29:01.857+0000] {logging_mixin.py:188} INFO - [2026-03-08T02:29:01.857+0000] {dag.py:3089} INFO - Sync 1 DAGs
[2026-03-08T02:29:01.868+0000] {logging_mixin.py:188} INFO - [2026-03-08T02:29:01.868+0000] {dag.py:3947} INFO - Setting next_dagrun for hello_airflow to None, run_after=None
[2026-03-08T02:29:01.883+0000] {processor.py:183} INFO - Processing /opt/airflow/dags/hello_airflow.py took 0.097 seconds
[2026-03-08T02:29:32.295+0000] {processor.py:161} INFO - Started process (PID=4513) to work on /opt/airflow/dags/hello_airflow.py
[2026-03-08T02:29:32.296+0000] {processor.py:830} INFO - Processing file /opt/airflow/dags/hello_airflow.py for tasks to queue
[2026-03-08T02:29:32.299+0000] {logging_mixin.py:188} INFO - [2026-03-08T02:29:32.299+0000] {dagbag.py:545} INFO - Filling up the DagBag from /opt/airflow/dags/hello_airflow.py
[2026-03-08T02:29:32.312+0000] {processor.py:840} INFO - DAG(s) 'hello_airflow' retrieved from /opt/airflow/dags/hello_airflow.py
[2026-03-08T02:29:32.348+0000] {logging_mixin.py:188} INFO - [2026-03-08T02:29:32.348+0000] {dag.py:3089} INFO - Sync 1 DAGs
[2026-03-08T02:29:32.357+0000] {logging_mixin.py:188} INFO - [2026-03-08T02:29:32.357+0000] {dag.py:3947} INFO - Setting next_dagrun for hello_airflow to None, run_after=None
[2026-03-08T02:29:32.373+0000] {processor.py:183} INFO - Processing /opt/airflow/dags/hello_airflow.py took 0.085 seconds
[2026-03-08T02:30:02.811+0000] {processor.py:161} INFO - Started process (PID=4523) to work on /opt/airflow/dags/hello_airflow.py
[2026-03-08T02:30:02.813+0000] {processor.py:830} INFO - Processing file /opt/airflow/dags/hello_airflow.py for tasks to queue
[2026-03-08T02:30:02.815+0000] {logging_mixin.py:188} INFO - [2026-03-08T02:30:02.815+0000] {dagbag.py:545} INFO - Filling up the DagBag from /opt/airflow/dags/hello_airflow.py
[2026-03-08T02:30:02.829+0000] {processor.py:840} INFO - DAG(s) 'hello_airflow' retrieved from /opt/airflow/dags/hello_airflow.py
[2026-03-08T02:30:02.856+0000] {logging_mixin.py:188} INFO - [2026-03-08T02:30:02.856+0000] {dag.py:3089} INFO - Sync 1 DAGs
[2026-03-08T02:30:02.867+0000] {logging_mixin.py:188} INFO - [2026-03-08T02:30:02.867+0000] {dag.py:3947} INFO - Setting next_dagrun for hello_airflow to None, run_after=None
[2026-03-08T02:30:02.883+0000] {processor.py:183} INFO - Processing /opt/airflow/dags/hello_airflow.py took 0.078 seconds
[2026-03-08T02:30:33.300+0000] {processor.py:161} INFO - Started process (PID=4533) to work on /opt/airflow/dags/hello_airflow.py
[2026-03-08T02:30:33.302+0000] {processor.py:830} INFO - Processing file /opt/airflow/dags/hello_airflow.py for tasks to queue
[2026-03-08T02:30:33.303+0000] {logging_mixin.py:188} INFO - [2026-03-08T02:30:33.303+0000] {dagbag.py:545} INFO - Filling up the DagBag from /opt/airflow/dags/hello_airflow.py
[2026-03-08T02:30:33.315+0000] {processor.py:840} INFO - DAG(s) 'hello_airflow' retrieved from /opt/airflow/dags/hello_airflow.py
[2026-03-08T02:30:33.341+0000] {logging_mixin.py:188} INFO - [2026-03-08T02:30:33.341+0000] {dag.py:3089} INFO - Sync 1 DAGs
[2026-03-08T02:30:33.349+0000] {logging_mixin.py:188} INFO - [2026-03-08T02:30:33.349+0000] {dag.py:3947} INFO - Setting next_dagrun for hello_airflow to None, run_after=None
[2026-03-08T02:30:33.361+0000] {processor.py:183} INFO - Processing /opt/airflow/dags/hello_airflow.py took 0.067 seconds
[2026-03-08T02:46:04.739+0000] {processor.py:161} INFO - Started process (PID=4542) to work on /opt/airflow/dags/hello_airflow.py
[2026-03-08T02:46:04.740+0000] {processor.py:830} INFO - Processing file /opt/airflow/dags/hello_airflow.py for tasks to queue
[2026-03-08T02:46:04.743+0000] {logging_mixin.py:188} INFO - [2026-03-08T02:46:04.743+0000] {dagbag.py:545} INFO - Filling up the DagBag from /opt/airflow/dags/hello_airflow.py
[2026-03-08T02:46:04.761+0000] {processor.py:840} INFO - DAG(s) 'hello_airflow' retrieved from /opt/airflow/dags/hello_airflow.py
[2026-03-08T02:46:04.796+0000] {logging_mixin.py:188} INFO - [2026-03-08T02:46:04.795+0000] {dag.py:3089} INFO - Sync 1 DAGs
[2026-03-08T02:46:04.811+0000] {logging_mixin.py:188} INFO - [2026-03-08T02:46:04.810+0000] {dag.py:3947} INFO - Setting next_dagrun for hello_airflow to None, run_after=None
[2026-03-08T02:46:04.826+0000] {processor.py:183} INFO - Processing /opt/airflow/dags/hello_airflow.py took 0.106 seconds
[2026-03-08T02:46:35.092+0000] {processor.py:161} INFO - Started process (PID=4552) to work on /opt/airflow/dags/hello_airflow.py
[2026-03-08T02:46:35.095+0000] {processor.py:830} INFO - Processing file /opt/airflow/dags/hello_airflow.py for tasks to queue
[2026-03-08T02:46:35.099+0000] {logging_mixin.py:188} INFO - [2026-03-08T02:46:35.098+0000] {dagbag.py:545} INFO - Filling up the DagBag from /opt/airflow/dags/hello_airflow.py
[2026-03-08T02:46:35.132+0000] {processor.py:840} INFO - DAG(s) 'hello_airflow' retrieved from /opt/airflow/dags/hello_airflow.py
[2026-03-08T02:46:35.162+0000] {logging_mixin.py:188} INFO - [2026-03-08T02:46:35.162+0000] {dag.py:3089} INFO - Sync 1 DAGs
[2026-03-08T02:46:35.174+0000] {logging_mixin.py:188} INFO - [2026-03-08T02:46:35.174+0000] {dag.py:3947} INFO - Setting next_dagrun for hello_airflow to None, run_after=None
[2026-03-08T02:46:35.191+0000] {processor.py:183} INFO - Processing /opt/airflow/dags/hello_airflow.py took 0.112 seconds
[2026-03-08T03:02:25.446+0000] {processor.py:161} INFO - Started process (PID=4563) to work on /opt/airflow/dags/hello_airflow.py
[2026-03-08T03:02:25.448+0000] {processor.py:830} INFO - Processing file /opt/airflow/dags/hello_airflow.py for tasks to queue
[2026-03-08T03:02:25.454+0000] {logging_mixin.py:188} INFO - [2026-03-08T03:02:25.453+0000] {dagbag.py:545} INFO - Filling up the DagBag from /opt/airflow/dags/hello_airflow.py
[2026-03-08T03:02:25.459+0000] {processor.py:840} INFO - DAG(s) 'hello_airflow' retrieved from /opt/airflow/dags/hello_airflow.py
[2026-03-08T03:02:25.504+0000] {logging_mixin.py:188} INFO - [2026-03-08T03:02:25.504+0000] {dag.py:3089} INFO - Sync 1 DAGs
[2026-03-08T03:02:25.521+0000] {logging_mixin.py:188} INFO - [2026-03-08T03:02:25.521+0000] {dag.py:3947} INFO - Setting next_dagrun for hello_airflow to None, run_after=None
[2026-03-08T03:02:25.538+0000] {processor.py:183} INFO - Processing /opt/airflow/dags/hello_airflow.py took 0.098 seconds
[2026-03-08T03:02:55.985+0000] {processor.py:161} INFO - Started process (PID=4572) to work on /opt/airflow/dags/hello_airflow.py
[2026-03-08T03:02:55.987+0000] {processor.py:830} INFO - Processing file /opt/airflow/dags/hello_airflow.py for tasks to queue
[2026-03-08T03:02:55.991+0000] {logging_mixin.py:188} INFO - [2026-03-08T03:02:55.990+0000] {dagbag.py:545} INFO - Filling up the DagBag from /opt/airflow/dags/hello_airflow.py
[2026-03-08T03:02:56.011+0000] {processor.py:840} INFO - DAG(s) 'hello_airflow' retrieved from /opt/airflow/dags/hello_airflow.py
[2026-03-08T03:02:56.048+0000] {logging_mixin.py:188} INFO - [2026-03-08T03:02:56.048+0000] {dag.py:3089} INFO - Sync 1 DAGs
[2026-03-08T03:02:56.060+0000] {logging_mixin.py:188} INFO - [2026-03-08T03:02:56.060+0000] {dag.py:3947} INFO - Setting next_dagrun for hello_airflow to None, run_after=None
[2026-03-08T03:02:56.082+0000] {processor.py:183} INFO - Processing /opt/airflow/dags/hello_airflow.py took 0.110 seconds
[2026-03-08T03:03:26.354+0000] {processor.py:161} INFO - Started process (PID=4583) to work on /opt/airflow/dags/hello_airflow.py
[2026-03-08T03:03:26.357+0000] {processor.py:830} INFO - Processing file /opt/airflow/dags/hello_airflow.py for tasks to queue
[2026-03-08T03:03:26.359+0000] {logging_mixin.py:188} INFO - [2026-03-08T03:03:26.359+0000] {dagbag.py:545} INFO - Filling up the DagBag from /opt/airflow/dags/hello_airflow.py
[2026-03-08T03:03:26.371+0000] {processor.py:840} INFO - DAG(s) 'hello_airflow' retrieved from /opt/airflow/dags/hello_airflow.py
[2026-03-08T03:03:26.403+0000] {logging_mixin.py:188} INFO - [2026-03-08T03:03:26.403+0000] {dag.py:3089} INFO - Sync 1 DAGs
[2026-03-08T03:03:26.412+0000] {logging_mixin.py:188} INFO - [2026-03-08T03:03:26.412+0000] {dag.py:3947} INFO - Setting next_dagrun for hello_airflow to None, run_after=None
[2026-03-08T03:03:26.426+0000] {processor.py:183} INFO - Processing /opt/airflow/dags/hello_airflow.py took 0.080 seconds
[2026-03-08T03:03:56.814+0000] {processor.py:161} INFO - Started process (PID=4593) to work on /opt/airflow/dags/hello_airflow.py
[2026-03-08T03:03:56.815+0000] {processor.py:830} INFO - Processing file /opt/airflow/dags/hello_airflow.py for tasks to queue
[2026-03-08T03:03:56.818+0000] {logging_mixin.py:188} INFO - [2026-03-08T03:03:56.818+0000] {dagbag.py:545} INFO - Filling up the DagBag from /opt/airflow/dags/hello_airflow.py
[2026-03-08T03:03:56.832+0000] {processor.py:840} INFO - DAG(s) 'hello_airflow' retrieved from /opt/airflow/dags/hello_airflow.py
[2026-03-08T03:03:56.866+0000] {logging_mixin.py:188} INFO - [2026-03-08T03:03:56.866+0000] {dag.py:3089} INFO - Sync 1 DAGs
[2026-03-08T03:03:56.877+0000] {logging_mixin.py:188} INFO - [2026-03-08T03:03:56.877+0000] {dag.py:3947} INFO - Setting next_dagrun for hello_airflow to None, run_after=None
[2026-03-08T03:03:56.891+0000] {processor.py:183} INFO - Processing /opt/airflow/dags/hello_airflow.py took 0.084 seconds
[2026-03-08T03:04:27.331+0000] {processor.py:161} INFO - Started process (PID=4603) to work on /opt/airflow/dags/hello_airflow.py
[2026-03-08T03:04:27.332+0000] {processor.py:830} INFO - Processing file /opt/airflow/dags/hello_airflow.py for tasks to queue
[2026-03-08T03:04:27.336+0000] {logging_mixin.py:188} INFO - [2026-03-08T03:04:27.335+0000] {dagbag.py:545} INFO - Filling up the DagBag from /opt/airflow/dags/hello_airflow.py
[2026-03-08T03:04:27.345+0000] {processor.py:840} INFO - DAG(s) 'hello_airflow' retrieved from /opt/airflow/dags/hello_airflow.py
[2026-03-08T03:04:27.374+0000] {logging_mixin.py:188} INFO - [2026-03-08T03:04:27.373+0000] {dag.py:3089} INFO - Sync 1 DAGs
[2026-03-08T03:04:27.381+0000] {logging_mixin.py:188} INFO - [2026-03-08T03:04:27.381+0000] {dag.py:3947} INFO - Setting next_dagrun for hello_airflow to None, run_after=None
[2026-03-08T03:04:27.396+0000] {processor.py:183} INFO - Processing /opt/airflow/dags/hello_airflow.py took 0.071 seconds
[2026-03-08T03:20:50.221+0000] {processor.py:161} INFO - Started process (PID=4613) to work on /opt/airflow/dags/hello_airflow.py
[2026-03-08T03:20:50.222+0000] {processor.py:830} INFO - Processing file /opt/airflow/dags/hello_airflow.py for tasks to queue
[2026-03-08T03:20:50.223+0000] {logging_mixin.py:188} INFO - [2026-03-08T03:20:50.223+0000] {dagbag.py:545} INFO - Filling up the DagBag from /opt/airflow/dags/hello_airflow.py
[2026-03-08T03:20:50.235+0000] {processor.py:840} INFO - DAG(s) 'hello_airflow' retrieved from /opt/airflow/dags/hello_airflow.py
[2026-03-08T03:20:50.278+0000] {logging_mixin.py:188} INFO - [2026-03-08T03:20:50.278+0000] {dag.py:3089} INFO - Sync 1 DAGs
[2026-03-08T03:20:50.288+0000] {logging_mixin.py:188} INFO - [2026-03-08T03:20:50.288+0000] {dag.py:3947} INFO - Setting next_dagrun for hello_airflow to None, run_after=None
[2026-03-08T03:20:50.304+0000] {processor.py:183} INFO - Processing /opt/airflow/dags/hello_airflow.py took 0.090 seconds
[2026-03-08T03:21:20.776+0000] {processor.py:161} INFO - Started process (PID=4623) to work on /opt/airflow/dags/hello_airflow.py
[2026-03-08T03:21:20.778+0000] {processor.py:830} INFO - Processing file /opt/airflow/dags/hello_airflow.py for tasks to queue
[2026-03-08T03:21:20.782+0000] {logging_mixin.py:188} INFO - [2026-03-08T03:21:20.781+0000] {dagbag.py:545} INFO - Filling up the DagBag from /opt/airflow/dags/hello_airflow.py
[2026-03-08T03:21:20.795+0000] {processor.py:840} INFO - DAG(s) 'hello_airflow' retrieved from /opt/airflow/dags/hello_airflow.py
[2026-03-08T03:21:20.827+0000] {logging_mixin.py:188} INFO - [2026-03-08T03:21:20.827+0000] {dag.py:3089} INFO - Sync 1 DAGs
[2026-03-08T03:21:20.840+0000] {logging_mixin.py:188} INFO - [2026-03-08T03:21:20.840+0000] {dag.py:3947} INFO - Setting next_dagrun for hello_airflow to None, run_after=None
[2026-03-08T03:21:20.864+0000] {processor.py:183} INFO - Processing /opt/airflow/dags/hello_airflow.py took 0.099 seconds
[2026-03-08T03:21:51.250+0000] {processor.py:161} INFO - Started process (PID=4632) to work on /opt/airflow/dags/hello_airflow.py
[2026-03-08T03:21:51.253+0000] {processor.py:830} INFO - Processing file /opt/airflow/dags/hello_airflow.py for tasks to queue
[2026-03-08T03:21:51.255+0000] {logging_mixin.py:188} INFO - [2026-03-08T03:21:51.255+0000] {dagbag.py:545} INFO - Filling up the DagBag from /opt/airflow/dags/hello_airflow.py
[2026-03-08T03:21:51.284+0000] {processor.py:840} INFO - DAG(s) 'hello_airflow' retrieved from /opt/airflow/dags/hello_airflow.py
[2026-03-08T03:21:51.315+0000] {logging_mixin.py:188} INFO - [2026-03-08T03:21:51.315+0000] {dag.py:3089} INFO - Sync 1 DAGs
[2026-03-08T03:21:51.334+0000] {logging_mixin.py:188} INFO - [2026-03-08T03:21:51.334+0000] {dag.py:3947} INFO - Setting next_dagrun for hello_airflow to None, run_after=None
[2026-03-08T03:21:51.350+0000] {processor.py:183} INFO - Processing /opt/airflow/dags/hello_airflow.py took 0.119 seconds
[2026-03-08T03:22:21.745+0000] {processor.py:161} INFO - Started process (PID=4641) to work on /opt/airflow/dags/hello_airflow.py
[2026-03-08T03:22:21.747+0000] {processor.py:830} INFO - Processing file /opt/airflow/dags/hello_airflow.py for tasks to queue
[2026-03-08T03:22:21.750+0000] {logging_mixin.py:188} INFO - [2026-03-08T03:22:21.750+0000] {dagbag.py:545} INFO - Filling up the DagBag from /opt/airflow/dags/hello_airflow.py
[2026-03-08T03:22:21.775+0000] {processor.py:840} INFO - DAG(s) 'hello_airflow' retrieved from /opt/airflow/dags/hello_airflow.py
[2026-03-08T03:22:21.824+0000] {logging_mixin.py:188} INFO - [2026-03-08T03:22:21.824+0000] {dag.py:3089} INFO - Sync 1 DAGs
[2026-03-08T03:22:21.848+0000] {logging_mixin.py:188} INFO - [2026-03-08T03:22:21.847+0000] {dag.py:3947} INFO - Setting next_dagrun for hello_airflow to None, run_after=None
[2026-03-08T03:22:21.864+0000] {processor.py:183} INFO - Processing /opt/airflow/dags/hello_airflow.py took 0.132 seconds
[2026-03-08T03:39:49.320+0000] {processor.py:161} INFO - Started process (PID=4653) to work on /opt/airflow/dags/hello_airflow.py
[2026-03-08T03:39:49.321+0000] {processor.py:830} INFO - Processing file /opt/airflow/dags/hello_airflow.py for tasks to queue
[2026-03-08T03:39:49.324+0000] {logging_mixin.py:188} INFO - [2026-03-08T03:39:49.324+0000] {dagbag.py:545} INFO - Filling up the DagBag from /opt/airflow/dags/hello_airflow.py
[2026-03-08T03:39:49.354+0000] {processor.py:840} INFO - DAG(s) 'hello_airflow' retrieved from /opt/airflow/dags/hello_airflow.py
[2026-03-08T03:39:49.408+0000] {logging_mixin.py:188} INFO - [2026-03-08T03:39:49.408+0000] {dag.py:3089} INFO - Sync 1 DAGs
[2026-03-08T03:39:49.420+0000] {logging_mixin.py:188} INFO - [2026-03-08T03:39:49.420+0000] {dag.py:3947} INFO - Setting next_dagrun for hello_airflow to None, run_after=None
[2026-03-08T03:39:49.439+0000] {processor.py:183} INFO - Processing /opt/airflow/dags/hello_airflow.py took 0.133 seconds
[2026-03-08T03:40:19.894+0000] {processor.py:161} INFO - Started process (PID=4663) to work on /opt/airflow/dags/hello_airflow.py
[2026-03-08T03:40:19.895+0000] {processor.py:830} INFO - Processing file /opt/airflow/dags/hello_airflow.py for tasks to queue
[2026-03-08T03:40:19.896+0000] {logging_mixin.py:188} INFO - [2026-03-08T03:40:19.896+0000] {dagbag.py:545} INFO - Filling up the DagBag from /opt/airflow/dags/hello_airflow.py
[2026-03-08T03:40:19.908+0000] {processor.py:840} INFO - DAG(s) 'hello_airflow' retrieved from /opt/airflow/dags/hello_airflow.py
[2026-03-08T03:40:19.933+0000] {logging_mixin.py:188} INFO - [2026-03-08T03:40:19.933+0000] {dag.py:3089} INFO - Sync 1 DAGs
[2026-03-08T03:40:19.939+0000] {logging_mixin.py:188} INFO - [2026-03-08T03:40:19.939+0000] {dag.py:3947} INFO - Setting next_dagrun for hello_airflow to None, run_after=None
[2026-03-08T03:40:19.955+0000] {processor.py:183} INFO - Processing /opt/airflow/dags/hello_airflow.py took 0.071 seconds
[2026-03-08T03:40:50.401+0000] {processor.py:161} INFO - Started process (PID=4673) to work on /opt/airflow/dags/hello_airflow.py
[2026-03-08T03:40:50.403+0000] {processor.py:830} INFO - Processing file /opt/airflow/dags/hello_airflow.py for tasks to queue
[2026-03-08T03:40:50.405+0000] {logging_mixin.py:188} INFO - [2026-03-08T03:40:50.405+0000] {dagbag.py:545} INFO - Filling up the DagBag from /opt/airflow/dags/hello_airflow.py
[2026-03-08T03:40:50.417+0000] {processor.py:840} INFO - DAG(s) 'hello_airflow' retrieved from /opt/airflow/dags/hello_airflow.py
[2026-03-08T03:40:50.451+0000] {logging_mixin.py:188} INFO - [2026-03-08T03:40:50.450+0000] {dag.py:3089} INFO - Sync 1 DAGs
[2026-03-08T03:40:50.472+0000] {logging_mixin.py:188} INFO - [2026-03-08T03:40:50.472+0000] {dag.py:3947} INFO - Setting next_dagrun for hello_airflow to None, run_after=None
[2026-03-08T03:40:50.489+0000] {processor.py:183} INFO - Processing /opt/airflow/dags/hello_airflow.py took 0.093 seconds
[2026-03-08T03:41:20.945+0000] {processor.py:161} INFO - Started process (PID=4683) to work on /opt/airflow/dags/hello_airflow.py
[2026-03-08T03:41:20.946+0000] {processor.py:830} INFO - Processing file /opt/airflow/dags/hello_airflow.py for tasks to queue
[2026-03-08T03:41:20.949+0000] {logging_mixin.py:188} INFO - [2026-03-08T03:41:20.949+0000] {dagbag.py:545} INFO - Filling up the DagBag from /opt/airflow/dags/hello_airflow.py
[2026-03-08T03:41:20.968+0000] {processor.py:840} INFO - DAG(s) 'hello_airflow' retrieved from /opt/airflow/dags/hello_airflow.py
[2026-03-08T03:41:20.997+0000] {logging_mixin.py:188} INFO - [2026-03-08T03:41:20.996+0000] {dag.py:3089} INFO - Sync 1 DAGs
[2026-03-08T03:41:21.005+0000] {logging_mixin.py:188} INFO - [2026-03-08T03:41:21.005+0000] {dag.py:3947} INFO - Setting next_dagrun for hello_airflow to None, run_after=None
[2026-03-08T03:41:21.017+0000] {processor.py:183} INFO - Processing /opt/airflow/dags/hello_airflow.py took 0.081 seconds
[2026-03-08T03:59:09.486+0000] {processor.py:161} INFO - Started process (PID=4693) to work on /opt/airflow/dags/hello_airflow.py
[2026-03-08T03:59:09.489+0000] {processor.py:830} INFO - Processing file /opt/airflow/dags/hello_airflow.py for tasks to queue
[2026-03-08T03:59:09.491+0000] {logging_mixin.py:188} INFO - [2026-03-08T03:59:09.491+0000] {dagbag.py:545} INFO - Filling up the DagBag from /opt/airflow/dags/hello_airflow.py
[2026-03-08T03:59:09.500+0000] {processor.py:840} INFO - DAG(s) 'hello_airflow' retrieved from /opt/airflow/dags/hello_airflow.py
[2026-03-08T03:59:09.535+0000] {logging_mixin.py:188} INFO - [2026-03-08T03:59:09.535+0000] {dag.py:3089} INFO - Sync 1 DAGs
[2026-03-08T03:59:09.548+0000] {logging_mixin.py:188} INFO - [2026-03-08T03:59:09.548+0000] {dag.py:3947} INFO - Setting next_dagrun for hello_airflow to None, run_after=None
[2026-03-08T03:59:09.568+0000] {processor.py:183} INFO - Processing /opt/airflow/dags/hello_airflow.py took 0.088 seconds
[2026-03-08T04:15:16.852+0000] {processor.py:161} INFO - Started process (PID=4702) to work on /opt/airflow/dags/hello_airflow.py
[2026-03-08T04:15:16.854+0000] {processor.py:830} INFO - Processing file /opt/airflow/dags/hello_airflow.py for tasks to queue
[2026-03-08T04:15:16.867+0000] {logging_mixin.py:188} INFO - [2026-03-08T04:15:16.865+0000] {dagbag.py:545} INFO - Filling up the DagBag from /opt/airflow/dags/hello_airflow.py
[2026-03-08T04:15:16.895+0000] {processor.py:840} INFO - DAG(s) 'hello_airflow' retrieved from /opt/airflow/dags/hello_airflow.py
[2026-03-08T04:15:16.925+0000] {logging_mixin.py:188} INFO - [2026-03-08T04:15:16.925+0000] {dag.py:3089} INFO - Sync 1 DAGs
[2026-03-08T04:15:16.935+0000] {logging_mixin.py:188} INFO - [2026-03-08T04:15:16.935+0000] {dag.py:3947} INFO - Setting next_dagrun for hello_airflow to None, run_after=None
[2026-03-08T04:15:16.951+0000] {processor.py:183} INFO - Processing /opt/airflow/dags/hello_airflow.py took 0.114 seconds
[2026-03-08T04:15:47.339+0000] {processor.py:161} INFO - Started process (PID=4713) to work on /opt/airflow/dags/hello_airflow.py
[2026-03-08T04:15:47.341+0000] {processor.py:830} INFO - Processing file /opt/airflow/dags/hello_airflow.py for tasks to queue
[2026-03-08T04:15:47.344+0000] {logging_mixin.py:188} INFO - [2026-03-08T04:15:47.343+0000] {dagbag.py:545} INFO - Filling up the DagBag from /opt/airflow/dags/hello_airflow.py
[2026-03-08T04:15:47.358+0000] {processor.py:840} INFO - DAG(s) 'hello_airflow' retrieved from /opt/airflow/dags/hello_airflow.py
[2026-03-08T04:15:47.395+0000] {logging_mixin.py:188} INFO - [2026-03-08T04:15:47.395+0000] {dag.py:3089} INFO - Sync 1 DAGs
[2026-03-08T04:15:47.408+0000] {logging_mixin.py:188} INFO - [2026-03-08T04:15:47.408+0000] {dag.py:3947} INFO - Setting next_dagrun for hello_airflow to None, run_after=None
[2026-03-08T04:15:47.429+0000] {processor.py:183} INFO - Processing /opt/airflow/dags/hello_airflow.py took 0.099 seconds
[2026-03-08T04:16:17.787+0000] {processor.py:161} INFO - Started process (PID=4723) to work on /opt/airflow/dags/hello_airflow.py
[2026-03-08T04:16:17.789+0000] {processor.py:830} INFO - Processing file /opt/airflow/dags/hello_airflow.py for tasks to queue
[2026-03-08T04:16:17.793+0000] {logging_mixin.py:188} INFO - [2026-03-08T04:16:17.792+0000] {dagbag.py:545} INFO - Filling up the DagBag from /opt/airflow/dags/hello_airflow.py
[2026-03-08T04:16:17.808+0000] {processor.py:840} INFO - DAG(s) 'hello_airflow' retrieved from /opt/airflow/dags/hello_airflow.py
[2026-03-08T04:16:17.839+0000] {logging_mixin.py:188} INFO - [2026-03-08T04:16:17.839+0000] {dag.py:3089} INFO - Sync 1 DAGs
[2026-03-08T04:16:17.846+0000] {logging_mixin.py:188} INFO - [2026-03-08T04:16:17.846+0000] {dag.py:3947} INFO - Setting next_dagrun for hello_airflow to None, run_after=None
[2026-03-08T04:16:17.860+0000] {processor.py:183} INFO - Processing /opt/airflow/dags/hello_airflow.py took 0.081 seconds
[2026-03-08T04:16:48.190+0000] {processor.py:161} INFO - Started process (PID=4733) to work on /opt/airflow/dags/hello_airflow.py
[2026-03-08T04:16:48.191+0000] {processor.py:830} INFO - Processing file /opt/airflow/dags/hello_airflow.py for tasks to queue
[2026-03-08T04:16:48.194+0000] {logging_mixin.py:188} INFO - [2026-03-08T04:16:48.193+0000] {dagbag.py:545} INFO - Filling up the DagBag from /opt/airflow/dags/hello_airflow.py
[2026-03-08T04:16:48.206+0000] {processor.py:840} INFO - DAG(s) 'hello_airflow' retrieved from /opt/airflow/dags/hello_airflow.py
[2026-03-08T04:16:48.228+0000] {logging_mixin.py:188} INFO - [2026-03-08T04:16:48.228+0000] {dag.py:3089} INFO - Sync 1 DAGs
[2026-03-08T04:16:48.240+0000] {logging_mixin.py:188} INFO - [2026-03-08T04:16:48.240+0000] {dag.py:3947} INFO - Setting next_dagrun for hello_airflow to None, run_after=None
[2026-03-08T04:16:48.250+0000] {processor.py:183} INFO - Processing /opt/airflow/dags/hello_airflow.py took 0.066 seconds
[2026-03-08T04:17:18.677+0000] {processor.py:161} INFO - Started process (PID=4743) to work on /opt/airflow/dags/hello_airflow.py
[2026-03-08T04:17:18.678+0000] {processor.py:830} INFO - Processing file /opt/airflow/dags/hello_airflow.py for tasks to queue
[2026-03-08T04:17:18.681+0000] {logging_mixin.py:188} INFO - [2026-03-08T04:17:18.681+0000] {dagbag.py:545} INFO - Filling up the DagBag from /opt/airflow/dags/hello_airflow.py
[2026-03-08T04:17:18.692+0000] {processor.py:840} INFO - DAG(s) 'hello_airflow' retrieved from /opt/airflow/dags/hello_airflow.py
[2026-03-08T04:17:18.716+0000] {logging_mixin.py:188} INFO - [2026-03-08T04:17:18.716+0000] {dag.py:3089} INFO - Sync 1 DAGs
[2026-03-08T04:17:18.725+0000] {logging_mixin.py:188} INFO - [2026-03-08T04:17:18.725+0000] {dag.py:3947} INFO - Setting next_dagrun for hello_airflow to None, run_after=None
[2026-03-08T04:17:18.737+0000] {processor.py:183} INFO - Processing /opt/airflow/dags/hello_airflow.py took 0.066 seconds
[2026-03-08T04:17:49.172+0000] {processor.py:161} INFO - Started process (PID=4753) to work on /opt/airflow/dags/hello_airflow.py
[2026-03-08T04:17:49.173+0000] {processor.py:830} INFO - Processing file /opt/airflow/dags/hello_airflow.py for tasks to queue
[2026-03-08T04:17:49.176+0000] {logging_mixin.py:188} INFO - [2026-03-08T04:17:49.176+0000] {dagbag.py:545} INFO - Filling up the DagBag from /opt/airflow/dags/hello_airflow.py
[2026-03-08T04:17:49.187+0000] {processor.py:840} INFO - DAG(s) 'hello_airflow' retrieved from /opt/airflow/dags/hello_airflow.py
[2026-03-08T04:17:49.217+0000] {logging_mixin.py:188} INFO - [2026-03-08T04:17:49.217+0000] {dag.py:3089} INFO - Sync 1 DAGs
[2026-03-08T04:17:49.225+0000] {logging_mixin.py:188} INFO - [2026-03-08T04:17:49.225+0000] {dag.py:3947} INFO - Setting next_dagrun for hello_airflow to None, run_after=None
[2026-03-08T04:17:49.236+0000] {processor.py:183} INFO - Processing /opt/airflow/dags/hello_airflow.py took 0.072 seconds
[2026-03-08T04:18:19.722+0000] {processor.py:161} INFO - Started process (PID=4761) to work on /opt/airflow/dags/hello_airflow.py
[2026-03-08T04:18:19.723+0000] {processor.py:830} INFO - Processing file /opt/airflow/dags/hello_airflow.py for tasks to queue
[2026-03-08T04:18:19.727+0000] {logging_mixin.py:188} INFO - [2026-03-08T04:18:19.726+0000] {dagbag.py:545} INFO - Filling up the DagBag from /opt/airflow/dags/hello_airflow.py
[2026-03-08T04:18:19.744+0000] {processor.py:840} INFO - DAG(s) 'hello_airflow' retrieved from /opt/airflow/dags/hello_airflow.py
[2026-03-08T04:18:19.785+0000] {logging_mixin.py:188} INFO - [2026-03-08T04:18:19.785+0000] {dag.py:3089} INFO - Sync 1 DAGs
[2026-03-08T04:18:19.800+0000] {logging_mixin.py:188} INFO - [2026-03-08T04:18:19.800+0000] {dag.py:3947} INFO - Setting next_dagrun for hello_airflow to None, run_after=None
[2026-03-08T04:18:19.818+0000] {processor.py:183} INFO - Processing /opt/airflow/dags/hello_airflow.py took 0.110 seconds
[2026-03-08T04:34:17.762+0000] {processor.py:161} INFO - Started process (PID=4773) to work on /opt/airflow/dags/hello_airflow.py
[2026-03-08T04:34:17.763+0000] {processor.py:830} INFO - Processing file /opt/airflow/dags/hello_airflow.py for tasks to queue
[2026-03-08T04:34:17.766+0000] {logging_mixin.py:188} INFO - [2026-03-08T04:34:17.766+0000] {dagbag.py:545} INFO - Filling up the DagBag from /opt/airflow/dags/hello_airflow.py
[2026-03-08T04:34:17.774+0000] {processor.py:840} INFO - DAG(s) 'hello_airflow' retrieved from /opt/airflow/dags/hello_airflow.py
[2026-03-08T04:34:17.801+0000] {logging_mixin.py:188} INFO - [2026-03-08T04:34:17.800+0000] {dag.py:3089} INFO - Sync 1 DAGs
[2026-03-08T04:34:17.808+0000] {logging_mixin.py:188} INFO - [2026-03-08T04:34:17.808+0000] {dag.py:3947} INFO - Setting next_dagrun for hello_airflow to None, run_after=None
[2026-03-08T04:34:17.822+0000] {processor.py:183} INFO - Processing /opt/airflow/dags/hello_airflow.py took 0.066 seconds
[2026-03-08T04:34:48.248+0000] {processor.py:161} INFO - Started process (PID=4783) to work on /opt/airflow/dags/hello_airflow.py
[2026-03-08T04:34:48.249+0000] {processor.py:830} INFO - Processing file /opt/airflow/dags/hello_airflow.py for tasks to queue
[2026-03-08T04:34:48.251+0000] {logging_mixin.py:188} INFO - [2026-03-08T04:34:48.251+0000] {dagbag.py:545} INFO - Filling up the DagBag from /opt/airflow/dags/hello_airflow.py
[2026-03-08T04:34:48.260+0000] {processor.py:840} INFO - DAG(s) 'hello_airflow' retrieved from /opt/airflow/dags/hello_airflow.py
[2026-03-08T04:34:48.286+0000] {logging_mixin.py:188} INFO - [2026-03-08T04:34:48.286+0000] {dag.py:3089} INFO - Sync 1 DAGs
[2026-03-08T04:34:48.298+0000] {logging_mixin.py:188} INFO - [2026-03-08T04:34:48.297+0000] {dag.py:3947} INFO - Setting next_dagrun for hello_airflow to None, run_after=None
[2026-03-08T04:34:48.313+0000] {processor.py:183} INFO - Processing /opt/airflow/dags/hello_airflow.py took 0.071 seconds
[2026-03-08T04:35:18.771+0000] {processor.py:161} INFO - Started process (PID=4792) to work on /opt/airflow/dags/hello_airflow.py
[2026-03-08T04:35:18.774+0000] {processor.py:830} INFO - Processing file /opt/airflow/dags/hello_airflow.py for tasks to queue
[2026-03-08T04:35:18.776+0000] {logging_mixin.py:188} INFO - [2026-03-08T04:35:18.776+0000] {dagbag.py:545} INFO - Filling up the DagBag from /opt/airflow/dags/hello_airflow.py
[2026-03-08T04:35:18.790+0000] {processor.py:840} INFO - DAG(s) 'hello_airflow' retrieved from /opt/airflow/dags/hello_airflow.py
[2026-03-08T04:35:18.823+0000] {logging_mixin.py:188} INFO - [2026-03-08T04:35:18.823+0000] {dag.py:3089} INFO - Sync 1 DAGs
[2026-03-08T04:35:18.838+0000] {logging_mixin.py:188} INFO - [2026-03-08T04:35:18.838+0000] {dag.py:3947} INFO - Setting next_dagrun for hello_airflow to None, run_after=None
[2026-03-08T04:35:18.854+0000] {processor.py:183} INFO - Processing /opt/airflow/dags/hello_airflow.py took 0.093 seconds
[2026-03-08T04:35:49.317+0000] {processor.py:161} INFO - Started process (PID=4803) to work on /opt/airflow/dags/hello_airflow.py
[2026-03-08T04:35:49.318+0000] {processor.py:830} INFO - Processing file /opt/airflow/dags/hello_airflow.py for tasks to queue
[2026-03-08T04:35:49.319+0000] {logging_mixin.py:188} INFO - [2026-03-08T04:35:49.319+0000] {dagbag.py:545} INFO - Filling up the DagBag from /opt/airflow/dags/hello_airflow.py
[2026-03-08T04:35:49.337+0000] {processor.py:840} INFO - DAG(s) 'hello_airflow' retrieved from /opt/airflow/dags/hello_airflow.py
[2026-03-08T04:35:49.369+0000] {logging_mixin.py:188} INFO - [2026-03-08T04:35:49.368+0000] {dag.py:3089} INFO - Sync 1 DAGs
[2026-03-08T04:35:49.384+0000] {logging_mixin.py:188} INFO - [2026-03-08T04:35:49.384+0000] {dag.py:3947} INFO - Setting next_dagrun for hello_airflow to None, run_after=None
[2026-03-08T04:35:49.407+0000] {processor.py:183} INFO - Processing /opt/airflow/dags/hello_airflow.py took 0.096 seconds
[2026-03-08T04:36:19.885+0000] {processor.py:161} INFO - Started process (PID=4813) to work on /opt/airflow/dags/hello_airflow.py
[2026-03-08T04:36:19.887+0000] {processor.py:830} INFO - Processing file /opt/airflow/dags/hello_airflow.py for tasks to queue
[2026-03-08T04:36:19.889+0000] {logging_mixin.py:188} INFO - [2026-03-08T04:36:19.889+0000] {dagbag.py:545} INFO - Filling up the DagBag from /opt/airflow/dags/hello_airflow.py
[2026-03-08T04:36:19.907+0000] {processor.py:840} INFO - DAG(s) 'hello_airflow' retrieved from /opt/airflow/dags/hello_airflow.py
[2026-03-08T04:36:19.938+0000] {logging_mixin.py:188} INFO - [2026-03-08T04:36:19.938+0000] {dag.py:3089} INFO - Sync 1 DAGs
[2026-03-08T04:36:19.951+0000] {logging_mixin.py:188} INFO - [2026-03-08T04:36:19.951+0000] {dag.py:3947} INFO - Setting next_dagrun for hello_airflow to None, run_after=None
[2026-03-08T04:36:19.963+0000] {processor.py:183} INFO - Processing /opt/airflow/dags/hello_airflow.py took 0.088 seconds
[2026-03-08T04:36:50.402+0000] {processor.py:161} INFO - Started process (PID=4823) to work on /opt/airflow/dags/hello_airflow.py
[2026-03-08T04:36:50.403+0000] {processor.py:830} INFO - Processing file /opt/airflow/dags/hello_airflow.py for tasks to queue
[2026-03-08T04:36:50.408+0000] {logging_mixin.py:188} INFO - [2026-03-08T04:36:50.407+0000] {dagbag.py:545} INFO - Filling up the DagBag from /opt/airflow/dags/hello_airflow.py
[2026-03-08T04:36:50.416+0000] {processor.py:840} INFO - DAG(s) 'hello_airflow' retrieved from /opt/airflow/dags/hello_airflow.py
[2026-03-08T04:36:50.443+0000] {logging_mixin.py:188} INFO - [2026-03-08T04:36:50.443+0000] {dag.py:3089} INFO - Sync 1 DAGs
[2026-03-08T04:36:50.452+0000] {logging_mixin.py:188} INFO - [2026-03-08T04:36:50.452+0000] {dag.py:3947} INFO - Setting next_dagrun for hello_airflow to None, run_after=None
[2026-03-08T04:36:50.464+0000] {processor.py:183} INFO - Processing /opt/airflow/dags/hello_airflow.py took 0.068 seconds
[2026-03-08T04:37:20.910+0000] {processor.py:161} INFO - Started process (PID=4833) to work on /opt/airflow/dags/hello_airflow.py
[2026-03-08T04:37:20.911+0000] {processor.py:830} INFO - Processing file /opt/airflow/dags/hello_airflow.py for tasks to queue
[2026-03-08T04:37:20.916+0000] {logging_mixin.py:188} INFO - [2026-03-08T04:37:20.915+0000] {dagbag.py:545} INFO - Filling up the DagBag from /opt/airflow/dags/hello_airflow.py
[2026-03-08T04:37:20.929+0000] {processor.py:840} INFO - DAG(s) 'hello_airflow' retrieved from /opt/airflow/dags/hello_airflow.py
[2026-03-08T04:37:20.960+0000] {logging_mixin.py:188} INFO - [2026-03-08T04:37:20.960+0000] {dag.py:3089} INFO - Sync 1 DAGs
[2026-03-08T04:37:20.967+0000] {logging_mixin.py:188} INFO - [2026-03-08T04:37:20.967+0000] {dag.py:3947} INFO - Setting next_dagrun for hello_airflow to None, run_after=None
[2026-03-08T04:37:20.980+0000] {processor.py:183} INFO - Processing /opt/airflow/dags/hello_airflow.py took 0.079 seconds
[2026-03-08T04:37:51.449+0000] {processor.py:161} INFO - Started process (PID=4843) to work on /opt/airflow/dags/hello_airflow.py
[2026-03-08T04:37:51.450+0000] {processor.py:830} INFO - Processing file /opt/airflow/dags/hello_airflow.py for tasks to queue
[2026-03-08T04:37:51.451+0000] {logging_mixin.py:188} INFO - [2026-03-08T04:37:51.451+0000] {dagbag.py:545} INFO - Filling up the DagBag from /opt/airflow/dags/hello_airflow.py
[2026-03-08T04:37:51.461+0000] {processor.py:840} INFO - DAG(s) 'hello_airflow' retrieved from /opt/airflow/dags/hello_airflow.py
[2026-03-08T04:37:51.495+0000] {logging_mixin.py:188} INFO - [2026-03-08T04:37:51.495+0000] {dag.py:3089} INFO - Sync 1 DAGs
[2026-03-08T04:37:51.505+0000] {logging_mixin.py:188} INFO - [2026-03-08T04:37:51.505+0000] {dag.py:3947} INFO - Setting next_dagrun for hello_airflow to None, run_after=None
[2026-03-08T04:37:51.519+0000] {processor.py:183} INFO - Processing /opt/airflow/dags/hello_airflow.py took 0.077 seconds
[2026-03-08T04:38:21.983+0000] {processor.py:161} INFO - Started process (PID=4852) to work on /opt/airflow/dags/hello_airflow.py
[2026-03-08T04:38:21.984+0000] {processor.py:830} INFO - Processing file /opt/airflow/dags/hello_airflow.py for tasks to queue
[2026-03-08T04:38:21.987+0000] {logging_mixin.py:188} INFO - [2026-03-08T04:38:21.987+0000] {dagbag.py:545} INFO - Filling up the DagBag from /opt/airflow/dags/hello_airflow.py
[2026-03-08T04:38:21.999+0000] {processor.py:840} INFO - DAG(s) 'hello_airflow' retrieved from /opt/airflow/dags/hello_airflow.py
[2026-03-08T04:38:22.028+0000] {logging_mixin.py:188} INFO - [2026-03-08T04:38:22.027+0000] {dag.py:3089} INFO - Sync 1 DAGs
[2026-03-08T04:38:22.041+0000] {logging_mixin.py:188} INFO - [2026-03-08T04:38:22.041+0000] {dag.py:3947} INFO - Setting next_dagrun for hello_airflow to None, run_after=None
[2026-03-08T04:38:22.056+0000] {processor.py:183} INFO - Processing /opt/airflow/dags/hello_airflow.py took 0.082 seconds
[2026-03-08T04:47:10.567+0000] {processor.py:161} INFO - Started process (PID=4863) to work on /opt/airflow/dags/hello_airflow.py
[2026-03-08T04:47:10.568+0000] {processor.py:830} INFO - Processing file /opt/airflow/dags/hello_airflow.py for tasks to queue
[2026-03-08T04:47:10.573+0000] {logging_mixin.py:188} INFO - [2026-03-08T04:47:10.573+0000] {dagbag.py:545} INFO - Filling up the DagBag from /opt/airflow/dags/hello_airflow.py
[2026-03-08T04:47:10.580+0000] {processor.py:840} INFO - DAG(s) 'hello_airflow' retrieved from /opt/airflow/dags/hello_airflow.py
[2026-03-08T04:47:10.610+0000] {logging_mixin.py:188} INFO - [2026-03-08T04:47:10.610+0000] {dag.py:3089} INFO - Sync 1 DAGs
[2026-03-08T04:47:10.621+0000] {logging_mixin.py:188} INFO - [2026-03-08T04:47:10.621+0000] {dag.py:3947} INFO - Setting next_dagrun for hello_airflow to None, run_after=None
[2026-03-08T04:47:10.639+0000] {processor.py:183} INFO - Processing /opt/airflow/dags/hello_airflow.py took 0.077 seconds
[2026-03-08T05:03:57.824+0000] {processor.py:161} INFO - Started process (PID=4873) to work on /opt/airflow/dags/hello_airflow.py
[2026-03-08T05:03:57.827+0000] {processor.py:830} INFO - Processing file /opt/airflow/dags/hello_airflow.py for tasks to queue
[2026-03-08T05:03:57.828+0000] {logging_mixin.py:188} INFO - [2026-03-08T05:03:57.828+0000] {dagbag.py:545} INFO - Filling up the DagBag from /opt/airflow/dags/hello_airflow.py
[2026-03-08T05:03:57.836+0000] {processor.py:840} INFO - DAG(s) 'hello_airflow' retrieved from /opt/airflow/dags/hello_airflow.py
[2026-03-08T05:03:57.867+0000] {logging_mixin.py:188} INFO - [2026-03-08T05:03:57.866+0000] {dag.py:3089} INFO - Sync 1 DAGs
[2026-03-08T05:03:57.876+0000] {logging_mixin.py:188} INFO - [2026-03-08T05:03:57.876+0000] {dag.py:3947} INFO - Setting next_dagrun for hello_airflow to None, run_after=None
[2026-03-08T05:03:57.889+0000] {processor.py:183} INFO - Processing /opt/airflow/dags/hello_airflow.py took 0.076 seconds
[2026-03-08T05:04:28.289+0000] {processor.py:161} INFO - Started process (PID=4882) to work on /opt/airflow/dags/hello_airflow.py
[2026-03-08T05:04:28.290+0000] {processor.py:830} INFO - Processing file /opt/airflow/dags/hello_airflow.py for tasks to queue
[2026-03-08T05:04:28.291+0000] {logging_mixin.py:188} INFO - [2026-03-08T05:04:28.291+0000] {dagbag.py:545} INFO - Filling up the DagBag from /opt/airflow/dags/hello_airflow.py
[2026-03-08T05:04:28.303+0000] {processor.py:840} INFO - DAG(s) 'hello_airflow' retrieved from /opt/airflow/dags/hello_airflow.py
[2026-03-08T05:04:28.330+0000] {logging_mixin.py:188} INFO - [2026-03-08T05:04:28.330+0000] {dag.py:3089} INFO - Sync 1 DAGs
[2026-03-08T05:04:28.337+0000] {logging_mixin.py:188} INFO - [2026-03-08T05:04:28.336+0000] {dag.py:3947} INFO - Setting next_dagrun for hello_airflow to None, run_after=None
[2026-03-08T05:04:28.347+0000] {processor.py:183} INFO - Processing /opt/airflow/dags/hello_airflow.py took 0.065 seconds
[2026-03-08T05:20:00.503+0000] {processor.py:161} INFO - Started process (PID=4893) to work on /opt/airflow/dags/hello_airflow.py
[2026-03-08T05:20:00.504+0000] {processor.py:830} INFO - Processing file /opt/airflow/dags/hello_airflow.py for tasks to queue
[2026-03-08T05:20:00.506+0000] {logging_mixin.py:188} INFO - [2026-03-08T05:20:00.506+0000] {dagbag.py:545} INFO - Filling up the DagBag from /opt/airflow/dags/hello_airflow.py
[2026-03-08T05:20:00.523+0000] {processor.py:840} INFO - DAG(s) 'hello_airflow' retrieved from /opt/airflow/dags/hello_airflow.py
[2026-03-08T05:20:00.567+0000] {logging_mixin.py:188} INFO - [2026-03-08T05:20:00.567+0000] {dag.py:3089} INFO - Sync 1 DAGs
[2026-03-08T05:20:00.578+0000] {logging_mixin.py:188} INFO - [2026-03-08T05:20:00.578+0000] {dag.py:3947} INFO - Setting next_dagrun for hello_airflow to None, run_after=None
[2026-03-08T05:20:00.594+0000] {processor.py:183} INFO - Processing /opt/airflow/dags/hello_airflow.py took 0.098 seconds
[2026-03-08T05:20:31.080+0000] {processor.py:161} INFO - Started process (PID=4903) to work on /opt/airflow/dags/hello_airflow.py
[2026-03-08T05:20:31.081+0000] {processor.py:830} INFO - Processing file /opt/airflow/dags/hello_airflow.py for tasks to queue
[2026-03-08T05:20:31.083+0000] {logging_mixin.py:188} INFO - [2026-03-08T05:20:31.083+0000] {dagbag.py:545} INFO - Filling up the DagBag from /opt/airflow/dags/hello_airflow.py
[2026-03-08T05:20:31.098+0000] {processor.py:840} INFO - DAG(s) 'hello_airflow' retrieved from /opt/airflow/dags/hello_airflow.py
[2026-03-08T05:20:31.125+0000] {logging_mixin.py:188} INFO - [2026-03-08T05:20:31.125+0000] {dag.py:3089} INFO - Sync 1 DAGs
[2026-03-08T05:20:31.133+0000] {logging_mixin.py:188} INFO - [2026-03-08T05:20:31.133+0000] {dag.py:3947} INFO - Setting next_dagrun for hello_airflow to None, run_after=None
[2026-03-08T05:20:31.147+0000] {processor.py:183} INFO - Processing /opt/airflow/dags/hello_airflow.py took 0.073 seconds
[2026-03-08T05:21:01.568+0000] {processor.py:161} INFO - Started process (PID=4913) to work on /opt/airflow/dags/hello_airflow.py
[2026-03-08T05:21:01.569+0000] {processor.py:830} INFO - Processing file /opt/airflow/dags/hello_airflow.py for tasks to queue
[2026-03-08T05:21:01.571+0000] {logging_mixin.py:188} INFO - [2026-03-08T05:21:01.570+0000] {dagbag.py:545} INFO - Filling up the DagBag from /opt/airflow/dags/hello_airflow.py
[2026-03-08T05:21:01.580+0000] {processor.py:840} INFO - DAG(s) 'hello_airflow' retrieved from /opt/airflow/dags/hello_airflow.py
[2026-03-08T05:21:01.609+0000] {logging_mixin.py:188} INFO - [2026-03-08T05:21:01.608+0000] {dag.py:3089} INFO - Sync 1 DAGs
[2026-03-08T05:21:01.615+0000] {logging_mixin.py:188} INFO - [2026-03-08T05:21:01.615+0000] {dag.py:3947} INFO - Setting next_dagrun for hello_airflow to None, run_after=None
[2026-03-08T05:21:01.628+0000] {processor.py:183} INFO - Processing /opt/airflow/dags/hello_airflow.py took 0.066 seconds
[2026-03-08T05:21:32.012+0000] {processor.py:161} INFO - Started process (PID=4923) to work on /opt/airflow/dags/hello_airflow.py
[2026-03-08T05:21:32.015+0000] {processor.py:830} INFO - Processing file /opt/airflow/dags/hello_airflow.py for tasks to queue
[2026-03-08T05:21:32.017+0000] {logging_mixin.py:188} INFO - [2026-03-08T05:21:32.016+0000] {dagbag.py:545} INFO - Filling up the DagBag from /opt/airflow/dags/hello_airflow.py
[2026-03-08T05:21:32.033+0000] {processor.py:840} INFO - DAG(s) 'hello_airflow' retrieved from /opt/airflow/dags/hello_airflow.py
[2026-03-08T05:21:32.062+0000] {logging_mixin.py:188} INFO - [2026-03-08T05:21:32.062+0000] {dag.py:3089} INFO - Sync 1 DAGs
[2026-03-08T05:21:32.072+0000] {logging_mixin.py:188} INFO - [2026-03-08T05:21:32.072+0000] {dag.py:3947} INFO - Setting next_dagrun for hello_airflow to None, run_after=None
[2026-03-08T05:21:32.084+0000] {processor.py:183} INFO - Processing /opt/airflow/dags/hello_airflow.py took 0.081 seconds
[2026-03-08T05:22:02.545+0000] {processor.py:161} INFO - Started process (PID=4933) to work on /opt/airflow/dags/hello_airflow.py
[2026-03-08T05:22:02.546+0000] {processor.py:830} INFO - Processing file /opt/airflow/dags/hello_airflow.py for tasks to queue
[2026-03-08T05:22:02.548+0000] {logging_mixin.py:188} INFO - [2026-03-08T05:22:02.547+0000] {dagbag.py:545} INFO - Filling up the DagBag from /opt/airflow/dags/hello_airflow.py
[2026-03-08T05:22:02.563+0000] {processor.py:840} INFO - DAG(s) 'hello_airflow' retrieved from /opt/airflow/dags/hello_airflow.py
[2026-03-08T05:22:02.590+0000] {logging_mixin.py:188} INFO - [2026-03-08T05:22:02.590+0000] {dag.py:3089} INFO - Sync 1 DAGs
[2026-03-08T05:22:02.598+0000] {logging_mixin.py:188} INFO - [2026-03-08T05:22:02.598+0000] {dag.py:3947} INFO - Setting next_dagrun for hello_airflow to None, run_after=None
[2026-03-08T05:22:02.609+0000] {processor.py:183} INFO - Processing /opt/airflow/dags/hello_airflow.py took 0.070 seconds
[2026-03-08T05:22:32.904+0000] {processor.py:161} INFO - Started process (PID=4943) to work on /opt/airflow/dags/hello_airflow.py
[2026-03-08T05:22:32.905+0000] {processor.py:830} INFO - Processing file /opt/airflow/dags/hello_airflow.py for tasks to queue
[2026-03-08T05:22:32.906+0000] {logging_mixin.py:188} INFO - [2026-03-08T05:22:32.906+0000] {dagbag.py:545} INFO - Filling up the DagBag from /opt/airflow/dags/hello_airflow.py
[2026-03-08T05:22:32.917+0000] {processor.py:840} INFO - DAG(s) 'hello_airflow' retrieved from /opt/airflow/dags/hello_airflow.py
[2026-03-08T05:22:32.947+0000] {logging_mixin.py:188} INFO - [2026-03-08T05:22:32.947+0000] {dag.py:3089} INFO - Sync 1 DAGs
[2026-03-08T05:22:32.956+0000] {logging_mixin.py:188} INFO - [2026-03-08T05:22:32.956+0000] {dag.py:3947} INFO - Setting next_dagrun for hello_airflow to None, run_after=None
[2026-03-08T05:22:32.968+0000] {processor.py:183} INFO - Processing /opt/airflow/dags/hello_airflow.py took 0.071 seconds
[2026-03-08T05:23:03.457+0000] {processor.py:161} INFO - Started process (PID=4953) to work on /opt/airflow/dags/hello_airflow.py
[2026-03-08T05:23:03.459+0000] {processor.py:830} INFO - Processing file /opt/airflow/dags/hello_airflow.py for tasks to queue
[2026-03-08T05:23:03.461+0000] {logging_mixin.py:188} INFO - [2026-03-08T05:23:03.461+0000] {dagbag.py:545} INFO - Filling up the DagBag from /opt/airflow/dags/hello_airflow.py
[2026-03-08T05:23:03.473+0000] {processor.py:840} INFO - DAG(s) 'hello_airflow' retrieved from /opt/airflow/dags/hello_airflow.py
[2026-03-08T05:23:03.503+0000] {logging_mixin.py:188} INFO - [2026-03-08T05:23:03.503+0000] {dag.py:3089} INFO - Sync 1 DAGs
[2026-03-08T05:23:03.511+0000] {logging_mixin.py:188} INFO - [2026-03-08T05:23:03.510+0000] {dag.py:3947} INFO - Setting next_dagrun for hello_airflow to None, run_after=None
[2026-03-08T05:23:03.523+0000] {processor.py:183} INFO - Processing /opt/airflow/dags/hello_airflow.py took 0.072 seconds
[2026-03-08T05:23:34.004+0000] {processor.py:161} INFO - Started process (PID=4963) to work on /opt/airflow/dags/hello_airflow.py
[2026-03-08T05:23:34.005+0000] {processor.py:830} INFO - Processing file /opt/airflow/dags/hello_airflow.py for tasks to queue
[2026-03-08T05:23:34.007+0000] {logging_mixin.py:188} INFO - [2026-03-08T05:23:34.006+0000] {dagbag.py:545} INFO - Filling up the DagBag from /opt/airflow/dags/hello_airflow.py
[2026-03-08T05:23:34.017+0000] {processor.py:840} INFO - DAG(s) 'hello_airflow' retrieved from /opt/airflow/dags/hello_airflow.py
[2026-03-08T05:23:34.046+0000] {logging_mixin.py:188} INFO - [2026-03-08T05:23:34.046+0000] {dag.py:3089} INFO - Sync 1 DAGs
[2026-03-08T05:23:34.053+0000] {logging_mixin.py:188} INFO - [2026-03-08T05:23:34.053+0000] {dag.py:3947} INFO - Setting next_dagrun for hello_airflow to None, run_after=None
[2026-03-08T05:23:34.066+0000] {processor.py:183} INFO - Processing /opt/airflow/dags/hello_airflow.py took 0.068 seconds
[2026-03-08T05:24:04.442+0000] {processor.py:161} INFO - Started process (PID=4973) to work on /opt/airflow/dags/hello_airflow.py
[2026-03-08T05:24:04.444+0000] {processor.py:830} INFO - Processing file /opt/airflow/dags/hello_airflow.py for tasks to queue
[2026-03-08T05:24:04.448+0000] {logging_mixin.py:188} INFO - [2026-03-08T05:24:04.448+0000] {dagbag.py:545} INFO - Filling up the DagBag from /opt/airflow/dags/hello_airflow.py
[2026-03-08T05:24:04.459+0000] {processor.py:840} INFO - DAG(s) 'hello_airflow' retrieved from /opt/airflow/dags/hello_airflow.py
[2026-03-08T05:24:04.484+0000] {logging_mixin.py:188} INFO - [2026-03-08T05:24:04.484+0000] {dag.py:3089} INFO - Sync 1 DAGs
[2026-03-08T05:24:04.495+0000] {logging_mixin.py:188} INFO - [2026-03-08T05:24:04.495+0000] {dag.py:3947} INFO - Setting next_dagrun for hello_airflow to None, run_after=None
[2026-03-08T05:24:04.506+0000] {processor.py:183} INFO - Processing /opt/airflow/dags/hello_airflow.py took 0.070 seconds
[2026-03-08T05:24:34.988+0000] {processor.py:161} INFO - Started process (PID=4982) to work on /opt/airflow/dags/hello_airflow.py
[2026-03-08T05:24:34.990+0000] {processor.py:830} INFO - Processing file /opt/airflow/dags/hello_airflow.py for tasks to queue
[2026-03-08T05:24:34.995+0000] {logging_mixin.py:188} INFO - [2026-03-08T05:24:34.994+0000] {dagbag.py:545} INFO - Filling up the DagBag from /opt/airflow/dags/hello_airflow.py
[2026-03-08T05:24:35.005+0000] {processor.py:840} INFO - DAG(s) 'hello_airflow' retrieved from /opt/airflow/dags/hello_airflow.py
[2026-03-08T05:24:35.030+0000] {logging_mixin.py:188} INFO - [2026-03-08T05:24:35.030+0000] {dag.py:3089} INFO - Sync 1 DAGs
[2026-03-08T05:24:35.039+0000] {logging_mixin.py:188} INFO - [2026-03-08T05:24:35.039+0000] {dag.py:3947} INFO - Setting next_dagrun for hello_airflow to None, run_after=None
[2026-03-08T05:24:35.051+0000] {processor.py:183} INFO - Processing /opt/airflow/dags/hello_airflow.py took 0.071 seconds
[2026-03-08T05:25:05.440+0000] {processor.py:161} INFO - Started process (PID=4993) to work on /opt/airflow/dags/hello_airflow.py
[2026-03-08T05:25:05.441+0000] {processor.py:830} INFO - Processing file /opt/airflow/dags/hello_airflow.py for tasks to queue
[2026-03-08T05:25:05.447+0000] {logging_mixin.py:188} INFO - [2026-03-08T05:25:05.446+0000] {dagbag.py:545} INFO - Filling up the DagBag from /opt/airflow/dags/hello_airflow.py
[2026-03-08T05:25:05.453+0000] {processor.py:840} INFO - DAG(s) 'hello_airflow' retrieved from /opt/airflow/dags/hello_airflow.py
[2026-03-08T05:25:05.478+0000] {logging_mixin.py:188} INFO - [2026-03-08T05:25:05.478+0000] {dag.py:3089} INFO - Sync 1 DAGs
[2026-03-08T05:25:05.489+0000] {logging_mixin.py:188} INFO - [2026-03-08T05:25:05.489+0000] {dag.py:3947} INFO - Setting next_dagrun for hello_airflow to None, run_after=None
[2026-03-08T05:25:05.502+0000] {processor.py:183} INFO - Processing /opt/airflow/dags/hello_airflow.py took 0.069 seconds
[2026-03-08T05:25:35.824+0000] {processor.py:161} INFO - Started process (PID=5003) to work on /opt/airflow/dags/hello_airflow.py
[2026-03-08T05:25:35.826+0000] {processor.py:830} INFO - Processing file /opt/airflow/dags/hello_airflow.py for tasks to queue
[2026-03-08T05:25:35.828+0000] {logging_mixin.py:188} INFO - [2026-03-08T05:25:35.827+0000] {dagbag.py:545} INFO - Filling up the DagBag from /opt/airflow/dags/hello_airflow.py
[2026-03-08T05:25:35.839+0000] {processor.py:840} INFO - DAG(s) 'hello_airflow' retrieved from /opt/airflow/dags/hello_airflow.py
[2026-03-08T05:25:35.868+0000] {logging_mixin.py:188} INFO - [2026-03-08T05:25:35.868+0000] {dag.py:3089} INFO - Sync 1 DAGs
[2026-03-08T05:25:35.885+0000] {logging_mixin.py:188} INFO - [2026-03-08T05:25:35.885+0000] {dag.py:3947} INFO - Setting next_dagrun for hello_airflow to None, run_after=None
[2026-03-08T05:25:35.900+0000] {processor.py:183} INFO - Processing /opt/airflow/dags/hello_airflow.py took 0.088 seconds
[2026-03-08T05:26:06.373+0000] {processor.py:161} INFO - Started process (PID=5013) to work on /opt/airflow/dags/hello_airflow.py
[2026-03-08T05:26:06.375+0000] {processor.py:830} INFO - Processing file /opt/airflow/dags/hello_airflow.py for tasks to queue
[2026-03-08T05:26:06.377+0000] {logging_mixin.py:188} INFO - [2026-03-08T05:26:06.377+0000] {dagbag.py:545} INFO - Filling up the DagBag from /opt/airflow/dags/hello_airflow.py
[2026-03-08T05:26:06.385+0000] {processor.py:840} INFO - DAG(s) 'hello_airflow' retrieved from /opt/airflow/dags/hello_airflow.py
[2026-03-08T05:26:06.422+0000] {logging_mixin.py:188} INFO - [2026-03-08T05:26:06.422+0000] {dag.py:3089} INFO - Sync 1 DAGs
[2026-03-08T05:26:06.434+0000] {logging_mixin.py:188} INFO - [2026-03-08T05:26:06.434+0000] {dag.py:3947} INFO - Setting next_dagrun for hello_airflow to None, run_after=None
[2026-03-08T05:26:06.447+0000] {processor.py:183} INFO - Processing /opt/airflow/dags/hello_airflow.py took 0.081 seconds
[2026-03-08T05:26:36.899+0000] {processor.py:161} INFO - Started process (PID=5023) to work on /opt/airflow/dags/hello_airflow.py
[2026-03-08T05:26:36.901+0000] {processor.py:830} INFO - Processing file /opt/airflow/dags/hello_airflow.py for tasks to queue
[2026-03-08T05:26:36.906+0000] {logging_mixin.py:188} INFO - [2026-03-08T05:26:36.906+0000] {dagbag.py:545} INFO - Filling up the DagBag from /opt/airflow/dags/hello_airflow.py
[2026-03-08T05:26:36.916+0000] {processor.py:840} INFO - DAG(s) 'hello_airflow' retrieved from /opt/airflow/dags/hello_airflow.py
[2026-03-08T05:26:36.946+0000] {logging_mixin.py:188} INFO - [2026-03-08T05:26:36.946+0000] {dag.py:3089} INFO - Sync 1 DAGs
[2026-03-08T05:26:36.955+0000] {logging_mixin.py:188} INFO - [2026-03-08T05:26:36.955+0000] {dag.py:3947} INFO - Setting next_dagrun for hello_airflow to None, run_after=None
[2026-03-08T05:26:36.968+0000] {processor.py:183} INFO - Processing /opt/airflow/dags/hello_airflow.py took 0.076 seconds
[2026-03-08T05:27:07.431+0000] {processor.py:161} INFO - Started process (PID=5033) to work on /opt/airflow/dags/hello_airflow.py
[2026-03-08T05:27:07.432+0000] {processor.py:830} INFO - Processing file /opt/airflow/dags/hello_airflow.py for tasks to queue
[2026-03-08T05:27:07.438+0000] {logging_mixin.py:188} INFO - [2026-03-08T05:27:07.438+0000] {dagbag.py:545} INFO - Filling up the DagBag from /opt/airflow/dags/hello_airflow.py
[2026-03-08T05:27:07.446+0000] {processor.py:840} INFO - DAG(s) 'hello_airflow' retrieved from /opt/airflow/dags/hello_airflow.py
[2026-03-08T05:27:07.477+0000] {logging_mixin.py:188} INFO - [2026-03-08T05:27:07.477+0000] {dag.py:3089} INFO - Sync 1 DAGs
[2026-03-08T05:27:07.488+0000] {logging_mixin.py:188} INFO - [2026-03-08T05:27:07.488+0000] {dag.py:3947} INFO - Setting next_dagrun for hello_airflow to None, run_after=None
[2026-03-08T05:27:07.502+0000] {processor.py:183} INFO - Processing /opt/airflow/dags/hello_airflow.py took 0.077 seconds
[2026-03-08T05:27:37.951+0000] {processor.py:161} INFO - Started process (PID=5043) to work on /opt/airflow/dags/hello_airflow.py
[2026-03-08T05:27:37.952+0000] {processor.py:830} INFO - Processing file /opt/airflow/dags/hello_airflow.py for tasks to queue
[2026-03-08T05:27:37.954+0000] {logging_mixin.py:188} INFO - [2026-03-08T05:27:37.954+0000] {dagbag.py:545} INFO - Filling up the DagBag from /opt/airflow/dags/hello_airflow.py
[2026-03-08T05:27:37.964+0000] {processor.py:840} INFO - DAG(s) 'hello_airflow' retrieved from /opt/airflow/dags/hello_airflow.py
[2026-03-08T05:27:37.994+0000] {logging_mixin.py:188} INFO - [2026-03-08T05:27:37.993+0000] {dag.py:3089} INFO - Sync 1 DAGs
[2026-03-08T05:27:38.001+0000] {logging_mixin.py:188} INFO - [2026-03-08T05:27:38.001+0000] {dag.py:3947} INFO - Setting next_dagrun for hello_airflow to None, run_after=None
[2026-03-08T05:27:38.014+0000] {processor.py:183} INFO - Processing /opt/airflow/dags/hello_airflow.py took 0.070 seconds
[2026-03-08T05:28:08.462+0000] {processor.py:161} INFO - Started process (PID=5053) to work on /opt/airflow/dags/hello_airflow.py
[2026-03-08T05:28:08.465+0000] {processor.py:830} INFO - Processing file /opt/airflow/dags/hello_airflow.py for tasks to queue
[2026-03-08T05:28:08.469+0000] {logging_mixin.py:188} INFO - [2026-03-08T05:28:08.469+0000] {dagbag.py:545} INFO - Filling up the DagBag from /opt/airflow/dags/hello_airflow.py
[2026-03-08T05:28:08.479+0000] {processor.py:840} INFO - DAG(s) 'hello_airflow' retrieved from /opt/airflow/dags/hello_airflow.py
[2026-03-08T05:28:08.509+0000] {logging_mixin.py:188} INFO - [2026-03-08T05:28:08.509+0000] {dag.py:3089} INFO - Sync 1 DAGs
[2026-03-08T05:28:08.517+0000] {logging_mixin.py:188} INFO - [2026-03-08T05:28:08.517+0000] {dag.py:3947} INFO - Setting next_dagrun for hello_airflow to None, run_after=None
[2026-03-08T05:28:08.530+0000] {processor.py:183} INFO - Processing /opt/airflow/dags/hello_airflow.py took 0.074 seconds
[2026-03-08T05:28:38.944+0000] {processor.py:161} INFO - Started process (PID=5063) to work on /opt/airflow/dags/hello_airflow.py
[2026-03-08T05:28:38.946+0000] {processor.py:830} INFO - Processing file /opt/airflow/dags/hello_airflow.py for tasks to queue
[2026-03-08T05:28:38.947+0000] {logging_mixin.py:188} INFO - [2026-03-08T05:28:38.947+0000] {dagbag.py:545} INFO - Filling up the DagBag from /opt/airflow/dags/hello_airflow.py
[2026-03-08T05:28:38.959+0000] {processor.py:840} INFO - DAG(s) 'hello_airflow' retrieved from /opt/airflow/dags/hello_airflow.py
[2026-03-08T05:28:38.984+0000] {logging_mixin.py:188} INFO - [2026-03-08T05:28:38.984+0000] {dag.py:3089} INFO - Sync 1 DAGs
[2026-03-08T05:28:38.992+0000] {logging_mixin.py:188} INFO - [2026-03-08T05:28:38.992+0000] {dag.py:3947} INFO - Setting next_dagrun for hello_airflow to None, run_after=None
[2026-03-08T05:28:39.003+0000] {processor.py:183} INFO - Processing /opt/airflow/dags/hello_airflow.py took 0.065 seconds
[2026-03-08T05:29:09.471+0000] {processor.py:161} INFO - Started process (PID=5073) to work on /opt/airflow/dags/hello_airflow.py
[2026-03-08T05:29:09.473+0000] {processor.py:830} INFO - Processing file /opt/airflow/dags/hello_airflow.py for tasks to queue
[2026-03-08T05:29:09.475+0000] {logging_mixin.py:188} INFO - [2026-03-08T05:29:09.475+0000] {dagbag.py:545} INFO - Filling up the DagBag from /opt/airflow/dags/hello_airflow.py
[2026-03-08T05:29:09.487+0000] {processor.py:840} INFO - DAG(s) 'hello_airflow' retrieved from /opt/airflow/dags/hello_airflow.py
[2026-03-08T05:29:09.514+0000] {logging_mixin.py:188} INFO - [2026-03-08T05:29:09.514+0000] {dag.py:3089} INFO - Sync 1 DAGs
[2026-03-08T05:29:09.520+0000] {logging_mixin.py:188} INFO - [2026-03-08T05:29:09.520+0000] {dag.py:3947} INFO - Setting next_dagrun for hello_airflow to None, run_after=None
[2026-03-08T05:29:09.533+0000] {processor.py:183} INFO - Processing /opt/airflow/dags/hello_airflow.py took 0.068 seconds
[2026-03-08T05:29:39.932+0000] {processor.py:161} INFO - Started process (PID=5083) to work on /opt/airflow/dags/hello_airflow.py
[2026-03-08T05:29:39.934+0000] {processor.py:830} INFO - Processing file /opt/airflow/dags/hello_airflow.py for tasks to queue
[2026-03-08T05:29:39.940+0000] {logging_mixin.py:188} INFO - [2026-03-08T05:29:39.939+0000] {dagbag.py:545} INFO - Filling up the DagBag from /opt/airflow/dags/hello_airflow.py
[2026-03-08T05:29:39.949+0000] {processor.py:840} INFO - DAG(s) 'hello_airflow' retrieved from /opt/airflow/dags/hello_airflow.py
[2026-03-08T05:29:39.978+0000] {logging_mixin.py:188} INFO - [2026-03-08T05:29:39.978+0000] {dag.py:3089} INFO - Sync 1 DAGs
[2026-03-08T05:29:39.986+0000] {logging_mixin.py:188} INFO - [2026-03-08T05:29:39.986+0000] {dag.py:3947} INFO - Setting next_dagrun for hello_airflow to None, run_after=None
[2026-03-08T05:29:40.000+0000] {processor.py:183} INFO - Processing /opt/airflow/dags/hello_airflow.py took 0.074 seconds
[2026-03-08T05:30:10.413+0000] {processor.py:161} INFO - Started process (PID=5093) to work on /opt/airflow/dags/hello_airflow.py
[2026-03-08T05:30:10.415+0000] {processor.py:830} INFO - Processing file /opt/airflow/dags/hello_airflow.py for tasks to queue
[2026-03-08T05:30:10.417+0000] {logging_mixin.py:188} INFO - [2026-03-08T05:30:10.417+0000] {dagbag.py:545} INFO - Filling up the DagBag from /opt/airflow/dags/hello_airflow.py
[2026-03-08T05:30:10.427+0000] {processor.py:840} INFO - DAG(s) 'hello_airflow' retrieved from /opt/airflow/dags/hello_airflow.py
[2026-03-08T05:30:10.451+0000] {logging_mixin.py:188} INFO - [2026-03-08T05:30:10.451+0000] {dag.py:3089} INFO - Sync 1 DAGs
[2026-03-08T05:30:10.460+0000] {logging_mixin.py:188} INFO - [2026-03-08T05:30:10.460+0000] {dag.py:3947} INFO - Setting next_dagrun for hello_airflow to None, run_after=None
[2026-03-08T05:30:10.472+0000] {processor.py:183} INFO - Processing /opt/airflow/dags/hello_airflow.py took 0.065 seconds
[2026-03-08T05:30:40.827+0000] {processor.py:161} INFO - Started process (PID=5103) to work on /opt/airflow/dags/hello_airflow.py
[2026-03-08T05:30:40.828+0000] {processor.py:830} INFO - Processing file /opt/airflow/dags/hello_airflow.py for tasks to queue
[2026-03-08T05:30:40.831+0000] {logging_mixin.py:188} INFO - [2026-03-08T05:30:40.830+0000] {dagbag.py:545} INFO - Filling up the DagBag from /opt/airflow/dags/hello_airflow.py
[2026-03-08T05:30:40.841+0000] {processor.py:840} INFO - DAG(s) 'hello_airflow' retrieved from /opt/airflow/dags/hello_airflow.py
[2026-03-08T05:30:40.868+0000] {logging_mixin.py:188} INFO - [2026-03-08T05:30:40.868+0000] {dag.py:3089} INFO - Sync 1 DAGs
[2026-03-08T05:30:40.879+0000] {logging_mixin.py:188} INFO - [2026-03-08T05:30:40.878+0000] {dag.py:3947} INFO - Setting next_dagrun for hello_airflow to None, run_after=None
[2026-03-08T05:30:40.893+0000] {processor.py:183} INFO - Processing /opt/airflow/dags/hello_airflow.py took 0.075 seconds
[2026-03-08T05:31:11.340+0000] {processor.py:161} INFO - Started process (PID=5113) to work on /opt/airflow/dags/hello_airflow.py
[2026-03-08T05:31:11.341+0000] {processor.py:830} INFO - Processing file /opt/airflow/dags/hello_airflow.py for tasks to queue
[2026-03-08T05:31:11.343+0000] {logging_mixin.py:188} INFO - [2026-03-08T05:31:11.343+0000] {dagbag.py:545} INFO - Filling up the DagBag from /opt/airflow/dags/hello_airflow.py
[2026-03-08T05:31:11.357+0000] {processor.py:840} INFO - DAG(s) 'hello_airflow' retrieved from /opt/airflow/dags/hello_airflow.py
[2026-03-08T05:31:11.388+0000] {logging_mixin.py:188} INFO - [2026-03-08T05:31:11.388+0000] {dag.py:3089} INFO - Sync 1 DAGs
[2026-03-08T05:31:11.396+0000] {logging_mixin.py:188} INFO - [2026-03-08T05:31:11.396+0000] {dag.py:3947} INFO - Setting next_dagrun for hello_airflow to None, run_after=None
[2026-03-08T05:31:11.409+0000] {processor.py:183} INFO - Processing /opt/airflow/dags/hello_airflow.py took 0.074 seconds
[2026-03-08T05:31:41.806+0000] {processor.py:161} INFO - Started process (PID=5123) to work on /opt/airflow/dags/hello_airflow.py
[2026-03-08T05:31:41.807+0000] {processor.py:830} INFO - Processing file /opt/airflow/dags/hello_airflow.py for tasks to queue
[2026-03-08T05:31:41.812+0000] {logging_mixin.py:188} INFO - [2026-03-08T05:31:41.811+0000] {dagbag.py:545} INFO - Filling up the DagBag from /opt/airflow/dags/hello_airflow.py
[2026-03-08T05:31:41.823+0000] {processor.py:840} INFO - DAG(s) 'hello_airflow' retrieved from /opt/airflow/dags/hello_airflow.py
[2026-03-08T05:31:41.854+0000] {logging_mixin.py:188} INFO - [2026-03-08T05:31:41.854+0000] {dag.py:3089} INFO - Sync 1 DAGs
[2026-03-08T05:31:41.864+0000] {logging_mixin.py:188} INFO - [2026-03-08T05:31:41.863+0000] {dag.py:3947} INFO - Setting next_dagrun for hello_airflow to None, run_after=None
[2026-03-08T05:31:41.877+0000] {processor.py:183} INFO - Processing /opt/airflow/dags/hello_airflow.py took 0.078 seconds
[2026-03-08T05:32:12.293+0000] {processor.py:161} INFO - Started process (PID=5133) to work on /opt/airflow/dags/hello_airflow.py
[2026-03-08T05:32:12.294+0000] {processor.py:830} INFO - Processing file /opt/airflow/dags/hello_airflow.py for tasks to queue
[2026-03-08T05:32:12.296+0000] {logging_mixin.py:188} INFO - [2026-03-08T05:32:12.296+0000] {dagbag.py:545} INFO - Filling up the DagBag from /opt/airflow/dags/hello_airflow.py
[2026-03-08T05:32:12.309+0000] {processor.py:840} INFO - DAG(s) 'hello_airflow' retrieved from /opt/airflow/dags/hello_airflow.py
[2026-03-08T05:32:12.339+0000] {logging_mixin.py:188} INFO - [2026-03-08T05:32:12.338+0000] {dag.py:3089} INFO - Sync 1 DAGs
[2026-03-08T05:32:12.346+0000] {logging_mixin.py:188} INFO - [2026-03-08T05:32:12.346+0000] {dag.py:3947} INFO - Setting next_dagrun for hello_airflow to None, run_after=None
[2026-03-08T05:32:12.361+0000] {processor.py:183} INFO - Processing /opt/airflow/dags/hello_airflow.py took 0.074 seconds
[2026-03-08T05:32:42.764+0000] {processor.py:161} INFO - Started process (PID=5143) to work on /opt/airflow/dags/hello_airflow.py
[2026-03-08T05:32:42.766+0000] {processor.py:830} INFO - Processing file /opt/airflow/dags/hello_airflow.py for tasks to queue
[2026-03-08T05:32:42.770+0000] {logging_mixin.py:188} INFO - [2026-03-08T05:32:42.770+0000] {dagbag.py:545} INFO - Filling up the DagBag from /opt/airflow/dags/hello_airflow.py
[2026-03-08T05:32:42.785+0000] {processor.py:840} INFO - DAG(s) 'hello_airflow' retrieved from /opt/airflow/dags/hello_airflow.py
[2026-03-08T05:32:42.815+0000] {logging_mixin.py:188} INFO - [2026-03-08T05:32:42.814+0000] {dag.py:3089} INFO - Sync 1 DAGs
[2026-03-08T05:32:42.823+0000] {logging_mixin.py:188} INFO - [2026-03-08T05:32:42.823+0000] {dag.py:3947} INFO - Setting next_dagrun for hello_airflow to None, run_after=None
[2026-03-08T05:32:42.834+0000] {processor.py:183} INFO - Processing /opt/airflow/dags/hello_airflow.py took 0.078 seconds
[2026-03-08T05:33:13.313+0000] {processor.py:161} INFO - Started process (PID=5153) to work on /opt/airflow/dags/hello_airflow.py
[2026-03-08T05:33:13.316+0000] {processor.py:830} INFO - Processing file /opt/airflow/dags/hello_airflow.py for tasks to queue
[2026-03-08T05:33:13.322+0000] {logging_mixin.py:188} INFO - [2026-03-08T05:33:13.321+0000] {dagbag.py:545} INFO - Filling up the DagBag from /opt/airflow/dags/hello_airflow.py
[2026-03-08T05:33:13.333+0000] {processor.py:840} INFO - DAG(s) 'hello_airflow' retrieved from /opt/airflow/dags/hello_airflow.py
[2026-03-08T05:33:13.362+0000] {logging_mixin.py:188} INFO - [2026-03-08T05:33:13.361+0000] {dag.py:3089} INFO - Sync 1 DAGs
[2026-03-08T05:33:13.372+0000] {logging_mixin.py:188} INFO - [2026-03-08T05:33:13.372+0000] {dag.py:3947} INFO - Setting next_dagrun for hello_airflow to None, run_after=None
[2026-03-08T05:33:13.385+0000] {processor.py:183} INFO - Processing /opt/airflow/dags/hello_airflow.py took 0.084 seconds
[2026-03-08T05:33:43.745+0000] {processor.py:161} INFO - Started process (PID=5163) to work on /opt/airflow/dags/hello_airflow.py
[2026-03-08T05:33:43.747+0000] {processor.py:830} INFO - Processing file /opt/airflow/dags/hello_airflow.py for tasks to queue
[2026-03-08T05:33:43.750+0000] {logging_mixin.py:188} INFO - [2026-03-08T05:33:43.750+0000] {dagbag.py:545} INFO - Filling up the DagBag from /opt/airflow/dags/hello_airflow.py
[2026-03-08T05:33:43.766+0000] {processor.py:840} INFO - DAG(s) 'hello_airflow' retrieved from /opt/airflow/dags/hello_airflow.py
[2026-03-08T05:33:43.796+0000] {logging_mixin.py:188} INFO - [2026-03-08T05:33:43.796+0000] {dag.py:3089} INFO - Sync 1 DAGs
[2026-03-08T05:33:43.807+0000] {logging_mixin.py:188} INFO - [2026-03-08T05:33:43.807+0000] {dag.py:3947} INFO - Setting next_dagrun for hello_airflow to None, run_after=None
[2026-03-08T05:33:43.819+0000] {processor.py:183} INFO - Processing /opt/airflow/dags/hello_airflow.py took 0.083 seconds
[2026-03-08T05:34:14.128+0000] {processor.py:161} INFO - Started process (PID=5173) to work on /opt/airflow/dags/hello_airflow.py
[2026-03-08T05:34:14.129+0000] {processor.py:830} INFO - Processing file /opt/airflow/dags/hello_airflow.py for tasks to queue
[2026-03-08T05:34:14.133+0000] {logging_mixin.py:188} INFO - [2026-03-08T05:34:14.133+0000] {dagbag.py:545} INFO - Filling up the DagBag from /opt/airflow/dags/hello_airflow.py
[2026-03-08T05:34:14.145+0000] {processor.py:840} INFO - DAG(s) 'hello_airflow' retrieved from /opt/airflow/dags/hello_airflow.py
[2026-03-08T05:34:14.177+0000] {logging_mixin.py:188} INFO - [2026-03-08T05:34:14.177+0000] {dag.py:3089} INFO - Sync 1 DAGs
[2026-03-08T05:34:14.189+0000] {logging_mixin.py:188} INFO - [2026-03-08T05:34:14.189+0000] {dag.py:3947} INFO - Setting next_dagrun for hello_airflow to None, run_after=None
[2026-03-08T05:34:14.206+0000] {processor.py:183} INFO - Processing /opt/airflow/dags/hello_airflow.py took 0.085 seconds
[2026-03-08T05:34:44.617+0000] {processor.py:161} INFO - Started process (PID=5182) to work on /opt/airflow/dags/hello_airflow.py
[2026-03-08T05:34:44.619+0000] {processor.py:830} INFO - Processing file /opt/airflow/dags/hello_airflow.py for tasks to queue
[2026-03-08T05:34:44.626+0000] {logging_mixin.py:188} INFO - [2026-03-08T05:34:44.625+0000] {dagbag.py:545} INFO - Filling up the DagBag from /opt/airflow/dags/hello_airflow.py
[2026-03-08T05:34:44.637+0000] {processor.py:840} INFO - DAG(s) 'hello_airflow' retrieved from /opt/airflow/dags/hello_airflow.py
[2026-03-08T05:34:44.668+0000] {logging_mixin.py:188} INFO - [2026-03-08T05:34:44.668+0000] {dag.py:3089} INFO - Sync 1 DAGs
[2026-03-08T05:34:44.678+0000] {logging_mixin.py:188} INFO - [2026-03-08T05:34:44.678+0000] {dag.py:3947} INFO - Setting next_dagrun for hello_airflow to None, run_after=None
[2026-03-08T05:34:44.692+0000] {processor.py:183} INFO - Processing /opt/airflow/dags/hello_airflow.py took 0.081 seconds
[2026-03-08T05:35:15.184+0000] {processor.py:161} INFO - Started process (PID=5193) to work on /opt/airflow/dags/hello_airflow.py
[2026-03-08T05:35:15.185+0000] {processor.py:830} INFO - Processing file /opt/airflow/dags/hello_airflow.py for tasks to queue
[2026-03-08T05:35:15.189+0000] {logging_mixin.py:188} INFO - [2026-03-08T05:35:15.188+0000] {dagbag.py:545} INFO - Filling up the DagBag from /opt/airflow/dags/hello_airflow.py
[2026-03-08T05:35:15.198+0000] {processor.py:840} INFO - DAG(s) 'hello_airflow' retrieved from /opt/airflow/dags/hello_airflow.py
[2026-03-08T05:35:15.229+0000] {logging_mixin.py:188} INFO - [2026-03-08T05:35:15.228+0000] {dag.py:3089} INFO - Sync 1 DAGs
[2026-03-08T05:35:15.240+0000] {logging_mixin.py:188} INFO - [2026-03-08T05:35:15.239+0000] {dag.py:3947} INFO - Setting next_dagrun for hello_airflow to None, run_after=None
[2026-03-08T05:35:15.254+0000] {processor.py:183} INFO - Processing /opt/airflow/dags/hello_airflow.py took 0.080 seconds
[2026-03-08T05:35:45.705+0000] {processor.py:161} INFO - Started process (PID=5202) to work on /opt/airflow/dags/hello_airflow.py
[2026-03-08T05:35:45.707+0000] {processor.py:830} INFO - Processing file /opt/airflow/dags/hello_airflow.py for tasks to queue
[2026-03-08T05:35:45.709+0000] {logging_mixin.py:188} INFO - [2026-03-08T05:35:45.708+0000] {dagbag.py:545} INFO - Filling up the DagBag from /opt/airflow/dags/hello_airflow.py
[2026-03-08T05:35:45.719+0000] {processor.py:840} INFO - DAG(s) 'hello_airflow' retrieved from /opt/airflow/dags/hello_airflow.py
[2026-03-08T05:35:45.752+0000] {logging_mixin.py:188} INFO - [2026-03-08T05:35:45.751+0000] {dag.py:3089} INFO - Sync 1 DAGs
[2026-03-08T05:35:45.763+0000] {logging_mixin.py:188} INFO - [2026-03-08T05:35:45.763+0000] {dag.py:3947} INFO - Setting next_dagrun for hello_airflow to None, run_after=None
[2026-03-08T05:35:45.777+0000] {processor.py:183} INFO - Processing /opt/airflow/dags/hello_airflow.py took 0.083 seconds
[2026-03-08T05:36:16.236+0000] {processor.py:161} INFO - Started process (PID=5213) to work on /opt/airflow/dags/hello_airflow.py
[2026-03-08T05:36:16.238+0000] {processor.py:830} INFO - Processing file /opt/airflow/dags/hello_airflow.py for tasks to queue
[2026-03-08T05:36:16.243+0000] {logging_mixin.py:188} INFO - [2026-03-08T05:36:16.242+0000] {dagbag.py:545} INFO - Filling up the DagBag from /opt/airflow/dags/hello_airflow.py
[2026-03-08T05:36:16.256+0000] {processor.py:840} INFO - DAG(s) 'hello_airflow' retrieved from /opt/airflow/dags/hello_airflow.py
[2026-03-08T05:36:16.287+0000] {logging_mixin.py:188} INFO - [2026-03-08T05:36:16.287+0000] {dag.py:3089} INFO - Sync 1 DAGs
[2026-03-08T05:36:16.303+0000] {logging_mixin.py:188} INFO - [2026-03-08T05:36:16.303+0000] {dag.py:3947} INFO - Setting next_dagrun for hello_airflow to None, run_after=None
[2026-03-08T05:36:16.315+0000] {processor.py:183} INFO - Processing /opt/airflow/dags/hello_airflow.py took 0.088 seconds
[2026-03-08T05:36:46.647+0000] {processor.py:161} INFO - Started process (PID=5223) to work on /opt/airflow/dags/hello_airflow.py
[2026-03-08T05:36:46.648+0000] {processor.py:830} INFO - Processing file /opt/airflow/dags/hello_airflow.py for tasks to queue
[2026-03-08T05:36:46.651+0000] {logging_mixin.py:188} INFO - [2026-03-08T05:36:46.651+0000] {dagbag.py:545} INFO - Filling up the DagBag from /opt/airflow/dags/hello_airflow.py
[2026-03-08T05:36:46.661+0000] {processor.py:840} INFO - DAG(s) 'hello_airflow' retrieved from /opt/airflow/dags/hello_airflow.py
[2026-03-08T05:36:46.693+0000] {logging_mixin.py:188} INFO - [2026-03-08T05:36:46.693+0000] {dag.py:3089} INFO - Sync 1 DAGs
[2026-03-08T05:36:46.701+0000] {logging_mixin.py:188} INFO - [2026-03-08T05:36:46.701+0000] {dag.py:3947} INFO - Setting next_dagrun for hello_airflow to None, run_after=None
[2026-03-08T05:36:46.713+0000] {processor.py:183} INFO - Processing /opt/airflow/dags/hello_airflow.py took 0.072 seconds
[2026-03-08T05:37:17.069+0000] {processor.py:161} INFO - Started process (PID=5233) to work on /opt/airflow/dags/hello_airflow.py
[2026-03-08T05:37:17.071+0000] {processor.py:830} INFO - Processing file /opt/airflow/dags/hello_airflow.py for tasks to queue
[2026-03-08T05:37:17.075+0000] {logging_mixin.py:188} INFO - [2026-03-08T05:37:17.074+0000] {dagbag.py:545} INFO - Filling up the DagBag from /opt/airflow/dags/hello_airflow.py
[2026-03-08T05:37:17.088+0000] {processor.py:840} INFO - DAG(s) 'hello_airflow' retrieved from /opt/airflow/dags/hello_airflow.py
[2026-03-08T05:37:17.114+0000] {logging_mixin.py:188} INFO - [2026-03-08T05:37:17.114+0000] {dag.py:3089} INFO - Sync 1 DAGs
[2026-03-08T05:37:17.125+0000] {logging_mixin.py:188} INFO - [2026-03-08T05:37:17.125+0000] {dag.py:3947} INFO - Setting next_dagrun for hello_airflow to None, run_after=None
[2026-03-08T05:37:17.139+0000] {processor.py:183} INFO - Processing /opt/airflow/dags/hello_airflow.py took 0.076 seconds
[2026-03-08T05:37:47.597+0000] {processor.py:161} INFO - Started process (PID=5243) to work on /opt/airflow/dags/hello_airflow.py
[2026-03-08T05:37:47.598+0000] {processor.py:830} INFO - Processing file /opt/airflow/dags/hello_airflow.py for tasks to queue
[2026-03-08T05:37:47.601+0000] {logging_mixin.py:188} INFO - [2026-03-08T05:37:47.600+0000] {dagbag.py:545} INFO - Filling up the DagBag from /opt/airflow/dags/hello_airflow.py
[2026-03-08T05:37:47.610+0000] {processor.py:840} INFO - DAG(s) 'hello_airflow' retrieved from /opt/airflow/dags/hello_airflow.py
[2026-03-08T05:37:47.635+0000] {logging_mixin.py:188} INFO - [2026-03-08T05:37:47.635+0000] {dag.py:3089} INFO - Sync 1 DAGs
[2026-03-08T05:37:47.645+0000] {logging_mixin.py:188} INFO - [2026-03-08T05:37:47.645+0000] {dag.py:3947} INFO - Setting next_dagrun for hello_airflow to None, run_after=None
[2026-03-08T05:37:47.656+0000] {processor.py:183} INFO - Processing /opt/airflow/dags/hello_airflow.py took 0.065 seconds
[2026-03-08T05:38:18.138+0000] {processor.py:161} INFO - Started process (PID=5253) to work on /opt/airflow/dags/hello_airflow.py
[2026-03-08T05:38:18.142+0000] {processor.py:830} INFO - Processing file /opt/airflow/dags/hello_airflow.py for tasks to queue
[2026-03-08T05:38:18.143+0000] {logging_mixin.py:188} INFO - [2026-03-08T05:38:18.143+0000] {dagbag.py:545} INFO - Filling up the DagBag from /opt/airflow/dags/hello_airflow.py
[2026-03-08T05:38:18.157+0000] {processor.py:840} INFO - DAG(s) 'hello_airflow' retrieved from /opt/airflow/dags/hello_airflow.py
[2026-03-08T05:38:18.182+0000] {logging_mixin.py:188} INFO - [2026-03-08T05:38:18.182+0000] {dag.py:3089} INFO - Sync 1 DAGs
[2026-03-08T05:38:18.190+0000] {logging_mixin.py:188} INFO - [2026-03-08T05:38:18.190+0000] {dag.py:3947} INFO - Setting next_dagrun for hello_airflow to None, run_after=None
[2026-03-08T05:38:18.203+0000] {processor.py:183} INFO - Processing /opt/airflow/dags/hello_airflow.py took 0.071 seconds
[2026-03-08T05:38:48.604+0000] {processor.py:161} INFO - Started process (PID=5263) to work on /opt/airflow/dags/hello_airflow.py
[2026-03-08T05:38:48.605+0000] {processor.py:830} INFO - Processing file /opt/airflow/dags/hello_airflow.py for tasks to queue
[2026-03-08T05:38:48.608+0000] {logging_mixin.py:188} INFO - [2026-03-08T05:38:48.607+0000] {dagbag.py:545} INFO - Filling up the DagBag from /opt/airflow/dags/hello_airflow.py
[2026-03-08T05:38:48.620+0000] {processor.py:840} INFO - DAG(s) 'hello_airflow' retrieved from /opt/airflow/dags/hello_airflow.py
[2026-03-08T05:38:48.647+0000] {logging_mixin.py:188} INFO - [2026-03-08T05:38:48.647+0000] {dag.py:3089} INFO - Sync 1 DAGs
[2026-03-08T05:38:48.655+0000] {logging_mixin.py:188} INFO - [2026-03-08T05:38:48.655+0000] {dag.py:3947} INFO - Setting next_dagrun for hello_airflow to None, run_after=None
[2026-03-08T05:38:48.669+0000] {processor.py:183} INFO - Processing /opt/airflow/dags/hello_airflow.py took 0.071 seconds
[2026-03-08T05:39:19.143+0000] {processor.py:161} INFO - Started process (PID=5273) to work on /opt/airflow/dags/hello_airflow.py
[2026-03-08T05:39:19.146+0000] {processor.py:830} INFO - Processing file /opt/airflow/dags/hello_airflow.py for tasks to queue
[2026-03-08T05:39:19.148+0000] {logging_mixin.py:188} INFO - [2026-03-08T05:39:19.147+0000] {dagbag.py:545} INFO - Filling up the DagBag from /opt/airflow/dags/hello_airflow.py
[2026-03-08T05:39:19.161+0000] {processor.py:840} INFO - DAG(s) 'hello_airflow' retrieved from /opt/airflow/dags/hello_airflow.py
[2026-03-08T05:39:19.188+0000] {logging_mixin.py:188} INFO - [2026-03-08T05:39:19.188+0000] {dag.py:3089} INFO - Sync 1 DAGs
[2026-03-08T05:39:19.196+0000] {logging_mixin.py:188} INFO - [2026-03-08T05:39:19.196+0000] {dag.py:3947} INFO - Setting next_dagrun for hello_airflow to None, run_after=None
[2026-03-08T05:39:19.209+0000] {processor.py:183} INFO - Processing /opt/airflow/dags/hello_airflow.py took 0.074 seconds
[2026-03-08T05:39:49.588+0000] {processor.py:161} INFO - Started process (PID=5282) to work on /opt/airflow/dags/hello_airflow.py
[2026-03-08T05:39:49.590+0000] {processor.py:830} INFO - Processing file /opt/airflow/dags/hello_airflow.py for tasks to queue
[2026-03-08T05:39:49.592+0000] {logging_mixin.py:188} INFO - [2026-03-08T05:39:49.592+0000] {dagbag.py:545} INFO - Filling up the DagBag from /opt/airflow/dags/hello_airflow.py
[2026-03-08T05:39:49.602+0000] {processor.py:840} INFO - DAG(s) 'hello_airflow' retrieved from /opt/airflow/dags/hello_airflow.py
[2026-03-08T05:39:49.628+0000] {logging_mixin.py:188} INFO - [2026-03-08T05:39:49.628+0000] {dag.py:3089} INFO - Sync 1 DAGs
[2026-03-08T05:39:49.639+0000] {logging_mixin.py:188} INFO - [2026-03-08T05:39:49.638+0000] {dag.py:3947} INFO - Setting next_dagrun for hello_airflow to None, run_after=None
[2026-03-08T05:39:49.652+0000] {processor.py:183} INFO - Processing /opt/airflow/dags/hello_airflow.py took 0.073 seconds
[2026-03-08T05:40:19.955+0000] {processor.py:161} INFO - Started process (PID=5293) to work on /opt/airflow/dags/hello_airflow.py
[2026-03-08T05:40:19.959+0000] {processor.py:830} INFO - Processing file /opt/airflow/dags/hello_airflow.py for tasks to queue
[2026-03-08T05:40:19.961+0000] {logging_mixin.py:188} INFO - [2026-03-08T05:40:19.960+0000] {dagbag.py:545} INFO - Filling up the DagBag from /opt/airflow/dags/hello_airflow.py
[2026-03-08T05:40:19.967+0000] {processor.py:840} INFO - DAG(s) 'hello_airflow' retrieved from /opt/airflow/dags/hello_airflow.py
[2026-03-08T05:40:20.001+0000] {logging_mixin.py:188} INFO - [2026-03-08T05:40:20.001+0000] {dag.py:3089} INFO - Sync 1 DAGs
[2026-03-08T05:40:20.009+0000] {logging_mixin.py:188} INFO - [2026-03-08T05:40:20.009+0000] {dag.py:3947} INFO - Setting next_dagrun for hello_airflow to None, run_after=None
[2026-03-08T05:40:20.022+0000] {processor.py:183} INFO - Processing /opt/airflow/dags/hello_airflow.py took 0.073 seconds
[2026-03-08T05:40:50.410+0000] {processor.py:161} INFO - Started process (PID=5303) to work on /opt/airflow/dags/hello_airflow.py
[2026-03-08T05:40:50.412+0000] {processor.py:830} INFO - Processing file /opt/airflow/dags/hello_airflow.py for tasks to queue
[2026-03-08T05:40:50.415+0000] {logging_mixin.py:188} INFO - [2026-03-08T05:40:50.415+0000] {dagbag.py:545} INFO - Filling up the DagBag from /opt/airflow/dags/hello_airflow.py
[2026-03-08T05:40:50.431+0000] {processor.py:840} INFO - DAG(s) 'hello_airflow' retrieved from /opt/airflow/dags/hello_airflow.py
[2026-03-08T05:40:50.461+0000] {logging_mixin.py:188} INFO - [2026-03-08T05:40:50.461+0000] {dag.py:3089} INFO - Sync 1 DAGs
[2026-03-08T05:40:50.471+0000] {logging_mixin.py:188} INFO - [2026-03-08T05:40:50.471+0000] {dag.py:3947} INFO - Setting next_dagrun for hello_airflow to None, run_after=None
[2026-03-08T05:40:50.485+0000] {processor.py:183} INFO - Processing /opt/airflow/dags/hello_airflow.py took 0.085 seconds
[2026-03-08T05:41:20.866+0000] {processor.py:161} INFO - Started process (PID=5313) to work on /opt/airflow/dags/hello_airflow.py
[2026-03-08T05:41:20.868+0000] {processor.py:830} INFO - Processing file /opt/airflow/dags/hello_airflow.py for tasks to queue
[2026-03-08T05:41:20.873+0000] {logging_mixin.py:188} INFO - [2026-03-08T05:41:20.872+0000] {dagbag.py:545} INFO - Filling up the DagBag from /opt/airflow/dags/hello_airflow.py
[2026-03-08T05:41:20.882+0000] {processor.py:840} INFO - DAG(s) 'hello_airflow' retrieved from /opt/airflow/dags/hello_airflow.py
[2026-03-08T05:41:20.913+0000] {logging_mixin.py:188} INFO - [2026-03-08T05:41:20.913+0000] {dag.py:3089} INFO - Sync 1 DAGs
[2026-03-08T05:41:20.924+0000] {logging_mixin.py:188} INFO - [2026-03-08T05:41:20.924+0000] {dag.py:3947} INFO - Setting next_dagrun for hello_airflow to None, run_after=None
[2026-03-08T05:41:20.938+0000] {processor.py:183} INFO - Processing /opt/airflow/dags/hello_airflow.py took 0.078 seconds
[2026-03-08T05:41:51.401+0000] {processor.py:161} INFO - Started process (PID=5323) to work on /opt/airflow/dags/hello_airflow.py
[2026-03-08T05:41:51.403+0000] {processor.py:830} INFO - Processing file /opt/airflow/dags/hello_airflow.py for tasks to queue
[2026-03-08T05:41:51.405+0000] {logging_mixin.py:188} INFO - [2026-03-08T05:41:51.405+0000] {dagbag.py:545} INFO - Filling up the DagBag from /opt/airflow/dags/hello_airflow.py
[2026-03-08T05:41:51.415+0000] {processor.py:840} INFO - DAG(s) 'hello_airflow' retrieved from /opt/airflow/dags/hello_airflow.py
[2026-03-08T05:41:51.442+0000] {logging_mixin.py:188} INFO - [2026-03-08T05:41:51.442+0000] {dag.py:3089} INFO - Sync 1 DAGs
[2026-03-08T05:41:51.449+0000] {logging_mixin.py:188} INFO - [2026-03-08T05:41:51.449+0000] {dag.py:3947} INFO - Setting next_dagrun for hello_airflow to None, run_after=None
[2026-03-08T05:41:51.463+0000] {processor.py:183} INFO - Processing /opt/airflow/dags/hello_airflow.py took 0.068 seconds
[2026-03-08T05:42:21.887+0000] {processor.py:161} INFO - Started process (PID=5333) to work on /opt/airflow/dags/hello_airflow.py
[2026-03-08T05:42:21.889+0000] {processor.py:830} INFO - Processing file /opt/airflow/dags/hello_airflow.py for tasks to queue
[2026-03-08T05:42:21.892+0000] {logging_mixin.py:188} INFO - [2026-03-08T05:42:21.892+0000] {dagbag.py:545} INFO - Filling up the DagBag from /opt/airflow/dags/hello_airflow.py
[2026-03-08T05:42:21.902+0000] {processor.py:840} INFO - DAG(s) 'hello_airflow' retrieved from /opt/airflow/dags/hello_airflow.py
[2026-03-08T05:42:21.929+0000] {logging_mixin.py:188} INFO - [2026-03-08T05:42:21.929+0000] {dag.py:3089} INFO - Sync 1 DAGs
[2026-03-08T05:42:21.939+0000] {logging_mixin.py:188} INFO - [2026-03-08T05:42:21.939+0000] {dag.py:3947} INFO - Setting next_dagrun for hello_airflow to None, run_after=None
[2026-03-08T05:42:21.952+0000] {processor.py:183} INFO - Processing /opt/airflow/dags/hello_airflow.py took 0.072 seconds
[2026-03-08T05:42:52.409+0000] {processor.py:161} INFO - Started process (PID=5343) to work on /opt/airflow/dags/hello_airflow.py
[2026-03-08T05:42:52.411+0000] {processor.py:830} INFO - Processing file /opt/airflow/dags/hello_airflow.py for tasks to queue
[2026-03-08T05:42:52.413+0000] {logging_mixin.py:188} INFO - [2026-03-08T05:42:52.413+0000] {dagbag.py:545} INFO - Filling up the DagBag from /opt/airflow/dags/hello_airflow.py
[2026-03-08T05:42:52.424+0000] {processor.py:840} INFO - DAG(s) 'hello_airflow' retrieved from /opt/airflow/dags/hello_airflow.py
[2026-03-08T05:42:52.448+0000] {logging_mixin.py:188} INFO - [2026-03-08T05:42:52.448+0000] {dag.py:3089} INFO - Sync 1 DAGs
[2026-03-08T05:42:52.458+0000] {logging_mixin.py:188} INFO - [2026-03-08T05:42:52.458+0000] {dag.py:3947} INFO - Setting next_dagrun for hello_airflow to None, run_after=None
[2026-03-08T05:42:52.470+0000] {processor.py:183} INFO - Processing /opt/airflow/dags/hello_airflow.py took 0.071 seconds
[2026-03-08T05:43:22.833+0000] {processor.py:161} INFO - Started process (PID=5353) to work on /opt/airflow/dags/hello_airflow.py
[2026-03-08T05:43:22.834+0000] {processor.py:830} INFO - Processing file /opt/airflow/dags/hello_airflow.py for tasks to queue
[2026-03-08T05:43:22.839+0000] {logging_mixin.py:188} INFO - [2026-03-08T05:43:22.838+0000] {dagbag.py:545} INFO - Filling up the DagBag from /opt/airflow/dags/hello_airflow.py
[2026-03-08T05:43:22.860+0000] {processor.py:840} INFO - DAG(s) 'hello_airflow' retrieved from /opt/airflow/dags/hello_airflow.py
[2026-03-08T05:43:22.895+0000] {logging_mixin.py:188} INFO - [2026-03-08T05:43:22.895+0000] {dag.py:3089} INFO - Sync 1 DAGs
[2026-03-08T05:43:22.904+0000] {logging_mixin.py:188} INFO - [2026-03-08T05:43:22.904+0000] {dag.py:3947} INFO - Setting next_dagrun for hello_airflow to None, run_after=None
[2026-03-08T05:43:22.919+0000] {processor.py:183} INFO - Processing /opt/airflow/dags/hello_airflow.py took 0.096 seconds
[2026-03-08T05:43:53.423+0000] {processor.py:161} INFO - Started process (PID=5363) to work on /opt/airflow/dags/hello_airflow.py
[2026-03-08T05:43:53.426+0000] {processor.py:830} INFO - Processing file /opt/airflow/dags/hello_airflow.py for tasks to queue
[2026-03-08T05:43:53.430+0000] {logging_mixin.py:188} INFO - [2026-03-08T05:43:53.429+0000] {dagbag.py:545} INFO - Filling up the DagBag from /opt/airflow/dags/hello_airflow.py
[2026-03-08T05:43:53.442+0000] {processor.py:840} INFO - DAG(s) 'hello_airflow' retrieved from /opt/airflow/dags/hello_airflow.py
[2026-03-08T05:43:53.467+0000] {logging_mixin.py:188} INFO - [2026-03-08T05:43:53.467+0000] {dag.py:3089} INFO - Sync 1 DAGs
[2026-03-08T05:43:53.476+0000] {logging_mixin.py:188} INFO - [2026-03-08T05:43:53.476+0000] {dag.py:3947} INFO - Setting next_dagrun for hello_airflow to None, run_after=None
[2026-03-08T05:43:53.491+0000] {processor.py:183} INFO - Processing /opt/airflow/dags/hello_airflow.py took 0.096 seconds
[2026-03-08T05:44:23.904+0000] {processor.py:161} INFO - Started process (PID=5372) to work on /opt/airflow/dags/hello_airflow.py
[2026-03-08T05:44:23.906+0000] {processor.py:830} INFO - Processing file /opt/airflow/dags/hello_airflow.py for tasks to queue
[2026-03-08T05:44:23.908+0000] {logging_mixin.py:188} INFO - [2026-03-08T05:44:23.907+0000] {dagbag.py:545} INFO - Filling up the DagBag from /opt/airflow/dags/hello_airflow.py
[2026-03-08T05:44:23.924+0000] {processor.py:840} INFO - DAG(s) 'hello_airflow' retrieved from /opt/airflow/dags/hello_airflow.py
[2026-03-08T05:44:23.957+0000] {logging_mixin.py:188} INFO - [2026-03-08T05:44:23.957+0000] {dag.py:3089} INFO - Sync 1 DAGs
[2026-03-08T05:44:23.970+0000] {logging_mixin.py:188} INFO - [2026-03-08T05:44:23.969+0000] {dag.py:3947} INFO - Setting next_dagrun for hello_airflow to None, run_after=None
[2026-03-08T05:44:23.990+0000] {processor.py:183} INFO - Processing /opt/airflow/dags/hello_airflow.py took 0.096 seconds
[2026-03-08T05:44:54.345+0000] {processor.py:161} INFO - Started process (PID=5383) to work on /opt/airflow/dags/hello_airflow.py
[2026-03-08T05:44:54.346+0000] {processor.py:830} INFO - Processing file /opt/airflow/dags/hello_airflow.py for tasks to queue
[2026-03-08T05:44:54.347+0000] {logging_mixin.py:188} INFO - [2026-03-08T05:44:54.347+0000] {dagbag.py:545} INFO - Filling up the DagBag from /opt/airflow/dags/hello_airflow.py
[2026-03-08T05:44:54.358+0000] {processor.py:840} INFO - DAG(s) 'hello_airflow' retrieved from /opt/airflow/dags/hello_airflow.py
[2026-03-08T05:44:54.391+0000] {logging_mixin.py:188} INFO - [2026-03-08T05:44:54.391+0000] {dag.py:3089} INFO - Sync 1 DAGs
[2026-03-08T05:44:54.408+0000] {logging_mixin.py:188} INFO - [2026-03-08T05:44:54.408+0000] {dag.py:3947} INFO - Setting next_dagrun for hello_airflow to None, run_after=None
[2026-03-08T05:44:54.425+0000] {processor.py:183} INFO - Processing /opt/airflow/dags/hello_airflow.py took 0.089 seconds
[2026-03-08T05:45:24.928+0000] {processor.py:161} INFO - Started process (PID=5392) to work on /opt/airflow/dags/hello_airflow.py
[2026-03-08T05:45:24.930+0000] {processor.py:830} INFO - Processing file /opt/airflow/dags/hello_airflow.py for tasks to queue
[2026-03-08T05:45:24.934+0000] {logging_mixin.py:188} INFO - [2026-03-08T05:45:24.933+0000] {dagbag.py:545} INFO - Filling up the DagBag from /opt/airflow/dags/hello_airflow.py
[2026-03-08T05:45:24.956+0000] {processor.py:840} INFO - DAG(s) 'hello_airflow' retrieved from /opt/airflow/dags/hello_airflow.py
[2026-03-08T05:45:24.995+0000] {logging_mixin.py:188} INFO - [2026-03-08T05:45:24.995+0000] {dag.py:3089} INFO - Sync 1 DAGs
[2026-03-08T05:45:25.012+0000] {logging_mixin.py:188} INFO - [2026-03-08T05:45:25.012+0000] {dag.py:3947} INFO - Setting next_dagrun for hello_airflow to None, run_after=None
[2026-03-08T05:45:25.032+0000] {processor.py:183} INFO - Processing /opt/airflow/dags/hello_airflow.py took 0.114 seconds
[2026-03-08T05:45:55.277+0000] {processor.py:161} INFO - Started process (PID=5403) to work on /opt/airflow/dags/hello_airflow.py
[2026-03-08T05:45:55.279+0000] {processor.py:830} INFO - Processing file /opt/airflow/dags/hello_airflow.py for tasks to queue
[2026-03-08T05:45:55.281+0000] {logging_mixin.py:188} INFO - [2026-03-08T05:45:55.281+0000] {dagbag.py:545} INFO - Filling up the DagBag from /opt/airflow/dags/hello_airflow.py
[2026-03-08T05:45:55.293+0000] {processor.py:840} INFO - DAG(s) 'hello_airflow' retrieved from /opt/airflow/dags/hello_airflow.py
[2026-03-08T05:45:55.321+0000] {logging_mixin.py:188} INFO - [2026-03-08T05:45:55.321+0000] {dag.py:3089} INFO - Sync 1 DAGs
[2026-03-08T05:45:55.328+0000] {logging_mixin.py:188} INFO - [2026-03-08T05:45:55.328+0000] {dag.py:3947} INFO - Setting next_dagrun for hello_airflow to None, run_after=None
[2026-03-08T05:45:55.354+0000] {processor.py:183} INFO - Processing /opt/airflow/dags/hello_airflow.py took 0.086 seconds
[2026-03-08T05:46:25.831+0000] {processor.py:161} INFO - Started process (PID=5413) to work on /opt/airflow/dags/hello_airflow.py
[2026-03-08T05:46:25.833+0000] {processor.py:830} INFO - Processing file /opt/airflow/dags/hello_airflow.py for tasks to queue
[2026-03-08T05:46:25.834+0000] {logging_mixin.py:188} INFO - [2026-03-08T05:46:25.834+0000] {dagbag.py:545} INFO - Filling up the DagBag from /opt/airflow/dags/hello_airflow.py
[2026-03-08T05:46:25.843+0000] {processor.py:840} INFO - DAG(s) 'hello_airflow' retrieved from /opt/airflow/dags/hello_airflow.py
[2026-03-08T05:46:25.872+0000] {logging_mixin.py:188} INFO - [2026-03-08T05:46:25.872+0000] {dag.py:3089} INFO - Sync 1 DAGs
[2026-03-08T05:46:25.881+0000] {logging_mixin.py:188} INFO - [2026-03-08T05:46:25.881+0000] {dag.py:3947} INFO - Setting next_dagrun for hello_airflow to None, run_after=None
[2026-03-08T05:46:25.895+0000] {processor.py:183} INFO - Processing /opt/airflow/dags/hello_airflow.py took 0.072 seconds
[2026-03-08T05:46:56.342+0000] {processor.py:161} INFO - Started process (PID=5423) to work on /opt/airflow/dags/hello_airflow.py
[2026-03-08T05:46:56.345+0000] {processor.py:830} INFO - Processing file /opt/airflow/dags/hello_airflow.py for tasks to queue
[2026-03-08T05:46:56.349+0000] {logging_mixin.py:188} INFO - [2026-03-08T05:46:56.348+0000] {dagbag.py:545} INFO - Filling up the DagBag from /opt/airflow/dags/hello_airflow.py
[2026-03-08T05:46:56.356+0000] {processor.py:840} INFO - DAG(s) 'hello_airflow' retrieved from /opt/airflow/dags/hello_airflow.py
[2026-03-08T05:46:56.379+0000] {logging_mixin.py:188} INFO - [2026-03-08T05:46:56.379+0000] {dag.py:3089} INFO - Sync 1 DAGs
[2026-03-08T05:46:56.387+0000] {logging_mixin.py:188} INFO - [2026-03-08T05:46:56.387+0000] {dag.py:3947} INFO - Setting next_dagrun for hello_airflow to None, run_after=None
[2026-03-08T05:46:56.398+0000] {processor.py:183} INFO - Processing /opt/airflow/dags/hello_airflow.py took 0.062 seconds
[2026-03-08T05:47:26.843+0000] {processor.py:161} INFO - Started process (PID=5433) to work on /opt/airflow/dags/hello_airflow.py
[2026-03-08T05:47:26.844+0000] {processor.py:830} INFO - Processing file /opt/airflow/dags/hello_airflow.py for tasks to queue
[2026-03-08T05:47:26.850+0000] {logging_mixin.py:188} INFO - [2026-03-08T05:47:26.850+0000] {dagbag.py:545} INFO - Filling up the DagBag from /opt/airflow/dags/hello_airflow.py
[2026-03-08T05:47:26.869+0000] {processor.py:840} INFO - DAG(s) 'hello_airflow' retrieved from /opt/airflow/dags/hello_airflow.py
[2026-03-08T05:47:26.895+0000] {logging_mixin.py:188} INFO - [2026-03-08T05:47:26.895+0000] {dag.py:3089} INFO - Sync 1 DAGs
[2026-03-08T05:47:26.903+0000] {logging_mixin.py:188} INFO - [2026-03-08T05:47:26.903+0000] {dag.py:3947} INFO - Setting next_dagrun for hello_airflow to None, run_after=None
[2026-03-08T05:47:26.916+0000] {processor.py:183} INFO - Processing /opt/airflow/dags/hello_airflow.py took 0.079 seconds
[2026-03-08T05:47:57.343+0000] {processor.py:161} INFO - Started process (PID=5443) to work on /opt/airflow/dags/hello_airflow.py
[2026-03-08T05:47:57.346+0000] {processor.py:830} INFO - Processing file /opt/airflow/dags/hello_airflow.py for tasks to queue
[2026-03-08T05:47:57.348+0000] {logging_mixin.py:188} INFO - [2026-03-08T05:47:57.347+0000] {dagbag.py:545} INFO - Filling up the DagBag from /opt/airflow/dags/hello_airflow.py
[2026-03-08T05:47:57.361+0000] {processor.py:840} INFO - DAG(s) 'hello_airflow' retrieved from /opt/airflow/dags/hello_airflow.py
[2026-03-08T05:47:57.398+0000] {logging_mixin.py:188} INFO - [2026-03-08T05:47:57.397+0000] {dag.py:3089} INFO - Sync 1 DAGs
[2026-03-08T05:47:57.422+0000] {logging_mixin.py:188} INFO - [2026-03-08T05:47:57.421+0000] {dag.py:3947} INFO - Setting next_dagrun for hello_airflow to None, run_after=None
[2026-03-08T05:47:57.442+0000] {processor.py:183} INFO - Processing /opt/airflow/dags/hello_airflow.py took 0.107 seconds
[2026-03-08T06:03:50.848+0000] {processor.py:161} INFO - Started process (PID=5453) to work on /opt/airflow/dags/hello_airflow.py
[2026-03-08T06:03:50.851+0000] {processor.py:830} INFO - Processing file /opt/airflow/dags/hello_airflow.py for tasks to queue
[2026-03-08T06:03:50.853+0000] {logging_mixin.py:188} INFO - [2026-03-08T06:03:50.853+0000] {dagbag.py:545} INFO - Filling up the DagBag from /opt/airflow/dags/hello_airflow.py
[2026-03-08T06:03:50.867+0000] {processor.py:840} INFO - DAG(s) 'hello_airflow' retrieved from /opt/airflow/dags/hello_airflow.py
[2026-03-08T06:03:50.893+0000] {logging_mixin.py:188} INFO - [2026-03-08T06:03:50.893+0000] {dag.py:3089} INFO - Sync 1 DAGs
[2026-03-08T06:03:50.904+0000] {logging_mixin.py:188} INFO - [2026-03-08T06:03:50.904+0000] {dag.py:3947} INFO - Setting next_dagrun for hello_airflow to None, run_after=None
[2026-03-08T06:03:50.921+0000] {processor.py:183} INFO - Processing /opt/airflow/dags/hello_airflow.py took 0.082 seconds
[2026-03-08T06:04:21.282+0000] {processor.py:161} INFO - Started process (PID=5463) to work on /opt/airflow/dags/hello_airflow.py
[2026-03-08T06:04:21.284+0000] {processor.py:830} INFO - Processing file /opt/airflow/dags/hello_airflow.py for tasks to queue
[2026-03-08T06:04:21.286+0000] {logging_mixin.py:188} INFO - [2026-03-08T06:04:21.286+0000] {dagbag.py:545} INFO - Filling up the DagBag from /opt/airflow/dags/hello_airflow.py
[2026-03-08T06:04:21.297+0000] {processor.py:840} INFO - DAG(s) 'hello_airflow' retrieved from /opt/airflow/dags/hello_airflow.py
[2026-03-08T06:04:21.332+0000] {logging_mixin.py:188} INFO - [2026-03-08T06:04:21.332+0000] {dag.py:3089} INFO - Sync 1 DAGs
[2026-03-08T06:04:21.344+0000] {logging_mixin.py:188} INFO - [2026-03-08T06:04:21.344+0000] {dag.py:3947} INFO - Setting next_dagrun for hello_airflow to None, run_after=None
[2026-03-08T06:04:21.358+0000] {processor.py:183} INFO - Processing /opt/airflow/dags/hello_airflow.py took 0.086 seconds
[2026-03-08T06:04:51.847+0000] {processor.py:161} INFO - Started process (PID=5473) to work on /opt/airflow/dags/hello_airflow.py
[2026-03-08T06:04:51.849+0000] {processor.py:830} INFO - Processing file /opt/airflow/dags/hello_airflow.py for tasks to queue
[2026-03-08T06:04:51.852+0000] {logging_mixin.py:188} INFO - [2026-03-08T06:04:51.851+0000] {dagbag.py:545} INFO - Filling up the DagBag from /opt/airflow/dags/hello_airflow.py
[2026-03-08T06:04:51.864+0000] {processor.py:840} INFO - DAG(s) 'hello_airflow' retrieved from /opt/airflow/dags/hello_airflow.py
[2026-03-08T06:04:51.892+0000] {logging_mixin.py:188} INFO - [2026-03-08T06:04:51.892+0000] {dag.py:3089} INFO - Sync 1 DAGs
[2026-03-08T06:04:51.899+0000] {logging_mixin.py:188} INFO - [2026-03-08T06:04:51.898+0000] {dag.py:3947} INFO - Setting next_dagrun for hello_airflow to None, run_after=None
[2026-03-08T06:04:51.911+0000] {processor.py:183} INFO - Processing /opt/airflow/dags/hello_airflow.py took 0.074 seconds
[2026-03-08T06:05:22.370+0000] {processor.py:161} INFO - Started process (PID=5482) to work on /opt/airflow/dags/hello_airflow.py
[2026-03-08T06:05:22.371+0000] {processor.py:830} INFO - Processing file /opt/airflow/dags/hello_airflow.py for tasks to queue
[2026-03-08T06:05:22.374+0000] {logging_mixin.py:188} INFO - [2026-03-08T06:05:22.373+0000] {dagbag.py:545} INFO - Filling up the DagBag from /opt/airflow/dags/hello_airflow.py
[2026-03-08T06:05:22.390+0000] {processor.py:840} INFO - DAG(s) 'hello_airflow' retrieved from /opt/airflow/dags/hello_airflow.py
[2026-03-08T06:05:22.420+0000] {logging_mixin.py:188} INFO - [2026-03-08T06:05:22.420+0000] {dag.py:3089} INFO - Sync 1 DAGs
[2026-03-08T06:05:22.428+0000] {logging_mixin.py:188} INFO - [2026-03-08T06:05:22.427+0000] {dag.py:3947} INFO - Setting next_dagrun for hello_airflow to None, run_after=None
[2026-03-08T06:05:22.440+0000] {processor.py:183} INFO - Processing /opt/airflow/dags/hello_airflow.py took 0.079 seconds
[2026-03-08T06:05:52.904+0000] {processor.py:161} INFO - Started process (PID=5493) to work on /opt/airflow/dags/hello_airflow.py
[2026-03-08T06:05:52.906+0000] {processor.py:830} INFO - Processing file /opt/airflow/dags/hello_airflow.py for tasks to queue
[2026-03-08T06:05:52.907+0000] {logging_mixin.py:188} INFO - [2026-03-08T06:05:52.907+0000] {dagbag.py:545} INFO - Filling up the DagBag from /opt/airflow/dags/hello_airflow.py
[2026-03-08T06:05:52.917+0000] {processor.py:840} INFO - DAG(s) 'hello_airflow' retrieved from /opt/airflow/dags/hello_airflow.py
[2026-03-08T06:05:52.947+0000] {logging_mixin.py:188} INFO - [2026-03-08T06:05:52.947+0000] {dag.py:3089} INFO - Sync 1 DAGs
[2026-03-08T06:05:52.957+0000] {logging_mixin.py:188} INFO - [2026-03-08T06:05:52.957+0000] {dag.py:3947} INFO - Setting next_dagrun for hello_airflow to None, run_after=None
[2026-03-08T06:05:52.970+0000] {processor.py:183} INFO - Processing /opt/airflow/dags/hello_airflow.py took 0.074 seconds
[2026-03-08T06:06:23.387+0000] {processor.py:161} INFO - Started process (PID=5503) to work on /opt/airflow/dags/hello_airflow.py
[2026-03-08T06:06:23.390+0000] {processor.py:830} INFO - Processing file /opt/airflow/dags/hello_airflow.py for tasks to queue
[2026-03-08T06:06:23.392+0000] {logging_mixin.py:188} INFO - [2026-03-08T06:06:23.392+0000] {dagbag.py:545} INFO - Filling up the DagBag from /opt/airflow/dags/hello_airflow.py
[2026-03-08T06:06:23.407+0000] {processor.py:840} INFO - DAG(s) 'hello_airflow' retrieved from /opt/airflow/dags/hello_airflow.py
[2026-03-08T06:06:23.431+0000] {logging_mixin.py:188} INFO - [2026-03-08T06:06:23.431+0000] {dag.py:3089} INFO - Sync 1 DAGs
[2026-03-08T06:06:23.438+0000] {logging_mixin.py:188} INFO - [2026-03-08T06:06:23.438+0000] {dag.py:3947} INFO - Setting next_dagrun for hello_airflow to None, run_after=None
[2026-03-08T06:06:23.450+0000] {processor.py:183} INFO - Processing /opt/airflow/dags/hello_airflow.py took 0.069 seconds
[2026-03-08T06:23:38.397+0000] {processor.py:161} INFO - Started process (PID=5512) to work on /opt/airflow/dags/hello_airflow.py
[2026-03-08T06:23:38.400+0000] {processor.py:830} INFO - Processing file /opt/airflow/dags/hello_airflow.py for tasks to queue
[2026-03-08T06:23:38.402+0000] {logging_mixin.py:188} INFO - [2026-03-08T06:23:38.402+0000] {dagbag.py:545} INFO - Filling up the DagBag from /opt/airflow/dags/hello_airflow.py
[2026-03-08T06:23:38.428+0000] {processor.py:840} INFO - DAG(s) 'hello_airflow' retrieved from /opt/airflow/dags/hello_airflow.py
[2026-03-08T06:23:38.475+0000] {logging_mixin.py:188} INFO - [2026-03-08T06:23:38.474+0000] {dag.py:3089} INFO - Sync 1 DAGs
[2026-03-08T06:23:38.491+0000] {logging_mixin.py:188} INFO - [2026-03-08T06:23:38.490+0000] {dag.py:3947} INFO - Setting next_dagrun for hello_airflow to None, run_after=None
[2026-03-08T06:23:38.508+0000] {processor.py:183} INFO - Processing /opt/airflow/dags/hello_airflow.py took 0.126 seconds
[2026-03-08T06:24:08.815+0000] {processor.py:161} INFO - Started process (PID=5523) to work on /opt/airflow/dags/hello_airflow.py
[2026-03-08T06:24:08.817+0000] {processor.py:830} INFO - Processing file /opt/airflow/dags/hello_airflow.py for tasks to queue
[2026-03-08T06:24:08.821+0000] {logging_mixin.py:188} INFO - [2026-03-08T06:24:08.821+0000] {dagbag.py:545} INFO - Filling up the DagBag from /opt/airflow/dags/hello_airflow.py
[2026-03-08T06:24:08.829+0000] {processor.py:840} INFO - DAG(s) 'hello_airflow' retrieved from /opt/airflow/dags/hello_airflow.py
[2026-03-08T06:24:08.849+0000] {logging_mixin.py:188} INFO - [2026-03-08T06:24:08.849+0000] {dag.py:3089} INFO - Sync 1 DAGs
[2026-03-08T06:24:08.861+0000] {logging_mixin.py:188} INFO - [2026-03-08T06:24:08.861+0000] {dag.py:3947} INFO - Setting next_dagrun for hello_airflow to None, run_after=None
[2026-03-08T06:24:08.877+0000] {processor.py:183} INFO - Processing /opt/airflow/dags/hello_airflow.py took 0.068 seconds
[2026-03-08T06:41:19.434+0000] {processor.py:161} INFO - Started process (PID=5532) to work on /opt/airflow/dags/hello_airflow.py
[2026-03-08T06:41:19.437+0000] {processor.py:830} INFO - Processing file /opt/airflow/dags/hello_airflow.py for tasks to queue
[2026-03-08T06:41:19.440+0000] {logging_mixin.py:188} INFO - [2026-03-08T06:41:19.439+0000] {dagbag.py:545} INFO - Filling up the DagBag from /opt/airflow/dags/hello_airflow.py
[2026-03-08T06:41:19.459+0000] {processor.py:840} INFO - DAG(s) 'hello_airflow' retrieved from /opt/airflow/dags/hello_airflow.py
[2026-03-08T06:41:19.505+0000] {logging_mixin.py:188} INFO - [2026-03-08T06:41:19.505+0000] {dag.py:3089} INFO - Sync 1 DAGs
[2026-03-08T06:41:19.517+0000] {logging_mixin.py:188} INFO - [2026-03-08T06:41:19.517+0000] {dag.py:3947} INFO - Setting next_dagrun for hello_airflow to None, run_after=None
[2026-03-08T06:41:19.534+0000] {processor.py:183} INFO - Processing /opt/airflow/dags/hello_airflow.py took 0.132 seconds
[2026-03-08T06:41:49.990+0000] {processor.py:161} INFO - Started process (PID=5543) to work on /opt/airflow/dags/hello_airflow.py
[2026-03-08T06:41:49.992+0000] {processor.py:830} INFO - Processing file /opt/airflow/dags/hello_airflow.py for tasks to queue
[2026-03-08T06:41:49.995+0000] {logging_mixin.py:188} INFO - [2026-03-08T06:41:49.995+0000] {dagbag.py:545} INFO - Filling up the DagBag from /opt/airflow/dags/hello_airflow.py
[2026-03-08T06:41:50.011+0000] {processor.py:840} INFO - DAG(s) 'hello_airflow' retrieved from /opt/airflow/dags/hello_airflow.py
[2026-03-08T06:41:50.040+0000] {logging_mixin.py:188} INFO - [2026-03-08T06:41:50.039+0000] {dag.py:3089} INFO - Sync 1 DAGs
[2026-03-08T06:41:50.047+0000] {logging_mixin.py:188} INFO - [2026-03-08T06:41:50.047+0000] {dag.py:3947} INFO - Setting next_dagrun for hello_airflow to None, run_after=None
[2026-03-08T06:41:50.059+0000] {processor.py:183} INFO - Processing /opt/airflow/dags/hello_airflow.py took 0.076 seconds
[2026-03-08T06:48:10.587+0000] {processor.py:161} INFO - Started process (PID=5552) to work on /opt/airflow/dags/hello_airflow.py
[2026-03-08T06:48:10.589+0000] {processor.py:830} INFO - Processing file /opt/airflow/dags/hello_airflow.py for tasks to queue
[2026-03-08T06:48:10.592+0000] {logging_mixin.py:188} INFO - [2026-03-08T06:48:10.592+0000] {dagbag.py:545} INFO - Filling up the DagBag from /opt/airflow/dags/hello_airflow.py
[2026-03-08T06:48:10.607+0000] {processor.py:840} INFO - DAG(s) 'hello_airflow' retrieved from /opt/airflow/dags/hello_airflow.py
[2026-03-08T06:48:10.639+0000] {logging_mixin.py:188} INFO - [2026-03-08T06:48:10.639+0000] {dag.py:3089} INFO - Sync 1 DAGs
[2026-03-08T06:48:10.654+0000] {logging_mixin.py:188} INFO - [2026-03-08T06:48:10.654+0000] {dag.py:3947} INFO - Setting next_dagrun for hello_airflow to None, run_after=None
[2026-03-08T06:48:10.671+0000] {processor.py:183} INFO - Processing /opt/airflow/dags/hello_airflow.py took 0.095 seconds
[2026-03-08T06:48:41.072+0000] {processor.py:161} INFO - Started process (PID=5563) to work on /opt/airflow/dags/hello_airflow.py
[2026-03-08T06:48:41.073+0000] {processor.py:830} INFO - Processing file /opt/airflow/dags/hello_airflow.py for tasks to queue
[2026-03-08T06:48:41.076+0000] {logging_mixin.py:188} INFO - [2026-03-08T06:48:41.075+0000] {dagbag.py:545} INFO - Filling up the DagBag from /opt/airflow/dags/hello_airflow.py
[2026-03-08T06:48:41.092+0000] {processor.py:840} INFO - DAG(s) 'hello_airflow' retrieved from /opt/airflow/dags/hello_airflow.py
[2026-03-08T06:48:41.121+0000] {logging_mixin.py:188} INFO - [2026-03-08T06:48:41.121+0000] {dag.py:3089} INFO - Sync 1 DAGs
[2026-03-08T06:48:41.133+0000] {logging_mixin.py:188} INFO - [2026-03-08T06:48:41.133+0000] {dag.py:3947} INFO - Setting next_dagrun for hello_airflow to None, run_after=None
[2026-03-08T06:48:41.148+0000] {processor.py:183} INFO - Processing /opt/airflow/dags/hello_airflow.py took 0.083 seconds
[2026-03-08T06:49:11.511+0000] {processor.py:161} INFO - Started process (PID=5573) to work on /opt/airflow/dags/hello_airflow.py
[2026-03-08T06:49:11.514+0000] {processor.py:830} INFO - Processing file /opt/airflow/dags/hello_airflow.py for tasks to queue
[2026-03-08T06:49:11.515+0000] {logging_mixin.py:188} INFO - [2026-03-08T06:49:11.515+0000] {dagbag.py:545} INFO - Filling up the DagBag from /opt/airflow/dags/hello_airflow.py
[2026-03-08T06:49:11.523+0000] {processor.py:840} INFO - DAG(s) 'hello_airflow' retrieved from /opt/airflow/dags/hello_airflow.py
[2026-03-08T06:49:11.560+0000] {logging_mixin.py:188} INFO - [2026-03-08T06:49:11.560+0000] {dag.py:3089} INFO - Sync 1 DAGs
[2026-03-08T06:49:11.568+0000] {logging_mixin.py:188} INFO - [2026-03-08T06:49:11.568+0000] {dag.py:3947} INFO - Setting next_dagrun for hello_airflow to None, run_after=None
[2026-03-08T06:49:11.583+0000] {processor.py:183} INFO - Processing /opt/airflow/dags/hello_airflow.py took 0.079 seconds
[2026-03-08T06:49:42.019+0000] {processor.py:161} INFO - Started process (PID=5583) to work on /opt/airflow/dags/hello_airflow.py
[2026-03-08T06:49:42.021+0000] {processor.py:830} INFO - Processing file /opt/airflow/dags/hello_airflow.py for tasks to queue
[2026-03-08T06:49:42.026+0000] {logging_mixin.py:188} INFO - [2026-03-08T06:49:42.025+0000] {dagbag.py:545} INFO - Filling up the DagBag from /opt/airflow/dags/hello_airflow.py
[2026-03-08T06:49:42.039+0000] {processor.py:840} INFO - DAG(s) 'hello_airflow' retrieved from /opt/airflow/dags/hello_airflow.py
[2026-03-08T06:49:42.065+0000] {logging_mixin.py:188} INFO - [2026-03-08T06:49:42.065+0000] {dag.py:3089} INFO - Sync 1 DAGs
[2026-03-08T06:49:42.073+0000] {logging_mixin.py:188} INFO - [2026-03-08T06:49:42.073+0000] {dag.py:3947} INFO - Setting next_dagrun for hello_airflow to None, run_after=None
[2026-03-08T06:49:42.086+0000] {processor.py:183} INFO - Processing /opt/airflow/dags/hello_airflow.py took 0.075 seconds
[2026-03-08T06:50:12.513+0000] {processor.py:161} INFO - Started process (PID=5592) to work on /opt/airflow/dags/hello_airflow.py
[2026-03-08T06:50:12.515+0000] {processor.py:830} INFO - Processing file /opt/airflow/dags/hello_airflow.py for tasks to queue
[2026-03-08T06:50:12.518+0000] {logging_mixin.py:188} INFO - [2026-03-08T06:50:12.518+0000] {dagbag.py:545} INFO - Filling up the DagBag from /opt/airflow/dags/hello_airflow.py
[2026-03-08T06:50:12.534+0000] {processor.py:840} INFO - DAG(s) 'hello_airflow' retrieved from /opt/airflow/dags/hello_airflow.py
[2026-03-08T06:50:12.564+0000] {logging_mixin.py:188} INFO - [2026-03-08T06:50:12.564+0000] {dag.py:3089} INFO - Sync 1 DAGs
[2026-03-08T06:50:12.572+0000] {logging_mixin.py:188} INFO - [2026-03-08T06:50:12.572+0000] {dag.py:3947} INFO - Setting next_dagrun for hello_airflow to None, run_after=None
[2026-03-08T06:50:12.585+0000] {processor.py:183} INFO - Processing /opt/airflow/dags/hello_airflow.py took 0.084 seconds
[2026-03-08T06:50:43.050+0000] {processor.py:161} INFO - Started process (PID=5603) to work on /opt/airflow/dags/hello_airflow.py
[2026-03-08T06:50:43.053+0000] {processor.py:830} INFO - Processing file /opt/airflow/dags/hello_airflow.py for tasks to queue
[2026-03-08T06:50:43.056+0000] {logging_mixin.py:188} INFO - [2026-03-08T06:50:43.055+0000] {dagbag.py:545} INFO - Filling up the DagBag from /opt/airflow/dags/hello_airflow.py
[2026-03-08T06:50:43.067+0000] {processor.py:840} INFO - DAG(s) 'hello_airflow' retrieved from /opt/airflow/dags/hello_airflow.py
[2026-03-08T06:50:43.097+0000] {logging_mixin.py:188} INFO - [2026-03-08T06:50:43.097+0000] {dag.py:3089} INFO - Sync 1 DAGs
[2026-03-08T06:50:43.105+0000] {logging_mixin.py:188} INFO - [2026-03-08T06:50:43.105+0000] {dag.py:3947} INFO - Setting next_dagrun for hello_airflow to None, run_after=None
[2026-03-08T06:50:43.116+0000] {processor.py:183} INFO - Processing /opt/airflow/dags/hello_airflow.py took 0.072 seconds
[2026-03-08T06:51:13.475+0000] {processor.py:161} INFO - Started process (PID=5613) to work on /opt/airflow/dags/hello_airflow.py
[2026-03-08T06:51:13.476+0000] {processor.py:830} INFO - Processing file /opt/airflow/dags/hello_airflow.py for tasks to queue
[2026-03-08T06:51:13.479+0000] {logging_mixin.py:188} INFO - [2026-03-08T06:51:13.479+0000] {dagbag.py:545} INFO - Filling up the DagBag from /opt/airflow/dags/hello_airflow.py
[2026-03-08T06:51:13.487+0000] {processor.py:840} INFO - DAG(s) 'hello_airflow' retrieved from /opt/airflow/dags/hello_airflow.py
[2026-03-08T06:51:13.514+0000] {logging_mixin.py:188} INFO - [2026-03-08T06:51:13.514+0000] {dag.py:3089} INFO - Sync 1 DAGs
[2026-03-08T06:51:13.523+0000] {logging_mixin.py:188} INFO - [2026-03-08T06:51:13.523+0000] {dag.py:3947} INFO - Setting next_dagrun for hello_airflow to None, run_after=None
[2026-03-08T06:51:13.538+0000] {processor.py:183} INFO - Processing /opt/airflow/dags/hello_airflow.py took 0.070 seconds
[2026-03-08T06:51:43.916+0000] {processor.py:161} INFO - Started process (PID=5623) to work on /opt/airflow/dags/hello_airflow.py
[2026-03-08T06:51:43.917+0000] {processor.py:830} INFO - Processing file /opt/airflow/dags/hello_airflow.py for tasks to queue
[2026-03-08T06:51:43.920+0000] {logging_mixin.py:188} INFO - [2026-03-08T06:51:43.920+0000] {dagbag.py:545} INFO - Filling up the DagBag from /opt/airflow/dags/hello_airflow.py
[2026-03-08T06:51:43.932+0000] {processor.py:840} INFO - DAG(s) 'hello_airflow' retrieved from /opt/airflow/dags/hello_airflow.py
[2026-03-08T06:51:43.960+0000] {logging_mixin.py:188} INFO - [2026-03-08T06:51:43.960+0000] {dag.py:3089} INFO - Sync 1 DAGs
[2026-03-08T06:51:43.967+0000] {logging_mixin.py:188} INFO - [2026-03-08T06:51:43.967+0000] {dag.py:3947} INFO - Setting next_dagrun for hello_airflow to None, run_after=None
[2026-03-08T06:51:43.981+0000] {processor.py:183} INFO - Processing /opt/airflow/dags/hello_airflow.py took 0.073 seconds
[2026-03-08T06:52:14.393+0000] {processor.py:161} INFO - Started process (PID=5633) to work on /opt/airflow/dags/hello_airflow.py
[2026-03-08T06:52:14.395+0000] {processor.py:830} INFO - Processing file /opt/airflow/dags/hello_airflow.py for tasks to queue
[2026-03-08T06:52:14.399+0000] {logging_mixin.py:188} INFO - [2026-03-08T06:52:14.398+0000] {dagbag.py:545} INFO - Filling up the DagBag from /opt/airflow/dags/hello_airflow.py
[2026-03-08T06:52:14.410+0000] {processor.py:840} INFO - DAG(s) 'hello_airflow' retrieved from /opt/airflow/dags/hello_airflow.py
[2026-03-08T06:52:14.438+0000] {logging_mixin.py:188} INFO - [2026-03-08T06:52:14.437+0000] {dag.py:3089} INFO - Sync 1 DAGs
[2026-03-08T06:52:14.446+0000] {logging_mixin.py:188} INFO - [2026-03-08T06:52:14.446+0000] {dag.py:3947} INFO - Setting next_dagrun for hello_airflow to None, run_after=None
[2026-03-08T06:52:14.460+0000] {processor.py:183} INFO - Processing /opt/airflow/dags/hello_airflow.py took 0.074 seconds
[2026-03-08T07:07:54.662+0000] {processor.py:161} INFO - Started process (PID=5643) to work on /opt/airflow/dags/hello_airflow.py
[2026-03-08T07:07:54.665+0000] {processor.py:830} INFO - Processing file /opt/airflow/dags/hello_airflow.py for tasks to queue
[2026-03-08T07:07:54.667+0000] {logging_mixin.py:188} INFO - [2026-03-08T07:07:54.667+0000] {dagbag.py:545} INFO - Filling up the DagBag from /opt/airflow/dags/hello_airflow.py
[2026-03-08T07:07:54.681+0000] {processor.py:840} INFO - DAG(s) 'hello_airflow' retrieved from /opt/airflow/dags/hello_airflow.py
[2026-03-08T07:07:54.710+0000] {logging_mixin.py:188} INFO - [2026-03-08T07:07:54.709+0000] {dag.py:3089} INFO - Sync 1 DAGs
[2026-03-08T07:07:54.720+0000] {logging_mixin.py:188} INFO - [2026-03-08T07:07:54.720+0000] {dag.py:3947} INFO - Setting next_dagrun for hello_airflow to None, run_after=None
[2026-03-08T07:07:54.735+0000] {processor.py:183} INFO - Processing /opt/airflow/dags/hello_airflow.py took 0.081 seconds
[2026-03-08T07:08:25.078+0000] {processor.py:161} INFO - Started process (PID=5653) to work on /opt/airflow/dags/hello_airflow.py
[2026-03-08T07:08:25.079+0000] {processor.py:830} INFO - Processing file /opt/airflow/dags/hello_airflow.py for tasks to queue
[2026-03-08T07:08:25.082+0000] {logging_mixin.py:188} INFO - [2026-03-08T07:08:25.082+0000] {dagbag.py:545} INFO - Filling up the DagBag from /opt/airflow/dags/hello_airflow.py
[2026-03-08T07:08:25.100+0000] {processor.py:840} INFO - DAG(s) 'hello_airflow' retrieved from /opt/airflow/dags/hello_airflow.py
[2026-03-08T07:08:25.132+0000] {logging_mixin.py:188} INFO - [2026-03-08T07:08:25.132+0000] {dag.py:3089} INFO - Sync 1 DAGs
[2026-03-08T07:08:25.141+0000] {logging_mixin.py:188} INFO - [2026-03-08T07:08:25.141+0000] {dag.py:3947} INFO - Setting next_dagrun for hello_airflow to None, run_after=None
[2026-03-08T07:08:25.156+0000] {processor.py:183} INFO - Processing /opt/airflow/dags/hello_airflow.py took 0.088 seconds
[2026-03-08T07:08:55.527+0000] {processor.py:161} INFO - Started process (PID=5662) to work on /opt/airflow/dags/hello_airflow.py
[2026-03-08T07:08:55.528+0000] {processor.py:830} INFO - Processing file /opt/airflow/dags/hello_airflow.py for tasks to queue
[2026-03-08T07:08:55.530+0000] {logging_mixin.py:188} INFO - [2026-03-08T07:08:55.529+0000] {dagbag.py:545} INFO - Filling up the DagBag from /opt/airflow/dags/hello_airflow.py
[2026-03-08T07:08:55.539+0000] {processor.py:840} INFO - DAG(s) 'hello_airflow' retrieved from /opt/airflow/dags/hello_airflow.py
[2026-03-08T07:08:55.573+0000] {logging_mixin.py:188} INFO - [2026-03-08T07:08:55.573+0000] {dag.py:3089} INFO - Sync 1 DAGs
[2026-03-08T07:08:55.585+0000] {logging_mixin.py:188} INFO - [2026-03-08T07:08:55.585+0000] {dag.py:3947} INFO - Setting next_dagrun for hello_airflow to None, run_after=None
[2026-03-08T07:08:55.599+0000] {processor.py:183} INFO - Processing /opt/airflow/dags/hello_airflow.py took 0.078 seconds
[2026-03-08T07:09:26.070+0000] {processor.py:161} INFO - Started process (PID=5673) to work on /opt/airflow/dags/hello_airflow.py
[2026-03-08T07:09:26.071+0000] {processor.py:830} INFO - Processing file /opt/airflow/dags/hello_airflow.py for tasks to queue
[2026-03-08T07:09:26.075+0000] {logging_mixin.py:188} INFO - [2026-03-08T07:09:26.075+0000] {dagbag.py:545} INFO - Filling up the DagBag from /opt/airflow/dags/hello_airflow.py
[2026-03-08T07:09:26.087+0000] {processor.py:840} INFO - DAG(s) 'hello_airflow' retrieved from /opt/airflow/dags/hello_airflow.py
[2026-03-08T07:09:26.111+0000] {logging_mixin.py:188} INFO - [2026-03-08T07:09:26.111+0000] {dag.py:3089} INFO - Sync 1 DAGs
[2026-03-08T07:09:26.121+0000] {logging_mixin.py:188} INFO - [2026-03-08T07:09:26.121+0000] {dag.py:3947} INFO - Setting next_dagrun for hello_airflow to None, run_after=None
[2026-03-08T07:09:26.133+0000] {processor.py:183} INFO - Processing /opt/airflow/dags/hello_airflow.py took 0.070 seconds
[2026-03-08T07:09:56.565+0000] {processor.py:161} INFO - Started process (PID=5683) to work on /opt/airflow/dags/hello_airflow.py
[2026-03-08T07:09:56.567+0000] {processor.py:830} INFO - Processing file /opt/airflow/dags/hello_airflow.py for tasks to queue
[2026-03-08T07:09:56.571+0000] {logging_mixin.py:188} INFO - [2026-03-08T07:09:56.571+0000] {dagbag.py:545} INFO - Filling up the DagBag from /opt/airflow/dags/hello_airflow.py
[2026-03-08T07:09:56.583+0000] {processor.py:840} INFO - DAG(s) 'hello_airflow' retrieved from /opt/airflow/dags/hello_airflow.py
[2026-03-08T07:09:56.608+0000] {logging_mixin.py:188} INFO - [2026-03-08T07:09:56.608+0000] {dag.py:3089} INFO - Sync 1 DAGs
[2026-03-08T07:09:56.619+0000] {logging_mixin.py:188} INFO - [2026-03-08T07:09:56.619+0000] {dag.py:3947} INFO - Setting next_dagrun for hello_airflow to None, run_after=None
[2026-03-08T07:09:56.632+0000] {processor.py:183} INFO - Processing /opt/airflow/dags/hello_airflow.py took 0.074 seconds
[2026-03-08T07:27:08.807+0000] {processor.py:161} INFO - Started process (PID=5692) to work on /opt/airflow/dags/hello_airflow.py
[2026-03-08T07:27:08.808+0000] {processor.py:830} INFO - Processing file /opt/airflow/dags/hello_airflow.py for tasks to queue
[2026-03-08T07:27:08.813+0000] {logging_mixin.py:188} INFO - [2026-03-08T07:27:08.811+0000] {dagbag.py:545} INFO - Filling up the DagBag from /opt/airflow/dags/hello_airflow.py
[2026-03-08T07:27:08.831+0000] {processor.py:840} INFO - DAG(s) 'hello_airflow' retrieved from /opt/airflow/dags/hello_airflow.py
[2026-03-08T07:27:08.875+0000] {logging_mixin.py:188} INFO - [2026-03-08T07:27:08.875+0000] {dag.py:3089} INFO - Sync 1 DAGs
[2026-03-08T07:27:08.887+0000] {logging_mixin.py:188} INFO - [2026-03-08T07:27:08.887+0000] {dag.py:3947} INFO - Setting next_dagrun for hello_airflow to None, run_after=None
[2026-03-08T07:27:08.903+0000] {processor.py:183} INFO - Processing /opt/airflow/dags/hello_airflow.py took 0.104 seconds
[2026-03-08T07:27:39.231+0000] {processor.py:161} INFO - Started process (PID=5702) to work on /opt/airflow/dags/hello_airflow.py
[2026-03-08T07:27:39.232+0000] {processor.py:830} INFO - Processing file /opt/airflow/dags/hello_airflow.py for tasks to queue
[2026-03-08T07:27:39.234+0000] {logging_mixin.py:188} INFO - [2026-03-08T07:27:39.234+0000] {dagbag.py:545} INFO - Filling up the DagBag from /opt/airflow/dags/hello_airflow.py
[2026-03-08T07:27:39.244+0000] {processor.py:840} INFO - DAG(s) 'hello_airflow' retrieved from /opt/airflow/dags/hello_airflow.py
[2026-03-08T07:27:39.275+0000] {logging_mixin.py:188} INFO - [2026-03-08T07:27:39.274+0000] {dag.py:3089} INFO - Sync 1 DAGs
[2026-03-08T07:27:39.290+0000] {logging_mixin.py:188} INFO - [2026-03-08T07:27:39.290+0000] {dag.py:3947} INFO - Setting next_dagrun for hello_airflow to None, run_after=None
[2026-03-08T07:27:39.305+0000] {processor.py:183} INFO - Processing /opt/airflow/dags/hello_airflow.py took 0.087 seconds
[2026-03-08T07:28:09.746+0000] {processor.py:161} INFO - Started process (PID=5713) to work on /opt/airflow/dags/hello_airflow.py
[2026-03-08T07:28:09.748+0000] {processor.py:830} INFO - Processing file /opt/airflow/dags/hello_airflow.py for tasks to queue
[2026-03-08T07:28:09.752+0000] {logging_mixin.py:188} INFO - [2026-03-08T07:28:09.752+0000] {dagbag.py:545} INFO - Filling up the DagBag from /opt/airflow/dags/hello_airflow.py
[2026-03-08T07:28:09.762+0000] {processor.py:840} INFO - DAG(s) 'hello_airflow' retrieved from /opt/airflow/dags/hello_airflow.py
[2026-03-08T07:28:09.790+0000] {logging_mixin.py:188} INFO - [2026-03-08T07:28:09.790+0000] {dag.py:3089} INFO - Sync 1 DAGs
[2026-03-08T07:28:09.801+0000] {logging_mixin.py:188} INFO - [2026-03-08T07:28:09.801+0000] {dag.py:3947} INFO - Setting next_dagrun for hello_airflow to None, run_after=None
[2026-03-08T07:28:09.814+0000] {processor.py:183} INFO - Processing /opt/airflow/dags/hello_airflow.py took 0.076 seconds
[2026-03-08T07:28:40.123+0000] {processor.py:161} INFO - Started process (PID=5723) to work on /opt/airflow/dags/hello_airflow.py
[2026-03-08T07:28:40.125+0000] {processor.py:830} INFO - Processing file /opt/airflow/dags/hello_airflow.py for tasks to queue
[2026-03-08T07:28:40.128+0000] {logging_mixin.py:188} INFO - [2026-03-08T07:28:40.128+0000] {dagbag.py:545} INFO - Filling up the DagBag from /opt/airflow/dags/hello_airflow.py
[2026-03-08T07:28:40.140+0000] {processor.py:840} INFO - DAG(s) 'hello_airflow' retrieved from /opt/airflow/dags/hello_airflow.py
[2026-03-08T07:28:40.166+0000] {logging_mixin.py:188} INFO - [2026-03-08T07:28:40.166+0000] {dag.py:3089} INFO - Sync 1 DAGs
[2026-03-08T07:28:40.174+0000] {logging_mixin.py:188} INFO - [2026-03-08T07:28:40.174+0000] {dag.py:3947} INFO - Setting next_dagrun for hello_airflow to None, run_after=None
[2026-03-08T07:28:40.186+0000] {processor.py:183} INFO - Processing /opt/airflow/dags/hello_airflow.py took 0.071 seconds
[2026-03-08T07:29:10.573+0000] {processor.py:161} INFO - Started process (PID=5733) to work on /opt/airflow/dags/hello_airflow.py
[2026-03-08T07:29:10.575+0000] {processor.py:830} INFO - Processing file /opt/airflow/dags/hello_airflow.py for tasks to queue
[2026-03-08T07:29:10.577+0000] {logging_mixin.py:188} INFO - [2026-03-08T07:29:10.576+0000] {dagbag.py:545} INFO - Filling up the DagBag from /opt/airflow/dags/hello_airflow.py
[2026-03-08T07:29:10.587+0000] {processor.py:840} INFO - DAG(s) 'hello_airflow' retrieved from /opt/airflow/dags/hello_airflow.py
[2026-03-08T07:29:10.611+0000] {logging_mixin.py:188} INFO - [2026-03-08T07:29:10.611+0000] {dag.py:3089} INFO - Sync 1 DAGs
[2026-03-08T07:29:10.619+0000] {logging_mixin.py:188} INFO - [2026-03-08T07:29:10.619+0000] {dag.py:3947} INFO - Setting next_dagrun for hello_airflow to None, run_after=None
[2026-03-08T07:29:10.634+0000] {processor.py:183} INFO - Processing /opt/airflow/dags/hello_airflow.py took 0.068 seconds
[2026-03-08T07:46:06.382+0000] {processor.py:161} INFO - Started process (PID=5742) to work on /opt/airflow/dags/hello_airflow.py
[2026-03-08T07:46:06.384+0000] {processor.py:830} INFO - Processing file /opt/airflow/dags/hello_airflow.py for tasks to queue
[2026-03-08T07:46:06.386+0000] {logging_mixin.py:188} INFO - [2026-03-08T07:46:06.385+0000] {dagbag.py:545} INFO - Filling up the DagBag from /opt/airflow/dags/hello_airflow.py
[2026-03-08T07:46:06.398+0000] {processor.py:840} INFO - DAG(s) 'hello_airflow' retrieved from /opt/airflow/dags/hello_airflow.py
[2026-03-08T07:46:06.435+0000] {logging_mixin.py:188} INFO - [2026-03-08T07:46:06.435+0000] {dag.py:3089} INFO - Sync 1 DAGs
[2026-03-08T07:46:06.449+0000] {logging_mixin.py:188} INFO - [2026-03-08T07:46:06.449+0000] {dag.py:3947} INFO - Setting next_dagrun for hello_airflow to None, run_after=None
[2026-03-08T07:46:06.467+0000] {processor.py:183} INFO - Processing /opt/airflow/dags/hello_airflow.py took 0.093 seconds
[2026-03-08T07:46:36.954+0000] {processor.py:161} INFO - Started process (PID=5753) to work on /opt/airflow/dags/hello_airflow.py
[2026-03-08T07:46:36.957+0000] {processor.py:830} INFO - Processing file /opt/airflow/dags/hello_airflow.py for tasks to queue
[2026-03-08T07:46:36.962+0000] {logging_mixin.py:188} INFO - [2026-03-08T07:46:36.962+0000] {dagbag.py:545} INFO - Filling up the DagBag from /opt/airflow/dags/hello_airflow.py
[2026-03-08T07:46:36.975+0000] {processor.py:840} INFO - DAG(s) 'hello_airflow' retrieved from /opt/airflow/dags/hello_airflow.py
[2026-03-08T07:46:37.007+0000] {logging_mixin.py:188} INFO - [2026-03-08T07:46:37.007+0000] {dag.py:3089} INFO - Sync 1 DAGs
[2026-03-08T07:46:37.018+0000] {logging_mixin.py:188} INFO - [2026-03-08T07:46:37.018+0000] {dag.py:3947} INFO - Setting next_dagrun for hello_airflow to None, run_after=None
[2026-03-08T07:46:37.032+0000] {processor.py:183} INFO - Processing /opt/airflow/dags/hello_airflow.py took 0.086 seconds
[2026-03-08T07:47:07.469+0000] {processor.py:161} INFO - Started process (PID=5763) to work on /opt/airflow/dags/hello_airflow.py
[2026-03-08T07:47:07.472+0000] {processor.py:830} INFO - Processing file /opt/airflow/dags/hello_airflow.py for tasks to queue
[2026-03-08T07:47:07.473+0000] {logging_mixin.py:188} INFO - [2026-03-08T07:47:07.473+0000] {dagbag.py:545} INFO - Filling up the DagBag from /opt/airflow/dags/hello_airflow.py
[2026-03-08T07:47:07.481+0000] {processor.py:840} INFO - DAG(s) 'hello_airflow' retrieved from /opt/airflow/dags/hello_airflow.py
[2026-03-08T07:47:07.511+0000] {logging_mixin.py:188} INFO - [2026-03-08T07:47:07.511+0000] {dag.py:3089} INFO - Sync 1 DAGs
[2026-03-08T07:47:07.520+0000] {logging_mixin.py:188} INFO - [2026-03-08T07:47:07.520+0000] {dag.py:3947} INFO - Setting next_dagrun for hello_airflow to None, run_after=None
[2026-03-08T07:47:07.534+0000] {processor.py:183} INFO - Processing /opt/airflow/dags/hello_airflow.py took 0.074 seconds
[2026-03-08T07:47:37.944+0000] {processor.py:161} INFO - Started process (PID=5773) to work on /opt/airflow/dags/hello_airflow.py
[2026-03-08T07:47:37.948+0000] {processor.py:830} INFO - Processing file /opt/airflow/dags/hello_airflow.py for tasks to queue
[2026-03-08T07:47:37.950+0000] {logging_mixin.py:188} INFO - [2026-03-08T07:47:37.949+0000] {dagbag.py:545} INFO - Filling up the DagBag from /opt/airflow/dags/hello_airflow.py
[2026-03-08T07:47:37.959+0000] {processor.py:840} INFO - DAG(s) 'hello_airflow' retrieved from /opt/airflow/dags/hello_airflow.py
[2026-03-08T07:47:37.987+0000] {logging_mixin.py:188} INFO - [2026-03-08T07:47:37.987+0000] {dag.py:3089} INFO - Sync 1 DAGs
[2026-03-08T07:47:37.995+0000] {logging_mixin.py:188} INFO - [2026-03-08T07:47:37.995+0000] {dag.py:3947} INFO - Setting next_dagrun for hello_airflow to None, run_after=None
[2026-03-08T07:47:38.009+0000] {processor.py:183} INFO - Processing /opt/airflow/dags/hello_airflow.py took 0.073 seconds
[2026-03-08T07:48:08.439+0000] {processor.py:161} INFO - Started process (PID=5782) to work on /opt/airflow/dags/hello_airflow.py
[2026-03-08T07:48:08.441+0000] {processor.py:830} INFO - Processing file /opt/airflow/dags/hello_airflow.py for tasks to queue
[2026-03-08T07:48:08.443+0000] {logging_mixin.py:188} INFO - [2026-03-08T07:48:08.443+0000] {dagbag.py:545} INFO - Filling up the DagBag from /opt/airflow/dags/hello_airflow.py
[2026-03-08T07:48:08.456+0000] {processor.py:840} INFO - DAG(s) 'hello_airflow' retrieved from /opt/airflow/dags/hello_airflow.py
[2026-03-08T07:48:08.481+0000] {logging_mixin.py:188} INFO - [2026-03-08T07:48:08.481+0000] {dag.py:3089} INFO - Sync 1 DAGs
[2026-03-08T07:48:08.488+0000] {logging_mixin.py:188} INFO - [2026-03-08T07:48:08.488+0000] {dag.py:3947} INFO - Setting next_dagrun for hello_airflow to None, run_after=None
[2026-03-08T07:48:08.502+0000] {processor.py:183} INFO - Processing /opt/airflow/dags/hello_airflow.py took 0.074 seconds
[2026-03-08T08:04:42.744+0000] {processor.py:161} INFO - Started process (PID=5793) to work on /opt/airflow/dags/hello_airflow.py
[2026-03-08T08:04:42.746+0000] {processor.py:830} INFO - Processing file /opt/airflow/dags/hello_airflow.py for tasks to queue
[2026-03-08T08:04:42.749+0000] {logging_mixin.py:188} INFO - [2026-03-08T08:04:42.749+0000] {dagbag.py:545} INFO - Filling up the DagBag from /opt/airflow/dags/hello_airflow.py
[2026-03-08T08:04:42.759+0000] {processor.py:840} INFO - DAG(s) 'hello_airflow' retrieved from /opt/airflow/dags/hello_airflow.py
[2026-03-08T08:04:42.796+0000] {logging_mixin.py:188} INFO - [2026-03-08T08:04:42.796+0000] {dag.py:3089} INFO - Sync 1 DAGs
[2026-03-08T08:04:42.810+0000] {logging_mixin.py:188} INFO - [2026-03-08T08:04:42.810+0000] {dag.py:3947} INFO - Setting next_dagrun for hello_airflow to None, run_after=None
[2026-03-08T08:04:42.824+0000] {processor.py:183} INFO - Processing /opt/airflow/dags/hello_airflow.py took 0.095 seconds
[2026-03-08T08:05:13.208+0000] {processor.py:161} INFO - Started process (PID=5803) to work on /opt/airflow/dags/hello_airflow.py
[2026-03-08T08:05:13.210+0000] {processor.py:830} INFO - Processing file /opt/airflow/dags/hello_airflow.py for tasks to queue
[2026-03-08T08:05:13.214+0000] {logging_mixin.py:188} INFO - [2026-03-08T08:05:13.214+0000] {dagbag.py:545} INFO - Filling up the DagBag from /opt/airflow/dags/hello_airflow.py
[2026-03-08T08:05:13.226+0000] {processor.py:840} INFO - DAG(s) 'hello_airflow' retrieved from /opt/airflow/dags/hello_airflow.py
[2026-03-08T08:05:13.264+0000] {logging_mixin.py:188} INFO - [2026-03-08T08:05:13.264+0000] {dag.py:3089} INFO - Sync 1 DAGs
[2026-03-08T08:05:13.277+0000] {logging_mixin.py:188} INFO - [2026-03-08T08:05:13.277+0000] {dag.py:3947} INFO - Setting next_dagrun for hello_airflow to None, run_after=None
[2026-03-08T08:05:13.293+0000] {processor.py:183} INFO - Processing /opt/airflow/dags/hello_airflow.py took 0.094 seconds
[2026-03-08T08:05:43.717+0000] {processor.py:161} INFO - Started process (PID=5812) to work on /opt/airflow/dags/hello_airflow.py
[2026-03-08T08:05:43.720+0000] {processor.py:830} INFO - Processing file /opt/airflow/dags/hello_airflow.py for tasks to queue
[2026-03-08T08:05:43.722+0000] {logging_mixin.py:188} INFO - [2026-03-08T08:05:43.722+0000] {dagbag.py:545} INFO - Filling up the DagBag from /opt/airflow/dags/hello_airflow.py
[2026-03-08T08:05:43.733+0000] {processor.py:840} INFO - DAG(s) 'hello_airflow' retrieved from /opt/airflow/dags/hello_airflow.py
[2026-03-08T08:05:43.763+0000] {logging_mixin.py:188} INFO - [2026-03-08T08:05:43.763+0000] {dag.py:3089} INFO - Sync 1 DAGs
[2026-03-08T08:05:43.771+0000] {logging_mixin.py:188} INFO - [2026-03-08T08:05:43.771+0000] {dag.py:3947} INFO - Setting next_dagrun for hello_airflow to None, run_after=None
[2026-03-08T08:05:43.784+0000] {processor.py:183} INFO - Processing /opt/airflow/dags/hello_airflow.py took 0.079 seconds
[2026-03-08T08:06:14.149+0000] {processor.py:161} INFO - Started process (PID=5823) to work on /opt/airflow/dags/hello_airflow.py
[2026-03-08T08:06:14.152+0000] {processor.py:830} INFO - Processing file /opt/airflow/dags/hello_airflow.py for tasks to queue
[2026-03-08T08:06:14.156+0000] {logging_mixin.py:188} INFO - [2026-03-08T08:06:14.156+0000] {dagbag.py:545} INFO - Filling up the DagBag from /opt/airflow/dags/hello_airflow.py
[2026-03-08T08:06:14.168+0000] {processor.py:840} INFO - DAG(s) 'hello_airflow' retrieved from /opt/airflow/dags/hello_airflow.py
[2026-03-08T08:06:14.197+0000] {logging_mixin.py:188} INFO - [2026-03-08T08:06:14.196+0000] {dag.py:3089} INFO - Sync 1 DAGs
[2026-03-08T08:06:14.206+0000] {logging_mixin.py:188} INFO - [2026-03-08T08:06:14.206+0000] {dag.py:3947} INFO - Setting next_dagrun for hello_airflow to None, run_after=None
[2026-03-08T08:06:14.221+0000] {processor.py:183} INFO - Processing /opt/airflow/dags/hello_airflow.py took 0.087 seconds
[2026-03-08T08:06:44.594+0000] {processor.py:161} INFO - Started process (PID=5833) to work on /opt/airflow/dags/hello_airflow.py
[2026-03-08T08:06:44.596+0000] {processor.py:830} INFO - Processing file /opt/airflow/dags/hello_airflow.py for tasks to queue
[2026-03-08T08:06:44.598+0000] {logging_mixin.py:188} INFO - [2026-03-08T08:06:44.597+0000] {dagbag.py:545} INFO - Filling up the DagBag from /opt/airflow/dags/hello_airflow.py
[2026-03-08T08:06:44.608+0000] {processor.py:840} INFO - DAG(s) 'hello_airflow' retrieved from /opt/airflow/dags/hello_airflow.py
[2026-03-08T08:06:44.635+0000] {logging_mixin.py:188} INFO - [2026-03-08T08:06:44.635+0000] {dag.py:3089} INFO - Sync 1 DAGs
[2026-03-08T08:06:44.642+0000] {logging_mixin.py:188} INFO - [2026-03-08T08:06:44.642+0000] {dag.py:3947} INFO - Setting next_dagrun for hello_airflow to None, run_after=None
[2026-03-08T08:06:44.655+0000] {processor.py:183} INFO - Processing /opt/airflow/dags/hello_airflow.py took 0.069 seconds
[2026-03-08T08:07:14.997+0000] {processor.py:161} INFO - Started process (PID=5843) to work on /opt/airflow/dags/hello_airflow.py
[2026-03-08T08:07:14.999+0000] {processor.py:830} INFO - Processing file /opt/airflow/dags/hello_airflow.py for tasks to queue
[2026-03-08T08:07:15.002+0000] {logging_mixin.py:188} INFO - [2026-03-08T08:07:15.002+0000] {dagbag.py:545} INFO - Filling up the DagBag from /opt/airflow/dags/hello_airflow.py
[2026-03-08T08:07:15.015+0000] {processor.py:840} INFO - DAG(s) 'hello_airflow' retrieved from /opt/airflow/dags/hello_airflow.py
[2026-03-08T08:07:15.044+0000] {logging_mixin.py:188} INFO - [2026-03-08T08:07:15.044+0000] {dag.py:3089} INFO - Sync 1 DAGs
[2026-03-08T08:07:15.052+0000] {logging_mixin.py:188} INFO - [2026-03-08T08:07:15.052+0000] {dag.py:3947} INFO - Setting next_dagrun for hello_airflow to None, run_after=None
[2026-03-08T08:07:15.067+0000] {processor.py:183} INFO - Processing /opt/airflow/dags/hello_airflow.py took 0.080 seconds
[2026-03-08T08:24:12.925+0000] {processor.py:161} INFO - Started process (PID=5851) to work on /opt/airflow/dags/hello_airflow.py
[2026-03-08T08:24:12.926+0000] {processor.py:830} INFO - Processing file /opt/airflow/dags/hello_airflow.py for tasks to queue
[2026-03-08T08:24:12.930+0000] {logging_mixin.py:188} INFO - [2026-03-08T08:24:12.929+0000] {dagbag.py:545} INFO - Filling up the DagBag from /opt/airflow/dags/hello_airflow.py
[2026-03-08T08:24:12.952+0000] {processor.py:840} INFO - DAG(s) 'hello_airflow' retrieved from /opt/airflow/dags/hello_airflow.py
[2026-03-08T08:24:13.006+0000] {logging_mixin.py:188} INFO - [2026-03-08T08:24:13.005+0000] {dag.py:3089} INFO - Sync 1 DAGs
[2026-03-08T08:24:13.020+0000] {logging_mixin.py:188} INFO - [2026-03-08T08:24:13.020+0000] {dag.py:3947} INFO - Setting next_dagrun for hello_airflow to None, run_after=None
[2026-03-08T08:24:13.037+0000] {processor.py:183} INFO - Processing /opt/airflow/dags/hello_airflow.py took 0.125 seconds
[2026-03-08T08:24:43.309+0000] {processor.py:161} INFO - Started process (PID=5863) to work on /opt/airflow/dags/hello_airflow.py
[2026-03-08T08:24:43.309+0000] {processor.py:830} INFO - Processing file /opt/airflow/dags/hello_airflow.py for tasks to queue
[2026-03-08T08:24:43.312+0000] {logging_mixin.py:188} INFO - [2026-03-08T08:24:43.312+0000] {dagbag.py:545} INFO - Filling up the DagBag from /opt/airflow/dags/hello_airflow.py
[2026-03-08T08:24:43.323+0000] {processor.py:840} INFO - DAG(s) 'hello_airflow' retrieved from /opt/airflow/dags/hello_airflow.py
[2026-03-08T08:24:43.352+0000] {logging_mixin.py:188} INFO - [2026-03-08T08:24:43.352+0000] {dag.py:3089} INFO - Sync 1 DAGs
[2026-03-08T08:24:43.361+0000] {logging_mixin.py:188} INFO - [2026-03-08T08:24:43.361+0000] {dag.py:3947} INFO - Setting next_dagrun for hello_airflow to None, run_after=None
[2026-03-08T08:24:43.374+0000] {processor.py:183} INFO - Processing /opt/airflow/dags/hello_airflow.py took 0.074 seconds
[2026-03-08T08:25:13.865+0000] {processor.py:161} INFO - Started process (PID=5873) to work on /opt/airflow/dags/hello_airflow.py
[2026-03-08T08:25:13.867+0000] {processor.py:830} INFO - Processing file /opt/airflow/dags/hello_airflow.py for tasks to queue
[2026-03-08T08:25:13.870+0000] {logging_mixin.py:188} INFO - [2026-03-08T08:25:13.870+0000] {dagbag.py:545} INFO - Filling up the DagBag from /opt/airflow/dags/hello_airflow.py
[2026-03-08T08:25:13.886+0000] {processor.py:840} INFO - DAG(s) 'hello_airflow' retrieved from /opt/airflow/dags/hello_airflow.py
[2026-03-08T08:25:13.921+0000] {logging_mixin.py:188} INFO - [2026-03-08T08:25:13.921+0000] {dag.py:3089} INFO - Sync 1 DAGs
[2026-03-08T08:25:13.932+0000] {logging_mixin.py:188} INFO - [2026-03-08T08:25:13.932+0000] {dag.py:3947} INFO - Setting next_dagrun for hello_airflow to None, run_after=None
[2026-03-08T08:25:13.947+0000] {processor.py:183} INFO - Processing /opt/airflow/dags/hello_airflow.py took 0.091 seconds
[2026-03-08T08:25:44.291+0000] {processor.py:161} INFO - Started process (PID=5883) to work on /opt/airflow/dags/hello_airflow.py
[2026-03-08T08:25:44.294+0000] {processor.py:830} INFO - Processing file /opt/airflow/dags/hello_airflow.py for tasks to queue
[2026-03-08T08:25:44.295+0000] {logging_mixin.py:188} INFO - [2026-03-08T08:25:44.295+0000] {dagbag.py:545} INFO - Filling up the DagBag from /opt/airflow/dags/hello_airflow.py
[2026-03-08T08:25:44.306+0000] {processor.py:840} INFO - DAG(s) 'hello_airflow' retrieved from /opt/airflow/dags/hello_airflow.py
[2026-03-08T08:25:44.333+0000] {logging_mixin.py:188} INFO - [2026-03-08T08:25:44.333+0000] {dag.py:3089} INFO - Sync 1 DAGs
[2026-03-08T08:25:44.343+0000] {logging_mixin.py:188} INFO - [2026-03-08T08:25:44.343+0000] {dag.py:3947} INFO - Setting next_dagrun for hello_airflow to None, run_after=None
[2026-03-08T08:25:44.356+0000] {processor.py:183} INFO - Processing /opt/airflow/dags/hello_airflow.py took 0.071 seconds
[2026-03-08T08:26:14.714+0000] {processor.py:161} INFO - Started process (PID=5893) to work on /opt/airflow/dags/hello_airflow.py
[2026-03-08T08:26:14.717+0000] {processor.py:830} INFO - Processing file /opt/airflow/dags/hello_airflow.py for tasks to queue
[2026-03-08T08:26:14.722+0000] {logging_mixin.py:188} INFO - [2026-03-08T08:26:14.722+0000] {dagbag.py:545} INFO - Filling up the DagBag from /opt/airflow/dags/hello_airflow.py
[2026-03-08T08:26:14.737+0000] {processor.py:840} INFO - DAG(s) 'hello_airflow' retrieved from /opt/airflow/dags/hello_airflow.py
[2026-03-08T08:26:14.764+0000] {logging_mixin.py:188} INFO - [2026-03-08T08:26:14.764+0000] {dag.py:3089} INFO - Sync 1 DAGs
[2026-03-08T08:26:14.771+0000] {logging_mixin.py:188} INFO - [2026-03-08T08:26:14.771+0000] {dag.py:3947} INFO - Setting next_dagrun for hello_airflow to None, run_after=None
[2026-03-08T08:26:14.783+0000] {processor.py:183} INFO - Processing /opt/airflow/dags/hello_airflow.py took 0.075 seconds
[2026-03-08T08:26:45.182+0000] {processor.py:161} INFO - Started process (PID=5903) to work on /opt/airflow/dags/hello_airflow.py
[2026-03-08T08:26:45.184+0000] {processor.py:830} INFO - Processing file /opt/airflow/dags/hello_airflow.py for tasks to queue
[2026-03-08T08:26:45.186+0000] {logging_mixin.py:188} INFO - [2026-03-08T08:26:45.186+0000] {dagbag.py:545} INFO - Filling up the DagBag from /opt/airflow/dags/hello_airflow.py
[2026-03-08T08:26:45.194+0000] {processor.py:840} INFO - DAG(s) 'hello_airflow' retrieved from /opt/airflow/dags/hello_airflow.py
[2026-03-08T08:26:45.221+0000] {logging_mixin.py:188} INFO - [2026-03-08T08:26:45.221+0000] {dag.py:3089} INFO - Sync 1 DAGs
[2026-03-08T08:26:45.229+0000] {logging_mixin.py:188} INFO - [2026-03-08T08:26:45.229+0000] {dag.py:3947} INFO - Setting next_dagrun for hello_airflow to None, run_after=None
[2026-03-08T08:26:45.242+0000] {processor.py:183} INFO - Processing /opt/airflow/dags/hello_airflow.py took 0.070 seconds
[2026-03-08T08:31:47.892+0000] {processor.py:161} INFO - Started process (PID=5913) to work on /opt/airflow/dags/hello_airflow.py
[2026-03-08T08:31:47.894+0000] {processor.py:830} INFO - Processing file /opt/airflow/dags/hello_airflow.py for tasks to queue
[2026-03-08T08:31:47.897+0000] {logging_mixin.py:188} INFO - [2026-03-08T08:31:47.896+0000] {dagbag.py:545} INFO - Filling up the DagBag from /opt/airflow/dags/hello_airflow.py
[2026-03-08T08:31:47.911+0000] {processor.py:840} INFO - DAG(s) 'hello_airflow' retrieved from /opt/airflow/dags/hello_airflow.py
[2026-03-08T08:31:47.945+0000] {logging_mixin.py:188} INFO - [2026-03-08T08:31:47.945+0000] {dag.py:3089} INFO - Sync 1 DAGs
[2026-03-08T08:31:47.954+0000] {logging_mixin.py:188} INFO - [2026-03-08T08:31:47.954+0000] {dag.py:3947} INFO - Setting next_dagrun for hello_airflow to None, run_after=None
[2026-03-08T08:31:47.968+0000] {processor.py:183} INFO - Processing /opt/airflow/dags/hello_airflow.py took 0.086 seconds
[2026-03-08T08:32:18.314+0000] {processor.py:161} INFO - Started process (PID=5923) to work on /opt/airflow/dags/hello_airflow.py
[2026-03-08T08:32:18.315+0000] {processor.py:830} INFO - Processing file /opt/airflow/dags/hello_airflow.py for tasks to queue
[2026-03-08T08:32:18.317+0000] {logging_mixin.py:188} INFO - [2026-03-08T08:32:18.317+0000] {dagbag.py:545} INFO - Filling up the DagBag from /opt/airflow/dags/hello_airflow.py
[2026-03-08T08:32:18.331+0000] {processor.py:840} INFO - DAG(s) 'hello_airflow' retrieved from /opt/airflow/dags/hello_airflow.py
[2026-03-08T08:32:18.360+0000] {logging_mixin.py:188} INFO - [2026-03-08T08:32:18.360+0000] {dag.py:3089} INFO - Sync 1 DAGs
[2026-03-08T08:32:18.377+0000] {logging_mixin.py:188} INFO - [2026-03-08T08:32:18.376+0000] {dag.py:3947} INFO - Setting next_dagrun for hello_airflow to None, run_after=None
[2026-03-08T08:32:18.396+0000] {processor.py:183} INFO - Processing /opt/airflow/dags/hello_airflow.py took 0.089 seconds
[2026-03-08T08:32:48.840+0000] {processor.py:161} INFO - Started process (PID=5933) to work on /opt/airflow/dags/hello_airflow.py
[2026-03-08T08:32:48.842+0000] {processor.py:830} INFO - Processing file /opt/airflow/dags/hello_airflow.py for tasks to queue
[2026-03-08T08:32:48.847+0000] {logging_mixin.py:188} INFO - [2026-03-08T08:32:48.847+0000] {dagbag.py:545} INFO - Filling up the DagBag from /opt/airflow/dags/hello_airflow.py
[2026-03-08T08:32:48.864+0000] {processor.py:840} INFO - DAG(s) 'hello_airflow' retrieved from /opt/airflow/dags/hello_airflow.py
[2026-03-08T08:32:48.892+0000] {logging_mixin.py:188} INFO - [2026-03-08T08:32:48.892+0000] {dag.py:3089} INFO - Sync 1 DAGs
[2026-03-08T08:32:48.901+0000] {logging_mixin.py:188} INFO - [2026-03-08T08:32:48.901+0000] {dag.py:3947} INFO - Setting next_dagrun for hello_airflow to None, run_after=None
[2026-03-08T08:32:48.915+0000] {processor.py:183} INFO - Processing /opt/airflow/dags/hello_airflow.py took 0.080 seconds
[2026-03-08T08:33:19.298+0000] {processor.py:161} INFO - Started process (PID=5943) to work on /opt/airflow/dags/hello_airflow.py
[2026-03-08T08:33:19.300+0000] {processor.py:830} INFO - Processing file /opt/airflow/dags/hello_airflow.py for tasks to queue
[2026-03-08T08:33:19.303+0000] {logging_mixin.py:188} INFO - [2026-03-08T08:33:19.303+0000] {dagbag.py:545} INFO - Filling up the DagBag from /opt/airflow/dags/hello_airflow.py
[2026-03-08T08:33:19.317+0000] {processor.py:840} INFO - DAG(s) 'hello_airflow' retrieved from /opt/airflow/dags/hello_airflow.py
[2026-03-08T08:33:19.345+0000] {logging_mixin.py:188} INFO - [2026-03-08T08:33:19.345+0000] {dag.py:3089} INFO - Sync 1 DAGs
[2026-03-08T08:33:19.353+0000] {logging_mixin.py:188} INFO - [2026-03-08T08:33:19.353+0000] {dag.py:3947} INFO - Setting next_dagrun for hello_airflow to None, run_after=None
[2026-03-08T08:33:19.363+0000] {processor.py:183} INFO - Processing /opt/airflow/dags/hello_airflow.py took 0.071 seconds
[2026-03-08T08:33:49.793+0000] {processor.py:161} INFO - Started process (PID=5953) to work on /opt/airflow/dags/hello_airflow.py
[2026-03-08T08:33:49.794+0000] {processor.py:830} INFO - Processing file /opt/airflow/dags/hello_airflow.py for tasks to queue
[2026-03-08T08:33:49.796+0000] {logging_mixin.py:188} INFO - [2026-03-08T08:33:49.796+0000] {dagbag.py:545} INFO - Filling up the DagBag from /opt/airflow/dags/hello_airflow.py
[2026-03-08T08:33:49.810+0000] {processor.py:840} INFO - DAG(s) 'hello_airflow' retrieved from /opt/airflow/dags/hello_airflow.py
[2026-03-08T08:33:49.836+0000] {logging_mixin.py:188} INFO - [2026-03-08T08:33:49.836+0000] {dag.py:3089} INFO - Sync 1 DAGs
[2026-03-08T08:33:49.844+0000] {logging_mixin.py:188} INFO - [2026-03-08T08:33:49.844+0000] {dag.py:3947} INFO - Setting next_dagrun for hello_airflow to None, run_after=None
[2026-03-08T08:33:49.856+0000] {processor.py:183} INFO - Processing /opt/airflow/dags/hello_airflow.py took 0.068 seconds
[2026-03-08T08:36:09.997+0000] {processor.py:161} INFO - Started process (PID=5962) to work on /opt/airflow/dags/hello_airflow.py
[2026-03-08T08:36:10.000+0000] {processor.py:830} INFO - Processing file /opt/airflow/dags/hello_airflow.py for tasks to queue
[2026-03-08T08:36:10.003+0000] {logging_mixin.py:188} INFO - [2026-03-08T08:36:10.002+0000] {dagbag.py:545} INFO - Filling up the DagBag from /opt/airflow/dags/hello_airflow.py
[2026-03-08T08:36:10.026+0000] {processor.py:840} INFO - DAG(s) 'hello_airflow' retrieved from /opt/airflow/dags/hello_airflow.py
[2026-03-08T08:36:10.062+0000] {logging_mixin.py:188} INFO - [2026-03-08T08:36:10.062+0000] {dag.py:3089} INFO - Sync 1 DAGs
[2026-03-08T08:36:10.079+0000] {logging_mixin.py:188} INFO - [2026-03-08T08:36:10.079+0000] {dag.py:3947} INFO - Setting next_dagrun for hello_airflow to None, run_after=None
[2026-03-08T08:36:10.095+0000] {processor.py:183} INFO - Processing /opt/airflow/dags/hello_airflow.py took 0.108 seconds
[2026-03-08T08:36:40.522+0000] {processor.py:161} INFO - Started process (PID=5973) to work on /opt/airflow/dags/hello_airflow.py
[2026-03-08T08:36:40.524+0000] {processor.py:830} INFO - Processing file /opt/airflow/dags/hello_airflow.py for tasks to queue
[2026-03-08T08:36:40.528+0000] {logging_mixin.py:188} INFO - [2026-03-08T08:36:40.528+0000] {dagbag.py:545} INFO - Filling up the DagBag from /opt/airflow/dags/hello_airflow.py
[2026-03-08T08:36:40.537+0000] {processor.py:840} INFO - DAG(s) 'hello_airflow' retrieved from /opt/airflow/dags/hello_airflow.py
[2026-03-08T08:36:40.561+0000] {logging_mixin.py:188} INFO - [2026-03-08T08:36:40.561+0000] {dag.py:3089} INFO - Sync 1 DAGs
[2026-03-08T08:36:40.570+0000] {logging_mixin.py:188} INFO - [2026-03-08T08:36:40.570+0000] {dag.py:3947} INFO - Setting next_dagrun for hello_airflow to None, run_after=None
[2026-03-08T08:36:40.583+0000] {processor.py:183} INFO - Processing /opt/airflow/dags/hello_airflow.py took 0.070 seconds
[2026-03-08T08:37:11.007+0000] {processor.py:161} INFO - Started process (PID=5983) to work on /opt/airflow/dags/hello_airflow.py
[2026-03-08T08:37:11.009+0000] {processor.py:830} INFO - Processing file /opt/airflow/dags/hello_airflow.py for tasks to queue
[2026-03-08T08:37:11.011+0000] {logging_mixin.py:188} INFO - [2026-03-08T08:37:11.011+0000] {dagbag.py:545} INFO - Filling up the DagBag from /opt/airflow/dags/hello_airflow.py
[2026-03-08T08:37:11.021+0000] {processor.py:840} INFO - DAG(s) 'hello_airflow' retrieved from /opt/airflow/dags/hello_airflow.py
[2026-03-08T08:37:11.046+0000] {logging_mixin.py:188} INFO - [2026-03-08T08:37:11.046+0000] {dag.py:3089} INFO - Sync 1 DAGs
[2026-03-08T08:37:11.053+0000] {logging_mixin.py:188} INFO - [2026-03-08T08:37:11.053+0000] {dag.py:3947} INFO - Setting next_dagrun for hello_airflow to None, run_after=None
[2026-03-08T08:37:11.066+0000] {processor.py:183} INFO - Processing /opt/airflow/dags/hello_airflow.py took 0.068 seconds
[2026-03-08T08:37:41.587+0000] {processor.py:161} INFO - Started process (PID=5992) to work on /opt/airflow/dags/hello_airflow.py
[2026-03-08T08:37:41.589+0000] {processor.py:830} INFO - Processing file /opt/airflow/dags/hello_airflow.py for tasks to queue
[2026-03-08T08:37:41.592+0000] {logging_mixin.py:188} INFO - [2026-03-08T08:37:41.592+0000] {dagbag.py:545} INFO - Filling up the DagBag from /opt/airflow/dags/hello_airflow.py
[2026-03-08T08:37:41.607+0000] {processor.py:840} INFO - DAG(s) 'hello_airflow' retrieved from /opt/airflow/dags/hello_airflow.py
[2026-03-08T08:37:41.658+0000] {logging_mixin.py:188} INFO - [2026-03-08T08:37:41.657+0000] {dag.py:3089} INFO - Sync 1 DAGs
[2026-03-08T08:37:41.671+0000] {logging_mixin.py:188} INFO - [2026-03-08T08:37:41.671+0000] {dag.py:3947} INFO - Setting next_dagrun for hello_airflow to None, run_after=None
[2026-03-08T08:37:41.688+0000] {processor.py:183} INFO - Processing /opt/airflow/dags/hello_airflow.py took 0.118 seconds
[2026-03-08T08:38:11.959+0000] {processor.py:161} INFO - Started process (PID=6003) to work on /opt/airflow/dags/hello_airflow.py
[2026-03-08T08:38:11.960+0000] {processor.py:830} INFO - Processing file /opt/airflow/dags/hello_airflow.py for tasks to queue
[2026-03-08T08:38:11.962+0000] {logging_mixin.py:188} INFO - [2026-03-08T08:38:11.962+0000] {dagbag.py:545} INFO - Filling up the DagBag from /opt/airflow/dags/hello_airflow.py
[2026-03-08T08:38:11.975+0000] {processor.py:840} INFO - DAG(s) 'hello_airflow' retrieved from /opt/airflow/dags/hello_airflow.py
[2026-03-08T08:38:12.005+0000] {logging_mixin.py:188} INFO - [2026-03-08T08:38:12.005+0000] {dag.py:3089} INFO - Sync 1 DAGs
[2026-03-08T08:38:12.013+0000] {logging_mixin.py:188} INFO - [2026-03-08T08:38:12.012+0000] {dag.py:3947} INFO - Setting next_dagrun for hello_airflow to None, run_after=None
[2026-03-08T08:38:12.027+0000] {processor.py:183} INFO - Processing /opt/airflow/dags/hello_airflow.py took 0.077 seconds
[2026-03-08T08:48:52.867+0000] {processor.py:161} INFO - Started process (PID=6012) to work on /opt/airflow/dags/hello_airflow.py
[2026-03-08T08:48:52.870+0000] {processor.py:830} INFO - Processing file /opt/airflow/dags/hello_airflow.py for tasks to queue
[2026-03-08T08:48:52.875+0000] {logging_mixin.py:188} INFO - [2026-03-08T08:48:52.875+0000] {dagbag.py:545} INFO - Filling up the DagBag from /opt/airflow/dags/hello_airflow.py
[2026-03-08T08:48:52.905+0000] {processor.py:840} INFO - DAG(s) 'hello_airflow' retrieved from /opt/airflow/dags/hello_airflow.py
[2026-03-08T08:48:52.941+0000] {logging_mixin.py:188} INFO - [2026-03-08T08:48:52.941+0000] {dag.py:3089} INFO - Sync 1 DAGs
[2026-03-08T08:48:52.954+0000] {logging_mixin.py:188} INFO - [2026-03-08T08:48:52.953+0000] {dag.py:3947} INFO - Setting next_dagrun for hello_airflow to None, run_after=None
[2026-03-08T08:48:52.969+0000] {processor.py:183} INFO - Processing /opt/airflow/dags/hello_airflow.py took 0.120 seconds
[2026-03-08T08:49:23.331+0000] {processor.py:161} INFO - Started process (PID=6023) to work on /opt/airflow/dags/hello_airflow.py
[2026-03-08T08:49:23.333+0000] {processor.py:830} INFO - Processing file /opt/airflow/dags/hello_airflow.py for tasks to queue
[2026-03-08T08:49:23.336+0000] {logging_mixin.py:188} INFO - [2026-03-08T08:49:23.336+0000] {dagbag.py:545} INFO - Filling up the DagBag from /opt/airflow/dags/hello_airflow.py
[2026-03-08T08:49:23.347+0000] {processor.py:840} INFO - DAG(s) 'hello_airflow' retrieved from /opt/airflow/dags/hello_airflow.py
[2026-03-08T08:49:23.387+0000] {logging_mixin.py:188} INFO - [2026-03-08T08:49:23.387+0000] {dag.py:3089} INFO - Sync 1 DAGs
[2026-03-08T08:49:23.397+0000] {logging_mixin.py:188} INFO - [2026-03-08T08:49:23.397+0000] {dag.py:3947} INFO - Setting next_dagrun for hello_airflow to None, run_after=None
[2026-03-08T08:49:23.412+0000] {processor.py:183} INFO - Processing /opt/airflow/dags/hello_airflow.py took 0.089 seconds
[2026-03-08T08:49:53.868+0000] {processor.py:161} INFO - Started process (PID=6033) to work on /opt/airflow/dags/hello_airflow.py
[2026-03-08T08:49:53.869+0000] {processor.py:830} INFO - Processing file /opt/airflow/dags/hello_airflow.py for tasks to queue
[2026-03-08T08:49:53.873+0000] {logging_mixin.py:188} INFO - [2026-03-08T08:49:53.872+0000] {dagbag.py:545} INFO - Filling up the DagBag from /opt/airflow/dags/hello_airflow.py
[2026-03-08T08:49:53.885+0000] {processor.py:840} INFO - DAG(s) 'hello_airflow' retrieved from /opt/airflow/dags/hello_airflow.py
[2026-03-08T08:49:53.913+0000] {logging_mixin.py:188} INFO - [2026-03-08T08:49:53.913+0000] {dag.py:3089} INFO - Sync 1 DAGs
[2026-03-08T08:49:53.926+0000] {logging_mixin.py:188} INFO - [2026-03-08T08:49:53.925+0000] {dag.py:3947} INFO - Setting next_dagrun for hello_airflow to None, run_after=None
[2026-03-08T08:49:53.942+0000] {processor.py:183} INFO - Processing /opt/airflow/dags/hello_airflow.py took 0.083 seconds
[2026-03-08T08:50:24.236+0000] {processor.py:161} INFO - Started process (PID=6043) to work on /opt/airflow/dags/hello_airflow.py
[2026-03-08T08:50:24.237+0000] {processor.py:830} INFO - Processing file /opt/airflow/dags/hello_airflow.py for tasks to queue
[2026-03-08T08:50:24.240+0000] {logging_mixin.py:188} INFO - [2026-03-08T08:50:24.239+0000] {dagbag.py:545} INFO - Filling up the DagBag from /opt/airflow/dags/hello_airflow.py
[2026-03-08T08:50:24.251+0000] {processor.py:840} INFO - DAG(s) 'hello_airflow' retrieved from /opt/airflow/dags/hello_airflow.py
[2026-03-08T08:50:24.280+0000] {logging_mixin.py:188} INFO - [2026-03-08T08:50:24.280+0000] {dag.py:3089} INFO - Sync 1 DAGs
[2026-03-08T08:50:24.290+0000] {logging_mixin.py:188} INFO - [2026-03-08T08:50:24.290+0000] {dag.py:3947} INFO - Setting next_dagrun for hello_airflow to None, run_after=None
[2026-03-08T08:50:24.305+0000] {processor.py:183} INFO - Processing /opt/airflow/dags/hello_airflow.py took 0.077 seconds
[2026-03-08T08:50:54.721+0000] {processor.py:161} INFO - Started process (PID=6053) to work on /opt/airflow/dags/hello_airflow.py
[2026-03-08T08:50:54.723+0000] {processor.py:830} INFO - Processing file /opt/airflow/dags/hello_airflow.py for tasks to queue
[2026-03-08T08:50:54.726+0000] {logging_mixin.py:188} INFO - [2026-03-08T08:50:54.725+0000] {dagbag.py:545} INFO - Filling up the DagBag from /opt/airflow/dags/hello_airflow.py
[2026-03-08T08:50:54.737+0000] {processor.py:840} INFO - DAG(s) 'hello_airflow' retrieved from /opt/airflow/dags/hello_airflow.py
[2026-03-08T08:50:54.765+0000] {logging_mixin.py:188} INFO - [2026-03-08T08:50:54.765+0000] {dag.py:3089} INFO - Sync 1 DAGs
[2026-03-08T08:50:54.775+0000] {logging_mixin.py:188} INFO - [2026-03-08T08:50:54.775+0000] {dag.py:3947} INFO - Setting next_dagrun for hello_airflow to None, run_after=None
[2026-03-08T08:50:54.789+0000] {processor.py:183} INFO - Processing /opt/airflow/dags/hello_airflow.py took 0.073 seconds
[2026-03-08T08:51:25.170+0000] {processor.py:161} INFO - Started process (PID=6063) to work on /opt/airflow/dags/hello_airflow.py
[2026-03-08T08:51:25.171+0000] {processor.py:830} INFO - Processing file /opt/airflow/dags/hello_airflow.py for tasks to queue
[2026-03-08T08:51:25.174+0000] {logging_mixin.py:188} INFO - [2026-03-08T08:51:25.174+0000] {dagbag.py:545} INFO - Filling up the DagBag from /opt/airflow/dags/hello_airflow.py
[2026-03-08T08:51:25.185+0000] {processor.py:840} INFO - DAG(s) 'hello_airflow' retrieved from /opt/airflow/dags/hello_airflow.py
[2026-03-08T08:51:25.211+0000] {logging_mixin.py:188} INFO - [2026-03-08T08:51:25.211+0000] {dag.py:3089} INFO - Sync 1 DAGs
[2026-03-08T08:51:25.220+0000] {logging_mixin.py:188} INFO - [2026-03-08T08:51:25.220+0000] {dag.py:3947} INFO - Setting next_dagrun for hello_airflow to None, run_after=None
[2026-03-08T08:51:25.234+0000] {processor.py:183} INFO - Processing /opt/airflow/dags/hello_airflow.py took 0.071 seconds
[2026-03-08T08:54:56.242+0000] {processor.py:161} INFO - Started process (PID=6073) to work on /opt/airflow/dags/hello_airflow.py
[2026-03-08T08:54:56.244+0000] {processor.py:830} INFO - Processing file /opt/airflow/dags/hello_airflow.py for tasks to queue
[2026-03-08T08:54:56.247+0000] {logging_mixin.py:188} INFO - [2026-03-08T08:54:56.247+0000] {dagbag.py:545} INFO - Filling up the DagBag from /opt/airflow/dags/hello_airflow.py
[2026-03-08T08:54:56.263+0000] {processor.py:840} INFO - DAG(s) 'hello_airflow' retrieved from /opt/airflow/dags/hello_airflow.py
[2026-03-08T08:54:56.312+0000] {logging_mixin.py:188} INFO - [2026-03-08T08:54:56.312+0000] {dag.py:3089} INFO - Sync 1 DAGs
[2026-03-08T08:54:56.325+0000] {logging_mixin.py:188} INFO - [2026-03-08T08:54:56.325+0000] {dag.py:3947} INFO - Setting next_dagrun for hello_airflow to None, run_after=None
[2026-03-08T08:54:56.341+0000] {processor.py:183} INFO - Processing /opt/airflow/dags/hello_airflow.py took 0.106 seconds
[2026-03-08T08:55:26.759+0000] {processor.py:161} INFO - Started process (PID=6082) to work on /opt/airflow/dags/hello_airflow.py
[2026-03-08T08:55:26.761+0000] {processor.py:830} INFO - Processing file /opt/airflow/dags/hello_airflow.py for tasks to queue
[2026-03-08T08:55:26.763+0000] {logging_mixin.py:188} INFO - [2026-03-08T08:55:26.763+0000] {dagbag.py:545} INFO - Filling up the DagBag from /opt/airflow/dags/hello_airflow.py
[2026-03-08T08:55:26.775+0000] {processor.py:840} INFO - DAG(s) 'hello_airflow' retrieved from /opt/airflow/dags/hello_airflow.py
[2026-03-08T08:55:26.799+0000] {logging_mixin.py:188} INFO - [2026-03-08T08:55:26.799+0000] {dag.py:3089} INFO - Sync 1 DAGs
[2026-03-08T08:55:26.806+0000] {logging_mixin.py:188} INFO - [2026-03-08T08:55:26.806+0000] {dag.py:3947} INFO - Setting next_dagrun for hello_airflow to None, run_after=None
[2026-03-08T08:55:26.823+0000] {processor.py:183} INFO - Processing /opt/airflow/dags/hello_airflow.py took 0.081 seconds
[2026-03-08T08:55:57.254+0000] {processor.py:161} INFO - Started process (PID=6093) to work on /opt/airflow/dags/hello_airflow.py
[2026-03-08T08:55:57.256+0000] {processor.py:830} INFO - Processing file /opt/airflow/dags/hello_airflow.py for tasks to queue
[2026-03-08T08:55:57.260+0000] {logging_mixin.py:188} INFO - [2026-03-08T08:55:57.259+0000] {dagbag.py:545} INFO - Filling up the DagBag from /opt/airflow/dags/hello_airflow.py
[2026-03-08T08:55:57.275+0000] {processor.py:840} INFO - DAG(s) 'hello_airflow' retrieved from /opt/airflow/dags/hello_airflow.py
[2026-03-08T08:55:57.311+0000] {logging_mixin.py:188} INFO - [2026-03-08T08:55:57.310+0000] {dag.py:3089} INFO - Sync 1 DAGs
[2026-03-08T08:55:57.324+0000] {logging_mixin.py:188} INFO - [2026-03-08T08:55:57.323+0000] {dag.py:3947} INFO - Setting next_dagrun for hello_airflow to None, run_after=None
[2026-03-08T08:55:57.339+0000] {processor.py:183} INFO - Processing /opt/airflow/dags/hello_airflow.py took 0.094 seconds
[2026-03-08T08:56:27.481+0000] {processor.py:161} INFO - Started process (PID=6103) to work on /opt/airflow/dags/hello_airflow.py
[2026-03-08T08:56:27.482+0000] {processor.py:830} INFO - Processing file /opt/airflow/dags/hello_airflow.py for tasks to queue
[2026-03-08T08:56:27.486+0000] {logging_mixin.py:188} INFO - [2026-03-08T08:56:27.485+0000] {dagbag.py:545} INFO - Filling up the DagBag from /opt/airflow/dags/hello_airflow.py
[2026-03-08T08:56:27.497+0000] {processor.py:840} INFO - DAG(s) 'hello_airflow' retrieved from /opt/airflow/dags/hello_airflow.py
[2026-03-08T08:56:27.529+0000] {logging_mixin.py:188} INFO - [2026-03-08T08:56:27.529+0000] {dag.py:3089} INFO - Sync 1 DAGs
[2026-03-08T08:56:27.539+0000] {logging_mixin.py:188} INFO - [2026-03-08T08:56:27.539+0000] {dag.py:3947} INFO - Setting next_dagrun for hello_airflow to None, run_after=None
[2026-03-08T08:56:27.559+0000] {processor.py:183} INFO - Processing /opt/airflow/dags/hello_airflow.py took 0.085 seconds
[2026-03-08T08:56:57.932+0000] {processor.py:161} INFO - Started process (PID=6113) to work on /opt/airflow/dags/hello_airflow.py
[2026-03-08T08:56:57.933+0000] {processor.py:830} INFO - Processing file /opt/airflow/dags/hello_airflow.py for tasks to queue
[2026-03-08T08:56:57.936+0000] {logging_mixin.py:188} INFO - [2026-03-08T08:56:57.936+0000] {dagbag.py:545} INFO - Filling up the DagBag from /opt/airflow/dags/hello_airflow.py
[2026-03-08T08:56:57.951+0000] {processor.py:840} INFO - DAG(s) 'hello_airflow' retrieved from /opt/airflow/dags/hello_airflow.py
[2026-03-08T08:56:57.974+0000] {logging_mixin.py:188} INFO - [2026-03-08T08:56:57.973+0000] {dag.py:3089} INFO - Sync 1 DAGs
[2026-03-08T08:56:57.980+0000] {logging_mixin.py:188} INFO - [2026-03-08T08:56:57.980+0000] {dag.py:3947} INFO - Setting next_dagrun for hello_airflow to None, run_after=None
[2026-03-08T08:56:57.995+0000] {processor.py:183} INFO - Processing /opt/airflow/dags/hello_airflow.py took 0.069 seconds
[2026-03-08T08:59:29.549+0000] {processor.py:161} INFO - Started process (PID=6123) to work on /opt/airflow/dags/hello_airflow.py
[2026-03-08T08:59:29.551+0000] {processor.py:830} INFO - Processing file /opt/airflow/dags/hello_airflow.py for tasks to queue
[2026-03-08T08:59:29.555+0000] {logging_mixin.py:188} INFO - [2026-03-08T08:59:29.554+0000] {dagbag.py:545} INFO - Filling up the DagBag from /opt/airflow/dags/hello_airflow.py
[2026-03-08T08:59:29.586+0000] {processor.py:840} INFO - DAG(s) 'hello_airflow' retrieved from /opt/airflow/dags/hello_airflow.py
[2026-03-08T08:59:29.633+0000] {logging_mixin.py:188} INFO - [2026-03-08T08:59:29.633+0000] {dag.py:3089} INFO - Sync 1 DAGs
[2026-03-08T08:59:29.645+0000] {logging_mixin.py:188} INFO - [2026-03-08T08:59:29.645+0000] {dag.py:3947} INFO - Setting next_dagrun for hello_airflow to None, run_after=None
[2026-03-08T08:59:29.661+0000] {processor.py:183} INFO - Processing /opt/airflow/dags/hello_airflow.py took 0.120 seconds
[2026-03-08T09:00:00.012+0000] {processor.py:161} INFO - Started process (PID=6131) to work on /opt/airflow/dags/hello_airflow.py
[2026-03-08T09:00:00.013+0000] {processor.py:830} INFO - Processing file /opt/airflow/dags/hello_airflow.py for tasks to queue
[2026-03-08T09:00:00.016+0000] {logging_mixin.py:188} INFO - [2026-03-08T09:00:00.016+0000] {dagbag.py:545} INFO - Filling up the DagBag from /opt/airflow/dags/hello_airflow.py
[2026-03-08T09:00:00.033+0000] {processor.py:840} INFO - DAG(s) 'hello_airflow' retrieved from /opt/airflow/dags/hello_airflow.py
[2026-03-08T09:00:00.073+0000] {logging_mixin.py:188} INFO - [2026-03-08T09:00:00.073+0000] {dag.py:3089} INFO - Sync 1 DAGs
[2026-03-08T09:00:00.084+0000] {logging_mixin.py:188} INFO - [2026-03-08T09:00:00.084+0000] {dag.py:3947} INFO - Setting next_dagrun for hello_airflow to None, run_after=None
[2026-03-08T09:00:00.097+0000] {processor.py:183} INFO - Processing /opt/airflow/dags/hello_airflow.py took 0.095 seconds
[2026-03-08T09:00:30.612+0000] {processor.py:161} INFO - Started process (PID=6143) to work on /opt/airflow/dags/hello_airflow.py
[2026-03-08T09:00:30.613+0000] {processor.py:830} INFO - Processing file /opt/airflow/dags/hello_airflow.py for tasks to queue
[2026-03-08T09:00:30.615+0000] {logging_mixin.py:188} INFO - [2026-03-08T09:00:30.615+0000] {dagbag.py:545} INFO - Filling up the DagBag from /opt/airflow/dags/hello_airflow.py
[2026-03-08T09:00:30.630+0000] {processor.py:840} INFO - DAG(s) 'hello_airflow' retrieved from /opt/airflow/dags/hello_airflow.py
[2026-03-08T09:00:30.661+0000] {logging_mixin.py:188} INFO - [2026-03-08T09:00:30.660+0000] {dag.py:3089} INFO - Sync 1 DAGs
[2026-03-08T09:00:30.673+0000] {logging_mixin.py:188} INFO - [2026-03-08T09:00:30.673+0000] {dag.py:3947} INFO - Setting next_dagrun for hello_airflow to None, run_after=None
[2026-03-08T09:00:30.688+0000] {processor.py:183} INFO - Processing /opt/airflow/dags/hello_airflow.py took 0.087 seconds
[2026-03-08T09:01:01.476+0000] {processor.py:161} INFO - Started process (PID=6152) to work on /opt/airflow/dags/hello_airflow.py
[2026-03-08T09:01:01.478+0000] {processor.py:830} INFO - Processing file /opt/airflow/dags/hello_airflow.py for tasks to queue
[2026-03-08T09:01:01.481+0000] {logging_mixin.py:188} INFO - [2026-03-08T09:01:01.481+0000] {dagbag.py:545} INFO - Filling up the DagBag from /opt/airflow/dags/hello_airflow.py
[2026-03-08T09:01:01.517+0000] {processor.py:840} INFO - DAG(s) 'hello_airflow' retrieved from /opt/airflow/dags/hello_airflow.py
[2026-03-08T09:01:01.555+0000] {logging_mixin.py:188} INFO - [2026-03-08T09:01:01.555+0000] {dag.py:3089} INFO - Sync 1 DAGs
[2026-03-08T09:01:01.568+0000] {logging_mixin.py:188} INFO - [2026-03-08T09:01:01.568+0000] {dag.py:3947} INFO - Setting next_dagrun for hello_airflow to None, run_after=None
[2026-03-08T09:01:01.584+0000] {processor.py:183} INFO - Processing /opt/airflow/dags/hello_airflow.py took 0.119 seconds
[2026-03-08T09:01:31.885+0000] {processor.py:161} INFO - Started process (PID=6163) to work on /opt/airflow/dags/hello_airflow.py
[2026-03-08T09:01:31.885+0000] {processor.py:830} INFO - Processing file /opt/airflow/dags/hello_airflow.py for tasks to queue
[2026-03-08T09:01:31.888+0000] {logging_mixin.py:188} INFO - [2026-03-08T09:01:31.887+0000] {dagbag.py:545} INFO - Filling up the DagBag from /opt/airflow/dags/hello_airflow.py
[2026-03-08T09:01:31.896+0000] {processor.py:840} INFO - DAG(s) 'hello_airflow' retrieved from /opt/airflow/dags/hello_airflow.py
[2026-03-08T09:01:31.925+0000] {logging_mixin.py:188} INFO - [2026-03-08T09:01:31.925+0000] {dag.py:3089} INFO - Sync 1 DAGs
[2026-03-08T09:01:31.936+0000] {logging_mixin.py:188} INFO - [2026-03-08T09:01:31.936+0000] {dag.py:3947} INFO - Setting next_dagrun for hello_airflow to None, run_after=None
[2026-03-08T09:01:31.956+0000] {processor.py:183} INFO - Processing /opt/airflow/dags/hello_airflow.py took 0.085 seconds
[2026-03-08T09:04:59.863+0000] {processor.py:161} INFO - Started process (PID=6172) to work on /opt/airflow/dags/hello_airflow.py
[2026-03-08T09:04:59.864+0000] {processor.py:830} INFO - Processing file /opt/airflow/dags/hello_airflow.py for tasks to queue
[2026-03-08T09:04:59.873+0000] {logging_mixin.py:188} INFO - [2026-03-08T09:04:59.871+0000] {dagbag.py:545} INFO - Filling up the DagBag from /opt/airflow/dags/hello_airflow.py
[2026-03-08T09:04:59.903+0000] {processor.py:840} INFO - DAG(s) 'hello_airflow' retrieved from /opt/airflow/dags/hello_airflow.py
[2026-03-08T09:04:59.938+0000] {logging_mixin.py:188} INFO - [2026-03-08T09:04:59.938+0000] {dag.py:3089} INFO - Sync 1 DAGs
[2026-03-08T09:04:59.953+0000] {logging_mixin.py:188} INFO - [2026-03-08T09:04:59.953+0000] {dag.py:3947} INFO - Setting next_dagrun for hello_airflow to None, run_after=None
[2026-03-08T09:04:59.969+0000] {processor.py:183} INFO - Processing /opt/airflow/dags/hello_airflow.py took 0.117 seconds
[2026-03-08T09:20:45.713+0000] {processor.py:161} INFO - Started process (PID=6182) to work on /opt/airflow/dags/hello_airflow.py
[2026-03-08T09:20:45.717+0000] {processor.py:830} INFO - Processing file /opt/airflow/dags/hello_airflow.py for tasks to queue
[2026-03-08T09:20:45.725+0000] {logging_mixin.py:188} INFO - [2026-03-08T09:20:45.725+0000] {dagbag.py:545} INFO - Filling up the DagBag from /opt/airflow/dags/hello_airflow.py
[2026-03-08T09:20:45.740+0000] {processor.py:840} INFO - DAG(s) 'hello_airflow' retrieved from /opt/airflow/dags/hello_airflow.py
[2026-03-08T09:20:45.780+0000] {logging_mixin.py:188} INFO - [2026-03-08T09:20:45.780+0000] {dag.py:3089} INFO - Sync 1 DAGs
[2026-03-08T09:20:45.791+0000] {logging_mixin.py:188} INFO - [2026-03-08T09:20:45.791+0000] {dag.py:3947} INFO - Setting next_dagrun for hello_airflow to None, run_after=None
[2026-03-08T09:20:45.812+0000] {processor.py:183} INFO - Processing /opt/airflow/dags/hello_airflow.py took 0.108 seconds
[2026-03-08T09:21:16.282+0000] {processor.py:161} INFO - Started process (PID=6193) to work on /opt/airflow/dags/hello_airflow.py
[2026-03-08T09:21:16.283+0000] {processor.py:830} INFO - Processing file /opt/airflow/dags/hello_airflow.py for tasks to queue
[2026-03-08T09:21:16.285+0000] {logging_mixin.py:188} INFO - [2026-03-08T09:21:16.285+0000] {dagbag.py:545} INFO - Filling up the DagBag from /opt/airflow/dags/hello_airflow.py
[2026-03-08T09:21:16.296+0000] {processor.py:840} INFO - DAG(s) 'hello_airflow' retrieved from /opt/airflow/dags/hello_airflow.py
[2026-03-08T09:21:16.328+0000] {logging_mixin.py:188} INFO - [2026-03-08T09:21:16.328+0000] {dag.py:3089} INFO - Sync 1 DAGs
[2026-03-08T09:21:16.336+0000] {logging_mixin.py:188} INFO - [2026-03-08T09:21:16.336+0000] {dag.py:3947} INFO - Setting next_dagrun for hello_airflow to None, run_after=None
[2026-03-08T09:21:16.349+0000] {processor.py:183} INFO - Processing /opt/airflow/dags/hello_airflow.py took 0.075 seconds
[2026-03-08T09:21:46.772+0000] {processor.py:161} INFO - Started process (PID=6202) to work on /opt/airflow/dags/hello_airflow.py
[2026-03-08T09:21:46.773+0000] {processor.py:830} INFO - Processing file /opt/airflow/dags/hello_airflow.py for tasks to queue
[2026-03-08T09:21:46.777+0000] {logging_mixin.py:188} INFO - [2026-03-08T09:21:46.776+0000] {dagbag.py:545} INFO - Filling up the DagBag from /opt/airflow/dags/hello_airflow.py
[2026-03-08T09:21:46.793+0000] {processor.py:840} INFO - DAG(s) 'hello_airflow' retrieved from /opt/airflow/dags/hello_airflow.py
[2026-03-08T09:21:46.824+0000] {logging_mixin.py:188} INFO - [2026-03-08T09:21:46.824+0000] {dag.py:3089} INFO - Sync 1 DAGs
[2026-03-08T09:21:46.837+0000] {logging_mixin.py:188} INFO - [2026-03-08T09:21:46.837+0000] {dag.py:3947} INFO - Setting next_dagrun for hello_airflow to None, run_after=None
[2026-03-08T09:21:46.851+0000] {processor.py:183} INFO - Processing /opt/airflow/dags/hello_airflow.py took 0.092 seconds
[2026-03-08T09:22:17.340+0000] {processor.py:161} INFO - Started process (PID=6212) to work on /opt/airflow/dags/hello_airflow.py
[2026-03-08T09:22:17.342+0000] {processor.py:830} INFO - Processing file /opt/airflow/dags/hello_airflow.py for tasks to queue
[2026-03-08T09:22:17.346+0000] {logging_mixin.py:188} INFO - [2026-03-08T09:22:17.345+0000] {dagbag.py:545} INFO - Filling up the DagBag from /opt/airflow/dags/hello_airflow.py
[2026-03-08T09:22:17.365+0000] {processor.py:840} INFO - DAG(s) 'hello_airflow' retrieved from /opt/airflow/dags/hello_airflow.py
[2026-03-08T09:22:17.399+0000] {logging_mixin.py:188} INFO - [2026-03-08T09:22:17.398+0000] {dag.py:3089} INFO - Sync 1 DAGs
[2026-03-08T09:22:17.411+0000] {logging_mixin.py:188} INFO - [2026-03-08T09:22:17.411+0000] {dag.py:3947} INFO - Setting next_dagrun for hello_airflow to None, run_after=None
[2026-03-08T09:22:17.425+0000] {processor.py:183} INFO - Processing /opt/airflow/dags/hello_airflow.py took 0.096 seconds
[2026-03-08T09:22:47.754+0000] {processor.py:161} INFO - Started process (PID=6223) to work on /opt/airflow/dags/hello_airflow.py
[2026-03-08T09:22:47.756+0000] {processor.py:830} INFO - Processing file /opt/airflow/dags/hello_airflow.py for tasks to queue
[2026-03-08T09:22:47.758+0000] {logging_mixin.py:188} INFO - [2026-03-08T09:22:47.757+0000] {dagbag.py:545} INFO - Filling up the DagBag from /opt/airflow/dags/hello_airflow.py
[2026-03-08T09:22:47.772+0000] {processor.py:840} INFO - DAG(s) 'hello_airflow' retrieved from /opt/airflow/dags/hello_airflow.py
[2026-03-08T09:22:47.801+0000] {logging_mixin.py:188} INFO - [2026-03-08T09:22:47.801+0000] {dag.py:3089} INFO - Sync 1 DAGs
[2026-03-08T09:22:47.809+0000] {logging_mixin.py:188} INFO - [2026-03-08T09:22:47.809+0000] {dag.py:3947} INFO - Setting next_dagrun for hello_airflow to None, run_after=None
[2026-03-08T09:22:47.821+0000] {processor.py:183} INFO - Processing /opt/airflow/dags/hello_airflow.py took 0.079 seconds
[2026-03-08T09:23:18.264+0000] {processor.py:161} INFO - Started process (PID=6233) to work on /opt/airflow/dags/hello_airflow.py
[2026-03-08T09:23:18.266+0000] {processor.py:830} INFO - Processing file /opt/airflow/dags/hello_airflow.py for tasks to queue
[2026-03-08T09:23:18.268+0000] {logging_mixin.py:188} INFO - [2026-03-08T09:23:18.268+0000] {dagbag.py:545} INFO - Filling up the DagBag from /opt/airflow/dags/hello_airflow.py
[2026-03-08T09:23:18.283+0000] {processor.py:840} INFO - DAG(s) 'hello_airflow' retrieved from /opt/airflow/dags/hello_airflow.py
[2026-03-08T09:23:18.312+0000] {logging_mixin.py:188} INFO - [2026-03-08T09:23:18.311+0000] {dag.py:3089} INFO - Sync 1 DAGs
[2026-03-08T09:23:18.321+0000] {logging_mixin.py:188} INFO - [2026-03-08T09:23:18.321+0000] {dag.py:3947} INFO - Setting next_dagrun for hello_airflow to None, run_after=None
[2026-03-08T09:23:18.333+0000] {processor.py:183} INFO - Processing /opt/airflow/dags/hello_airflow.py took 0.077 seconds
[2026-03-08T09:23:48.761+0000] {processor.py:161} INFO - Started process (PID=6243) to work on /opt/airflow/dags/hello_airflow.py
[2026-03-08T09:23:48.763+0000] {processor.py:830} INFO - Processing file /opt/airflow/dags/hello_airflow.py for tasks to queue
[2026-03-08T09:23:48.766+0000] {logging_mixin.py:188} INFO - [2026-03-08T09:23:48.765+0000] {dagbag.py:545} INFO - Filling up the DagBag from /opt/airflow/dags/hello_airflow.py
[2026-03-08T09:23:48.783+0000] {processor.py:840} INFO - DAG(s) 'hello_airflow' retrieved from /opt/airflow/dags/hello_airflow.py
[2026-03-08T09:23:48.814+0000] {logging_mixin.py:188} INFO - [2026-03-08T09:23:48.814+0000] {dag.py:3089} INFO - Sync 1 DAGs
[2026-03-08T09:23:48.824+0000] {logging_mixin.py:188} INFO - [2026-03-08T09:23:48.823+0000] {dag.py:3947} INFO - Setting next_dagrun for hello_airflow to None, run_after=None
[2026-03-08T09:23:48.835+0000] {processor.py:183} INFO - Processing /opt/airflow/dags/hello_airflow.py took 0.083 seconds
[2026-03-08T09:24:19.254+0000] {processor.py:161} INFO - Started process (PID=6253) to work on /opt/airflow/dags/hello_airflow.py
[2026-03-08T09:24:19.255+0000] {processor.py:830} INFO - Processing file /opt/airflow/dags/hello_airflow.py for tasks to queue
[2026-03-08T09:24:19.258+0000] {logging_mixin.py:188} INFO - [2026-03-08T09:24:19.257+0000] {dagbag.py:545} INFO - Filling up the DagBag from /opt/airflow/dags/hello_airflow.py
[2026-03-08T09:24:19.269+0000] {processor.py:840} INFO - DAG(s) 'hello_airflow' retrieved from /opt/airflow/dags/hello_airflow.py
[2026-03-08T09:24:19.297+0000] {logging_mixin.py:188} INFO - [2026-03-08T09:24:19.297+0000] {dag.py:3089} INFO - Sync 1 DAGs
[2026-03-08T09:24:19.306+0000] {logging_mixin.py:188} INFO - [2026-03-08T09:24:19.306+0000] {dag.py:3947} INFO - Setting next_dagrun for hello_airflow to None, run_after=None
[2026-03-08T09:24:19.320+0000] {processor.py:183} INFO - Processing /opt/airflow/dags/hello_airflow.py took 0.074 seconds
[2026-03-08T09:24:49.746+0000] {processor.py:161} INFO - Started process (PID=6262) to work on /opt/airflow/dags/hello_airflow.py
[2026-03-08T09:24:49.748+0000] {processor.py:830} INFO - Processing file /opt/airflow/dags/hello_airflow.py for tasks to queue
[2026-03-08T09:24:49.750+0000] {logging_mixin.py:188} INFO - [2026-03-08T09:24:49.749+0000] {dagbag.py:545} INFO - Filling up the DagBag from /opt/airflow/dags/hello_airflow.py
[2026-03-08T09:24:49.760+0000] {processor.py:840} INFO - DAG(s) 'hello_airflow' retrieved from /opt/airflow/dags/hello_airflow.py
[2026-03-08T09:24:49.792+0000] {logging_mixin.py:188} INFO - [2026-03-08T09:24:49.792+0000] {dag.py:3089} INFO - Sync 1 DAGs
[2026-03-08T09:24:49.802+0000] {logging_mixin.py:188} INFO - [2026-03-08T09:24:49.802+0000] {dag.py:3947} INFO - Setting next_dagrun for hello_airflow to None, run_after=None
[2026-03-08T09:24:49.815+0000] {processor.py:183} INFO - Processing /opt/airflow/dags/hello_airflow.py took 0.076 seconds
[2026-03-08T09:25:20.214+0000] {processor.py:161} INFO - Started process (PID=6273) to work on /opt/airflow/dags/hello_airflow.py
[2026-03-08T09:25:20.216+0000] {processor.py:830} INFO - Processing file /opt/airflow/dags/hello_airflow.py for tasks to queue
[2026-03-08T09:25:20.218+0000] {logging_mixin.py:188} INFO - [2026-03-08T09:25:20.218+0000] {dagbag.py:545} INFO - Filling up the DagBag from /opt/airflow/dags/hello_airflow.py
[2026-03-08T09:25:20.234+0000] {processor.py:840} INFO - DAG(s) 'hello_airflow' retrieved from /opt/airflow/dags/hello_airflow.py
[2026-03-08T09:25:20.262+0000] {logging_mixin.py:188} INFO - [2026-03-08T09:25:20.262+0000] {dag.py:3089} INFO - Sync 1 DAGs
[2026-03-08T09:25:20.272+0000] {logging_mixin.py:188} INFO - [2026-03-08T09:25:20.272+0000] {dag.py:3947} INFO - Setting next_dagrun for hello_airflow to None, run_after=None
[2026-03-08T09:25:20.285+0000] {processor.py:183} INFO - Processing /opt/airflow/dags/hello_airflow.py took 0.080 seconds
[2026-03-08T09:28:19.398+0000] {processor.py:161} INFO - Started process (PID=6283) to work on /opt/airflow/dags/hello_airflow.py
[2026-03-08T09:28:19.399+0000] {processor.py:830} INFO - Processing file /opt/airflow/dags/hello_airflow.py for tasks to queue
[2026-03-08T09:28:19.401+0000] {logging_mixin.py:188} INFO - [2026-03-08T09:28:19.401+0000] {dagbag.py:545} INFO - Filling up the DagBag from /opt/airflow/dags/hello_airflow.py
[2026-03-08T09:28:19.421+0000] {processor.py:840} INFO - DAG(s) 'hello_airflow' retrieved from /opt/airflow/dags/hello_airflow.py
[2026-03-08T09:28:19.452+0000] {logging_mixin.py:188} INFO - [2026-03-08T09:28:19.452+0000] {dag.py:3089} INFO - Sync 1 DAGs
[2026-03-08T09:28:19.466+0000] {logging_mixin.py:188} INFO - [2026-03-08T09:28:19.466+0000] {dag.py:3947} INFO - Setting next_dagrun for hello_airflow to None, run_after=None
[2026-03-08T09:28:19.481+0000] {processor.py:183} INFO - Processing /opt/airflow/dags/hello_airflow.py took 0.093 seconds
[2026-03-08T09:28:49.968+0000] {processor.py:161} INFO - Started process (PID=6293) to work on /opt/airflow/dags/hello_airflow.py
[2026-03-08T09:28:49.969+0000] {processor.py:830} INFO - Processing file /opt/airflow/dags/hello_airflow.py for tasks to queue
[2026-03-08T09:28:49.971+0000] {logging_mixin.py:188} INFO - [2026-03-08T09:28:49.970+0000] {dagbag.py:545} INFO - Filling up the DagBag from /opt/airflow/dags/hello_airflow.py
[2026-03-08T09:28:49.982+0000] {processor.py:840} INFO - DAG(s) 'hello_airflow' retrieved from /opt/airflow/dags/hello_airflow.py
[2026-03-08T09:28:50.008+0000] {logging_mixin.py:188} INFO - [2026-03-08T09:28:50.008+0000] {dag.py:3089} INFO - Sync 1 DAGs
[2026-03-08T09:28:50.017+0000] {logging_mixin.py:188} INFO - [2026-03-08T09:28:50.016+0000] {dag.py:3947} INFO - Setting next_dagrun for hello_airflow to None, run_after=None
[2026-03-08T09:28:50.031+0000] {processor.py:183} INFO - Processing /opt/airflow/dags/hello_airflow.py took 0.069 seconds
[2026-03-08T09:29:20.386+0000] {processor.py:161} INFO - Started process (PID=6303) to work on /opt/airflow/dags/hello_airflow.py
[2026-03-08T09:29:20.388+0000] {processor.py:830} INFO - Processing file /opt/airflow/dags/hello_airflow.py for tasks to queue
[2026-03-08T09:29:20.391+0000] {logging_mixin.py:188} INFO - [2026-03-08T09:29:20.391+0000] {dagbag.py:545} INFO - Filling up the DagBag from /opt/airflow/dags/hello_airflow.py
[2026-03-08T09:29:20.403+0000] {processor.py:840} INFO - DAG(s) 'hello_airflow' retrieved from /opt/airflow/dags/hello_airflow.py
[2026-03-08T09:29:20.433+0000] {logging_mixin.py:188} INFO - [2026-03-08T09:29:20.433+0000] {dag.py:3089} INFO - Sync 1 DAGs
[2026-03-08T09:29:20.443+0000] {logging_mixin.py:188} INFO - [2026-03-08T09:29:20.443+0000] {dag.py:3947} INFO - Setting next_dagrun for hello_airflow to None, run_after=None
[2026-03-08T09:29:20.455+0000] {processor.py:183} INFO - Processing /opt/airflow/dags/hello_airflow.py took 0.075 seconds
[2026-03-08T09:29:50.929+0000] {processor.py:161} INFO - Started process (PID=6313) to work on /opt/airflow/dags/hello_airflow.py
[2026-03-08T09:29:50.931+0000] {processor.py:830} INFO - Processing file /opt/airflow/dags/hello_airflow.py for tasks to queue
[2026-03-08T09:29:50.934+0000] {logging_mixin.py:188} INFO - [2026-03-08T09:29:50.933+0000] {dagbag.py:545} INFO - Filling up the DagBag from /opt/airflow/dags/hello_airflow.py
[2026-03-08T09:29:50.947+0000] {processor.py:840} INFO - DAG(s) 'hello_airflow' retrieved from /opt/airflow/dags/hello_airflow.py
[2026-03-08T09:29:50.978+0000] {logging_mixin.py:188} INFO - [2026-03-08T09:29:50.978+0000] {dag.py:3089} INFO - Sync 1 DAGs
[2026-03-08T09:29:50.989+0000] {logging_mixin.py:188} INFO - [2026-03-08T09:29:50.989+0000] {dag.py:3947} INFO - Setting next_dagrun for hello_airflow to None, run_after=None
[2026-03-08T09:29:51.003+0000] {processor.py:183} INFO - Processing /opt/airflow/dags/hello_airflow.py took 0.082 seconds
[2026-03-08T09:30:21.385+0000] {processor.py:161} INFO - Started process (PID=6323) to work on /opt/airflow/dags/hello_airflow.py
[2026-03-08T09:30:21.388+0000] {processor.py:830} INFO - Processing file /opt/airflow/dags/hello_airflow.py for tasks to queue
[2026-03-08T09:30:21.390+0000] {logging_mixin.py:188} INFO - [2026-03-08T09:30:21.389+0000] {dagbag.py:545} INFO - Filling up the DagBag from /opt/airflow/dags/hello_airflow.py
[2026-03-08T09:30:21.408+0000] {processor.py:840} INFO - DAG(s) 'hello_airflow' retrieved from /opt/airflow/dags/hello_airflow.py
[2026-03-08T09:30:21.436+0000] {logging_mixin.py:188} INFO - [2026-03-08T09:30:21.436+0000] {dag.py:3089} INFO - Sync 1 DAGs
[2026-03-08T09:30:21.445+0000] {logging_mixin.py:188} INFO - [2026-03-08T09:30:21.444+0000] {dag.py:3947} INFO - Setting next_dagrun for hello_airflow to None, run_after=None
[2026-03-08T09:30:21.458+0000] {processor.py:183} INFO - Processing /opt/airflow/dags/hello_airflow.py took 0.083 seconds
[2026-03-08T09:34:57.327+0000] {processor.py:161} INFO - Started process (PID=6333) to work on /opt/airflow/dags/hello_airflow.py
[2026-03-08T09:34:57.329+0000] {processor.py:830} INFO - Processing file /opt/airflow/dags/hello_airflow.py for tasks to queue
[2026-03-08T09:34:57.333+0000] {logging_mixin.py:188} INFO - [2026-03-08T09:34:57.332+0000] {dagbag.py:545} INFO - Filling up the DagBag from /opt/airflow/dags/hello_airflow.py
[2026-03-08T09:34:57.362+0000] {processor.py:840} INFO - DAG(s) 'hello_airflow' retrieved from /opt/airflow/dags/hello_airflow.py
[2026-03-08T09:34:57.425+0000] {logging_mixin.py:188} INFO - [2026-03-08T09:34:57.424+0000] {dag.py:3089} INFO - Sync 1 DAGs
[2026-03-08T09:34:57.443+0000] {logging_mixin.py:188} INFO - [2026-03-08T09:34:57.442+0000] {dag.py:3947} INFO - Setting next_dagrun for hello_airflow to None, run_after=None
[2026-03-08T09:34:57.466+0000] {processor.py:183} INFO - Processing /opt/airflow/dags/hello_airflow.py took 0.148 seconds
[2026-03-08T09:35:27.655+0000] {processor.py:161} INFO - Started process (PID=6342) to work on /opt/airflow/dags/hello_airflow.py
[2026-03-08T09:35:27.657+0000] {processor.py:830} INFO - Processing file /opt/airflow/dags/hello_airflow.py for tasks to queue
[2026-03-08T09:35:27.661+0000] {logging_mixin.py:188} INFO - [2026-03-08T09:35:27.660+0000] {dagbag.py:545} INFO - Filling up the DagBag from /opt/airflow/dags/hello_airflow.py
[2026-03-08T09:35:27.684+0000] {processor.py:840} INFO - DAG(s) 'hello_airflow' retrieved from /opt/airflow/dags/hello_airflow.py
[2026-03-08T09:35:27.743+0000] {logging_mixin.py:188} INFO - [2026-03-08T09:35:27.743+0000] {dag.py:3089} INFO - Sync 1 DAGs
[2026-03-08T09:35:27.755+0000] {logging_mixin.py:188} INFO - [2026-03-08T09:35:27.755+0000] {dag.py:3947} INFO - Setting next_dagrun for hello_airflow to None, run_after=None
[2026-03-08T09:35:27.777+0000] {processor.py:183} INFO - Processing /opt/airflow/dags/hello_airflow.py took 0.138 seconds
[2026-03-08T09:35:58.230+0000] {processor.py:161} INFO - Started process (PID=6353) to work on /opt/airflow/dags/hello_airflow.py
[2026-03-08T09:35:58.235+0000] {processor.py:830} INFO - Processing file /opt/airflow/dags/hello_airflow.py for tasks to queue
[2026-03-08T09:35:58.249+0000] {logging_mixin.py:188} INFO - [2026-03-08T09:35:58.247+0000] {dagbag.py:545} INFO - Filling up the DagBag from /opt/airflow/dags/hello_airflow.py
[2026-03-08T09:35:58.303+0000] {processor.py:840} INFO - DAG(s) 'hello_airflow' retrieved from /opt/airflow/dags/hello_airflow.py
[2026-03-08T09:35:58.394+0000] {logging_mixin.py:188} INFO - [2026-03-08T09:35:58.394+0000] {dag.py:3089} INFO - Sync 1 DAGs
[2026-03-08T09:35:58.434+0000] {logging_mixin.py:188} INFO - [2026-03-08T09:35:58.434+0000] {dag.py:3947} INFO - Setting next_dagrun for hello_airflow to None, run_after=None
[2026-03-08T09:35:58.479+0000] {processor.py:183} INFO - Processing /opt/airflow/dags/hello_airflow.py took 0.292 seconds
[2026-03-08T09:36:28.594+0000] {processor.py:161} INFO - Started process (PID=6373) to work on /opt/airflow/dags/hello_airflow.py
[2026-03-08T09:36:28.596+0000] {processor.py:830} INFO - Processing file /opt/airflow/dags/hello_airflow.py for tasks to queue
[2026-03-08T09:36:28.599+0000] {logging_mixin.py:188} INFO - [2026-03-08T09:36:28.599+0000] {dagbag.py:545} INFO - Filling up the DagBag from /opt/airflow/dags/hello_airflow.py
[2026-03-08T09:36:28.616+0000] {processor.py:840} INFO - DAG(s) 'hello_airflow' retrieved from /opt/airflow/dags/hello_airflow.py
[2026-03-08T09:36:28.667+0000] {logging_mixin.py:188} INFO - [2026-03-08T09:36:28.667+0000] {dag.py:3089} INFO - Sync 1 DAGs
[2026-03-08T09:36:28.681+0000] {logging_mixin.py:188} INFO - [2026-03-08T09:36:28.681+0000] {dag.py:3947} INFO - Setting next_dagrun for hello_airflow to None, run_after=None
[2026-03-08T09:36:28.698+0000] {processor.py:183} INFO - Processing /opt/airflow/dags/hello_airflow.py took 0.115 seconds
[2026-03-08T09:36:58.934+0000] {processor.py:161} INFO - Started process (PID=6384) to work on /opt/airflow/dags/hello_airflow.py
[2026-03-08T09:36:58.935+0000] {processor.py:830} INFO - Processing file /opt/airflow/dags/hello_airflow.py for tasks to queue
[2026-03-08T09:36:58.939+0000] {logging_mixin.py:188} INFO - [2026-03-08T09:36:58.938+0000] {dagbag.py:545} INFO - Filling up the DagBag from /opt/airflow/dags/hello_airflow.py
[2026-03-08T09:36:58.960+0000] {processor.py:840} INFO - DAG(s) 'hello_airflow' retrieved from /opt/airflow/dags/hello_airflow.py
[2026-03-08T09:36:59.003+0000] {logging_mixin.py:188} INFO - [2026-03-08T09:36:59.003+0000] {dag.py:3089} INFO - Sync 1 DAGs
[2026-03-08T09:36:59.016+0000] {logging_mixin.py:188} INFO - [2026-03-08T09:36:59.016+0000] {dag.py:3947} INFO - Setting next_dagrun for hello_airflow to None, run_after=None
[2026-03-08T09:36:59.031+0000] {processor.py:183} INFO - Processing /opt/airflow/dags/hello_airflow.py took 0.107 seconds
[2026-03-08T09:37:29.395+0000] {processor.py:161} INFO - Started process (PID=6393) to work on /opt/airflow/dags/hello_airflow.py
[2026-03-08T09:37:29.398+0000] {processor.py:830} INFO - Processing file /opt/airflow/dags/hello_airflow.py for tasks to queue
[2026-03-08T09:37:29.401+0000] {logging_mixin.py:188} INFO - [2026-03-08T09:37:29.401+0000] {dagbag.py:545} INFO - Filling up the DagBag from /opt/airflow/dags/hello_airflow.py
[2026-03-08T09:37:29.428+0000] {processor.py:840} INFO - DAG(s) 'hello_airflow' retrieved from /opt/airflow/dags/hello_airflow.py
[2026-03-08T09:37:29.488+0000] {logging_mixin.py:188} INFO - [2026-03-08T09:37:29.487+0000] {dag.py:3089} INFO - Sync 1 DAGs
[2026-03-08T09:37:29.502+0000] {logging_mixin.py:188} INFO - [2026-03-08T09:37:29.502+0000] {dag.py:3947} INFO - Setting next_dagrun for hello_airflow to None, run_after=None
[2026-03-08T09:37:29.520+0000] {processor.py:183} INFO - Processing /opt/airflow/dags/hello_airflow.py took 0.152 seconds
[2026-03-08T09:37:59.838+0000] {processor.py:161} INFO - Started process (PID=6404) to work on /opt/airflow/dags/hello_airflow.py
[2026-03-08T09:37:59.839+0000] {processor.py:830} INFO - Processing file /opt/airflow/dags/hello_airflow.py for tasks to queue
[2026-03-08T09:37:59.841+0000] {logging_mixin.py:188} INFO - [2026-03-08T09:37:59.841+0000] {dagbag.py:545} INFO - Filling up the DagBag from /opt/airflow/dags/hello_airflow.py
[2026-03-08T09:37:59.856+0000] {processor.py:840} INFO - DAG(s) 'hello_airflow' retrieved from /opt/airflow/dags/hello_airflow.py
[2026-03-08T09:37:59.894+0000] {logging_mixin.py:188} INFO - [2026-03-08T09:37:59.893+0000] {dag.py:3089} INFO - Sync 1 DAGs
[2026-03-08T09:37:59.904+0000] {logging_mixin.py:188} INFO - [2026-03-08T09:37:59.904+0000] {dag.py:3947} INFO - Setting next_dagrun for hello_airflow to None, run_after=None
[2026-03-08T09:37:59.919+0000] {processor.py:183} INFO - Processing /opt/airflow/dags/hello_airflow.py took 0.088 seconds
[2026-03-08T09:38:30.331+0000] {processor.py:161} INFO - Started process (PID=6414) to work on /opt/airflow/dags/hello_airflow.py
[2026-03-08T09:38:30.336+0000] {processor.py:830} INFO - Processing file /opt/airflow/dags/hello_airflow.py for tasks to queue
[2026-03-08T09:38:30.339+0000] {logging_mixin.py:188} INFO - [2026-03-08T09:38:30.338+0000] {dagbag.py:545} INFO - Filling up the DagBag from /opt/airflow/dags/hello_airflow.py
[2026-03-08T09:38:30.368+0000] {processor.py:840} INFO - DAG(s) 'hello_airflow' retrieved from /opt/airflow/dags/hello_airflow.py
[2026-03-08T09:38:30.420+0000] {logging_mixin.py:188} INFO - [2026-03-08T09:38:30.419+0000] {dag.py:3089} INFO - Sync 1 DAGs
[2026-03-08T09:38:30.431+0000] {logging_mixin.py:188} INFO - [2026-03-08T09:38:30.431+0000] {dag.py:3947} INFO - Setting next_dagrun for hello_airflow to None, run_after=None
[2026-03-08T09:38:30.454+0000] {processor.py:183} INFO - Processing /opt/airflow/dags/hello_airflow.py took 0.132 seconds
[2026-03-08T09:39:00.676+0000] {processor.py:161} INFO - Started process (PID=6424) to work on /opt/airflow/dags/hello_airflow.py
[2026-03-08T09:39:00.678+0000] {processor.py:830} INFO - Processing file /opt/airflow/dags/hello_airflow.py for tasks to queue
[2026-03-08T09:39:00.681+0000] {logging_mixin.py:188} INFO - [2026-03-08T09:39:00.681+0000] {dagbag.py:545} INFO - Filling up the DagBag from /opt/airflow/dags/hello_airflow.py
[2026-03-08T09:39:00.699+0000] {processor.py:840} INFO - DAG(s) 'hello_airflow' retrieved from /opt/airflow/dags/hello_airflow.py
[2026-03-08T09:39:00.745+0000] {logging_mixin.py:188} INFO - [2026-03-08T09:39:00.744+0000] {dag.py:3089} INFO - Sync 1 DAGs
[2026-03-08T09:39:00.758+0000] {logging_mixin.py:188} INFO - [2026-03-08T09:39:00.758+0000] {dag.py:3947} INFO - Setting next_dagrun for hello_airflow to None, run_after=None
[2026-03-08T09:39:00.774+0000] {processor.py:183} INFO - Processing /opt/airflow/dags/hello_airflow.py took 0.111 seconds
[2026-03-08T09:39:31.025+0000] {processor.py:161} INFO - Started process (PID=6434) to work on /opt/airflow/dags/hello_airflow.py
[2026-03-08T09:39:31.026+0000] {processor.py:830} INFO - Processing file /opt/airflow/dags/hello_airflow.py for tasks to queue
[2026-03-08T09:39:31.028+0000] {logging_mixin.py:188} INFO - [2026-03-08T09:39:31.027+0000] {dagbag.py:545} INFO - Filling up the DagBag from /opt/airflow/dags/hello_airflow.py
[2026-03-08T09:39:31.033+0000] {processor.py:840} INFO - DAG(s) 'hello_airflow' retrieved from /opt/airflow/dags/hello_airflow.py
[2026-03-08T09:39:31.057+0000] {logging_mixin.py:188} INFO - [2026-03-08T09:39:31.057+0000] {dag.py:3089} INFO - Sync 1 DAGs
[2026-03-08T09:39:31.064+0000] {logging_mixin.py:188} INFO - [2026-03-08T09:39:31.064+0000] {dag.py:3947} INFO - Setting next_dagrun for hello_airflow to None, run_after=None
[2026-03-08T09:39:31.076+0000] {processor.py:183} INFO - Processing /opt/airflow/dags/hello_airflow.py took 0.055 seconds
[2026-03-08T09:40:01.439+0000] {processor.py:161} INFO - Started process (PID=6444) to work on /opt/airflow/dags/hello_airflow.py
[2026-03-08T09:40:01.441+0000] {processor.py:830} INFO - Processing file /opt/airflow/dags/hello_airflow.py for tasks to queue
[2026-03-08T09:40:01.446+0000] {logging_mixin.py:188} INFO - [2026-03-08T09:40:01.446+0000] {dagbag.py:545} INFO - Filling up the DagBag from /opt/airflow/dags/hello_airflow.py
[2026-03-08T09:40:01.457+0000] {processor.py:840} INFO - DAG(s) 'hello_airflow' retrieved from /opt/airflow/dags/hello_airflow.py
[2026-03-08T09:40:01.487+0000] {logging_mixin.py:188} INFO - [2026-03-08T09:40:01.487+0000] {dag.py:3089} INFO - Sync 1 DAGs
[2026-03-08T09:40:01.497+0000] {logging_mixin.py:188} INFO - [2026-03-08T09:40:01.497+0000] {dag.py:3947} INFO - Setting next_dagrun for hello_airflow to None, run_after=None
[2026-03-08T09:40:01.514+0000] {processor.py:183} INFO - Processing /opt/airflow/dags/hello_airflow.py took 0.081 seconds
[2026-03-08T09:40:31.793+0000] {processor.py:161} INFO - Started process (PID=6454) to work on /opt/airflow/dags/hello_airflow.py
[2026-03-08T09:40:31.794+0000] {processor.py:830} INFO - Processing file /opt/airflow/dags/hello_airflow.py for tasks to queue
[2026-03-08T09:40:31.798+0000] {logging_mixin.py:188} INFO - [2026-03-08T09:40:31.797+0000] {dagbag.py:545} INFO - Filling up the DagBag from /opt/airflow/dags/hello_airflow.py
[2026-03-08T09:40:31.804+0000] {processor.py:840} INFO - DAG(s) 'hello_airflow' retrieved from /opt/airflow/dags/hello_airflow.py
[2026-03-08T09:40:31.829+0000] {logging_mixin.py:188} INFO - [2026-03-08T09:40:31.829+0000] {dag.py:3089} INFO - Sync 1 DAGs
[2026-03-08T09:40:31.838+0000] {logging_mixin.py:188} INFO - [2026-03-08T09:40:31.838+0000] {dag.py:3947} INFO - Setting next_dagrun for hello_airflow to None, run_after=None
[2026-03-08T09:40:31.850+0000] {processor.py:183} INFO - Processing /opt/airflow/dags/hello_airflow.py took 0.062 seconds
[2026-03-08T09:41:02.142+0000] {processor.py:161} INFO - Started process (PID=6464) to work on /opt/airflow/dags/hello_airflow.py
[2026-03-08T09:41:02.144+0000] {processor.py:830} INFO - Processing file /opt/airflow/dags/hello_airflow.py for tasks to queue
[2026-03-08T09:41:02.147+0000] {logging_mixin.py:188} INFO - [2026-03-08T09:41:02.147+0000] {dagbag.py:545} INFO - Filling up the DagBag from /opt/airflow/dags/hello_airflow.py
[2026-03-08T09:41:02.158+0000] {processor.py:840} INFO - DAG(s) 'hello_airflow' retrieved from /opt/airflow/dags/hello_airflow.py
[2026-03-08T09:41:02.188+0000] {logging_mixin.py:188} INFO - [2026-03-08T09:41:02.188+0000] {dag.py:3089} INFO - Sync 1 DAGs
[2026-03-08T09:41:02.199+0000] {logging_mixin.py:188} INFO - [2026-03-08T09:41:02.199+0000] {dag.py:3947} INFO - Setting next_dagrun for hello_airflow to None, run_after=None
[2026-03-08T09:41:02.215+0000] {processor.py:183} INFO - Processing /opt/airflow/dags/hello_airflow.py took 0.079 seconds
[2026-03-08T09:41:32.485+0000] {processor.py:161} INFO - Started process (PID=6474) to work on /opt/airflow/dags/hello_airflow.py
[2026-03-08T09:41:32.486+0000] {processor.py:830} INFO - Processing file /opt/airflow/dags/hello_airflow.py for tasks to queue
[2026-03-08T09:41:32.489+0000] {logging_mixin.py:188} INFO - [2026-03-08T09:41:32.488+0000] {dagbag.py:545} INFO - Filling up the DagBag from /opt/airflow/dags/hello_airflow.py
[2026-03-08T09:41:32.497+0000] {processor.py:840} INFO - DAG(s) 'hello_airflow' retrieved from /opt/airflow/dags/hello_airflow.py
[2026-03-08T09:41:32.519+0000] {logging_mixin.py:188} INFO - [2026-03-08T09:41:32.519+0000] {dag.py:3089} INFO - Sync 1 DAGs
[2026-03-08T09:41:32.527+0000] {logging_mixin.py:188} INFO - [2026-03-08T09:41:32.526+0000] {dag.py:3947} INFO - Setting next_dagrun for hello_airflow to None, run_after=None
[2026-03-08T09:41:32.540+0000] {processor.py:183} INFO - Processing /opt/airflow/dags/hello_airflow.py took 0.060 seconds
[2026-03-08T09:42:02.904+0000] {processor.py:161} INFO - Started process (PID=6483) to work on /opt/airflow/dags/hello_airflow.py
[2026-03-08T09:42:02.908+0000] {processor.py:830} INFO - Processing file /opt/airflow/dags/hello_airflow.py for tasks to queue
[2026-03-08T09:42:02.914+0000] {logging_mixin.py:188} INFO - [2026-03-08T09:42:02.913+0000] {dagbag.py:545} INFO - Filling up the DagBag from /opt/airflow/dags/hello_airflow.py
[2026-03-08T09:42:02.938+0000] {processor.py:840} INFO - DAG(s) 'hello_airflow' retrieved from /opt/airflow/dags/hello_airflow.py
[2026-03-08T09:42:02.975+0000] {logging_mixin.py:188} INFO - [2026-03-08T09:42:02.975+0000] {dag.py:3089} INFO - Sync 1 DAGs
[2026-03-08T09:42:02.986+0000] {logging_mixin.py:188} INFO - [2026-03-08T09:42:02.986+0000] {dag.py:3947} INFO - Setting next_dagrun for hello_airflow to None, run_after=None
[2026-03-08T09:42:03.001+0000] {processor.py:183} INFO - Processing /opt/airflow/dags/hello_airflow.py took 0.108 seconds
[2026-03-08T09:42:33.345+0000] {processor.py:161} INFO - Started process (PID=6494) to work on /opt/airflow/dags/hello_airflow.py
[2026-03-08T09:42:33.347+0000] {processor.py:830} INFO - Processing file /opt/airflow/dags/hello_airflow.py for tasks to queue
[2026-03-08T09:42:33.349+0000] {logging_mixin.py:188} INFO - [2026-03-08T09:42:33.349+0000] {dagbag.py:545} INFO - Filling up the DagBag from /opt/airflow/dags/hello_airflow.py
[2026-03-08T09:42:33.360+0000] {processor.py:840} INFO - DAG(s) 'hello_airflow' retrieved from /opt/airflow/dags/hello_airflow.py
[2026-03-08T09:42:33.386+0000] {logging_mixin.py:188} INFO - [2026-03-08T09:42:33.386+0000] {dag.py:3089} INFO - Sync 1 DAGs
[2026-03-08T09:42:33.408+0000] {logging_mixin.py:188} INFO - [2026-03-08T09:42:33.408+0000] {dag.py:3947} INFO - Setting next_dagrun for hello_airflow to None, run_after=None
[2026-03-08T09:42:33.425+0000] {processor.py:183} INFO - Processing /opt/airflow/dags/hello_airflow.py took 0.085 seconds
[2026-03-08T09:43:03.774+0000] {processor.py:161} INFO - Started process (PID=6503) to work on /opt/airflow/dags/hello_airflow.py
[2026-03-08T09:43:03.776+0000] {processor.py:830} INFO - Processing file /opt/airflow/dags/hello_airflow.py for tasks to queue
[2026-03-08T09:43:03.778+0000] {logging_mixin.py:188} INFO - [2026-03-08T09:43:03.778+0000] {dagbag.py:545} INFO - Filling up the DagBag from /opt/airflow/dags/hello_airflow.py
[2026-03-08T09:43:03.804+0000] {processor.py:840} INFO - DAG(s) 'hello_airflow' retrieved from /opt/airflow/dags/hello_airflow.py
[2026-03-08T09:43:03.838+0000] {logging_mixin.py:188} INFO - [2026-03-08T09:43:03.838+0000] {dag.py:3089} INFO - Sync 1 DAGs
[2026-03-08T09:43:03.851+0000] {logging_mixin.py:188} INFO - [2026-03-08T09:43:03.851+0000] {dag.py:3947} INFO - Setting next_dagrun for hello_airflow to None, run_after=None
[2026-03-08T09:43:03.871+0000] {processor.py:183} INFO - Processing /opt/airflow/dags/hello_airflow.py took 0.106 seconds
[2026-03-08T09:43:34.209+0000] {processor.py:161} INFO - Started process (PID=6514) to work on /opt/airflow/dags/hello_airflow.py
[2026-03-08T09:43:34.210+0000] {processor.py:830} INFO - Processing file /opt/airflow/dags/hello_airflow.py for tasks to queue
[2026-03-08T09:43:34.211+0000] {logging_mixin.py:188} INFO - [2026-03-08T09:43:34.211+0000] {dagbag.py:545} INFO - Filling up the DagBag from /opt/airflow/dags/hello_airflow.py
[2026-03-08T09:43:34.224+0000] {processor.py:840} INFO - DAG(s) 'hello_airflow' retrieved from /opt/airflow/dags/hello_airflow.py
[2026-03-08T09:43:34.270+0000] {logging_mixin.py:188} INFO - [2026-03-08T09:43:34.270+0000] {dag.py:3089} INFO - Sync 1 DAGs
[2026-03-08T09:43:34.282+0000] {logging_mixin.py:188} INFO - [2026-03-08T09:43:34.282+0000] {dag.py:3947} INFO - Setting next_dagrun for hello_airflow to None, run_after=None
[2026-03-08T09:43:34.297+0000] {processor.py:183} INFO - Processing /opt/airflow/dags/hello_airflow.py took 0.096 seconds
[2026-03-08T09:44:04.555+0000] {processor.py:161} INFO - Started process (PID=6524) to work on /opt/airflow/dags/hello_airflow.py
[2026-03-08T09:44:04.559+0000] {processor.py:830} INFO - Processing file /opt/airflow/dags/hello_airflow.py for tasks to queue
[2026-03-08T09:44:04.564+0000] {logging_mixin.py:188} INFO - [2026-03-08T09:44:04.564+0000] {dagbag.py:545} INFO - Filling up the DagBag from /opt/airflow/dags/hello_airflow.py
[2026-03-08T09:44:04.578+0000] {processor.py:840} INFO - DAG(s) 'hello_airflow' retrieved from /opt/airflow/dags/hello_airflow.py
[2026-03-08T09:44:04.618+0000] {logging_mixin.py:188} INFO - [2026-03-08T09:44:04.618+0000] {dag.py:3089} INFO - Sync 1 DAGs
[2026-03-08T09:44:04.642+0000] {logging_mixin.py:188} INFO - [2026-03-08T09:44:04.642+0000] {dag.py:3947} INFO - Setting next_dagrun for hello_airflow to None, run_after=None
[2026-03-08T09:44:04.658+0000] {processor.py:183} INFO - Processing /opt/airflow/dags/hello_airflow.py took 0.129 seconds
[2026-03-08T09:44:34.971+0000] {processor.py:161} INFO - Started process (PID=6533) to work on /opt/airflow/dags/hello_airflow.py
[2026-03-08T09:44:34.973+0000] {processor.py:830} INFO - Processing file /opt/airflow/dags/hello_airflow.py for tasks to queue
[2026-03-08T09:44:34.976+0000] {logging_mixin.py:188} INFO - [2026-03-08T09:44:34.976+0000] {dagbag.py:545} INFO - Filling up the DagBag from /opt/airflow/dags/hello_airflow.py
[2026-03-08T09:44:34.997+0000] {processor.py:840} INFO - DAG(s) 'hello_airflow' retrieved from /opt/airflow/dags/hello_airflow.py
[2026-03-08T09:44:35.047+0000] {logging_mixin.py:188} INFO - [2026-03-08T09:44:35.047+0000] {dag.py:3089} INFO - Sync 1 DAGs
[2026-03-08T09:44:35.058+0000] {logging_mixin.py:188} INFO - [2026-03-08T09:44:35.058+0000] {dag.py:3947} INFO - Setting next_dagrun for hello_airflow to None, run_after=None
[2026-03-08T09:44:35.073+0000] {processor.py:183} INFO - Processing /opt/airflow/dags/hello_airflow.py took 0.118 seconds
[2026-03-08T09:45:05.361+0000] {processor.py:161} INFO - Started process (PID=6543) to work on /opt/airflow/dags/hello_airflow.py
[2026-03-08T09:45:05.364+0000] {processor.py:830} INFO - Processing file /opt/airflow/dags/hello_airflow.py for tasks to queue
[2026-03-08T09:45:05.375+0000] {logging_mixin.py:188} INFO - [2026-03-08T09:45:05.374+0000] {dagbag.py:545} INFO - Filling up the DagBag from /opt/airflow/dags/hello_airflow.py
[2026-03-08T09:45:05.392+0000] {processor.py:840} INFO - DAG(s) 'hello_airflow' retrieved from /opt/airflow/dags/hello_airflow.py
[2026-03-08T09:45:05.436+0000] {logging_mixin.py:188} INFO - [2026-03-08T09:45:05.435+0000] {dag.py:3089} INFO - Sync 1 DAGs
[2026-03-08T09:45:05.445+0000] {logging_mixin.py:188} INFO - [2026-03-08T09:45:05.445+0000] {dag.py:3947} INFO - Setting next_dagrun for hello_airflow to None, run_after=None
[2026-03-08T09:45:05.460+0000] {processor.py:183} INFO - Processing /opt/airflow/dags/hello_airflow.py took 0.117 seconds
[2026-03-08T09:45:35.880+0000] {processor.py:161} INFO - Started process (PID=6553) to work on /opt/airflow/dags/hello_airflow.py
[2026-03-08T09:45:35.883+0000] {processor.py:830} INFO - Processing file /opt/airflow/dags/hello_airflow.py for tasks to queue
[2026-03-08T09:45:35.885+0000] {logging_mixin.py:188} INFO - [2026-03-08T09:45:35.885+0000] {dagbag.py:545} INFO - Filling up the DagBag from /opt/airflow/dags/hello_airflow.py
[2026-03-08T09:45:35.903+0000] {processor.py:840} INFO - DAG(s) 'hello_airflow' retrieved from /opt/airflow/dags/hello_airflow.py
[2026-03-08T09:45:35.966+0000] {logging_mixin.py:188} INFO - [2026-03-08T09:45:35.965+0000] {dag.py:3089} INFO - Sync 1 DAGs
[2026-03-08T09:45:35.980+0000] {logging_mixin.py:188} INFO - [2026-03-08T09:45:35.979+0000] {dag.py:3947} INFO - Setting next_dagrun for hello_airflow to None, run_after=None
[2026-03-08T09:45:36.001+0000] {processor.py:183} INFO - Processing /opt/airflow/dags/hello_airflow.py took 0.129 seconds
[2026-03-08T09:46:06.426+0000] {processor.py:161} INFO - Started process (PID=6564) to work on /opt/airflow/dags/hello_airflow.py
[2026-03-08T09:46:06.429+0000] {processor.py:830} INFO - Processing file /opt/airflow/dags/hello_airflow.py for tasks to queue
[2026-03-08T09:46:06.432+0000] {logging_mixin.py:188} INFO - [2026-03-08T09:46:06.432+0000] {dagbag.py:545} INFO - Filling up the DagBag from /opt/airflow/dags/hello_airflow.py
[2026-03-08T09:46:06.463+0000] {processor.py:840} INFO - DAG(s) 'hello_airflow' retrieved from /opt/airflow/dags/hello_airflow.py
[2026-03-08T09:46:06.515+0000] {logging_mixin.py:188} INFO - [2026-03-08T09:46:06.515+0000] {dag.py:3089} INFO - Sync 1 DAGs
[2026-03-08T09:46:06.527+0000] {logging_mixin.py:188} INFO - [2026-03-08T09:46:06.527+0000] {dag.py:3947} INFO - Setting next_dagrun for hello_airflow to None, run_after=None
[2026-03-08T09:46:06.543+0000] {processor.py:183} INFO - Processing /opt/airflow/dags/hello_airflow.py took 0.136 seconds
[2026-03-08T09:46:36.768+0000] {processor.py:161} INFO - Started process (PID=6574) to work on /opt/airflow/dags/hello_airflow.py
[2026-03-08T09:46:36.770+0000] {processor.py:830} INFO - Processing file /opt/airflow/dags/hello_airflow.py for tasks to queue
[2026-03-08T09:46:36.772+0000] {logging_mixin.py:188} INFO - [2026-03-08T09:46:36.772+0000] {dagbag.py:545} INFO - Filling up the DagBag from /opt/airflow/dags/hello_airflow.py
[2026-03-08T09:46:36.784+0000] {processor.py:840} INFO - DAG(s) 'hello_airflow' retrieved from /opt/airflow/dags/hello_airflow.py
[2026-03-08T09:46:36.814+0000] {logging_mixin.py:188} INFO - [2026-03-08T09:46:36.814+0000] {dag.py:3089} INFO - Sync 1 DAGs
[2026-03-08T09:46:36.823+0000] {logging_mixin.py:188} INFO - [2026-03-08T09:46:36.822+0000] {dag.py:3947} INFO - Setting next_dagrun for hello_airflow to None, run_after=None
[2026-03-08T09:46:36.835+0000] {processor.py:183} INFO - Processing /opt/airflow/dags/hello_airflow.py took 0.078 seconds
[2026-03-08T09:47:07.057+0000] {processor.py:161} INFO - Started process (PID=6584) to work on /opt/airflow/dags/hello_airflow.py
[2026-03-08T09:47:07.059+0000] {processor.py:830} INFO - Processing file /opt/airflow/dags/hello_airflow.py for tasks to queue
[2026-03-08T09:47:07.062+0000] {logging_mixin.py:188} INFO - [2026-03-08T09:47:07.061+0000] {dagbag.py:545} INFO - Filling up the DagBag from /opt/airflow/dags/hello_airflow.py
[2026-03-08T09:47:07.073+0000] {processor.py:840} INFO - DAG(s) 'hello_airflow' retrieved from /opt/airflow/dags/hello_airflow.py
[2026-03-08T09:47:07.127+0000] {logging_mixin.py:188} INFO - [2026-03-08T09:47:07.126+0000] {dag.py:3089} INFO - Sync 1 DAGs
[2026-03-08T09:47:07.141+0000] {logging_mixin.py:188} INFO - [2026-03-08T09:47:07.140+0000] {dag.py:3947} INFO - Setting next_dagrun for hello_airflow to None, run_after=None
[2026-03-08T09:47:07.155+0000] {processor.py:183} INFO - Processing /opt/airflow/dags/hello_airflow.py took 0.106 seconds
[2026-03-08T09:47:37.383+0000] {processor.py:161} INFO - Started process (PID=6593) to work on /opt/airflow/dags/hello_airflow.py
[2026-03-08T09:47:37.386+0000] {processor.py:830} INFO - Processing file /opt/airflow/dags/hello_airflow.py for tasks to queue
[2026-03-08T09:47:37.391+0000] {logging_mixin.py:188} INFO - [2026-03-08T09:47:37.390+0000] {dagbag.py:545} INFO - Filling up the DagBag from /opt/airflow/dags/hello_airflow.py
[2026-03-08T09:47:37.410+0000] {processor.py:840} INFO - DAG(s) 'hello_airflow' retrieved from /opt/airflow/dags/hello_airflow.py
[2026-03-08T09:47:37.439+0000] {logging_mixin.py:188} INFO - [2026-03-08T09:47:37.438+0000] {dag.py:3089} INFO - Sync 1 DAGs
[2026-03-08T09:47:37.448+0000] {logging_mixin.py:188} INFO - [2026-03-08T09:47:37.448+0000] {dag.py:3947} INFO - Setting next_dagrun for hello_airflow to None, run_after=None
[2026-03-08T09:47:37.469+0000] {processor.py:183} INFO - Processing /opt/airflow/dags/hello_airflow.py took 0.098 seconds
[2026-03-08T09:48:07.936+0000] {processor.py:161} INFO - Started process (PID=6603) to work on /opt/airflow/dags/hello_airflow.py
[2026-03-08T09:48:07.937+0000] {processor.py:830} INFO - Processing file /opt/airflow/dags/hello_airflow.py for tasks to queue
[2026-03-08T09:48:07.941+0000] {logging_mixin.py:188} INFO - [2026-03-08T09:48:07.941+0000] {dagbag.py:545} INFO - Filling up the DagBag from /opt/airflow/dags/hello_airflow.py
[2026-03-08T09:48:07.962+0000] {processor.py:840} INFO - DAG(s) 'hello_airflow' retrieved from /opt/airflow/dags/hello_airflow.py
[2026-03-08T09:48:08.009+0000] {logging_mixin.py:188} INFO - [2026-03-08T09:48:08.009+0000] {dag.py:3089} INFO - Sync 1 DAGs
[2026-03-08T09:48:08.022+0000] {logging_mixin.py:188} INFO - [2026-03-08T09:48:08.021+0000] {dag.py:3947} INFO - Setting next_dagrun for hello_airflow to None, run_after=None
[2026-03-08T09:48:08.036+0000] {processor.py:183} INFO - Processing /opt/airflow/dags/hello_airflow.py took 0.127 seconds
[2026-03-08T09:48:38.489+0000] {processor.py:161} INFO - Started process (PID=6614) to work on /opt/airflow/dags/hello_airflow.py
[2026-03-08T09:48:38.491+0000] {processor.py:830} INFO - Processing file /opt/airflow/dags/hello_airflow.py for tasks to queue
[2026-03-08T09:48:38.493+0000] {logging_mixin.py:188} INFO - [2026-03-08T09:48:38.493+0000] {dagbag.py:545} INFO - Filling up the DagBag from /opt/airflow/dags/hello_airflow.py
[2026-03-08T09:48:38.507+0000] {processor.py:840} INFO - DAG(s) 'hello_airflow' retrieved from /opt/airflow/dags/hello_airflow.py
[2026-03-08T09:48:38.538+0000] {logging_mixin.py:188} INFO - [2026-03-08T09:48:38.538+0000] {dag.py:3089} INFO - Sync 1 DAGs
[2026-03-08T09:48:38.546+0000] {logging_mixin.py:188} INFO - [2026-03-08T09:48:38.546+0000] {dag.py:3947} INFO - Setting next_dagrun for hello_airflow to None, run_after=None
[2026-03-08T09:48:38.561+0000] {processor.py:183} INFO - Processing /opt/airflow/dags/hello_airflow.py took 0.080 seconds
[2026-03-08T09:49:09.064+0000] {processor.py:161} INFO - Started process (PID=6623) to work on /opt/airflow/dags/hello_airflow.py
[2026-03-08T09:49:09.066+0000] {processor.py:830} INFO - Processing file /opt/airflow/dags/hello_airflow.py for tasks to queue
[2026-03-08T09:49:09.074+0000] {logging_mixin.py:188} INFO - [2026-03-08T09:49:09.074+0000] {dagbag.py:545} INFO - Filling up the DagBag from /opt/airflow/dags/hello_airflow.py
[2026-03-08T09:49:09.105+0000] {processor.py:840} INFO - DAG(s) 'hello_airflow' retrieved from /opt/airflow/dags/hello_airflow.py
[2026-03-08T09:49:09.144+0000] {logging_mixin.py:188} INFO - [2026-03-08T09:49:09.144+0000] {dag.py:3089} INFO - Sync 1 DAGs
[2026-03-08T09:49:09.155+0000] {logging_mixin.py:188} INFO - [2026-03-08T09:49:09.155+0000] {dag.py:3947} INFO - Setting next_dagrun for hello_airflow to None, run_after=None
[2026-03-08T09:49:09.170+0000] {processor.py:183} INFO - Processing /opt/airflow/dags/hello_airflow.py took 0.119 seconds
[2026-03-08T09:49:39.453+0000] {processor.py:161} INFO - Started process (PID=6634) to work on /opt/airflow/dags/hello_airflow.py
[2026-03-08T09:49:39.454+0000] {processor.py:830} INFO - Processing file /opt/airflow/dags/hello_airflow.py for tasks to queue
[2026-03-08T09:49:39.456+0000] {logging_mixin.py:188} INFO - [2026-03-08T09:49:39.456+0000] {dagbag.py:545} INFO - Filling up the DagBag from /opt/airflow/dags/hello_airflow.py
[2026-03-08T09:49:39.468+0000] {processor.py:840} INFO - DAG(s) 'hello_airflow' retrieved from /opt/airflow/dags/hello_airflow.py
[2026-03-08T09:49:39.493+0000] {logging_mixin.py:188} INFO - [2026-03-08T09:49:39.493+0000] {dag.py:3089} INFO - Sync 1 DAGs
[2026-03-08T09:49:39.501+0000] {logging_mixin.py:188} INFO - [2026-03-08T09:49:39.501+0000] {dag.py:3947} INFO - Setting next_dagrun for hello_airflow to None, run_after=None
[2026-03-08T09:49:39.513+0000] {processor.py:183} INFO - Processing /opt/airflow/dags/hello_airflow.py took 0.067 seconds
[2026-03-08T09:50:10.057+0000] {processor.py:161} INFO - Started process (PID=6643) to work on /opt/airflow/dags/hello_airflow.py
[2026-03-08T09:50:10.061+0000] {processor.py:830} INFO - Processing file /opt/airflow/dags/hello_airflow.py for tasks to queue
[2026-03-08T09:50:10.067+0000] {logging_mixin.py:188} INFO - [2026-03-08T09:50:10.067+0000] {dagbag.py:545} INFO - Filling up the DagBag from /opt/airflow/dags/hello_airflow.py
[2026-03-08T09:50:10.085+0000] {processor.py:840} INFO - DAG(s) 'hello_airflow' retrieved from /opt/airflow/dags/hello_airflow.py
[2026-03-08T09:50:10.130+0000] {logging_mixin.py:188} INFO - [2026-03-08T09:50:10.130+0000] {dag.py:3089} INFO - Sync 1 DAGs
[2026-03-08T09:50:10.143+0000] {logging_mixin.py:188} INFO - [2026-03-08T09:50:10.143+0000] {dag.py:3947} INFO - Setting next_dagrun for hello_airflow to None, run_after=None
[2026-03-08T09:50:10.158+0000] {processor.py:183} INFO - Processing /opt/airflow/dags/hello_airflow.py took 0.112 seconds
[2026-03-08T09:50:40.525+0000] {processor.py:161} INFO - Started process (PID=6654) to work on /opt/airflow/dags/hello_airflow.py
[2026-03-08T09:50:40.528+0000] {processor.py:830} INFO - Processing file /opt/airflow/dags/hello_airflow.py for tasks to queue
[2026-03-08T09:50:40.531+0000] {logging_mixin.py:188} INFO - [2026-03-08T09:50:40.531+0000] {dagbag.py:545} INFO - Filling up the DagBag from /opt/airflow/dags/hello_airflow.py
[2026-03-08T09:50:40.541+0000] {processor.py:840} INFO - DAG(s) 'hello_airflow' retrieved from /opt/airflow/dags/hello_airflow.py
[2026-03-08T09:50:40.566+0000] {logging_mixin.py:188} INFO - [2026-03-08T09:50:40.566+0000] {dag.py:3089} INFO - Sync 1 DAGs
[2026-03-08T09:50:40.576+0000] {logging_mixin.py:188} INFO - [2026-03-08T09:50:40.575+0000] {dag.py:3947} INFO - Setting next_dagrun for hello_airflow to None, run_after=None
[2026-03-08T09:50:40.590+0000] {processor.py:183} INFO - Processing /opt/airflow/dags/hello_airflow.py took 0.071 seconds
[2026-03-08T09:51:11.094+0000] {processor.py:161} INFO - Started process (PID=6663) to work on /opt/airflow/dags/hello_airflow.py
[2026-03-08T09:51:11.097+0000] {processor.py:830} INFO - Processing file /opt/airflow/dags/hello_airflow.py for tasks to queue
[2026-03-08T09:51:11.110+0000] {logging_mixin.py:188} INFO - [2026-03-08T09:51:11.107+0000] {dagbag.py:545} INFO - Filling up the DagBag from /opt/airflow/dags/hello_airflow.py
[2026-03-08T09:51:11.132+0000] {processor.py:840} INFO - DAG(s) 'hello_airflow' retrieved from /opt/airflow/dags/hello_airflow.py
[2026-03-08T09:51:11.166+0000] {logging_mixin.py:188} INFO - [2026-03-08T09:51:11.165+0000] {dag.py:3089} INFO - Sync 1 DAGs
[2026-03-08T09:51:11.175+0000] {logging_mixin.py:188} INFO - [2026-03-08T09:51:11.175+0000] {dag.py:3947} INFO - Setting next_dagrun for hello_airflow to None, run_after=None
[2026-03-08T09:51:11.190+0000] {processor.py:183} INFO - Processing /opt/airflow/dags/hello_airflow.py took 0.105 seconds
[2026-03-08T09:51:41.628+0000] {processor.py:161} INFO - Started process (PID=6674) to work on /opt/airflow/dags/hello_airflow.py
[2026-03-08T09:51:41.630+0000] {processor.py:830} INFO - Processing file /opt/airflow/dags/hello_airflow.py for tasks to queue
[2026-03-08T09:51:41.634+0000] {logging_mixin.py:188} INFO - [2026-03-08T09:51:41.633+0000] {dagbag.py:545} INFO - Filling up the DagBag from /opt/airflow/dags/hello_airflow.py
[2026-03-08T09:51:41.641+0000] {processor.py:840} INFO - DAG(s) 'hello_airflow' retrieved from /opt/airflow/dags/hello_airflow.py
[2026-03-08T09:51:41.675+0000] {logging_mixin.py:188} INFO - [2026-03-08T09:51:41.675+0000] {dag.py:3089} INFO - Sync 1 DAGs
[2026-03-08T09:51:41.683+0000] {logging_mixin.py:188} INFO - [2026-03-08T09:51:41.683+0000] {dag.py:3947} INFO - Setting next_dagrun for hello_airflow to None, run_after=None
[2026-03-08T09:51:41.695+0000] {processor.py:183} INFO - Processing /opt/airflow/dags/hello_airflow.py took 0.074 seconds
[2026-03-08T09:52:12.039+0000] {processor.py:161} INFO - Started process (PID=6684) to work on /opt/airflow/dags/hello_airflow.py
[2026-03-08T09:52:12.041+0000] {processor.py:830} INFO - Processing file /opt/airflow/dags/hello_airflow.py for tasks to queue
[2026-03-08T09:52:12.044+0000] {logging_mixin.py:188} INFO - [2026-03-08T09:52:12.044+0000] {dagbag.py:545} INFO - Filling up the DagBag from /opt/airflow/dags/hello_airflow.py
[2026-03-08T09:52:12.063+0000] {processor.py:840} INFO - DAG(s) 'hello_airflow' retrieved from /opt/airflow/dags/hello_airflow.py
[2026-03-08T09:52:12.111+0000] {logging_mixin.py:188} INFO - [2026-03-08T09:52:12.111+0000] {dag.py:3089} INFO - Sync 1 DAGs
[2026-03-08T09:52:12.121+0000] {logging_mixin.py:188} INFO - [2026-03-08T09:52:12.121+0000] {dag.py:3947} INFO - Setting next_dagrun for hello_airflow to None, run_after=None
[2026-03-08T09:52:12.135+0000] {processor.py:183} INFO - Processing /opt/airflow/dags/hello_airflow.py took 0.105 seconds
[2026-03-08T09:52:42.472+0000] {processor.py:161} INFO - Started process (PID=6694) to work on /opt/airflow/dags/hello_airflow.py
[2026-03-08T09:52:42.473+0000] {processor.py:830} INFO - Processing file /opt/airflow/dags/hello_airflow.py for tasks to queue
[2026-03-08T09:52:42.475+0000] {logging_mixin.py:188} INFO - [2026-03-08T09:52:42.475+0000] {dagbag.py:545} INFO - Filling up the DagBag from /opt/airflow/dags/hello_airflow.py
[2026-03-08T09:52:42.487+0000] {processor.py:840} INFO - DAG(s) 'hello_airflow' retrieved from /opt/airflow/dags/hello_airflow.py
[2026-03-08T09:52:42.512+0000] {logging_mixin.py:188} INFO - [2026-03-08T09:52:42.512+0000] {dag.py:3089} INFO - Sync 1 DAGs
[2026-03-08T09:52:42.520+0000] {logging_mixin.py:188} INFO - [2026-03-08T09:52:42.520+0000] {dag.py:3947} INFO - Setting next_dagrun for hello_airflow to None, run_after=None
[2026-03-08T09:52:42.533+0000] {processor.py:183} INFO - Processing /opt/airflow/dags/hello_airflow.py took 0.069 seconds
[2026-03-08T09:53:13.040+0000] {processor.py:161} INFO - Started process (PID=6703) to work on /opt/airflow/dags/hello_airflow.py
[2026-03-08T09:53:13.042+0000] {processor.py:830} INFO - Processing file /opt/airflow/dags/hello_airflow.py for tasks to queue
[2026-03-08T09:53:13.044+0000] {logging_mixin.py:188} INFO - [2026-03-08T09:53:13.044+0000] {dagbag.py:545} INFO - Filling up the DagBag from /opt/airflow/dags/hello_airflow.py
[2026-03-08T09:53:13.060+0000] {processor.py:840} INFO - DAG(s) 'hello_airflow' retrieved from /opt/airflow/dags/hello_airflow.py
[2026-03-08T09:53:13.111+0000] {logging_mixin.py:188} INFO - [2026-03-08T09:53:13.111+0000] {dag.py:3089} INFO - Sync 1 DAGs
[2026-03-08T09:53:13.124+0000] {logging_mixin.py:188} INFO - [2026-03-08T09:53:13.124+0000] {dag.py:3947} INFO - Setting next_dagrun for hello_airflow to None, run_after=None
[2026-03-08T09:53:13.138+0000] {processor.py:183} INFO - Processing /opt/airflow/dags/hello_airflow.py took 0.108 seconds
[2026-03-08T09:53:43.900+0000] {processor.py:161} INFO - Started process (PID=6714) to work on /opt/airflow/dags/hello_airflow.py
[2026-03-08T09:53:43.901+0000] {processor.py:830} INFO - Processing file /opt/airflow/dags/hello_airflow.py for tasks to queue
[2026-03-08T09:53:43.903+0000] {logging_mixin.py:188} INFO - [2026-03-08T09:53:43.903+0000] {dagbag.py:545} INFO - Filling up the DagBag from /opt/airflow/dags/hello_airflow.py
[2026-03-08T09:53:43.909+0000] {processor.py:840} INFO - DAG(s) 'hello_airflow' retrieved from /opt/airflow/dags/hello_airflow.py
[2026-03-08T09:53:43.934+0000] {logging_mixin.py:188} INFO - [2026-03-08T09:53:43.933+0000] {dag.py:3089} INFO - Sync 1 DAGs
[2026-03-08T09:53:43.943+0000] {logging_mixin.py:188} INFO - [2026-03-08T09:53:43.943+0000] {dag.py:3947} INFO - Setting next_dagrun for hello_airflow to None, run_after=None
[2026-03-08T09:53:43.957+0000] {processor.py:183} INFO - Processing /opt/airflow/dags/hello_airflow.py took 0.060 seconds
[2026-03-08T09:55:07.668+0000] {processor.py:161} INFO - Started process (PID=6723) to work on /opt/airflow/dags/hello_airflow.py
[2026-03-08T09:55:07.669+0000] {processor.py:830} INFO - Processing file /opt/airflow/dags/hello_airflow.py for tasks to queue
[2026-03-08T09:55:07.673+0000] {logging_mixin.py:188} INFO - [2026-03-08T09:55:07.673+0000] {dagbag.py:545} INFO - Filling up the DagBag from /opt/airflow/dags/hello_airflow.py
[2026-03-08T09:55:07.692+0000] {processor.py:840} INFO - DAG(s) 'hello_airflow' retrieved from /opt/airflow/dags/hello_airflow.py
[2026-03-08T09:55:07.741+0000] {logging_mixin.py:188} INFO - [2026-03-08T09:55:07.741+0000] {dag.py:3089} INFO - Sync 1 DAGs
[2026-03-08T09:55:07.752+0000] {logging_mixin.py:188} INFO - [2026-03-08T09:55:07.752+0000] {dag.py:3947} INFO - Setting next_dagrun for hello_airflow to None, run_after=None
[2026-03-08T09:55:07.770+0000] {processor.py:183} INFO - Processing /opt/airflow/dags/hello_airflow.py took 0.113 seconds
[2026-03-08T09:55:38.115+0000] {processor.py:161} INFO - Started process (PID=6733) to work on /opt/airflow/dags/hello_airflow.py
[2026-03-08T09:55:38.135+0000] {processor.py:830} INFO - Processing file /opt/airflow/dags/hello_airflow.py for tasks to queue
[2026-03-08T09:55:38.145+0000] {logging_mixin.py:188} INFO - [2026-03-08T09:55:38.143+0000] {dagbag.py:545} INFO - Filling up the DagBag from /opt/airflow/dags/hello_airflow.py
[2026-03-08T09:55:38.203+0000] {processor.py:840} INFO - DAG(s) 'hello_airflow' retrieved from /opt/airflow/dags/hello_airflow.py
[2026-03-08T09:55:38.300+0000] {logging_mixin.py:188} INFO - [2026-03-08T09:55:38.300+0000] {dag.py:3089} INFO - Sync 1 DAGs
[2026-03-08T09:55:38.324+0000] {logging_mixin.py:188} INFO - [2026-03-08T09:55:38.324+0000] {dag.py:3947} INFO - Setting next_dagrun for hello_airflow to None, run_after=None
[2026-03-08T09:55:38.347+0000] {processor.py:183} INFO - Processing /opt/airflow/dags/hello_airflow.py took 0.253 seconds
[2026-03-08T09:56:08.587+0000] {processor.py:161} INFO - Started process (PID=6743) to work on /opt/airflow/dags/hello_airflow.py
[2026-03-08T09:56:08.589+0000] {processor.py:830} INFO - Processing file /opt/airflow/dags/hello_airflow.py for tasks to queue
[2026-03-08T09:56:08.593+0000] {logging_mixin.py:188} INFO - [2026-03-08T09:56:08.592+0000] {dagbag.py:545} INFO - Filling up the DagBag from /opt/airflow/dags/hello_airflow.py
[2026-03-08T09:56:08.615+0000] {processor.py:840} INFO - DAG(s) 'hello_airflow' retrieved from /opt/airflow/dags/hello_airflow.py
[2026-03-08T09:56:08.666+0000] {logging_mixin.py:188} INFO - [2026-03-08T09:56:08.666+0000] {dag.py:3089} INFO - Sync 1 DAGs
[2026-03-08T09:56:08.685+0000] {logging_mixin.py:188} INFO - [2026-03-08T09:56:08.685+0000] {dag.py:3947} INFO - Setting next_dagrun for hello_airflow to None, run_after=None
[2026-03-08T09:56:08.716+0000] {processor.py:183} INFO - Processing /opt/airflow/dags/hello_airflow.py took 0.140 seconds
[2026-03-08T09:56:39.108+0000] {processor.py:161} INFO - Started process (PID=6753) to work on /opt/airflow/dags/hello_airflow.py
[2026-03-08T09:56:39.112+0000] {processor.py:830} INFO - Processing file /opt/airflow/dags/hello_airflow.py for tasks to queue
[2026-03-08T09:56:39.117+0000] {logging_mixin.py:188} INFO - [2026-03-08T09:56:39.116+0000] {dagbag.py:545} INFO - Filling up the DagBag from /opt/airflow/dags/hello_airflow.py
[2026-03-08T09:56:39.151+0000] {processor.py:840} INFO - DAG(s) 'hello_airflow' retrieved from /opt/airflow/dags/hello_airflow.py
[2026-03-08T09:56:39.225+0000] {logging_mixin.py:188} INFO - [2026-03-08T09:56:39.225+0000] {dag.py:3089} INFO - Sync 1 DAGs
[2026-03-08T09:56:39.245+0000] {logging_mixin.py:188} INFO - [2026-03-08T09:56:39.245+0000] {dag.py:3947} INFO - Setting next_dagrun for hello_airflow to None, run_after=None
[2026-03-08T09:56:39.271+0000] {processor.py:183} INFO - Processing /opt/airflow/dags/hello_airflow.py took 0.179 seconds
[2026-03-08T09:57:09.548+0000] {processor.py:161} INFO - Started process (PID=6764) to work on /opt/airflow/dags/hello_airflow.py
[2026-03-08T09:57:09.551+0000] {processor.py:830} INFO - Processing file /opt/airflow/dags/hello_airflow.py for tasks to queue
[2026-03-08T09:57:09.555+0000] {logging_mixin.py:188} INFO - [2026-03-08T09:57:09.554+0000] {dagbag.py:545} INFO - Filling up the DagBag from /opt/airflow/dags/hello_airflow.py
[2026-03-08T09:57:09.578+0000] {processor.py:840} INFO - DAG(s) 'hello_airflow' retrieved from /opt/airflow/dags/hello_airflow.py
[2026-03-08T09:57:09.636+0000] {logging_mixin.py:188} INFO - [2026-03-08T09:57:09.635+0000] {dag.py:3089} INFO - Sync 1 DAGs
[2026-03-08T09:57:09.650+0000] {logging_mixin.py:188} INFO - [2026-03-08T09:57:09.650+0000] {dag.py:3947} INFO - Setting next_dagrun for hello_airflow to None, run_after=None
[2026-03-08T09:57:09.677+0000] {processor.py:183} INFO - Processing /opt/airflow/dags/hello_airflow.py took 0.138 seconds
[2026-03-08T09:57:40.088+0000] {processor.py:161} INFO - Started process (PID=6774) to work on /opt/airflow/dags/hello_airflow.py
[2026-03-08T09:57:40.090+0000] {processor.py:830} INFO - Processing file /opt/airflow/dags/hello_airflow.py for tasks to queue
[2026-03-08T09:57:40.094+0000] {logging_mixin.py:188} INFO - [2026-03-08T09:57:40.094+0000] {dagbag.py:545} INFO - Filling up the DagBag from /opt/airflow/dags/hello_airflow.py
[2026-03-08T09:57:40.112+0000] {processor.py:840} INFO - DAG(s) 'hello_airflow' retrieved from /opt/airflow/dags/hello_airflow.py
[2026-03-08T09:57:40.154+0000] {logging_mixin.py:188} INFO - [2026-03-08T09:57:40.154+0000] {dag.py:3089} INFO - Sync 1 DAGs
[2026-03-08T09:57:40.166+0000] {logging_mixin.py:188} INFO - [2026-03-08T09:57:40.165+0000] {dag.py:3947} INFO - Setting next_dagrun for hello_airflow to None, run_after=None
[2026-03-08T09:57:40.184+0000] {processor.py:183} INFO - Processing /opt/airflow/dags/hello_airflow.py took 0.103 seconds
[2026-03-08T09:58:10.684+0000] {processor.py:161} INFO - Started process (PID=6783) to work on /opt/airflow/dags/hello_airflow.py
[2026-03-08T09:58:10.687+0000] {processor.py:830} INFO - Processing file /opt/airflow/dags/hello_airflow.py for tasks to queue
[2026-03-08T09:58:10.697+0000] {logging_mixin.py:188} INFO - [2026-03-08T09:58:10.693+0000] {dagbag.py:545} INFO - Filling up the DagBag from /opt/airflow/dags/hello_airflow.py
[2026-03-08T09:58:10.730+0000] {processor.py:840} INFO - DAG(s) 'hello_airflow' retrieved from /opt/airflow/dags/hello_airflow.py
[2026-03-08T09:58:10.802+0000] {logging_mixin.py:188} INFO - [2026-03-08T09:58:10.802+0000] {dag.py:3089} INFO - Sync 1 DAGs
[2026-03-08T09:58:10.815+0000] {logging_mixin.py:188} INFO - [2026-03-08T09:58:10.815+0000] {dag.py:3947} INFO - Setting next_dagrun for hello_airflow to None, run_after=None
[2026-03-08T09:58:10.831+0000] {processor.py:183} INFO - Processing /opt/airflow/dags/hello_airflow.py took 0.159 seconds
[2026-03-08T09:58:41.030+0000] {processor.py:161} INFO - Started process (PID=6793) to work on /opt/airflow/dags/hello_airflow.py
[2026-03-08T09:58:41.034+0000] {processor.py:830} INFO - Processing file /opt/airflow/dags/hello_airflow.py for tasks to queue
[2026-03-08T09:58:41.037+0000] {logging_mixin.py:188} INFO - [2026-03-08T09:58:41.036+0000] {dagbag.py:545} INFO - Filling up the DagBag from /opt/airflow/dags/hello_airflow.py
[2026-03-08T09:58:41.056+0000] {processor.py:840} INFO - DAG(s) 'hello_airflow' retrieved from /opt/airflow/dags/hello_airflow.py
[2026-03-08T09:58:41.110+0000] {logging_mixin.py:188} INFO - [2026-03-08T09:58:41.110+0000] {dag.py:3089} INFO - Sync 1 DAGs
[2026-03-08T09:58:41.122+0000] {logging_mixin.py:188} INFO - [2026-03-08T09:58:41.122+0000] {dag.py:3947} INFO - Setting next_dagrun for hello_airflow to None, run_after=None
[2026-03-08T09:58:41.137+0000] {processor.py:183} INFO - Processing /opt/airflow/dags/hello_airflow.py took 0.136 seconds
[2026-03-08T09:59:11.499+0000] {processor.py:161} INFO - Started process (PID=6802) to work on /opt/airflow/dags/hello_airflow.py
[2026-03-08T09:59:11.502+0000] {processor.py:830} INFO - Processing file /opt/airflow/dags/hello_airflow.py for tasks to queue
[2026-03-08T09:59:11.505+0000] {logging_mixin.py:188} INFO - [2026-03-08T09:59:11.504+0000] {dagbag.py:545} INFO - Filling up the DagBag from /opt/airflow/dags/hello_airflow.py
[2026-03-08T09:59:11.532+0000] {processor.py:840} INFO - DAG(s) 'hello_airflow' retrieved from /opt/airflow/dags/hello_airflow.py
[2026-03-08T09:59:11.573+0000] {logging_mixin.py:188} INFO - [2026-03-08T09:59:11.573+0000] {dag.py:3089} INFO - Sync 1 DAGs
[2026-03-08T09:59:11.583+0000] {logging_mixin.py:188} INFO - [2026-03-08T09:59:11.582+0000] {dag.py:3947} INFO - Setting next_dagrun for hello_airflow to None, run_after=None
[2026-03-08T09:59:11.601+0000] {processor.py:183} INFO - Processing /opt/airflow/dags/hello_airflow.py took 0.113 seconds
[2026-03-08T09:59:42.033+0000] {processor.py:161} INFO - Started process (PID=6814) to work on /opt/airflow/dags/hello_airflow.py
[2026-03-08T09:59:42.036+0000] {processor.py:830} INFO - Processing file /opt/airflow/dags/hello_airflow.py for tasks to queue
[2026-03-08T09:59:42.041+0000] {logging_mixin.py:188} INFO - [2026-03-08T09:59:42.040+0000] {dagbag.py:545} INFO - Filling up the DagBag from /opt/airflow/dags/hello_airflow.py
[2026-03-08T09:59:42.062+0000] {processor.py:840} INFO - DAG(s) 'hello_airflow' retrieved from /opt/airflow/dags/hello_airflow.py
[2026-03-08T09:59:42.110+0000] {logging_mixin.py:188} INFO - [2026-03-08T09:59:42.110+0000] {dag.py:3089} INFO - Sync 1 DAGs
[2026-03-08T09:59:42.122+0000] {logging_mixin.py:188} INFO - [2026-03-08T09:59:42.122+0000] {dag.py:3947} INFO - Setting next_dagrun for hello_airflow to None, run_after=None
[2026-03-08T09:59:42.138+0000] {processor.py:183} INFO - Processing /opt/airflow/dags/hello_airflow.py took 0.129 seconds
[2026-03-08T10:00:12.377+0000] {processor.py:161} INFO - Started process (PID=6824) to work on /opt/airflow/dags/hello_airflow.py
[2026-03-08T10:00:12.379+0000] {processor.py:830} INFO - Processing file /opt/airflow/dags/hello_airflow.py for tasks to queue
[2026-03-08T10:00:12.391+0000] {logging_mixin.py:188} INFO - [2026-03-08T10:00:12.390+0000] {dagbag.py:545} INFO - Filling up the DagBag from /opt/airflow/dags/hello_airflow.py
[2026-03-08T10:00:12.412+0000] {processor.py:840} INFO - DAG(s) 'hello_airflow' retrieved from /opt/airflow/dags/hello_airflow.py
[2026-03-08T10:00:12.466+0000] {logging_mixin.py:188} INFO - [2026-03-08T10:00:12.466+0000] {dag.py:3089} INFO - Sync 1 DAGs
[2026-03-08T10:00:12.477+0000] {logging_mixin.py:188} INFO - [2026-03-08T10:00:12.476+0000] {dag.py:3947} INFO - Setting next_dagrun for hello_airflow to None, run_after=None
[2026-03-08T10:00:12.496+0000] {processor.py:183} INFO - Processing /opt/airflow/dags/hello_airflow.py took 0.129 seconds
[2026-03-08T10:00:42.867+0000] {processor.py:161} INFO - Started process (PID=6834) to work on /opt/airflow/dags/hello_airflow.py
[2026-03-08T10:00:42.870+0000] {processor.py:830} INFO - Processing file /opt/airflow/dags/hello_airflow.py for tasks to queue
[2026-03-08T10:00:42.873+0000] {logging_mixin.py:188} INFO - [2026-03-08T10:00:42.873+0000] {dagbag.py:545} INFO - Filling up the DagBag from /opt/airflow/dags/hello_airflow.py
[2026-03-08T10:00:42.891+0000] {processor.py:840} INFO - DAG(s) 'hello_airflow' retrieved from /opt/airflow/dags/hello_airflow.py
[2026-03-08T10:00:42.937+0000] {logging_mixin.py:188} INFO - [2026-03-08T10:00:42.937+0000] {dag.py:3089} INFO - Sync 1 DAGs
[2026-03-08T10:00:42.951+0000] {logging_mixin.py:188} INFO - [2026-03-08T10:00:42.951+0000] {dag.py:3947} INFO - Setting next_dagrun for hello_airflow to None, run_after=None
[2026-03-08T10:00:42.967+0000] {processor.py:183} INFO - Processing /opt/airflow/dags/hello_airflow.py took 0.107 seconds
[2026-03-08T10:01:13.385+0000] {processor.py:161} INFO - Started process (PID=6844) to work on /opt/airflow/dags/hello_airflow.py
[2026-03-08T10:01:13.389+0000] {processor.py:830} INFO - Processing file /opt/airflow/dags/hello_airflow.py for tasks to queue
[2026-03-08T10:01:13.392+0000] {logging_mixin.py:188} INFO - [2026-03-08T10:01:13.391+0000] {dagbag.py:545} INFO - Filling up the DagBag from /opt/airflow/dags/hello_airflow.py
[2026-03-08T10:01:13.411+0000] {processor.py:840} INFO - DAG(s) 'hello_airflow' retrieved from /opt/airflow/dags/hello_airflow.py
[2026-03-08T10:01:13.465+0000] {logging_mixin.py:188} INFO - [2026-03-08T10:01:13.464+0000] {dag.py:3089} INFO - Sync 1 DAGs
[2026-03-08T10:01:13.476+0000] {logging_mixin.py:188} INFO - [2026-03-08T10:01:13.475+0000] {dag.py:3947} INFO - Setting next_dagrun for hello_airflow to None, run_after=None
[2026-03-08T10:01:13.492+0000] {processor.py:183} INFO - Processing /opt/airflow/dags/hello_airflow.py took 0.117 seconds
[2026-03-08T10:01:43.894+0000] {processor.py:161} INFO - Started process (PID=6854) to work on /opt/airflow/dags/hello_airflow.py
[2026-03-08T10:01:43.904+0000] {processor.py:830} INFO - Processing file /opt/airflow/dags/hello_airflow.py for tasks to queue
[2026-03-08T10:01:43.910+0000] {logging_mixin.py:188} INFO - [2026-03-08T10:01:43.909+0000] {dagbag.py:545} INFO - Filling up the DagBag from /opt/airflow/dags/hello_airflow.py
[2026-03-08T10:01:43.927+0000] {processor.py:840} INFO - DAG(s) 'hello_airflow' retrieved from /opt/airflow/dags/hello_airflow.py
[2026-03-08T10:01:43.989+0000] {logging_mixin.py:188} INFO - [2026-03-08T10:01:43.989+0000] {dag.py:3089} INFO - Sync 1 DAGs
[2026-03-08T10:01:44.001+0000] {logging_mixin.py:188} INFO - [2026-03-08T10:01:44.000+0000] {dag.py:3947} INFO - Setting next_dagrun for hello_airflow to None, run_after=None
[2026-03-08T10:01:44.020+0000] {processor.py:183} INFO - Processing /opt/airflow/dags/hello_airflow.py took 0.138 seconds
[2026-03-08T10:02:14.236+0000] {processor.py:161} INFO - Started process (PID=6863) to work on /opt/airflow/dags/hello_airflow.py
[2026-03-08T10:02:14.237+0000] {processor.py:830} INFO - Processing file /opt/airflow/dags/hello_airflow.py for tasks to queue
[2026-03-08T10:02:14.241+0000] {logging_mixin.py:188} INFO - [2026-03-08T10:02:14.241+0000] {dagbag.py:545} INFO - Filling up the DagBag from /opt/airflow/dags/hello_airflow.py
[2026-03-08T10:02:14.257+0000] {processor.py:840} INFO - DAG(s) 'hello_airflow' retrieved from /opt/airflow/dags/hello_airflow.py
[2026-03-08T10:02:14.304+0000] {logging_mixin.py:188} INFO - [2026-03-08T10:02:14.304+0000] {dag.py:3089} INFO - Sync 1 DAGs
[2026-03-08T10:02:14.325+0000] {logging_mixin.py:188} INFO - [2026-03-08T10:02:14.325+0000] {dag.py:3947} INFO - Setting next_dagrun for hello_airflow to None, run_after=None
[2026-03-08T10:02:14.340+0000] {processor.py:183} INFO - Processing /opt/airflow/dags/hello_airflow.py took 0.120 seconds
[2026-03-08T10:02:44.747+0000] {processor.py:161} INFO - Started process (PID=6874) to work on /opt/airflow/dags/hello_airflow.py
[2026-03-08T10:02:44.748+0000] {processor.py:830} INFO - Processing file /opt/airflow/dags/hello_airflow.py for tasks to queue
[2026-03-08T10:02:44.752+0000] {logging_mixin.py:188} INFO - [2026-03-08T10:02:44.752+0000] {dagbag.py:545} INFO - Filling up the DagBag from /opt/airflow/dags/hello_airflow.py
[2026-03-08T10:02:44.773+0000] {processor.py:840} INFO - DAG(s) 'hello_airflow' retrieved from /opt/airflow/dags/hello_airflow.py
[2026-03-08T10:02:44.819+0000] {logging_mixin.py:188} INFO - [2026-03-08T10:02:44.819+0000] {dag.py:3089} INFO - Sync 1 DAGs
[2026-03-08T10:02:44.829+0000] {logging_mixin.py:188} INFO - [2026-03-08T10:02:44.828+0000] {dag.py:3947} INFO - Setting next_dagrun for hello_airflow to None, run_after=None
[2026-03-08T10:02:44.855+0000] {processor.py:183} INFO - Processing /opt/airflow/dags/hello_airflow.py took 0.117 seconds
[2026-03-08T10:03:15.131+0000] {processor.py:161} INFO - Started process (PID=6883) to work on /opt/airflow/dags/hello_airflow.py
[2026-03-08T10:03:15.133+0000] {processor.py:830} INFO - Processing file /opt/airflow/dags/hello_airflow.py for tasks to queue
[2026-03-08T10:03:15.137+0000] {logging_mixin.py:188} INFO - [2026-03-08T10:03:15.136+0000] {dagbag.py:545} INFO - Filling up the DagBag from /opt/airflow/dags/hello_airflow.py
[2026-03-08T10:03:15.157+0000] {processor.py:840} INFO - DAG(s) 'hello_airflow' retrieved from /opt/airflow/dags/hello_airflow.py
[2026-03-08T10:03:15.191+0000] {logging_mixin.py:188} INFO - [2026-03-08T10:03:15.191+0000] {dag.py:3089} INFO - Sync 1 DAGs
[2026-03-08T10:03:15.215+0000] {logging_mixin.py:188} INFO - [2026-03-08T10:03:15.215+0000] {dag.py:3947} INFO - Setting next_dagrun for hello_airflow to None, run_after=None
[2026-03-08T10:03:15.229+0000] {processor.py:183} INFO - Processing /opt/airflow/dags/hello_airflow.py took 0.127 seconds
[2026-03-08T10:03:45.640+0000] {processor.py:161} INFO - Started process (PID=6893) to work on /opt/airflow/dags/hello_airflow.py
[2026-03-08T10:03:45.642+0000] {processor.py:830} INFO - Processing file /opt/airflow/dags/hello_airflow.py for tasks to queue
[2026-03-08T10:03:45.646+0000] {logging_mixin.py:188} INFO - [2026-03-08T10:03:45.645+0000] {dagbag.py:545} INFO - Filling up the DagBag from /opt/airflow/dags/hello_airflow.py
[2026-03-08T10:03:45.662+0000] {processor.py:840} INFO - DAG(s) 'hello_airflow' retrieved from /opt/airflow/dags/hello_airflow.py
[2026-03-08T10:03:45.705+0000] {logging_mixin.py:188} INFO - [2026-03-08T10:03:45.705+0000] {dag.py:3089} INFO - Sync 1 DAGs
[2026-03-08T10:03:45.714+0000] {logging_mixin.py:188} INFO - [2026-03-08T10:03:45.714+0000] {dag.py:3947} INFO - Setting next_dagrun for hello_airflow to None, run_after=None
[2026-03-08T10:03:45.730+0000] {processor.py:183} INFO - Processing /opt/airflow/dags/hello_airflow.py took 0.098 seconds
[2026-03-08T10:04:16.106+0000] {processor.py:161} INFO - Started process (PID=6903) to work on /opt/airflow/dags/hello_airflow.py
[2026-03-08T10:04:16.108+0000] {processor.py:830} INFO - Processing file /opt/airflow/dags/hello_airflow.py for tasks to queue
[2026-03-08T10:04:16.111+0000] {logging_mixin.py:188} INFO - [2026-03-08T10:04:16.110+0000] {dagbag.py:545} INFO - Filling up the DagBag from /opt/airflow/dags/hello_airflow.py
[2026-03-08T10:04:16.126+0000] {processor.py:840} INFO - DAG(s) 'hello_airflow' retrieved from /opt/airflow/dags/hello_airflow.py
[2026-03-08T10:04:16.188+0000] {logging_mixin.py:188} INFO - [2026-03-08T10:04:16.188+0000] {dag.py:3089} INFO - Sync 1 DAGs
[2026-03-08T10:04:16.201+0000] {logging_mixin.py:188} INFO - [2026-03-08T10:04:16.201+0000] {dag.py:3947} INFO - Setting next_dagrun for hello_airflow to None, run_after=None
[2026-03-08T10:04:16.221+0000] {processor.py:183} INFO - Processing /opt/airflow/dags/hello_airflow.py took 0.124 seconds
[2026-03-08T10:04:46.522+0000] {processor.py:161} INFO - Started process (PID=6914) to work on /opt/airflow/dags/hello_airflow.py
[2026-03-08T10:04:46.525+0000] {processor.py:830} INFO - Processing file /opt/airflow/dags/hello_airflow.py for tasks to queue
[2026-03-08T10:04:46.530+0000] {logging_mixin.py:188} INFO - [2026-03-08T10:04:46.530+0000] {dagbag.py:545} INFO - Filling up the DagBag from /opt/airflow/dags/hello_airflow.py
[2026-03-08T10:04:46.546+0000] {processor.py:840} INFO - DAG(s) 'hello_airflow' retrieved from /opt/airflow/dags/hello_airflow.py
[2026-03-08T10:04:46.588+0000] {logging_mixin.py:188} INFO - [2026-03-08T10:04:46.588+0000] {dag.py:3089} INFO - Sync 1 DAGs
[2026-03-08T10:04:46.604+0000] {logging_mixin.py:188} INFO - [2026-03-08T10:04:46.604+0000] {dag.py:3947} INFO - Setting next_dagrun for hello_airflow to None, run_after=None
[2026-03-08T10:04:46.619+0000] {processor.py:183} INFO - Processing /opt/airflow/dags/hello_airflow.py took 0.114 seconds
[2026-03-08T10:05:16.876+0000] {processor.py:161} INFO - Started process (PID=6924) to work on /opt/airflow/dags/hello_airflow.py
[2026-03-08T10:05:16.878+0000] {processor.py:830} INFO - Processing file /opt/airflow/dags/hello_airflow.py for tasks to queue
[2026-03-08T10:05:16.881+0000] {logging_mixin.py:188} INFO - [2026-03-08T10:05:16.880+0000] {dagbag.py:545} INFO - Filling up the DagBag from /opt/airflow/dags/hello_airflow.py
[2026-03-08T10:05:16.898+0000] {processor.py:840} INFO - DAG(s) 'hello_airflow' retrieved from /opt/airflow/dags/hello_airflow.py
[2026-03-08T10:05:16.938+0000] {logging_mixin.py:188} INFO - [2026-03-08T10:05:16.937+0000] {dag.py:3089} INFO - Sync 1 DAGs
[2026-03-08T10:05:16.953+0000] {logging_mixin.py:188} INFO - [2026-03-08T10:05:16.953+0000] {dag.py:3947} INFO - Setting next_dagrun for hello_airflow to None, run_after=None
[2026-03-08T10:05:16.974+0000] {processor.py:183} INFO - Processing /opt/airflow/dags/hello_airflow.py took 0.103 seconds
[2026-03-08T10:05:47.300+0000] {processor.py:161} INFO - Started process (PID=6933) to work on /opt/airflow/dags/hello_airflow.py
[2026-03-08T10:05:47.302+0000] {processor.py:830} INFO - Processing file /opt/airflow/dags/hello_airflow.py for tasks to queue
[2026-03-08T10:05:47.305+0000] {logging_mixin.py:188} INFO - [2026-03-08T10:05:47.304+0000] {dagbag.py:545} INFO - Filling up the DagBag from /opt/airflow/dags/hello_airflow.py
[2026-03-08T10:05:47.326+0000] {processor.py:840} INFO - DAG(s) 'hello_airflow' retrieved from /opt/airflow/dags/hello_airflow.py
[2026-03-08T10:05:47.368+0000] {logging_mixin.py:188} INFO - [2026-03-08T10:05:47.368+0000] {dag.py:3089} INFO - Sync 1 DAGs
[2026-03-08T10:05:47.379+0000] {logging_mixin.py:188} INFO - [2026-03-08T10:05:47.378+0000] {dag.py:3947} INFO - Setting next_dagrun for hello_airflow to None, run_after=None
[2026-03-08T10:05:47.398+0000] {processor.py:183} INFO - Processing /opt/airflow/dags/hello_airflow.py took 0.108 seconds
[2026-03-08T10:06:17.701+0000] {processor.py:161} INFO - Started process (PID=6942) to work on /opt/airflow/dags/hello_airflow.py
[2026-03-08T10:06:17.704+0000] {processor.py:830} INFO - Processing file /opt/airflow/dags/hello_airflow.py for tasks to queue
[2026-03-08T10:06:17.708+0000] {logging_mixin.py:188} INFO - [2026-03-08T10:06:17.707+0000] {dagbag.py:545} INFO - Filling up the DagBag from /opt/airflow/dags/hello_airflow.py
[2026-03-08T10:06:17.730+0000] {processor.py:840} INFO - DAG(s) 'hello_airflow' retrieved from /opt/airflow/dags/hello_airflow.py
[2026-03-08T10:06:17.777+0000] {logging_mixin.py:188} INFO - [2026-03-08T10:06:17.777+0000] {dag.py:3089} INFO - Sync 1 DAGs
[2026-03-08T10:06:17.791+0000] {logging_mixin.py:188} INFO - [2026-03-08T10:06:17.790+0000] {dag.py:3947} INFO - Setting next_dagrun for hello_airflow to None, run_after=None
[2026-03-08T10:06:17.806+0000] {processor.py:183} INFO - Processing /opt/airflow/dags/hello_airflow.py took 0.124 seconds
[2026-03-08T10:06:48.220+0000] {processor.py:161} INFO - Started process (PID=6953) to work on /opt/airflow/dags/hello_airflow.py
[2026-03-08T10:06:48.224+0000] {processor.py:830} INFO - Processing file /opt/airflow/dags/hello_airflow.py for tasks to queue
[2026-03-08T10:06:48.227+0000] {logging_mixin.py:188} INFO - [2026-03-08T10:06:48.227+0000] {dagbag.py:545} INFO - Filling up the DagBag from /opt/airflow/dags/hello_airflow.py
[2026-03-08T10:06:48.246+0000] {processor.py:840} INFO - DAG(s) 'hello_airflow' retrieved from /opt/airflow/dags/hello_airflow.py
[2026-03-08T10:06:48.288+0000] {logging_mixin.py:188} INFO - [2026-03-08T10:06:48.288+0000] {dag.py:3089} INFO - Sync 1 DAGs
[2026-03-08T10:06:48.301+0000] {logging_mixin.py:188} INFO - [2026-03-08T10:06:48.301+0000] {dag.py:3947} INFO - Setting next_dagrun for hello_airflow to None, run_after=None
[2026-03-08T10:06:48.316+0000] {processor.py:183} INFO - Processing /opt/airflow/dags/hello_airflow.py took 0.112 seconds
[2026-03-08T10:07:18.724+0000] {processor.py:161} INFO - Started process (PID=6964) to work on /opt/airflow/dags/hello_airflow.py
[2026-03-08T10:07:18.727+0000] {processor.py:830} INFO - Processing file /opt/airflow/dags/hello_airflow.py for tasks to queue
[2026-03-08T10:07:18.730+0000] {logging_mixin.py:188} INFO - [2026-03-08T10:07:18.729+0000] {dagbag.py:545} INFO - Filling up the DagBag from /opt/airflow/dags/hello_airflow.py
[2026-03-08T10:07:18.749+0000] {processor.py:840} INFO - DAG(s) 'hello_airflow' retrieved from /opt/airflow/dags/hello_airflow.py
[2026-03-08T10:07:18.784+0000] {logging_mixin.py:188} INFO - [2026-03-08T10:07:18.784+0000] {dag.py:3089} INFO - Sync 1 DAGs
[2026-03-08T10:07:18.797+0000] {logging_mixin.py:188} INFO - [2026-03-08T10:07:18.797+0000] {dag.py:3947} INFO - Setting next_dagrun for hello_airflow to None, run_after=None
[2026-03-08T10:07:18.820+0000] {processor.py:183} INFO - Processing /opt/airflow/dags/hello_airflow.py took 0.124 seconds
[2026-03-08T10:07:49.149+0000] {processor.py:161} INFO - Started process (PID=6973) to work on /opt/airflow/dags/hello_airflow.py
[2026-03-08T10:07:49.151+0000] {processor.py:830} INFO - Processing file /opt/airflow/dags/hello_airflow.py for tasks to queue
[2026-03-08T10:07:49.155+0000] {logging_mixin.py:188} INFO - [2026-03-08T10:07:49.155+0000] {dagbag.py:545} INFO - Filling up the DagBag from /opt/airflow/dags/hello_airflow.py
[2026-03-08T10:07:49.173+0000] {processor.py:840} INFO - DAG(s) 'hello_airflow' retrieved from /opt/airflow/dags/hello_airflow.py
[2026-03-08T10:07:49.224+0000] {logging_mixin.py:188} INFO - [2026-03-08T10:07:49.224+0000] {dag.py:3089} INFO - Sync 1 DAGs
[2026-03-08T10:07:49.236+0000] {logging_mixin.py:188} INFO - [2026-03-08T10:07:49.236+0000] {dag.py:3947} INFO - Setting next_dagrun for hello_airflow to None, run_after=None
[2026-03-08T10:07:49.253+0000] {processor.py:183} INFO - Processing /opt/airflow/dags/hello_airflow.py took 0.121 seconds
[2026-03-08T10:08:19.542+0000] {processor.py:161} INFO - Started process (PID=6983) to work on /opt/airflow/dags/hello_airflow.py
[2026-03-08T10:08:19.545+0000] {processor.py:830} INFO - Processing file /opt/airflow/dags/hello_airflow.py for tasks to queue
[2026-03-08T10:08:19.549+0000] {logging_mixin.py:188} INFO - [2026-03-08T10:08:19.549+0000] {dagbag.py:545} INFO - Filling up the DagBag from /opt/airflow/dags/hello_airflow.py
[2026-03-08T10:08:19.584+0000] {processor.py:840} INFO - DAG(s) 'hello_airflow' retrieved from /opt/airflow/dags/hello_airflow.py
[2026-03-08T10:08:19.645+0000] {logging_mixin.py:188} INFO - [2026-03-08T10:08:19.645+0000] {dag.py:3089} INFO - Sync 1 DAGs
[2026-03-08T10:08:19.670+0000] {logging_mixin.py:188} INFO - [2026-03-08T10:08:19.670+0000] {dag.py:3947} INFO - Setting next_dagrun for hello_airflow to None, run_after=None
[2026-03-08T10:08:19.699+0000] {processor.py:183} INFO - Processing /opt/airflow/dags/hello_airflow.py took 0.167 seconds
[2026-03-08T10:08:49.880+0000] {processor.py:161} INFO - Started process (PID=6994) to work on /opt/airflow/dags/hello_airflow.py
[2026-03-08T10:08:49.882+0000] {processor.py:830} INFO - Processing file /opt/airflow/dags/hello_airflow.py for tasks to queue
[2026-03-08T10:08:49.886+0000] {logging_mixin.py:188} INFO - [2026-03-08T10:08:49.885+0000] {dagbag.py:545} INFO - Filling up the DagBag from /opt/airflow/dags/hello_airflow.py
[2026-03-08T10:08:49.901+0000] {processor.py:840} INFO - DAG(s) 'hello_airflow' retrieved from /opt/airflow/dags/hello_airflow.py
[2026-03-08T10:08:49.940+0000] {logging_mixin.py:188} INFO - [2026-03-08T10:08:49.940+0000] {dag.py:3089} INFO - Sync 1 DAGs
[2026-03-08T10:08:49.951+0000] {logging_mixin.py:188} INFO - [2026-03-08T10:08:49.951+0000] {dag.py:3947} INFO - Setting next_dagrun for hello_airflow to None, run_after=None
[2026-03-08T10:08:49.972+0000] {processor.py:183} INFO - Processing /opt/airflow/dags/hello_airflow.py took 0.100 seconds
[2026-03-08T10:09:20.296+0000] {processor.py:161} INFO - Started process (PID=7004) to work on /opt/airflow/dags/hello_airflow.py
[2026-03-08T10:09:20.298+0000] {processor.py:830} INFO - Processing file /opt/airflow/dags/hello_airflow.py for tasks to queue
[2026-03-08T10:09:20.300+0000] {logging_mixin.py:188} INFO - [2026-03-08T10:09:20.300+0000] {dagbag.py:545} INFO - Filling up the DagBag from /opt/airflow/dags/hello_airflow.py
[2026-03-08T10:09:20.313+0000] {processor.py:840} INFO - DAG(s) 'hello_airflow' retrieved from /opt/airflow/dags/hello_airflow.py
[2026-03-08T10:09:20.348+0000] {logging_mixin.py:188} INFO - [2026-03-08T10:09:20.348+0000] {dag.py:3089} INFO - Sync 1 DAGs
[2026-03-08T10:09:20.359+0000] {logging_mixin.py:188} INFO - [2026-03-08T10:09:20.359+0000] {dag.py:3947} INFO - Setting next_dagrun for hello_airflow to None, run_after=None
[2026-03-08T10:09:20.372+0000] {processor.py:183} INFO - Processing /opt/airflow/dags/hello_airflow.py took 0.085 seconds
[2026-03-08T10:09:50.709+0000] {processor.py:161} INFO - Started process (PID=7013) to work on /opt/airflow/dags/hello_airflow.py
[2026-03-08T10:09:50.712+0000] {processor.py:830} INFO - Processing file /opt/airflow/dags/hello_airflow.py for tasks to queue
[2026-03-08T10:09:50.714+0000] {logging_mixin.py:188} INFO - [2026-03-08T10:09:50.713+0000] {dagbag.py:545} INFO - Filling up the DagBag from /opt/airflow/dags/hello_airflow.py
[2026-03-08T10:09:50.731+0000] {processor.py:840} INFO - DAG(s) 'hello_airflow' retrieved from /opt/airflow/dags/hello_airflow.py
[2026-03-08T10:09:50.782+0000] {logging_mixin.py:188} INFO - [2026-03-08T10:09:50.782+0000] {dag.py:3089} INFO - Sync 1 DAGs
[2026-03-08T10:09:50.792+0000] {logging_mixin.py:188} INFO - [2026-03-08T10:09:50.792+0000] {dag.py:3947} INFO - Setting next_dagrun for hello_airflow to None, run_after=None
[2026-03-08T10:09:50.808+0000] {processor.py:183} INFO - Processing /opt/airflow/dags/hello_airflow.py took 0.119 seconds
[2026-03-08T10:10:21.190+0000] {processor.py:161} INFO - Started process (PID=7023) to work on /opt/airflow/dags/hello_airflow.py
[2026-03-08T10:10:21.192+0000] {processor.py:830} INFO - Processing file /opt/airflow/dags/hello_airflow.py for tasks to queue
[2026-03-08T10:10:21.196+0000] {logging_mixin.py:188} INFO - [2026-03-08T10:10:21.195+0000] {dagbag.py:545} INFO - Filling up the DagBag from /opt/airflow/dags/hello_airflow.py
[2026-03-08T10:10:21.208+0000] {processor.py:840} INFO - DAG(s) 'hello_airflow' retrieved from /opt/airflow/dags/hello_airflow.py
[2026-03-08T10:10:21.234+0000] {logging_mixin.py:188} INFO - [2026-03-08T10:10:21.234+0000] {dag.py:3089} INFO - Sync 1 DAGs
[2026-03-08T10:10:21.241+0000] {logging_mixin.py:188} INFO - [2026-03-08T10:10:21.241+0000] {dag.py:3947} INFO - Setting next_dagrun for hello_airflow to None, run_after=None
[2026-03-08T10:10:21.252+0000] {processor.py:183} INFO - Processing /opt/airflow/dags/hello_airflow.py took 0.076 seconds
[2026-03-08T10:10:51.798+0000] {processor.py:161} INFO - Started process (PID=7033) to work on /opt/airflow/dags/hello_airflow.py
[2026-03-08T10:10:51.801+0000] {processor.py:830} INFO - Processing file /opt/airflow/dags/hello_airflow.py for tasks to queue
[2026-03-08T10:10:51.806+0000] {logging_mixin.py:188} INFO - [2026-03-08T10:10:51.806+0000] {dagbag.py:545} INFO - Filling up the DagBag from /opt/airflow/dags/hello_airflow.py
[2026-03-08T10:10:51.831+0000] {processor.py:840} INFO - DAG(s) 'hello_airflow' retrieved from /opt/airflow/dags/hello_airflow.py
[2026-03-08T10:10:51.901+0000] {logging_mixin.py:188} INFO - [2026-03-08T10:10:51.900+0000] {dag.py:3089} INFO - Sync 1 DAGs
[2026-03-08T10:10:51.916+0000] {logging_mixin.py:188} INFO - [2026-03-08T10:10:51.916+0000] {dag.py:3947} INFO - Setting next_dagrun for hello_airflow to None, run_after=None
[2026-03-08T10:10:51.936+0000] {processor.py:183} INFO - Processing /opt/airflow/dags/hello_airflow.py took 0.151 seconds
[2026-03-08T10:11:22.259+0000] {processor.py:161} INFO - Started process (PID=7043) to work on /opt/airflow/dags/hello_airflow.py
[2026-03-08T10:11:22.264+0000] {processor.py:830} INFO - Processing file /opt/airflow/dags/hello_airflow.py for tasks to queue
[2026-03-08T10:11:22.266+0000] {logging_mixin.py:188} INFO - [2026-03-08T10:11:22.266+0000] {dagbag.py:545} INFO - Filling up the DagBag from /opt/airflow/dags/hello_airflow.py
[2026-03-08T10:11:22.294+0000] {processor.py:840} INFO - DAG(s) 'hello_airflow' retrieved from /opt/airflow/dags/hello_airflow.py
[2026-03-08T10:11:22.336+0000] {logging_mixin.py:188} INFO - [2026-03-08T10:11:22.336+0000] {dag.py:3089} INFO - Sync 1 DAGs
[2026-03-08T10:11:22.347+0000] {logging_mixin.py:188} INFO - [2026-03-08T10:11:22.347+0000] {dag.py:3947} INFO - Setting next_dagrun for hello_airflow to None, run_after=None
[2026-03-08T10:11:22.363+0000] {processor.py:183} INFO - Processing /opt/airflow/dags/hello_airflow.py took 0.113 seconds
[2026-03-08T10:11:52.708+0000] {processor.py:161} INFO - Started process (PID=7053) to work on /opt/airflow/dags/hello_airflow.py
[2026-03-08T10:11:52.712+0000] {processor.py:830} INFO - Processing file /opt/airflow/dags/hello_airflow.py for tasks to queue
[2026-03-08T10:11:52.716+0000] {logging_mixin.py:188} INFO - [2026-03-08T10:11:52.716+0000] {dagbag.py:545} INFO - Filling up the DagBag from /opt/airflow/dags/hello_airflow.py
[2026-03-08T10:11:52.734+0000] {processor.py:840} INFO - DAG(s) 'hello_airflow' retrieved from /opt/airflow/dags/hello_airflow.py
[2026-03-08T10:11:52.781+0000] {logging_mixin.py:188} INFO - [2026-03-08T10:11:52.781+0000] {dag.py:3089} INFO - Sync 1 DAGs
[2026-03-08T10:11:52.797+0000] {logging_mixin.py:188} INFO - [2026-03-08T10:11:52.797+0000] {dag.py:3947} INFO - Setting next_dagrun for hello_airflow to None, run_after=None
[2026-03-08T10:11:52.816+0000] {processor.py:183} INFO - Processing /opt/airflow/dags/hello_airflow.py took 0.117 seconds
[2026-03-08T10:12:23.124+0000] {processor.py:161} INFO - Started process (PID=7063) to work on /opt/airflow/dags/hello_airflow.py
[2026-03-08T10:12:23.127+0000] {processor.py:830} INFO - Processing file /opt/airflow/dags/hello_airflow.py for tasks to queue
[2026-03-08T10:12:23.131+0000] {logging_mixin.py:188} INFO - [2026-03-08T10:12:23.131+0000] {dagbag.py:545} INFO - Filling up the DagBag from /opt/airflow/dags/hello_airflow.py
[2026-03-08T10:12:23.157+0000] {processor.py:840} INFO - DAG(s) 'hello_airflow' retrieved from /opt/airflow/dags/hello_airflow.py
[2026-03-08T10:12:23.199+0000] {logging_mixin.py:188} INFO - [2026-03-08T10:12:23.199+0000] {dag.py:3089} INFO - Sync 1 DAGs
[2026-03-08T10:12:23.216+0000] {logging_mixin.py:188} INFO - [2026-03-08T10:12:23.216+0000] {dag.py:3947} INFO - Setting next_dagrun for hello_airflow to None, run_after=None
[2026-03-08T10:12:23.236+0000] {processor.py:183} INFO - Processing /opt/airflow/dags/hello_airflow.py took 0.119 seconds
[2026-03-08T10:12:53.540+0000] {processor.py:161} INFO - Started process (PID=7074) to work on /opt/airflow/dags/hello_airflow.py
[2026-03-08T10:12:53.542+0000] {processor.py:830} INFO - Processing file /opt/airflow/dags/hello_airflow.py for tasks to queue
[2026-03-08T10:12:53.546+0000] {logging_mixin.py:188} INFO - [2026-03-08T10:12:53.546+0000] {dagbag.py:545} INFO - Filling up the DagBag from /opt/airflow/dags/hello_airflow.py
[2026-03-08T10:12:53.565+0000] {processor.py:840} INFO - DAG(s) 'hello_airflow' retrieved from /opt/airflow/dags/hello_airflow.py
[2026-03-08T10:12:53.613+0000] {logging_mixin.py:188} INFO - [2026-03-08T10:12:53.613+0000] {dag.py:3089} INFO - Sync 1 DAGs
[2026-03-08T10:12:53.626+0000] {logging_mixin.py:188} INFO - [2026-03-08T10:12:53.626+0000] {dag.py:3947} INFO - Setting next_dagrun for hello_airflow to None, run_after=None
[2026-03-08T10:12:53.641+0000] {processor.py:183} INFO - Processing /opt/airflow/dags/hello_airflow.py took 0.110 seconds
[2026-03-08T10:13:24.015+0000] {processor.py:161} INFO - Started process (PID=7083) to work on /opt/airflow/dags/hello_airflow.py
[2026-03-08T10:13:24.017+0000] {processor.py:830} INFO - Processing file /opt/airflow/dags/hello_airflow.py for tasks to queue
[2026-03-08T10:13:24.022+0000] {logging_mixin.py:188} INFO - [2026-03-08T10:13:24.022+0000] {dagbag.py:545} INFO - Filling up the DagBag from /opt/airflow/dags/hello_airflow.py
[2026-03-08T10:13:24.052+0000] {processor.py:840} INFO - DAG(s) 'hello_airflow' retrieved from /opt/airflow/dags/hello_airflow.py
[2026-03-08T10:13:24.113+0000] {logging_mixin.py:188} INFO - [2026-03-08T10:13:24.113+0000] {dag.py:3089} INFO - Sync 1 DAGs
[2026-03-08T10:13:24.132+0000] {logging_mixin.py:188} INFO - [2026-03-08T10:13:24.132+0000] {dag.py:3947} INFO - Setting next_dagrun for hello_airflow to None, run_after=None
[2026-03-08T10:13:24.154+0000] {processor.py:183} INFO - Processing /opt/airflow/dags/hello_airflow.py took 0.158 seconds
[2026-03-08T10:13:54.328+0000] {processor.py:161} INFO - Started process (PID=7093) to work on /opt/airflow/dags/hello_airflow.py
[2026-03-08T10:13:54.332+0000] {processor.py:830} INFO - Processing file /opt/airflow/dags/hello_airflow.py for tasks to queue
[2026-03-08T10:13:54.335+0000] {logging_mixin.py:188} INFO - [2026-03-08T10:13:54.335+0000] {dagbag.py:545} INFO - Filling up the DagBag from /opt/airflow/dags/hello_airflow.py
[2026-03-08T10:13:54.350+0000] {processor.py:840} INFO - DAG(s) 'hello_airflow' retrieved from /opt/airflow/dags/hello_airflow.py
[2026-03-08T10:13:54.386+0000] {logging_mixin.py:188} INFO - [2026-03-08T10:13:54.386+0000] {dag.py:3089} INFO - Sync 1 DAGs
[2026-03-08T10:13:54.398+0000] {logging_mixin.py:188} INFO - [2026-03-08T10:13:54.398+0000] {dag.py:3947} INFO - Setting next_dagrun for hello_airflow to None, run_after=None
[2026-03-08T10:13:54.414+0000] {processor.py:183} INFO - Processing /opt/airflow/dags/hello_airflow.py took 0.097 seconds
[2026-03-08T10:14:24.697+0000] {processor.py:161} INFO - Started process (PID=7103) to work on /opt/airflow/dags/hello_airflow.py
[2026-03-08T10:14:24.699+0000] {processor.py:830} INFO - Processing file /opt/airflow/dags/hello_airflow.py for tasks to queue
[2026-03-08T10:14:24.704+0000] {logging_mixin.py:188} INFO - [2026-03-08T10:14:24.703+0000] {dagbag.py:545} INFO - Filling up the DagBag from /opt/airflow/dags/hello_airflow.py
[2026-03-08T10:14:24.724+0000] {processor.py:840} INFO - DAG(s) 'hello_airflow' retrieved from /opt/airflow/dags/hello_airflow.py
[2026-03-08T10:14:24.774+0000] {logging_mixin.py:188} INFO - [2026-03-08T10:14:24.774+0000] {dag.py:3089} INFO - Sync 1 DAGs
[2026-03-08T10:14:24.784+0000] {logging_mixin.py:188} INFO - [2026-03-08T10:14:24.784+0000] {dag.py:3947} INFO - Setting next_dagrun for hello_airflow to None, run_after=None
[2026-03-08T10:14:24.798+0000] {processor.py:183} INFO - Processing /opt/airflow/dags/hello_airflow.py took 0.110 seconds
[2026-03-08T10:14:55.424+0000] {processor.py:161} INFO - Started process (PID=7113) to work on /opt/airflow/dags/hello_airflow.py
[2026-03-08T10:14:55.428+0000] {processor.py:830} INFO - Processing file /opt/airflow/dags/hello_airflow.py for tasks to queue
[2026-03-08T10:14:55.432+0000] {logging_mixin.py:188} INFO - [2026-03-08T10:14:55.431+0000] {dagbag.py:545} INFO - Filling up the DagBag from /opt/airflow/dags/hello_airflow.py
[2026-03-08T10:14:55.458+0000] {processor.py:840} INFO - DAG(s) 'hello_airflow' retrieved from /opt/airflow/dags/hello_airflow.py
[2026-03-08T10:14:55.515+0000] {logging_mixin.py:188} INFO - [2026-03-08T10:14:55.515+0000] {dag.py:3089} INFO - Sync 1 DAGs
[2026-03-08T10:14:55.537+0000] {logging_mixin.py:188} INFO - [2026-03-08T10:14:55.537+0000] {dag.py:3947} INFO - Setting next_dagrun for hello_airflow to None, run_after=None
[2026-03-08T10:14:55.553+0000] {processor.py:183} INFO - Processing /opt/airflow/dags/hello_airflow.py took 0.149 seconds
[2026-03-08T10:15:26.030+0000] {processor.py:161} INFO - Started process (PID=7123) to work on /opt/airflow/dags/hello_airflow.py
[2026-03-08T10:15:26.032+0000] {processor.py:830} INFO - Processing file /opt/airflow/dags/hello_airflow.py for tasks to queue
[2026-03-08T10:15:26.034+0000] {logging_mixin.py:188} INFO - [2026-03-08T10:15:26.034+0000] {dagbag.py:545} INFO - Filling up the DagBag from /opt/airflow/dags/hello_airflow.py
[2026-03-08T10:15:26.058+0000] {processor.py:840} INFO - DAG(s) 'hello_airflow' retrieved from /opt/airflow/dags/hello_airflow.py
[2026-03-08T10:15:26.105+0000] {logging_mixin.py:188} INFO - [2026-03-08T10:15:26.104+0000] {dag.py:3089} INFO - Sync 1 DAGs
[2026-03-08T10:15:26.121+0000] {logging_mixin.py:188} INFO - [2026-03-08T10:15:26.121+0000] {dag.py:3947} INFO - Setting next_dagrun for hello_airflow to None, run_after=None
[2026-03-08T10:15:26.136+0000] {processor.py:183} INFO - Processing /opt/airflow/dags/hello_airflow.py took 0.117 seconds
[2026-03-08T10:15:56.574+0000] {processor.py:161} INFO - Started process (PID=7133) to work on /opt/airflow/dags/hello_airflow.py
[2026-03-08T10:15:56.576+0000] {processor.py:830} INFO - Processing file /opt/airflow/dags/hello_airflow.py for tasks to queue
[2026-03-08T10:15:56.579+0000] {logging_mixin.py:188} INFO - [2026-03-08T10:15:56.578+0000] {dagbag.py:545} INFO - Filling up the DagBag from /opt/airflow/dags/hello_airflow.py
[2026-03-08T10:15:56.594+0000] {processor.py:840} INFO - DAG(s) 'hello_airflow' retrieved from /opt/airflow/dags/hello_airflow.py
[2026-03-08T10:15:56.648+0000] {logging_mixin.py:188} INFO - [2026-03-08T10:15:56.647+0000] {dag.py:3089} INFO - Sync 1 DAGs
[2026-03-08T10:15:56.658+0000] {logging_mixin.py:188} INFO - [2026-03-08T10:15:56.657+0000] {dag.py:3947} INFO - Setting next_dagrun for hello_airflow to None, run_after=None
[2026-03-08T10:15:56.672+0000] {processor.py:183} INFO - Processing /opt/airflow/dags/hello_airflow.py took 0.117 seconds
[2026-03-08T10:16:26.960+0000] {processor.py:161} INFO - Started process (PID=7144) to work on /opt/airflow/dags/hello_airflow.py
[2026-03-08T10:16:26.964+0000] {processor.py:830} INFO - Processing file /opt/airflow/dags/hello_airflow.py for tasks to queue
[2026-03-08T10:16:26.971+0000] {logging_mixin.py:188} INFO - [2026-03-08T10:16:26.970+0000] {dagbag.py:545} INFO - Filling up the DagBag from /opt/airflow/dags/hello_airflow.py
[2026-03-08T10:16:26.990+0000] {processor.py:840} INFO - DAG(s) 'hello_airflow' retrieved from /opt/airflow/dags/hello_airflow.py
[2026-03-08T10:16:27.030+0000] {logging_mixin.py:188} INFO - [2026-03-08T10:16:27.030+0000] {dag.py:3089} INFO - Sync 1 DAGs
[2026-03-08T10:16:27.040+0000] {logging_mixin.py:188} INFO - [2026-03-08T10:16:27.039+0000] {dag.py:3947} INFO - Setting next_dagrun for hello_airflow to None, run_after=None
[2026-03-08T10:16:27.059+0000] {processor.py:183} INFO - Processing /opt/airflow/dags/hello_airflow.py took 0.117 seconds
[2026-03-08T10:16:57.343+0000] {processor.py:161} INFO - Started process (PID=7154) to work on /opt/airflow/dags/hello_airflow.py
[2026-03-08T10:16:57.345+0000] {processor.py:830} INFO - Processing file /opt/airflow/dags/hello_airflow.py for tasks to queue
[2026-03-08T10:16:57.347+0000] {logging_mixin.py:188} INFO - [2026-03-08T10:16:57.347+0000] {dagbag.py:545} INFO - Filling up the DagBag from /opt/airflow/dags/hello_airflow.py
[2026-03-08T10:16:57.365+0000] {processor.py:840} INFO - DAG(s) 'hello_airflow' retrieved from /opt/airflow/dags/hello_airflow.py
[2026-03-08T10:16:57.412+0000] {logging_mixin.py:188} INFO - [2026-03-08T10:16:57.412+0000] {dag.py:3089} INFO - Sync 1 DAGs
[2026-03-08T10:16:57.423+0000] {logging_mixin.py:188} INFO - [2026-03-08T10:16:57.423+0000] {dag.py:3947} INFO - Setting next_dagrun for hello_airflow to None, run_after=None
[2026-03-08T10:16:57.441+0000] {processor.py:183} INFO - Processing /opt/airflow/dags/hello_airflow.py took 0.106 seconds
[2026-03-08T10:17:27.808+0000] {processor.py:161} INFO - Started process (PID=7164) to work on /opt/airflow/dags/hello_airflow.py
[2026-03-08T10:17:27.809+0000] {processor.py:830} INFO - Processing file /opt/airflow/dags/hello_airflow.py for tasks to queue
[2026-03-08T10:17:27.813+0000] {logging_mixin.py:188} INFO - [2026-03-08T10:17:27.812+0000] {dagbag.py:545} INFO - Filling up the DagBag from /opt/airflow/dags/hello_airflow.py
[2026-03-08T10:17:27.834+0000] {processor.py:840} INFO - DAG(s) 'hello_airflow' retrieved from /opt/airflow/dags/hello_airflow.py
[2026-03-08T10:17:27.871+0000] {logging_mixin.py:188} INFO - [2026-03-08T10:17:27.871+0000] {dag.py:3089} INFO - Sync 1 DAGs
[2026-03-08T10:17:27.883+0000] {logging_mixin.py:188} INFO - [2026-03-08T10:17:27.883+0000] {dag.py:3947} INFO - Setting next_dagrun for hello_airflow to None, run_after=None
[2026-03-08T10:17:27.901+0000] {processor.py:183} INFO - Processing /opt/airflow/dags/hello_airflow.py took 0.102 seconds
[2026-03-08T10:17:58.296+0000] {processor.py:161} INFO - Started process (PID=7172) to work on /opt/airflow/dags/hello_airflow.py
[2026-03-08T10:17:58.298+0000] {processor.py:830} INFO - Processing file /opt/airflow/dags/hello_airflow.py for tasks to queue
[2026-03-08T10:17:58.300+0000] {logging_mixin.py:188} INFO - [2026-03-08T10:17:58.298+0000] {dagbag.py:545} INFO - Filling up the DagBag from /opt/airflow/dags/hello_airflow.py
[2026-03-08T10:17:58.309+0000] {processor.py:840} INFO - DAG(s) 'hello_airflow' retrieved from /opt/airflow/dags/hello_airflow.py
[2026-03-08T10:17:58.337+0000] {logging_mixin.py:188} INFO - [2026-03-08T10:17:58.337+0000] {dag.py:3089} INFO - Sync 1 DAGs
[2026-03-08T10:17:58.345+0000] {logging_mixin.py:188} INFO - [2026-03-08T10:17:58.345+0000] {dag.py:3947} INFO - Setting next_dagrun for hello_airflow to None, run_after=None
[2026-03-08T10:17:58.359+0000] {processor.py:183} INFO - Processing /opt/airflow/dags/hello_airflow.py took 0.075 seconds
[2026-03-08T10:18:28.763+0000] {processor.py:161} INFO - Started process (PID=7183) to work on /opt/airflow/dags/hello_airflow.py
[2026-03-08T10:18:28.765+0000] {processor.py:830} INFO - Processing file /opt/airflow/dags/hello_airflow.py for tasks to queue
[2026-03-08T10:18:28.769+0000] {logging_mixin.py:188} INFO - [2026-03-08T10:18:28.769+0000] {dagbag.py:545} INFO - Filling up the DagBag from /opt/airflow/dags/hello_airflow.py
[2026-03-08T10:18:28.793+0000] {processor.py:840} INFO - DAG(s) 'hello_airflow' retrieved from /opt/airflow/dags/hello_airflow.py
[2026-03-08T10:18:28.835+0000] {logging_mixin.py:188} INFO - [2026-03-08T10:18:28.835+0000] {dag.py:3089} INFO - Sync 1 DAGs
[2026-03-08T10:18:28.847+0000] {logging_mixin.py:188} INFO - [2026-03-08T10:18:28.847+0000] {dag.py:3947} INFO - Setting next_dagrun for hello_airflow to None, run_after=None
[2026-03-08T10:18:28.867+0000] {processor.py:183} INFO - Processing /opt/airflow/dags/hello_airflow.py took 0.118 seconds
[2026-03-08T10:18:59.432+0000] {processor.py:161} INFO - Started process (PID=7194) to work on /opt/airflow/dags/hello_airflow.py
[2026-03-08T10:18:59.436+0000] {processor.py:830} INFO - Processing file /opt/airflow/dags/hello_airflow.py for tasks to queue
[2026-03-08T10:18:59.449+0000] {logging_mixin.py:188} INFO - [2026-03-08T10:18:59.444+0000] {dagbag.py:545} INFO - Filling up the DagBag from /opt/airflow/dags/hello_airflow.py
[2026-03-08T10:18:59.478+0000] {processor.py:840} INFO - DAG(s) 'hello_airflow' retrieved from /opt/airflow/dags/hello_airflow.py
[2026-03-08T10:18:59.541+0000] {logging_mixin.py:188} INFO - [2026-03-08T10:18:59.540+0000] {dag.py:3089} INFO - Sync 1 DAGs
[2026-03-08T10:18:59.563+0000] {logging_mixin.py:188} INFO - [2026-03-08T10:18:59.563+0000] {dag.py:3947} INFO - Setting next_dagrun for hello_airflow to None, run_after=None
[2026-03-08T10:18:59.575+0000] {processor.py:183} INFO - Processing /opt/airflow/dags/hello_airflow.py took 0.170 seconds
[2026-03-08T10:19:29.857+0000] {processor.py:161} INFO - Started process (PID=7203) to work on /opt/airflow/dags/hello_airflow.py
[2026-03-08T10:19:29.858+0000] {processor.py:830} INFO - Processing file /opt/airflow/dags/hello_airflow.py for tasks to queue
[2026-03-08T10:19:29.862+0000] {logging_mixin.py:188} INFO - [2026-03-08T10:19:29.861+0000] {dagbag.py:545} INFO - Filling up the DagBag from /opt/airflow/dags/hello_airflow.py
[2026-03-08T10:19:29.884+0000] {processor.py:840} INFO - DAG(s) 'hello_airflow' retrieved from /opt/airflow/dags/hello_airflow.py
[2026-03-08T10:19:29.930+0000] {logging_mixin.py:188} INFO - [2026-03-08T10:19:29.930+0000] {dag.py:3089} INFO - Sync 1 DAGs
[2026-03-08T10:19:29.942+0000] {logging_mixin.py:188} INFO - [2026-03-08T10:19:29.942+0000] {dag.py:3947} INFO - Setting next_dagrun for hello_airflow to None, run_after=None
[2026-03-08T10:19:29.961+0000] {processor.py:183} INFO - Processing /opt/airflow/dags/hello_airflow.py took 0.113 seconds
[2026-03-08T10:20:00.290+0000] {processor.py:161} INFO - Started process (PID=7214) to work on /opt/airflow/dags/hello_airflow.py
[2026-03-08T10:20:00.292+0000] {processor.py:830} INFO - Processing file /opt/airflow/dags/hello_airflow.py for tasks to queue
[2026-03-08T10:20:00.296+0000] {logging_mixin.py:188} INFO - [2026-03-08T10:20:00.296+0000] {dagbag.py:545} INFO - Filling up the DagBag from /opt/airflow/dags/hello_airflow.py
[2026-03-08T10:20:00.313+0000] {processor.py:840} INFO - DAG(s) 'hello_airflow' retrieved from /opt/airflow/dags/hello_airflow.py
[2026-03-08T10:20:00.355+0000] {logging_mixin.py:188} INFO - [2026-03-08T10:20:00.354+0000] {dag.py:3089} INFO - Sync 1 DAGs
[2026-03-08T10:20:00.368+0000] {logging_mixin.py:188} INFO - [2026-03-08T10:20:00.368+0000] {dag.py:3947} INFO - Setting next_dagrun for hello_airflow to None, run_after=None
[2026-03-08T10:20:00.389+0000] {processor.py:183} INFO - Processing /opt/airflow/dags/hello_airflow.py took 0.119 seconds
[2026-03-08T10:20:30.701+0000] {processor.py:161} INFO - Started process (PID=7223) to work on /opt/airflow/dags/hello_airflow.py
[2026-03-08T10:20:30.704+0000] {processor.py:830} INFO - Processing file /opt/airflow/dags/hello_airflow.py for tasks to queue
[2026-03-08T10:20:30.709+0000] {logging_mixin.py:188} INFO - [2026-03-08T10:20:30.709+0000] {dagbag.py:545} INFO - Filling up the DagBag from /opt/airflow/dags/hello_airflow.py
[2026-03-08T10:20:30.727+0000] {processor.py:840} INFO - DAG(s) 'hello_airflow' retrieved from /opt/airflow/dags/hello_airflow.py
[2026-03-08T10:20:30.780+0000] {logging_mixin.py:188} INFO - [2026-03-08T10:20:30.780+0000] {dag.py:3089} INFO - Sync 1 DAGs
[2026-03-08T10:20:30.797+0000] {logging_mixin.py:188} INFO - [2026-03-08T10:20:30.797+0000] {dag.py:3947} INFO - Setting next_dagrun for hello_airflow to None, run_after=None
[2026-03-08T10:20:30.815+0000] {processor.py:183} INFO - Processing /opt/airflow/dags/hello_airflow.py took 0.141 seconds
[2026-03-08T10:21:01.271+0000] {processor.py:161} INFO - Started process (PID=7233) to work on /opt/airflow/dags/hello_airflow.py
[2026-03-08T10:21:01.275+0000] {processor.py:830} INFO - Processing file /opt/airflow/dags/hello_airflow.py for tasks to queue
[2026-03-08T10:21:01.279+0000] {logging_mixin.py:188} INFO - [2026-03-08T10:21:01.278+0000] {dagbag.py:545} INFO - Filling up the DagBag from /opt/airflow/dags/hello_airflow.py
[2026-03-08T10:21:01.296+0000] {processor.py:840} INFO - DAG(s) 'hello_airflow' retrieved from /opt/airflow/dags/hello_airflow.py
[2026-03-08T10:21:01.345+0000] {logging_mixin.py:188} INFO - [2026-03-08T10:21:01.345+0000] {dag.py:3089} INFO - Sync 1 DAGs
[2026-03-08T10:21:01.359+0000] {logging_mixin.py:188} INFO - [2026-03-08T10:21:01.358+0000] {dag.py:3947} INFO - Setting next_dagrun for hello_airflow to None, run_after=None
[2026-03-08T10:21:01.374+0000] {processor.py:183} INFO - Processing /opt/airflow/dags/hello_airflow.py took 0.115 seconds
[2026-03-08T10:21:31.814+0000] {processor.py:161} INFO - Started process (PID=7243) to work on /opt/airflow/dags/hello_airflow.py
[2026-03-08T10:21:31.817+0000] {processor.py:830} INFO - Processing file /opt/airflow/dags/hello_airflow.py for tasks to queue
[2026-03-08T10:21:31.822+0000] {logging_mixin.py:188} INFO - [2026-03-08T10:21:31.822+0000] {dagbag.py:545} INFO - Filling up the DagBag from /opt/airflow/dags/hello_airflow.py
[2026-03-08T10:21:31.838+0000] {processor.py:840} INFO - DAG(s) 'hello_airflow' retrieved from /opt/airflow/dags/hello_airflow.py
[2026-03-08T10:21:31.885+0000] {logging_mixin.py:188} INFO - [2026-03-08T10:21:31.885+0000] {dag.py:3089} INFO - Sync 1 DAGs
[2026-03-08T10:21:31.896+0000] {logging_mixin.py:188} INFO - [2026-03-08T10:21:31.896+0000] {dag.py:3947} INFO - Setting next_dagrun for hello_airflow to None, run_after=None
[2026-03-08T10:21:31.912+0000] {processor.py:183} INFO - Processing /opt/airflow/dags/hello_airflow.py took 0.108 seconds
[2026-03-08T10:22:02.341+0000] {processor.py:161} INFO - Started process (PID=7253) to work on /opt/airflow/dags/hello_airflow.py
[2026-03-08T10:22:02.343+0000] {processor.py:830} INFO - Processing file /opt/airflow/dags/hello_airflow.py for tasks to queue
[2026-03-08T10:22:02.349+0000] {logging_mixin.py:188} INFO - [2026-03-08T10:22:02.349+0000] {dagbag.py:545} INFO - Filling up the DagBag from /opt/airflow/dags/hello_airflow.py
[2026-03-08T10:22:02.367+0000] {processor.py:840} INFO - DAG(s) 'hello_airflow' retrieved from /opt/airflow/dags/hello_airflow.py
[2026-03-08T10:22:02.409+0000] {logging_mixin.py:188} INFO - [2026-03-08T10:22:02.408+0000] {dag.py:3089} INFO - Sync 1 DAGs
[2026-03-08T10:22:02.420+0000] {logging_mixin.py:188} INFO - [2026-03-08T10:22:02.420+0000] {dag.py:3947} INFO - Setting next_dagrun for hello_airflow to None, run_after=None
[2026-03-08T10:22:02.436+0000] {processor.py:183} INFO - Processing /opt/airflow/dags/hello_airflow.py took 0.109 seconds
[2026-03-08T10:22:32.746+0000] {processor.py:161} INFO - Started process (PID=7264) to work on /opt/airflow/dags/hello_airflow.py
[2026-03-08T10:22:32.749+0000] {processor.py:830} INFO - Processing file /opt/airflow/dags/hello_airflow.py for tasks to queue
[2026-03-08T10:22:32.753+0000] {logging_mixin.py:188} INFO - [2026-03-08T10:22:32.753+0000] {dagbag.py:545} INFO - Filling up the DagBag from /opt/airflow/dags/hello_airflow.py
[2026-03-08T10:22:32.771+0000] {processor.py:840} INFO - DAG(s) 'hello_airflow' retrieved from /opt/airflow/dags/hello_airflow.py
[2026-03-08T10:22:32.816+0000] {logging_mixin.py:188} INFO - [2026-03-08T10:22:32.816+0000] {dag.py:3089} INFO - Sync 1 DAGs
[2026-03-08T10:22:32.830+0000] {logging_mixin.py:188} INFO - [2026-03-08T10:22:32.830+0000] {dag.py:3947} INFO - Setting next_dagrun for hello_airflow to None, run_after=None
[2026-03-08T10:22:32.844+0000] {processor.py:183} INFO - Processing /opt/airflow/dags/hello_airflow.py took 0.119 seconds
[2026-03-08T10:23:03.077+0000] {processor.py:161} INFO - Started process (PID=7274) to work on /opt/airflow/dags/hello_airflow.py
[2026-03-08T10:23:03.079+0000] {processor.py:830} INFO - Processing file /opt/airflow/dags/hello_airflow.py for tasks to queue
[2026-03-08T10:23:03.083+0000] {logging_mixin.py:188} INFO - [2026-03-08T10:23:03.082+0000] {dagbag.py:545} INFO - Filling up the DagBag from /opt/airflow/dags/hello_airflow.py
[2026-03-08T10:23:03.103+0000] {processor.py:840} INFO - DAG(s) 'hello_airflow' retrieved from /opt/airflow/dags/hello_airflow.py
[2026-03-08T10:23:03.143+0000] {logging_mixin.py:188} INFO - [2026-03-08T10:23:03.143+0000] {dag.py:3089} INFO - Sync 1 DAGs
[2026-03-08T10:23:03.163+0000] {logging_mixin.py:188} INFO - [2026-03-08T10:23:03.163+0000] {dag.py:3947} INFO - Setting next_dagrun for hello_airflow to None, run_after=None
[2026-03-08T10:23:03.179+0000] {processor.py:183} INFO - Processing /opt/airflow/dags/hello_airflow.py took 0.110 seconds
[2026-03-08T10:23:33.648+0000] {processor.py:161} INFO - Started process (PID=7283) to work on /opt/airflow/dags/hello_airflow.py
[2026-03-08T10:23:33.651+0000] {processor.py:830} INFO - Processing file /opt/airflow/dags/hello_airflow.py for tasks to queue
[2026-03-08T10:23:33.654+0000] {logging_mixin.py:188} INFO - [2026-03-08T10:23:33.653+0000] {dagbag.py:545} INFO - Filling up the DagBag from /opt/airflow/dags/hello_airflow.py
[2026-03-08T10:23:33.681+0000] {processor.py:840} INFO - DAG(s) 'hello_airflow' retrieved from /opt/airflow/dags/hello_airflow.py
[2026-03-08T10:23:33.730+0000] {logging_mixin.py:188} INFO - [2026-03-08T10:23:33.729+0000] {dag.py:3089} INFO - Sync 1 DAGs
[2026-03-08T10:23:33.753+0000] {logging_mixin.py:188} INFO - [2026-03-08T10:23:33.753+0000] {dag.py:3947} INFO - Setting next_dagrun for hello_airflow to None, run_after=None
[2026-03-08T10:23:33.773+0000] {processor.py:183} INFO - Processing /opt/airflow/dags/hello_airflow.py took 0.136 seconds
[2026-03-08T10:24:04.150+0000] {processor.py:161} INFO - Started process (PID=7293) to work on /opt/airflow/dags/hello_airflow.py
[2026-03-08T10:24:04.152+0000] {processor.py:830} INFO - Processing file /opt/airflow/dags/hello_airflow.py for tasks to queue
[2026-03-08T10:24:04.155+0000] {logging_mixin.py:188} INFO - [2026-03-08T10:24:04.155+0000] {dagbag.py:545} INFO - Filling up the DagBag from /opt/airflow/dags/hello_airflow.py
[2026-03-08T10:24:04.173+0000] {processor.py:840} INFO - DAG(s) 'hello_airflow' retrieved from /opt/airflow/dags/hello_airflow.py
[2026-03-08T10:24:04.221+0000] {logging_mixin.py:188} INFO - [2026-03-08T10:24:04.221+0000] {dag.py:3089} INFO - Sync 1 DAGs
[2026-03-08T10:24:04.232+0000] {logging_mixin.py:188} INFO - [2026-03-08T10:24:04.232+0000] {dag.py:3947} INFO - Setting next_dagrun for hello_airflow to None, run_after=None
[2026-03-08T10:24:04.247+0000] {processor.py:183} INFO - Processing /opt/airflow/dags/hello_airflow.py took 0.104 seconds
[2026-03-08T10:24:34.694+0000] {processor.py:161} INFO - Started process (PID=7304) to work on /opt/airflow/dags/hello_airflow.py
[2026-03-08T10:24:34.697+0000] {processor.py:830} INFO - Processing file /opt/airflow/dags/hello_airflow.py for tasks to queue
[2026-03-08T10:24:34.702+0000] {logging_mixin.py:188} INFO - [2026-03-08T10:24:34.701+0000] {dagbag.py:545} INFO - Filling up the DagBag from /opt/airflow/dags/hello_airflow.py
[2026-03-08T10:24:34.719+0000] {processor.py:840} INFO - DAG(s) 'hello_airflow' retrieved from /opt/airflow/dags/hello_airflow.py
[2026-03-08T10:24:34.773+0000] {logging_mixin.py:188} INFO - [2026-03-08T10:24:34.773+0000] {dag.py:3089} INFO - Sync 1 DAGs
[2026-03-08T10:24:34.784+0000] {logging_mixin.py:188} INFO - [2026-03-08T10:24:34.784+0000] {dag.py:3947} INFO - Setting next_dagrun for hello_airflow to None, run_after=None
[2026-03-08T10:24:34.799+0000] {processor.py:183} INFO - Processing /opt/airflow/dags/hello_airflow.py took 0.125 seconds
[2026-03-08T10:25:05.405+0000] {processor.py:161} INFO - Started process (PID=7313) to work on /opt/airflow/dags/hello_airflow.py
[2026-03-08T10:25:05.413+0000] {processor.py:830} INFO - Processing file /opt/airflow/dags/hello_airflow.py for tasks to queue
[2026-03-08T10:25:05.458+0000] {logging_mixin.py:188} INFO - [2026-03-08T10:25:05.437+0000] {dagbag.py:545} INFO - Filling up the DagBag from /opt/airflow/dags/hello_airflow.py
[2026-03-08T10:25:05.490+0000] {processor.py:840} INFO - DAG(s) 'hello_airflow' retrieved from /opt/airflow/dags/hello_airflow.py
[2026-03-08T10:25:05.562+0000] {logging_mixin.py:188} INFO - [2026-03-08T10:25:05.562+0000] {dag.py:3089} INFO - Sync 1 DAGs
[2026-03-08T10:25:05.576+0000] {logging_mixin.py:188} INFO - [2026-03-08T10:25:05.576+0000] {dag.py:3947} INFO - Setting next_dagrun for hello_airflow to None, run_after=None
[2026-03-08T10:25:05.598+0000] {processor.py:183} INFO - Processing /opt/airflow/dags/hello_airflow.py took 0.234 seconds
[2026-03-08T10:25:35.790+0000] {processor.py:161} INFO - Started process (PID=7322) to work on /opt/airflow/dags/hello_airflow.py
[2026-03-08T10:25:35.794+0000] {processor.py:830} INFO - Processing file /opt/airflow/dags/hello_airflow.py for tasks to queue
[2026-03-08T10:25:35.798+0000] {logging_mixin.py:188} INFO - [2026-03-08T10:25:35.797+0000] {dagbag.py:545} INFO - Filling up the DagBag from /opt/airflow/dags/hello_airflow.py
[2026-03-08T10:25:35.815+0000] {processor.py:840} INFO - DAG(s) 'hello_airflow' retrieved from /opt/airflow/dags/hello_airflow.py
[2026-03-08T10:25:35.918+0000] {logging_mixin.py:188} INFO - [2026-03-08T10:25:35.917+0000] {dag.py:3089} INFO - Sync 1 DAGs
[2026-03-08T10:25:35.930+0000] {logging_mixin.py:188} INFO - [2026-03-08T10:25:35.930+0000] {dag.py:3947} INFO - Setting next_dagrun for hello_airflow to None, run_after=None
[2026-03-08T10:25:35.964+0000] {processor.py:183} INFO - Processing /opt/airflow/dags/hello_airflow.py took 0.202 seconds
[2026-03-08T10:26:06.437+0000] {processor.py:161} INFO - Started process (PID=7333) to work on /opt/airflow/dags/hello_airflow.py
[2026-03-08T10:26:06.439+0000] {processor.py:830} INFO - Processing file /opt/airflow/dags/hello_airflow.py for tasks to queue
[2026-03-08T10:26:06.443+0000] {logging_mixin.py:188} INFO - [2026-03-08T10:26:06.442+0000] {dagbag.py:545} INFO - Filling up the DagBag from /opt/airflow/dags/hello_airflow.py
[2026-03-08T10:26:06.462+0000] {processor.py:840} INFO - DAG(s) 'hello_airflow' retrieved from /opt/airflow/dags/hello_airflow.py
[2026-03-08T10:26:06.509+0000] {logging_mixin.py:188} INFO - [2026-03-08T10:26:06.509+0000] {dag.py:3089} INFO - Sync 1 DAGs
[2026-03-08T10:26:06.520+0000] {logging_mixin.py:188} INFO - [2026-03-08T10:26:06.520+0000] {dag.py:3947} INFO - Setting next_dagrun for hello_airflow to None, run_after=None
[2026-03-08T10:26:06.536+0000] {processor.py:183} INFO - Processing /opt/airflow/dags/hello_airflow.py took 0.107 seconds
[2026-03-08T10:26:36.812+0000] {processor.py:161} INFO - Started process (PID=7343) to work on /opt/airflow/dags/hello_airflow.py
[2026-03-08T10:26:36.815+0000] {processor.py:830} INFO - Processing file /opt/airflow/dags/hello_airflow.py for tasks to queue
[2026-03-08T10:26:36.817+0000] {logging_mixin.py:188} INFO - [2026-03-08T10:26:36.817+0000] {dagbag.py:545} INFO - Filling up the DagBag from /opt/airflow/dags/hello_airflow.py
[2026-03-08T10:26:36.833+0000] {processor.py:840} INFO - DAG(s) 'hello_airflow' retrieved from /opt/airflow/dags/hello_airflow.py
[2026-03-08T10:26:36.878+0000] {logging_mixin.py:188} INFO - [2026-03-08T10:26:36.878+0000] {dag.py:3089} INFO - Sync 1 DAGs
[2026-03-08T10:26:36.890+0000] {logging_mixin.py:188} INFO - [2026-03-08T10:26:36.890+0000] {dag.py:3947} INFO - Setting next_dagrun for hello_airflow to None, run_after=None
[2026-03-08T10:26:36.909+0000] {processor.py:183} INFO - Processing /opt/airflow/dags/hello_airflow.py took 0.111 seconds
[2026-03-08T10:27:07.574+0000] {processor.py:161} INFO - Started process (PID=7353) to work on /opt/airflow/dags/hello_airflow.py
[2026-03-08T10:27:07.577+0000] {processor.py:830} INFO - Processing file /opt/airflow/dags/hello_airflow.py for tasks to queue
[2026-03-08T10:27:07.580+0000] {logging_mixin.py:188} INFO - [2026-03-08T10:27:07.580+0000] {dagbag.py:545} INFO - Filling up the DagBag from /opt/airflow/dags/hello_airflow.py
[2026-03-08T10:27:07.605+0000] {processor.py:840} INFO - DAG(s) 'hello_airflow' retrieved from /opt/airflow/dags/hello_airflow.py
[2026-03-08T10:27:07.659+0000] {logging_mixin.py:188} INFO - [2026-03-08T10:27:07.659+0000] {dag.py:3089} INFO - Sync 1 DAGs
[2026-03-08T10:27:07.671+0000] {logging_mixin.py:188} INFO - [2026-03-08T10:27:07.670+0000] {dag.py:3947} INFO - Setting next_dagrun for hello_airflow to None, run_after=None
[2026-03-08T10:27:07.687+0000] {processor.py:183} INFO - Processing /opt/airflow/dags/hello_airflow.py took 0.125 seconds
[2026-03-08T10:27:38.193+0000] {processor.py:161} INFO - Started process (PID=7375) to work on /opt/airflow/dags/hello_airflow.py
[2026-03-08T10:27:38.205+0000] {processor.py:830} INFO - Processing file /opt/airflow/dags/hello_airflow.py for tasks to queue
[2026-03-08T10:27:38.225+0000] {logging_mixin.py:188} INFO - [2026-03-08T10:27:38.225+0000] {dagbag.py:545} INFO - Filling up the DagBag from /opt/airflow/dags/hello_airflow.py
[2026-03-08T10:27:38.254+0000] {processor.py:840} INFO - DAG(s) 'hello_airflow' retrieved from /opt/airflow/dags/hello_airflow.py
[2026-03-08T10:27:38.361+0000] {logging_mixin.py:188} INFO - [2026-03-08T10:27:38.360+0000] {dag.py:3089} INFO - Sync 1 DAGs
[2026-03-08T10:27:38.421+0000] {logging_mixin.py:188} INFO - [2026-03-08T10:27:38.421+0000] {dag.py:3947} INFO - Setting next_dagrun for hello_airflow to None, run_after=None
[2026-03-08T10:27:38.440+0000] {processor.py:183} INFO - Processing /opt/airflow/dags/hello_airflow.py took 0.297 seconds
[2026-03-08T10:28:08.823+0000] {processor.py:161} INFO - Started process (PID=7384) to work on /opt/airflow/dags/hello_airflow.py
[2026-03-08T10:28:08.825+0000] {processor.py:830} INFO - Processing file /opt/airflow/dags/hello_airflow.py for tasks to queue
[2026-03-08T10:28:08.829+0000] {logging_mixin.py:188} INFO - [2026-03-08T10:28:08.828+0000] {dagbag.py:545} INFO - Filling up the DagBag from /opt/airflow/dags/hello_airflow.py
[2026-03-08T10:28:08.866+0000] {processor.py:840} INFO - DAG(s) 'hello_airflow' retrieved from /opt/airflow/dags/hello_airflow.py
[2026-03-08T10:28:08.921+0000] {logging_mixin.py:188} INFO - [2026-03-08T10:28:08.921+0000] {dag.py:3089} INFO - Sync 1 DAGs
[2026-03-08T10:28:08.944+0000] {logging_mixin.py:188} INFO - [2026-03-08T10:28:08.943+0000] {dag.py:3947} INFO - Setting next_dagrun for hello_airflow to None, run_after=None
[2026-03-08T10:28:08.964+0000] {processor.py:183} INFO - Processing /opt/airflow/dags/hello_airflow.py took 0.154 seconds
[2026-03-08T10:28:39.264+0000] {processor.py:161} INFO - Started process (PID=7395) to work on /opt/airflow/dags/hello_airflow.py
[2026-03-08T10:28:39.267+0000] {processor.py:830} INFO - Processing file /opt/airflow/dags/hello_airflow.py for tasks to queue
[2026-03-08T10:28:39.274+0000] {logging_mixin.py:188} INFO - [2026-03-08T10:28:39.273+0000] {dagbag.py:545} INFO - Filling up the DagBag from /opt/airflow/dags/hello_airflow.py
[2026-03-08T10:28:39.296+0000] {processor.py:840} INFO - DAG(s) 'hello_airflow' retrieved from /opt/airflow/dags/hello_airflow.py
[2026-03-08T10:28:39.365+0000] {logging_mixin.py:188} INFO - [2026-03-08T10:28:39.364+0000] {dag.py:3089} INFO - Sync 1 DAGs
[2026-03-08T10:28:39.384+0000] {logging_mixin.py:188} INFO - [2026-03-08T10:28:39.384+0000] {dag.py:3947} INFO - Setting next_dagrun for hello_airflow to None, run_after=None
[2026-03-08T10:28:39.408+0000] {processor.py:183} INFO - Processing /opt/airflow/dags/hello_airflow.py took 0.157 seconds
[2026-03-08T10:29:09.748+0000] {processor.py:161} INFO - Started process (PID=7404) to work on /opt/airflow/dags/hello_airflow.py
[2026-03-08T10:29:09.751+0000] {processor.py:830} INFO - Processing file /opt/airflow/dags/hello_airflow.py for tasks to queue
[2026-03-08T10:29:09.756+0000] {logging_mixin.py:188} INFO - [2026-03-08T10:29:09.756+0000] {dagbag.py:545} INFO - Filling up the DagBag from /opt/airflow/dags/hello_airflow.py
[2026-03-08T10:29:09.790+0000] {processor.py:840} INFO - DAG(s) 'hello_airflow' retrieved from /opt/airflow/dags/hello_airflow.py
[2026-03-08T10:29:09.852+0000] {logging_mixin.py:188} INFO - [2026-03-08T10:29:09.851+0000] {dag.py:3089} INFO - Sync 1 DAGs
[2026-03-08T10:29:09.867+0000] {logging_mixin.py:188} INFO - [2026-03-08T10:29:09.866+0000] {dag.py:3947} INFO - Setting next_dagrun for hello_airflow to None, run_after=None
[2026-03-08T10:29:09.883+0000] {processor.py:183} INFO - Processing /opt/airflow/dags/hello_airflow.py took 0.145 seconds
[2026-03-08T10:29:40.193+0000] {processor.py:161} INFO - Started process (PID=7414) to work on /opt/airflow/dags/hello_airflow.py
[2026-03-08T10:29:40.197+0000] {processor.py:830} INFO - Processing file /opt/airflow/dags/hello_airflow.py for tasks to queue
[2026-03-08T10:29:40.200+0000] {logging_mixin.py:188} INFO - [2026-03-08T10:29:40.199+0000] {dagbag.py:545} INFO - Filling up the DagBag from /opt/airflow/dags/hello_airflow.py
[2026-03-08T10:29:40.224+0000] {processor.py:840} INFO - DAG(s) 'hello_airflow' retrieved from /opt/airflow/dags/hello_airflow.py
[2026-03-08T10:29:40.271+0000] {logging_mixin.py:188} INFO - [2026-03-08T10:29:40.271+0000] {dag.py:3089} INFO - Sync 1 DAGs
[2026-03-08T10:29:40.285+0000] {logging_mixin.py:188} INFO - [2026-03-08T10:29:40.285+0000] {dag.py:3947} INFO - Setting next_dagrun for hello_airflow to None, run_after=None
[2026-03-08T10:29:40.302+0000] {processor.py:183} INFO - Processing /opt/airflow/dags/hello_airflow.py took 0.121 seconds
[2026-03-08T10:30:10.783+0000] {processor.py:161} INFO - Started process (PID=7424) to work on /opt/airflow/dags/hello_airflow.py
[2026-03-08T10:30:10.787+0000] {processor.py:830} INFO - Processing file /opt/airflow/dags/hello_airflow.py for tasks to queue
[2026-03-08T10:30:10.797+0000] {logging_mixin.py:188} INFO - [2026-03-08T10:30:10.797+0000] {dagbag.py:545} INFO - Filling up the DagBag from /opt/airflow/dags/hello_airflow.py
[2026-03-08T10:30:10.822+0000] {processor.py:840} INFO - DAG(s) 'hello_airflow' retrieved from /opt/airflow/dags/hello_airflow.py
[2026-03-08T10:30:10.878+0000] {logging_mixin.py:188} INFO - [2026-03-08T10:30:10.878+0000] {dag.py:3089} INFO - Sync 1 DAGs
[2026-03-08T10:30:10.890+0000] {logging_mixin.py:188} INFO - [2026-03-08T10:30:10.890+0000] {dag.py:3947} INFO - Setting next_dagrun for hello_airflow to None, run_after=None
[2026-03-08T10:30:10.918+0000] {processor.py:183} INFO - Processing /opt/airflow/dags/hello_airflow.py took 0.147 seconds
[2026-03-08T10:30:41.300+0000] {processor.py:161} INFO - Started process (PID=7434) to work on /opt/airflow/dags/hello_airflow.py
[2026-03-08T10:30:41.303+0000] {processor.py:830} INFO - Processing file /opt/airflow/dags/hello_airflow.py for tasks to queue
[2026-03-08T10:30:41.306+0000] {logging_mixin.py:188} INFO - [2026-03-08T10:30:41.306+0000] {dagbag.py:545} INFO - Filling up the DagBag from /opt/airflow/dags/hello_airflow.py
[2026-03-08T10:30:41.330+0000] {processor.py:840} INFO - DAG(s) 'hello_airflow' retrieved from /opt/airflow/dags/hello_airflow.py
[2026-03-08T10:30:41.382+0000] {logging_mixin.py:188} INFO - [2026-03-08T10:30:41.382+0000] {dag.py:3089} INFO - Sync 1 DAGs
[2026-03-08T10:30:41.394+0000] {logging_mixin.py:188} INFO - [2026-03-08T10:30:41.394+0000] {dag.py:3947} INFO - Setting next_dagrun for hello_airflow to None, run_after=None
[2026-03-08T10:30:41.412+0000] {processor.py:183} INFO - Processing /opt/airflow/dags/hello_airflow.py took 0.126 seconds
[2026-03-08T10:31:11.940+0000] {processor.py:161} INFO - Started process (PID=7444) to work on /opt/airflow/dags/hello_airflow.py
[2026-03-08T10:31:11.944+0000] {processor.py:830} INFO - Processing file /opt/airflow/dags/hello_airflow.py for tasks to queue
[2026-03-08T10:31:11.948+0000] {logging_mixin.py:188} INFO - [2026-03-08T10:31:11.948+0000] {dagbag.py:545} INFO - Filling up the DagBag from /opt/airflow/dags/hello_airflow.py
[2026-03-08T10:31:11.969+0000] {processor.py:840} INFO - DAG(s) 'hello_airflow' retrieved from /opt/airflow/dags/hello_airflow.py
[2026-03-08T10:31:12.029+0000] {logging_mixin.py:188} INFO - [2026-03-08T10:31:12.029+0000] {dag.py:3089} INFO - Sync 1 DAGs
[2026-03-08T10:31:12.044+0000] {logging_mixin.py:188} INFO - [2026-03-08T10:31:12.044+0000] {dag.py:3947} INFO - Setting next_dagrun for hello_airflow to None, run_after=None
[2026-03-08T10:31:12.062+0000] {processor.py:183} INFO - Processing /opt/airflow/dags/hello_airflow.py took 0.132 seconds
[2026-03-08T10:31:42.513+0000] {processor.py:161} INFO - Started process (PID=7455) to work on /opt/airflow/dags/hello_airflow.py
[2026-03-08T10:31:42.515+0000] {processor.py:830} INFO - Processing file /opt/airflow/dags/hello_airflow.py for tasks to queue
[2026-03-08T10:31:42.518+0000] {logging_mixin.py:188} INFO - [2026-03-08T10:31:42.518+0000] {dagbag.py:545} INFO - Filling up the DagBag from /opt/airflow/dags/hello_airflow.py
[2026-03-08T10:31:42.547+0000] {processor.py:840} INFO - DAG(s) 'hello_airflow' retrieved from /opt/airflow/dags/hello_airflow.py
[2026-03-08T10:31:42.610+0000] {logging_mixin.py:188} INFO - [2026-03-08T10:31:42.610+0000] {dag.py:3089} INFO - Sync 1 DAGs
[2026-03-08T10:31:42.626+0000] {logging_mixin.py:188} INFO - [2026-03-08T10:31:42.626+0000] {dag.py:3947} INFO - Setting next_dagrun for hello_airflow to None, run_after=None
[2026-03-08T10:31:42.643+0000] {processor.py:183} INFO - Processing /opt/airflow/dags/hello_airflow.py took 0.158 seconds
[2026-03-08T10:32:13.103+0000] {processor.py:161} INFO - Started process (PID=7465) to work on /opt/airflow/dags/hello_airflow.py
[2026-03-08T10:32:13.105+0000] {processor.py:830} INFO - Processing file /opt/airflow/dags/hello_airflow.py for tasks to queue
[2026-03-08T10:32:13.109+0000] {logging_mixin.py:188} INFO - [2026-03-08T10:32:13.108+0000] {dagbag.py:545} INFO - Filling up the DagBag from /opt/airflow/dags/hello_airflow.py
[2026-03-08T10:32:13.131+0000] {processor.py:840} INFO - DAG(s) 'hello_airflow' retrieved from /opt/airflow/dags/hello_airflow.py
[2026-03-08T10:32:13.187+0000] {logging_mixin.py:188} INFO - [2026-03-08T10:32:13.186+0000] {dag.py:3089} INFO - Sync 1 DAGs
[2026-03-08T10:32:13.201+0000] {logging_mixin.py:188} INFO - [2026-03-08T10:32:13.201+0000] {dag.py:3947} INFO - Setting next_dagrun for hello_airflow to None, run_after=None
[2026-03-08T10:32:13.220+0000] {processor.py:183} INFO - Processing /opt/airflow/dags/hello_airflow.py took 0.146 seconds
[2026-03-08T10:32:43.614+0000] {processor.py:161} INFO - Started process (PID=7474) to work on /opt/airflow/dags/hello_airflow.py
[2026-03-08T10:32:43.616+0000] {processor.py:830} INFO - Processing file /opt/airflow/dags/hello_airflow.py for tasks to queue
[2026-03-08T10:32:43.620+0000] {logging_mixin.py:188} INFO - [2026-03-08T10:32:43.619+0000] {dagbag.py:545} INFO - Filling up the DagBag from /opt/airflow/dags/hello_airflow.py
[2026-03-08T10:32:43.654+0000] {processor.py:840} INFO - DAG(s) 'hello_airflow' retrieved from /opt/airflow/dags/hello_airflow.py
[2026-03-08T10:32:43.718+0000] {logging_mixin.py:188} INFO - [2026-03-08T10:32:43.718+0000] {dag.py:3089} INFO - Sync 1 DAGs
[2026-03-08T10:32:43.733+0000] {logging_mixin.py:188} INFO - [2026-03-08T10:32:43.733+0000] {dag.py:3947} INFO - Setting next_dagrun for hello_airflow to None, run_after=None
[2026-03-08T10:32:43.754+0000] {processor.py:183} INFO - Processing /opt/airflow/dags/hello_airflow.py took 0.149 seconds
[2026-03-08T10:33:14.093+0000] {processor.py:161} INFO - Started process (PID=7484) to work on /opt/airflow/dags/hello_airflow.py
[2026-03-08T10:33:14.099+0000] {processor.py:830} INFO - Processing file /opt/airflow/dags/hello_airflow.py for tasks to queue
[2026-03-08T10:33:14.103+0000] {logging_mixin.py:188} INFO - [2026-03-08T10:33:14.102+0000] {dagbag.py:545} INFO - Filling up the DagBag from /opt/airflow/dags/hello_airflow.py
[2026-03-08T10:33:14.135+0000] {processor.py:840} INFO - DAG(s) 'hello_airflow' retrieved from /opt/airflow/dags/hello_airflow.py
[2026-03-08T10:33:14.209+0000] {logging_mixin.py:188} INFO - [2026-03-08T10:33:14.209+0000] {dag.py:3089} INFO - Sync 1 DAGs
[2026-03-08T10:33:14.237+0000] {logging_mixin.py:188} INFO - [2026-03-08T10:33:14.237+0000] {dag.py:3947} INFO - Setting next_dagrun for hello_airflow to None, run_after=None
[2026-03-08T10:33:14.286+0000] {processor.py:183} INFO - Processing /opt/airflow/dags/hello_airflow.py took 0.207 seconds
[2026-03-08T10:33:44.481+0000] {processor.py:161} INFO - Started process (PID=7493) to work on /opt/airflow/dags/hello_airflow.py
[2026-03-08T10:33:44.483+0000] {processor.py:830} INFO - Processing file /opt/airflow/dags/hello_airflow.py for tasks to queue
[2026-03-08T10:33:44.488+0000] {logging_mixin.py:188} INFO - [2026-03-08T10:33:44.487+0000] {dagbag.py:545} INFO - Filling up the DagBag from /opt/airflow/dags/hello_airflow.py
[2026-03-08T10:33:44.510+0000] {processor.py:840} INFO - DAG(s) 'hello_airflow' retrieved from /opt/airflow/dags/hello_airflow.py
[2026-03-08T10:33:44.566+0000] {logging_mixin.py:188} INFO - [2026-03-08T10:33:44.565+0000] {dag.py:3089} INFO - Sync 1 DAGs
[2026-03-08T10:33:44.582+0000] {logging_mixin.py:188} INFO - [2026-03-08T10:33:44.582+0000] {dag.py:3947} INFO - Setting next_dagrun for hello_airflow to None, run_after=None
[2026-03-08T10:33:44.599+0000] {processor.py:183} INFO - Processing /opt/airflow/dags/hello_airflow.py took 0.134 seconds
[2026-03-08T10:34:14.971+0000] {processor.py:161} INFO - Started process (PID=7504) to work on /opt/airflow/dags/hello_airflow.py
[2026-03-08T10:34:14.974+0000] {processor.py:830} INFO - Processing file /opt/airflow/dags/hello_airflow.py for tasks to queue
[2026-03-08T10:34:14.977+0000] {logging_mixin.py:188} INFO - [2026-03-08T10:34:14.977+0000] {dagbag.py:545} INFO - Filling up the DagBag from /opt/airflow/dags/hello_airflow.py
[2026-03-08T10:34:15.001+0000] {processor.py:840} INFO - DAG(s) 'hello_airflow' retrieved from /opt/airflow/dags/hello_airflow.py
[2026-03-08T10:34:15.061+0000] {logging_mixin.py:188} INFO - [2026-03-08T10:34:15.061+0000] {dag.py:3089} INFO - Sync 1 DAGs
[2026-03-08T10:34:15.075+0000] {logging_mixin.py:188} INFO - [2026-03-08T10:34:15.075+0000] {dag.py:3947} INFO - Setting next_dagrun for hello_airflow to None, run_after=None
[2026-03-08T10:34:15.092+0000] {processor.py:183} INFO - Processing /opt/airflow/dags/hello_airflow.py took 0.141 seconds
[2026-03-08T10:34:45.424+0000] {processor.py:161} INFO - Started process (PID=7514) to work on /opt/airflow/dags/hello_airflow.py
[2026-03-08T10:34:45.426+0000] {processor.py:830} INFO - Processing file /opt/airflow/dags/hello_airflow.py for tasks to queue
[2026-03-08T10:34:45.431+0000] {logging_mixin.py:188} INFO - [2026-03-08T10:34:45.430+0000] {dagbag.py:545} INFO - Filling up the DagBag from /opt/airflow/dags/hello_airflow.py
[2026-03-08T10:34:45.453+0000] {processor.py:840} INFO - DAG(s) 'hello_airflow' retrieved from /opt/airflow/dags/hello_airflow.py
[2026-03-08T10:34:45.534+0000] {logging_mixin.py:188} INFO - [2026-03-08T10:34:45.533+0000] {dag.py:3089} INFO - Sync 1 DAGs
[2026-03-08T10:34:45.552+0000] {logging_mixin.py:188} INFO - [2026-03-08T10:34:45.552+0000] {dag.py:3947} INFO - Setting next_dagrun for hello_airflow to None, run_after=None
[2026-03-08T10:34:45.574+0000] {processor.py:183} INFO - Processing /opt/airflow/dags/hello_airflow.py took 0.180 seconds
[2026-03-08T10:35:16.175+0000] {processor.py:161} INFO - Started process (PID=7524) to work on /opt/airflow/dags/hello_airflow.py
[2026-03-08T10:35:16.177+0000] {processor.py:830} INFO - Processing file /opt/airflow/dags/hello_airflow.py for tasks to queue
[2026-03-08T10:35:16.187+0000] {logging_mixin.py:188} INFO - [2026-03-08T10:35:16.186+0000] {dagbag.py:545} INFO - Filling up the DagBag from /opt/airflow/dags/hello_airflow.py
[2026-03-08T10:35:16.216+0000] {processor.py:840} INFO - DAG(s) 'hello_airflow' retrieved from /opt/airflow/dags/hello_airflow.py
[2026-03-08T10:35:16.281+0000] {logging_mixin.py:188} INFO - [2026-03-08T10:35:16.280+0000] {dag.py:3089} INFO - Sync 1 DAGs
[2026-03-08T10:35:16.299+0000] {logging_mixin.py:188} INFO - [2026-03-08T10:35:16.299+0000] {dag.py:3947} INFO - Setting next_dagrun for hello_airflow to None, run_after=None
[2026-03-08T10:35:16.316+0000] {processor.py:183} INFO - Processing /opt/airflow/dags/hello_airflow.py took 0.162 seconds
[2026-03-08T10:35:46.820+0000] {processor.py:161} INFO - Started process (PID=7535) to work on /opt/airflow/dags/hello_airflow.py
[2026-03-08T10:35:46.823+0000] {processor.py:830} INFO - Processing file /opt/airflow/dags/hello_airflow.py for tasks to queue
[2026-03-08T10:35:46.828+0000] {logging_mixin.py:188} INFO - [2026-03-08T10:35:46.827+0000] {dagbag.py:545} INFO - Filling up the DagBag from /opt/airflow/dags/hello_airflow.py
[2026-03-08T10:35:46.853+0000] {processor.py:840} INFO - DAG(s) 'hello_airflow' retrieved from /opt/airflow/dags/hello_airflow.py
[2026-03-08T10:35:46.910+0000] {logging_mixin.py:188} INFO - [2026-03-08T10:35:46.910+0000] {dag.py:3089} INFO - Sync 1 DAGs
[2026-03-08T10:35:46.926+0000] {logging_mixin.py:188} INFO - [2026-03-08T10:35:46.925+0000] {dag.py:3947} INFO - Setting next_dagrun for hello_airflow to None, run_after=None
[2026-03-08T10:35:46.946+0000] {processor.py:183} INFO - Processing /opt/airflow/dags/hello_airflow.py took 0.137 seconds
[2026-03-08T10:36:17.374+0000] {processor.py:161} INFO - Started process (PID=7545) to work on /opt/airflow/dags/hello_airflow.py
[2026-03-08T10:36:17.377+0000] {processor.py:830} INFO - Processing file /opt/airflow/dags/hello_airflow.py for tasks to queue
[2026-03-08T10:36:17.380+0000] {logging_mixin.py:188} INFO - [2026-03-08T10:36:17.379+0000] {dagbag.py:545} INFO - Filling up the DagBag from /opt/airflow/dags/hello_airflow.py
[2026-03-08T10:36:17.413+0000] {processor.py:840} INFO - DAG(s) 'hello_airflow' retrieved from /opt/airflow/dags/hello_airflow.py
[2026-03-08T10:36:17.472+0000] {logging_mixin.py:188} INFO - [2026-03-08T10:36:17.472+0000] {dag.py:3089} INFO - Sync 1 DAGs
[2026-03-08T10:36:17.488+0000] {logging_mixin.py:188} INFO - [2026-03-08T10:36:17.488+0000] {dag.py:3947} INFO - Setting next_dagrun for hello_airflow to None, run_after=None
[2026-03-08T10:36:17.511+0000] {processor.py:183} INFO - Processing /opt/airflow/dags/hello_airflow.py took 0.148 seconds
[2026-03-08T10:36:47.775+0000] {processor.py:161} INFO - Started process (PID=7554) to work on /opt/airflow/dags/hello_airflow.py
[2026-03-08T10:36:47.781+0000] {processor.py:830} INFO - Processing file /opt/airflow/dags/hello_airflow.py for tasks to queue
[2026-03-08T10:36:47.787+0000] {logging_mixin.py:188} INFO - [2026-03-08T10:36:47.787+0000] {dagbag.py:545} INFO - Filling up the DagBag from /opt/airflow/dags/hello_airflow.py
[2026-03-08T10:36:47.808+0000] {processor.py:840} INFO - DAG(s) 'hello_airflow' retrieved from /opt/airflow/dags/hello_airflow.py
[2026-03-08T10:36:47.863+0000] {logging_mixin.py:188} INFO - [2026-03-08T10:36:47.863+0000] {dag.py:3089} INFO - Sync 1 DAGs
[2026-03-08T10:36:47.878+0000] {logging_mixin.py:188} INFO - [2026-03-08T10:36:47.878+0000] {dag.py:3947} INFO - Setting next_dagrun for hello_airflow to None, run_after=None
[2026-03-08T10:36:47.899+0000] {processor.py:183} INFO - Processing /opt/airflow/dags/hello_airflow.py took 0.149 seconds
[2026-03-08T10:37:18.274+0000] {processor.py:161} INFO - Started process (PID=7564) to work on /opt/airflow/dags/hello_airflow.py
[2026-03-08T10:37:18.276+0000] {processor.py:830} INFO - Processing file /opt/airflow/dags/hello_airflow.py for tasks to queue
[2026-03-08T10:37:18.281+0000] {logging_mixin.py:188} INFO - [2026-03-08T10:37:18.281+0000] {dagbag.py:545} INFO - Filling up the DagBag from /opt/airflow/dags/hello_airflow.py
[2026-03-08T10:37:18.299+0000] {processor.py:840} INFO - DAG(s) 'hello_airflow' retrieved from /opt/airflow/dags/hello_airflow.py
[2026-03-08T10:37:18.356+0000] {logging_mixin.py:188} INFO - [2026-03-08T10:37:18.356+0000] {dag.py:3089} INFO - Sync 1 DAGs
[2026-03-08T10:37:18.376+0000] {logging_mixin.py:188} INFO - [2026-03-08T10:37:18.376+0000] {dag.py:3947} INFO - Setting next_dagrun for hello_airflow to None, run_after=None
[2026-03-08T10:37:18.389+0000] {processor.py:183} INFO - Processing /opt/airflow/dags/hello_airflow.py took 0.133 seconds
[2026-03-08T10:37:48.794+0000] {processor.py:161} INFO - Started process (PID=7574) to work on /opt/airflow/dags/hello_airflow.py
[2026-03-08T10:37:48.797+0000] {processor.py:830} INFO - Processing file /opt/airflow/dags/hello_airflow.py for tasks to queue
[2026-03-08T10:37:48.802+0000] {logging_mixin.py:188} INFO - [2026-03-08T10:37:48.801+0000] {dagbag.py:545} INFO - Filling up the DagBag from /opt/airflow/dags/hello_airflow.py
[2026-03-08T10:37:48.834+0000] {processor.py:840} INFO - DAG(s) 'hello_airflow' retrieved from /opt/airflow/dags/hello_airflow.py
[2026-03-08T10:37:48.900+0000] {logging_mixin.py:188} INFO - [2026-03-08T10:37:48.899+0000] {dag.py:3089} INFO - Sync 1 DAGs
[2026-03-08T10:37:48.922+0000] {logging_mixin.py:188} INFO - [2026-03-08T10:37:48.922+0000] {dag.py:3947} INFO - Setting next_dagrun for hello_airflow to None, run_after=None
[2026-03-08T10:37:48.947+0000] {processor.py:183} INFO - Processing /opt/airflow/dags/hello_airflow.py took 0.172 seconds
[2026-03-08T10:38:19.293+0000] {processor.py:161} INFO - Started process (PID=7583) to work on /opt/airflow/dags/hello_airflow.py
[2026-03-08T10:38:19.297+0000] {processor.py:830} INFO - Processing file /opt/airflow/dags/hello_airflow.py for tasks to queue
[2026-03-08T10:38:19.301+0000] {logging_mixin.py:188} INFO - [2026-03-08T10:38:19.301+0000] {dagbag.py:545} INFO - Filling up the DagBag from /opt/airflow/dags/hello_airflow.py
[2026-03-08T10:38:19.331+0000] {processor.py:840} INFO - DAG(s) 'hello_airflow' retrieved from /opt/airflow/dags/hello_airflow.py
[2026-03-08T10:38:19.431+0000] {logging_mixin.py:188} INFO - [2026-03-08T10:38:19.431+0000] {dag.py:3089} INFO - Sync 1 DAGs
[2026-03-08T10:38:19.449+0000] {logging_mixin.py:188} INFO - [2026-03-08T10:38:19.449+0000] {dag.py:3947} INFO - Setting next_dagrun for hello_airflow to None, run_after=None
[2026-03-08T10:38:19.480+0000] {processor.py:183} INFO - Processing /opt/airflow/dags/hello_airflow.py took 0.221 seconds
[2026-03-08T10:38:49.978+0000] {processor.py:161} INFO - Started process (PID=7594) to work on /opt/airflow/dags/hello_airflow.py
[2026-03-08T10:38:49.981+0000] {processor.py:830} INFO - Processing file /opt/airflow/dags/hello_airflow.py for tasks to queue
[2026-03-08T10:38:49.984+0000] {logging_mixin.py:188} INFO - [2026-03-08T10:38:49.984+0000] {dagbag.py:545} INFO - Filling up the DagBag from /opt/airflow/dags/hello_airflow.py
[2026-03-08T10:38:50.000+0000] {processor.py:840} INFO - DAG(s) 'hello_airflow' retrieved from /opt/airflow/dags/hello_airflow.py
[2026-03-08T10:38:50.038+0000] {logging_mixin.py:188} INFO - [2026-03-08T10:38:50.038+0000] {dag.py:3089} INFO - Sync 1 DAGs
[2026-03-08T10:38:50.055+0000] {logging_mixin.py:188} INFO - [2026-03-08T10:38:50.055+0000] {dag.py:3947} INFO - Setting next_dagrun for hello_airflow to None, run_after=None
[2026-03-08T10:38:50.073+0000] {processor.py:183} INFO - Processing /opt/airflow/dags/hello_airflow.py took 0.108 seconds
[2026-03-08T10:39:20.419+0000] {processor.py:161} INFO - Started process (PID=7605) to work on /opt/airflow/dags/hello_airflow.py
[2026-03-08T10:39:20.421+0000] {processor.py:830} INFO - Processing file /opt/airflow/dags/hello_airflow.py for tasks to queue
[2026-03-08T10:39:20.425+0000] {logging_mixin.py:188} INFO - [2026-03-08T10:39:20.424+0000] {dagbag.py:545} INFO - Filling up the DagBag from /opt/airflow/dags/hello_airflow.py
[2026-03-08T10:39:20.450+0000] {processor.py:840} INFO - DAG(s) 'hello_airflow' retrieved from /opt/airflow/dags/hello_airflow.py
[2026-03-08T10:39:20.493+0000] {logging_mixin.py:188} INFO - [2026-03-08T10:39:20.493+0000] {dag.py:3089} INFO - Sync 1 DAGs
[2026-03-08T10:39:20.503+0000] {logging_mixin.py:188} INFO - [2026-03-08T10:39:20.503+0000] {dag.py:3947} INFO - Setting next_dagrun for hello_airflow to None, run_after=None
[2026-03-08T10:39:20.520+0000] {processor.py:183} INFO - Processing /opt/airflow/dags/hello_airflow.py took 0.112 seconds
[2026-03-08T10:39:51.005+0000] {processor.py:161} INFO - Started process (PID=7614) to work on /opt/airflow/dags/hello_airflow.py
[2026-03-08T10:39:51.008+0000] {processor.py:830} INFO - Processing file /opt/airflow/dags/hello_airflow.py for tasks to queue
[2026-03-08T10:39:51.013+0000] {logging_mixin.py:188} INFO - [2026-03-08T10:39:51.013+0000] {dagbag.py:545} INFO - Filling up the DagBag from /opt/airflow/dags/hello_airflow.py
[2026-03-08T10:39:51.049+0000] {processor.py:840} INFO - DAG(s) 'hello_airflow' retrieved from /opt/airflow/dags/hello_airflow.py
[2026-03-08T10:39:51.127+0000] {logging_mixin.py:188} INFO - [2026-03-08T10:39:51.127+0000] {dag.py:3089} INFO - Sync 1 DAGs
[2026-03-08T10:39:51.142+0000] {logging_mixin.py:188} INFO - [2026-03-08T10:39:51.141+0000] {dag.py:3947} INFO - Setting next_dagrun for hello_airflow to None, run_after=None
[2026-03-08T10:39:51.164+0000] {processor.py:183} INFO - Processing /opt/airflow/dags/hello_airflow.py took 0.186 seconds
[2026-03-08T10:40:21.755+0000] {processor.py:161} INFO - Started process (PID=7625) to work on /opt/airflow/dags/hello_airflow.py
[2026-03-08T10:40:21.757+0000] {processor.py:830} INFO - Processing file /opt/airflow/dags/hello_airflow.py for tasks to queue
[2026-03-08T10:40:21.762+0000] {logging_mixin.py:188} INFO - [2026-03-08T10:40:21.762+0000] {dagbag.py:545} INFO - Filling up the DagBag from /opt/airflow/dags/hello_airflow.py
[2026-03-08T10:40:21.789+0000] {processor.py:840} INFO - DAG(s) 'hello_airflow' retrieved from /opt/airflow/dags/hello_airflow.py
[2026-03-08T10:40:21.841+0000] {logging_mixin.py:188} INFO - [2026-03-08T10:40:21.841+0000] {dag.py:3089} INFO - Sync 1 DAGs
[2026-03-08T10:40:21.853+0000] {logging_mixin.py:188} INFO - [2026-03-08T10:40:21.853+0000] {dag.py:3947} INFO - Setting next_dagrun for hello_airflow to None, run_after=None
[2026-03-08T10:40:21.868+0000] {processor.py:183} INFO - Processing /opt/airflow/dags/hello_airflow.py took 0.123 seconds
[2026-03-08T10:40:52.107+0000] {processor.py:161} INFO - Started process (PID=7634) to work on /opt/airflow/dags/hello_airflow.py
[2026-03-08T10:40:52.109+0000] {processor.py:830} INFO - Processing file /opt/airflow/dags/hello_airflow.py for tasks to queue
[2026-03-08T10:40:52.113+0000] {logging_mixin.py:188} INFO - [2026-03-08T10:40:52.112+0000] {dagbag.py:545} INFO - Filling up the DagBag from /opt/airflow/dags/hello_airflow.py
[2026-03-08T10:40:52.145+0000] {processor.py:840} INFO - DAG(s) 'hello_airflow' retrieved from /opt/airflow/dags/hello_airflow.py
[2026-03-08T10:40:52.189+0000] {logging_mixin.py:188} INFO - [2026-03-08T10:40:52.189+0000] {dag.py:3089} INFO - Sync 1 DAGs
[2026-03-08T10:40:52.214+0000] {logging_mixin.py:188} INFO - [2026-03-08T10:40:52.214+0000] {dag.py:3947} INFO - Setting next_dagrun for hello_airflow to None, run_after=None
[2026-03-08T10:40:52.229+0000] {processor.py:183} INFO - Processing /opt/airflow/dags/hello_airflow.py took 0.134 seconds
[2026-03-08T10:41:22.784+0000] {processor.py:161} INFO - Started process (PID=7644) to work on /opt/airflow/dags/hello_airflow.py
[2026-03-08T10:41:22.790+0000] {processor.py:830} INFO - Processing file /opt/airflow/dags/hello_airflow.py for tasks to queue
[2026-03-08T10:41:22.794+0000] {logging_mixin.py:188} INFO - [2026-03-08T10:41:22.793+0000] {dagbag.py:545} INFO - Filling up the DagBag from /opt/airflow/dags/hello_airflow.py
[2026-03-08T10:41:22.827+0000] {processor.py:840} INFO - DAG(s) 'hello_airflow' retrieved from /opt/airflow/dags/hello_airflow.py
[2026-03-08T10:41:22.908+0000] {logging_mixin.py:188} INFO - [2026-03-08T10:41:22.907+0000] {dag.py:3089} INFO - Sync 1 DAGs
[2026-03-08T10:41:22.927+0000] {logging_mixin.py:188} INFO - [2026-03-08T10:41:22.927+0000] {dag.py:3947} INFO - Setting next_dagrun for hello_airflow to None, run_after=None
[2026-03-08T10:41:22.950+0000] {processor.py:183} INFO - Processing /opt/airflow/dags/hello_airflow.py took 0.177 seconds
[2026-03-08T10:41:53.163+0000] {processor.py:161} INFO - Started process (PID=7654) to work on /opt/airflow/dags/hello_airflow.py
[2026-03-08T10:41:53.166+0000] {processor.py:830} INFO - Processing file /opt/airflow/dags/hello_airflow.py for tasks to queue
[2026-03-08T10:41:53.169+0000] {logging_mixin.py:188} INFO - [2026-03-08T10:41:53.169+0000] {dagbag.py:545} INFO - Filling up the DagBag from /opt/airflow/dags/hello_airflow.py
[2026-03-08T10:41:53.189+0000] {processor.py:840} INFO - DAG(s) 'hello_airflow' retrieved from /opt/airflow/dags/hello_airflow.py
[2026-03-08T10:41:53.239+0000] {logging_mixin.py:188} INFO - [2026-03-08T10:41:53.239+0000] {dag.py:3089} INFO - Sync 1 DAGs
[2026-03-08T10:41:53.251+0000] {logging_mixin.py:188} INFO - [2026-03-08T10:41:53.251+0000] {dag.py:3947} INFO - Setting next_dagrun for hello_airflow to None, run_after=None
[2026-03-08T10:41:53.267+0000] {processor.py:183} INFO - Processing /opt/airflow/dags/hello_airflow.py took 0.128 seconds
[2026-03-08T10:42:23.681+0000] {processor.py:161} INFO - Started process (PID=7665) to work on /opt/airflow/dags/hello_airflow.py
[2026-03-08T10:42:23.684+0000] {processor.py:830} INFO - Processing file /opt/airflow/dags/hello_airflow.py for tasks to queue
[2026-03-08T10:42:23.687+0000] {logging_mixin.py:188} INFO - [2026-03-08T10:42:23.687+0000] {dagbag.py:545} INFO - Filling up the DagBag from /opt/airflow/dags/hello_airflow.py
[2026-03-08T10:42:23.727+0000] {processor.py:840} INFO - DAG(s) 'hello_airflow' retrieved from /opt/airflow/dags/hello_airflow.py
[2026-03-08T10:42:23.768+0000] {logging_mixin.py:188} INFO - [2026-03-08T10:42:23.767+0000] {dag.py:3089} INFO - Sync 1 DAGs
[2026-03-08T10:42:23.779+0000] {logging_mixin.py:188} INFO - [2026-03-08T10:42:23.779+0000] {dag.py:3947} INFO - Setting next_dagrun for hello_airflow to None, run_after=None
[2026-03-08T10:42:23.793+0000] {processor.py:183} INFO - Processing /opt/airflow/dags/hello_airflow.py took 0.123 seconds
[2026-03-08T10:42:54.240+0000] {processor.py:161} INFO - Started process (PID=7675) to work on /opt/airflow/dags/hello_airflow.py
[2026-03-08T10:42:54.243+0000] {processor.py:830} INFO - Processing file /opt/airflow/dags/hello_airflow.py for tasks to queue
[2026-03-08T10:42:54.246+0000] {logging_mixin.py:188} INFO - [2026-03-08T10:42:54.246+0000] {dagbag.py:545} INFO - Filling up the DagBag from /opt/airflow/dags/hello_airflow.py
[2026-03-08T10:42:54.281+0000] {processor.py:840} INFO - DAG(s) 'hello_airflow' retrieved from /opt/airflow/dags/hello_airflow.py
[2026-03-08T10:42:54.320+0000] {logging_mixin.py:188} INFO - [2026-03-08T10:42:54.320+0000] {dag.py:3089} INFO - Sync 1 DAGs
[2026-03-08T10:42:54.343+0000] {logging_mixin.py:188} INFO - [2026-03-08T10:42:54.343+0000] {dag.py:3947} INFO - Setting next_dagrun for hello_airflow to None, run_after=None
[2026-03-08T10:42:54.357+0000] {processor.py:183} INFO - Processing /opt/airflow/dags/hello_airflow.py took 0.127 seconds
[2026-03-08T10:43:24.714+0000] {processor.py:161} INFO - Started process (PID=7684) to work on /opt/airflow/dags/hello_airflow.py
[2026-03-08T10:43:24.716+0000] {processor.py:830} INFO - Processing file /opt/airflow/dags/hello_airflow.py for tasks to queue
[2026-03-08T10:43:24.720+0000] {logging_mixin.py:188} INFO - [2026-03-08T10:43:24.719+0000] {dagbag.py:545} INFO - Filling up the DagBag from /opt/airflow/dags/hello_airflow.py
[2026-03-08T10:43:24.752+0000] {processor.py:840} INFO - DAG(s) 'hello_airflow' retrieved from /opt/airflow/dags/hello_airflow.py
[2026-03-08T10:43:24.795+0000] {logging_mixin.py:188} INFO - [2026-03-08T10:43:24.795+0000] {dag.py:3089} INFO - Sync 1 DAGs
[2026-03-08T10:43:24.806+0000] {logging_mixin.py:188} INFO - [2026-03-08T10:43:24.805+0000] {dag.py:3947} INFO - Setting next_dagrun for hello_airflow to None, run_after=None
[2026-03-08T10:43:24.830+0000] {processor.py:183} INFO - Processing /opt/airflow/dags/hello_airflow.py took 0.127 seconds
[2026-03-08T10:43:55.174+0000] {processor.py:161} INFO - Started process (PID=7695) to work on /opt/airflow/dags/hello_airflow.py
[2026-03-08T10:43:55.176+0000] {processor.py:830} INFO - Processing file /opt/airflow/dags/hello_airflow.py for tasks to queue
[2026-03-08T10:43:55.192+0000] {logging_mixin.py:188} INFO - [2026-03-08T10:43:55.187+0000] {dagbag.py:545} INFO - Filling up the DagBag from /opt/airflow/dags/hello_airflow.py
[2026-03-08T10:43:55.262+0000] {processor.py:840} INFO - DAG(s) 'hello_airflow' retrieved from /opt/airflow/dags/hello_airflow.py
[2026-03-08T10:43:55.342+0000] {logging_mixin.py:188} INFO - [2026-03-08T10:43:55.342+0000] {dag.py:3089} INFO - Sync 1 DAGs
[2026-03-08T10:43:55.367+0000] {logging_mixin.py:188} INFO - [2026-03-08T10:43:55.366+0000] {dag.py:3947} INFO - Setting next_dagrun for hello_airflow to None, run_after=None
[2026-03-08T10:43:55.425+0000] {processor.py:183} INFO - Processing /opt/airflow/dags/hello_airflow.py took 0.262 seconds
[2026-03-08T10:44:25.719+0000] {processor.py:161} INFO - Started process (PID=7705) to work on /opt/airflow/dags/hello_airflow.py
[2026-03-08T10:44:25.723+0000] {processor.py:830} INFO - Processing file /opt/airflow/dags/hello_airflow.py for tasks to queue
[2026-03-08T10:44:25.728+0000] {logging_mixin.py:188} INFO - [2026-03-08T10:44:25.727+0000] {dagbag.py:545} INFO - Filling up the DagBag from /opt/airflow/dags/hello_airflow.py
[2026-03-08T10:44:25.755+0000] {processor.py:840} INFO - DAG(s) 'hello_airflow' retrieved from /opt/airflow/dags/hello_airflow.py
[2026-03-08T10:44:25.834+0000] {logging_mixin.py:188} INFO - [2026-03-08T10:44:25.834+0000] {dag.py:3089} INFO - Sync 1 DAGs
[2026-03-08T10:44:25.851+0000] {logging_mixin.py:188} INFO - [2026-03-08T10:44:25.850+0000] {dag.py:3947} INFO - Setting next_dagrun for hello_airflow to None, run_after=None
[2026-03-08T10:44:25.871+0000] {processor.py:183} INFO - Processing /opt/airflow/dags/hello_airflow.py took 0.175 seconds
[2026-03-08T10:44:56.110+0000] {processor.py:161} INFO - Started process (PID=7714) to work on /opt/airflow/dags/hello_airflow.py
[2026-03-08T10:44:56.114+0000] {processor.py:830} INFO - Processing file /opt/airflow/dags/hello_airflow.py for tasks to queue
[2026-03-08T10:44:56.119+0000] {logging_mixin.py:188} INFO - [2026-03-08T10:44:56.118+0000] {dagbag.py:545} INFO - Filling up the DagBag from /opt/airflow/dags/hello_airflow.py
[2026-03-08T10:44:56.150+0000] {processor.py:840} INFO - DAG(s) 'hello_airflow' retrieved from /opt/airflow/dags/hello_airflow.py
[2026-03-08T10:44:56.201+0000] {logging_mixin.py:188} INFO - [2026-03-08T10:44:56.201+0000] {dag.py:3089} INFO - Sync 1 DAGs
[2026-03-08T10:44:56.212+0000] {logging_mixin.py:188} INFO - [2026-03-08T10:44:56.212+0000] {dag.py:3947} INFO - Setting next_dagrun for hello_airflow to None, run_after=None
[2026-03-08T10:44:56.227+0000] {processor.py:183} INFO - Processing /opt/airflow/dags/hello_airflow.py took 0.130 seconds
[2026-03-08T10:45:26.517+0000] {processor.py:161} INFO - Started process (PID=7724) to work on /opt/airflow/dags/hello_airflow.py
[2026-03-08T10:45:26.520+0000] {processor.py:830} INFO - Processing file /opt/airflow/dags/hello_airflow.py for tasks to queue
[2026-03-08T10:45:26.525+0000] {logging_mixin.py:188} INFO - [2026-03-08T10:45:26.525+0000] {dagbag.py:545} INFO - Filling up the DagBag from /opt/airflow/dags/hello_airflow.py
[2026-03-08T10:45:26.548+0000] {processor.py:840} INFO - DAG(s) 'hello_airflow' retrieved from /opt/airflow/dags/hello_airflow.py
[2026-03-08T10:45:26.600+0000] {logging_mixin.py:188} INFO - [2026-03-08T10:45:26.600+0000] {dag.py:3089} INFO - Sync 1 DAGs
[2026-03-08T10:45:26.613+0000] {logging_mixin.py:188} INFO - [2026-03-08T10:45:26.613+0000] {dag.py:3947} INFO - Setting next_dagrun for hello_airflow to None, run_after=None
[2026-03-08T10:45:26.629+0000] {processor.py:183} INFO - Processing /opt/airflow/dags/hello_airflow.py took 0.130 seconds
[2026-03-08T10:45:56.974+0000] {processor.py:161} INFO - Started process (PID=7734) to work on /opt/airflow/dags/hello_airflow.py
[2026-03-08T10:45:56.977+0000] {processor.py:830} INFO - Processing file /opt/airflow/dags/hello_airflow.py for tasks to queue
[2026-03-08T10:45:56.981+0000] {logging_mixin.py:188} INFO - [2026-03-08T10:45:56.980+0000] {dagbag.py:545} INFO - Filling up the DagBag from /opt/airflow/dags/hello_airflow.py
[2026-03-08T10:45:57.001+0000] {processor.py:840} INFO - DAG(s) 'hello_airflow' retrieved from /opt/airflow/dags/hello_airflow.py
[2026-03-08T10:45:57.054+0000] {logging_mixin.py:188} INFO - [2026-03-08T10:45:57.054+0000] {dag.py:3089} INFO - Sync 1 DAGs
[2026-03-08T10:45:57.065+0000] {logging_mixin.py:188} INFO - [2026-03-08T10:45:57.065+0000] {dag.py:3947} INFO - Setting next_dagrun for hello_airflow to None, run_after=None
[2026-03-08T10:45:57.096+0000] {processor.py:183} INFO - Processing /opt/airflow/dags/hello_airflow.py took 0.138 seconds
[2026-03-08T10:46:27.599+0000] {processor.py:161} INFO - Started process (PID=7745) to work on /opt/airflow/dags/hello_airflow.py
[2026-03-08T10:46:27.601+0000] {processor.py:830} INFO - Processing file /opt/airflow/dags/hello_airflow.py for tasks to queue
[2026-03-08T10:46:27.616+0000] {logging_mixin.py:188} INFO - [2026-03-08T10:46:27.614+0000] {dagbag.py:545} INFO - Filling up the DagBag from /opt/airflow/dags/hello_airflow.py
[2026-03-08T10:46:27.639+0000] {processor.py:840} INFO - DAG(s) 'hello_airflow' retrieved from /opt/airflow/dags/hello_airflow.py
[2026-03-08T10:46:27.687+0000] {logging_mixin.py:188} INFO - [2026-03-08T10:46:27.687+0000] {dag.py:3089} INFO - Sync 1 DAGs
[2026-03-08T10:46:27.713+0000] {logging_mixin.py:188} INFO - [2026-03-08T10:46:27.713+0000] {dag.py:3947} INFO - Setting next_dagrun for hello_airflow to None, run_after=None
[2026-03-08T10:46:27.731+0000] {processor.py:183} INFO - Processing /opt/airflow/dags/hello_airflow.py took 0.144 seconds
[2026-03-08T10:46:58.079+0000] {processor.py:161} INFO - Started process (PID=7754) to work on /opt/airflow/dags/hello_airflow.py
[2026-03-08T10:46:58.082+0000] {processor.py:830} INFO - Processing file /opt/airflow/dags/hello_airflow.py for tasks to queue
[2026-03-08T10:46:58.086+0000] {logging_mixin.py:188} INFO - [2026-03-08T10:46:58.086+0000] {dagbag.py:545} INFO - Filling up the DagBag from /opt/airflow/dags/hello_airflow.py
[2026-03-08T10:46:58.104+0000] {processor.py:840} INFO - DAG(s) 'hello_airflow' retrieved from /opt/airflow/dags/hello_airflow.py
[2026-03-08T10:46:58.161+0000] {logging_mixin.py:188} INFO - [2026-03-08T10:46:58.160+0000] {dag.py:3089} INFO - Sync 1 DAGs
[2026-03-08T10:46:58.183+0000] {logging_mixin.py:188} INFO - [2026-03-08T10:46:58.183+0000] {dag.py:3947} INFO - Setting next_dagrun for hello_airflow to None, run_after=None
[2026-03-08T10:46:58.202+0000] {processor.py:183} INFO - Processing /opt/airflow/dags/hello_airflow.py took 0.132 seconds
[2026-03-08T10:47:28.600+0000] {processor.py:161} INFO - Started process (PID=7763) to work on /opt/airflow/dags/hello_airflow.py
[2026-03-08T10:47:28.603+0000] {processor.py:830} INFO - Processing file /opt/airflow/dags/hello_airflow.py for tasks to queue
[2026-03-08T10:47:28.611+0000] {logging_mixin.py:188} INFO - [2026-03-08T10:47:28.611+0000] {dagbag.py:545} INFO - Filling up the DagBag from /opt/airflow/dags/hello_airflow.py
[2026-03-08T10:47:28.629+0000] {processor.py:840} INFO - DAG(s) 'hello_airflow' retrieved from /opt/airflow/dags/hello_airflow.py
[2026-03-08T10:47:28.676+0000] {logging_mixin.py:188} INFO - [2026-03-08T10:47:28.676+0000] {dag.py:3089} INFO - Sync 1 DAGs
[2026-03-08T10:47:28.687+0000] {logging_mixin.py:188} INFO - [2026-03-08T10:47:28.687+0000] {dag.py:3947} INFO - Setting next_dagrun for hello_airflow to None, run_after=None
[2026-03-08T10:47:28.702+0000] {processor.py:183} INFO - Processing /opt/airflow/dags/hello_airflow.py took 0.116 seconds
[2026-03-08T10:47:59.132+0000] {processor.py:161} INFO - Started process (PID=7775) to work on /opt/airflow/dags/hello_airflow.py
[2026-03-08T10:47:59.135+0000] {processor.py:830} INFO - Processing file /opt/airflow/dags/hello_airflow.py for tasks to queue
[2026-03-08T10:47:59.139+0000] {logging_mixin.py:188} INFO - [2026-03-08T10:47:59.139+0000] {dagbag.py:545} INFO - Filling up the DagBag from /opt/airflow/dags/hello_airflow.py
[2026-03-08T10:47:59.159+0000] {processor.py:840} INFO - DAG(s) 'hello_airflow' retrieved from /opt/airflow/dags/hello_airflow.py
[2026-03-08T10:47:59.215+0000] {logging_mixin.py:188} INFO - [2026-03-08T10:47:59.215+0000] {dag.py:3089} INFO - Sync 1 DAGs
[2026-03-08T10:47:59.226+0000] {logging_mixin.py:188} INFO - [2026-03-08T10:47:59.226+0000] {dag.py:3947} INFO - Setting next_dagrun for hello_airflow to None, run_after=None
[2026-03-08T10:47:59.242+0000] {processor.py:183} INFO - Processing /opt/airflow/dags/hello_airflow.py took 0.136 seconds
[2026-03-08T10:48:29.667+0000] {processor.py:161} INFO - Started process (PID=7784) to work on /opt/airflow/dags/hello_airflow.py
[2026-03-08T10:48:29.670+0000] {processor.py:830} INFO - Processing file /opt/airflow/dags/hello_airflow.py for tasks to queue
[2026-03-08T10:48:29.678+0000] {logging_mixin.py:188} INFO - [2026-03-08T10:48:29.677+0000] {dagbag.py:545} INFO - Filling up the DagBag from /opt/airflow/dags/hello_airflow.py
[2026-03-08T10:48:29.707+0000] {processor.py:840} INFO - DAG(s) 'hello_airflow' retrieved from /opt/airflow/dags/hello_airflow.py
[2026-03-08T10:48:29.771+0000] {logging_mixin.py:188} INFO - [2026-03-08T10:48:29.770+0000] {dag.py:3089} INFO - Sync 1 DAGs
[2026-03-08T10:48:29.797+0000] {logging_mixin.py:188} INFO - [2026-03-08T10:48:29.797+0000] {dag.py:3947} INFO - Setting next_dagrun for hello_airflow to None, run_after=None
[2026-03-08T10:48:29.820+0000] {processor.py:183} INFO - Processing /opt/airflow/dags/hello_airflow.py took 0.169 seconds
